CaseID,DistrictID,Date,CaseType,PatientCount,SeverityLevel
HC00001,11,8/20/2025,Food Poisoning,26,1
HC00002,13,12/17/2024,Diarrheal Disease,37,4
HC00003,4,6/2/2024,Food Poisoning,23,2
HC00004,24,10/29/2025,Typhoid,13,2
HC00005,20,9/14/2025,Typhoid,28,5
HC00006,5,9/21/2024,Typhoid,39,5
HC00007,19,1/14/2024,Food Poisoning,6,2
HC00008,5,6/26/2024,Typhoid,38,2
HC00009,11,9/3/2025,Food Poisoning,2,1
HC00010,1,4/30/2024,Typhoid,15,4
HC00011,19,4/20/2024,Food Poisoning,29,4
HC00012,11,1/19/2025,Food Poisoning,20,2
HC00013,21,1/27/2024,Food Poisoning,34,3
HC00014,11,9/20/2024,Typhoid,11,3
HC00015,10,9/30/2025,Food Poisoning,10,2
HC00016,8,5/2/2025,Diarrheal Disease,8,2
HC00017,14,10/30/2024,Typhoid,20,1
HC00018,25,4/28/2024,Diarrheal Disease,12,1
HC00019,7,9/13/2024,Diarrheal Disease,16,5
HC00020,12,10/11/2024,Typhoid,27,2
HC00021,18,1/11/2024,Food Poisoning,21,3
HC00022,3,8/14/2025,Food Poisoning,35,5
HC00023,14,4/2/2025,Food Poisoning,2,3
HC00024,2,3/5/2025,Diarrheal Disease,10,1
HC00025,20,3/21/2024,Typhoid,28,4
HC00026,2,7/28/2025,Food Poisoning,1,4
HC00027,11,9/5/2025,Food Poisoning,15,5
HC00028,25,9/15/2024,Diarrheal Disease,26,5
HC00029,17,6/9/2024,Diarrheal Disease,1,3
HC00030,13,1/22/2024,Food Poisoning,23,5
HC00031,22,12/16/2025,Typhoid,19,4
HC00032,25,3/16/2025,Typhoid,27,1
HC00033,25,4/30/2024,Diarrheal Disease,31,4
HC00034,8,3/3/2025,Typhoid,7,2
HC00035,2,12/31/2024,Food Poisoning,14,2
HC00036,19,11/17/2024,Typhoid,5,1
HC00037,19,10/26/2025,Diarrheal Disease,28,1
HC00038,14,7/8/2025,Food Poisoning,21,1
HC00039,3,5/10/2025,Food Poisoning,34,4
HC00040,19,10/16/2025,Food Poisoning,2,4
HC00041,6,8/24/2024,Food Poisoning,1,3
HC00042,22,4/1/2024,Diarrheal Disease,9,2
HC00043,5,10/14/2024,Diarrheal Disease,34,1
HC00044,6,2/5/2025,Typhoid,36,5
HC00045,19,6/18/2025,Typhoid,11,3
HC00046,25,12/5/2025,Food Poisoning,16,2
HC00047,14,7/29/2025,Diarrheal Disease,10,3
HC00048,12,2/11/2024,Diarrheal Disease,19,4
HC00049,17,5/21/2024,Food Poisoning,9,5
HC00050,14,6/29/2024,Food Poisoning,16,2
HC00051,8,5/24/2025,Diarrheal Disease,37,1
HC00052,18,11/24/2025,Food Poisoning,19,5
HC00053,8,6/13/2024,Typhoid,29,3
HC00054,3,12/25/2025,Typhoid,37,1
HC00055,6,4/11/2024,Diarrheal Disease,34,5
HC00056,19,2/20/2024,Typhoid,2,1
HC00057,25,7/20/2024,Food Poisoning,29,5
HC00058,22,9/3/2024,Typhoid,4,4
HC00059,21,8/21/2025,Typhoid,37,3
HC00060,21,11/26/2024,Typhoid,34,2
HC00061,11,3/12/2024,Food Poisoning,6,1
HC00062,26,2/4/2025,Typhoid,1,3
HC00063,19,1/11/2024,Typhoid,34,3
HC00064,23,5/16/2025,Diarrheal Disease,12,3
HC00065,19,5/13/2024,Diarrheal Disease,30,1
HC00066,5,6/25/2025,Typhoid,20,4
HC00067,26,5/21/2024,Typhoid,12,4
HC00068,26,11/7/2024,Diarrheal Disease,22,1
HC00069,6,6/30/2024,Diarrheal Disease,10,4
HC00070,1,11/19/2025,Typhoid,7,5
HC00071,8,6/16/2025,Food Poisoning,3,4
HC00072,11,2/8/2025,Diarrheal Disease,1,5
HC00073,2,10/20/2024,Diarrheal Disease,36,2
HC00074,26,11/8/2024,Food Poisoning,32,1
HC00075,6,11/1/2024,Typhoid,31,1
HC00076,10,1/24/2024,Food Poisoning,9,1
HC00077,26,9/6/2024,Typhoid,28,3
HC00078,2,5/18/2025,Food Poisoning,3,4
HC00079,13,10/6/2024,Diarrheal Disease,5,2
HC00080,18,6/12/2025,Diarrheal Disease,25,2
HC00081,22,2/23/2024,Food Poisoning,37,3
HC00082,23,6/7/2025,Typhoid,10,3
HC00083,16,10/24/2024,Diarrheal Disease,32,2
HC00084,10,4/25/2025,Typhoid,39,2
HC00085,25,11/6/2025,Typhoid,22,3
HC00086,24,4/14/2024,Diarrheal Disease,26,1
HC00087,5,6/19/2024,Diarrheal Disease,16,5
HC00088,8,6/25/2025,Diarrheal Disease,20,1
HC00089,13,11/15/2024,Diarrheal Disease,34,3
HC00090,1,3/19/2025,Diarrheal Disease,8,3
HC00091,25,9/28/2025,Diarrheal Disease,27,5
HC00092,4,12/12/2025,Typhoid,24,4
HC00093,14,9/23/2024,Typhoid,17,4
HC00094,18,12/19/2025,Food Poisoning,8,3
HC00095,7,6/13/2024,Food Poisoning,5,2
HC00096,14,10/8/2025,Diarrheal Disease,12,3
HC00097,10,11/24/2024,Food Poisoning,34,1
HC00098,3,5/7/2024,Diarrheal Disease,17,3
HC00099,7,5/14/2025,Food Poisoning,26,4
HC00100,11,11/19/2024,Typhoid,20,3
HC00101,4,4/22/2025,Diarrheal Disease,21,2
HC00102,22,5/26/2025,Typhoid,25,3
HC00103,9,7/8/2025,Typhoid,21,5
HC00104,7,2/1/2024,Diarrheal Disease,13,3
HC00105,10,9/30/2025,Food Poisoning,22,1
HC00106,8,11/29/2025,Typhoid,37,3
HC00107,8,10/7/2025,Typhoid,13,5
HC00108,7,8/24/2024,Typhoid,10,4
HC00109,12,11/24/2025,Diarrheal Disease,22,5
HC00110,6,3/10/2024,Food Poisoning,11,5
HC00111,4,3/29/2024,Diarrheal Disease,37,5
HC00112,16,2/25/2024,Typhoid,24,3
HC00113,8,3/12/2025,Typhoid,33,4
HC00114,15,9/17/2025,Typhoid,14,2
HC00115,25,4/11/2025,Typhoid,37,5
HC00116,14,5/10/2024,Diarrheal Disease,17,5
HC00117,6,5/23/2025,Diarrheal Disease,19,3
HC00118,24,1/26/2025,Food Poisoning,19,2
HC00119,1,12/8/2025,Food Poisoning,16,2
HC00120,9,5/14/2024,Typhoid,31,5
HC00121,14,6/13/2024,Food Poisoning,2,5
HC00122,8,4/26/2024,Typhoid,23,5
HC00123,16,4/25/2024,Typhoid,11,2
HC00124,6,5/18/2025,Diarrheal Disease,30,3
HC00125,8,4/5/2025,Typhoid,37,1
HC00126,14,3/11/2025,Food Poisoning,19,4
HC00127,16,1/27/2025,Diarrheal Disease,34,5
HC00128,25,10/5/2025,Diarrheal Disease,5,2
HC00129,19,8/16/2025,Food Poisoning,5,5
HC00130,6,7/12/2024,Typhoid,20,5
HC00131,7,4/6/2024,Food Poisoning,25,2
HC00132,6,5/19/2024,Diarrheal Disease,27,2
HC00133,10,6/10/2024,Food Poisoning,21,3
HC00134,1,1/8/2024,Typhoid,20,2
HC00135,17,3/30/2025,Food Poisoning,6,3
HC00136,12,12/15/2024,Diarrheal Disease,22,5
HC00137,15,9/16/2025,Typhoid,8,2
HC00138,13,3/7/2025,Food Poisoning,7,1
HC00139,4,5/13/2024,Food Poisoning,8,3
HC00140,7,7/28/2025,Food Poisoning,4,2
HC00141,16,1/30/2024,Typhoid,5,5
HC00142,16,1/8/2025,Typhoid,6,3
HC00143,8,9/9/2024,Diarrheal Disease,9,2
HC00144,3,5/19/2025,Typhoid,39,4
HC00145,21,7/18/2024,Typhoid,19,1
HC00146,7,7/2/2024,Typhoid,4,2
HC00147,16,5/13/2024,Typhoid,38,3
HC00148,17,9/16/2025,Food Poisoning,28,5
HC00149,4,9/15/2025,Diarrheal Disease,29,2
HC00150,10,12/20/2025,Typhoid,15,5
HC00151,13,1/5/2024,Food Poisoning,27,3
HC00152,17,8/16/2024,Diarrheal Disease,34,4
HC00153,21,4/21/2024,Typhoid,13,3
HC00154,6,11/30/2025,Diarrheal Disease,32,1
HC00155,14,6/2/2024,Diarrheal Disease,18,2
HC00156,20,1/26/2025,Food Poisoning,29,2
HC00157,20,4/9/2024,Food Poisoning,18,3
HC00158,17,7/11/2025,Diarrheal Disease,19,3
HC00159,5,12/15/2025,Food Poisoning,4,5
HC00160,7,8/8/2024,Typhoid,7,3
HC00161,23,7/29/2025,Food Poisoning,17,4
HC00162,26,1/17/2025,Food Poisoning,32,3
HC00163,6,5/16/2025,Typhoid,18,2
HC00164,16,4/27/2025,Food Poisoning,27,2
HC00165,26,7/4/2024,Typhoid,18,1
HC00166,13,4/22/2025,Diarrheal Disease,12,3
HC00167,8,7/20/2025,Diarrheal Disease,11,1
HC00168,6,5/18/2025,Diarrheal Disease,6,5
HC00169,24,11/24/2025,Typhoid,13,3
HC00170,19,1/12/2024,Food Poisoning,7,3
HC00171,17,8/14/2024,Typhoid,11,1
HC00172,8,10/6/2024,Food Poisoning,33,2
HC00173,14,10/25/2024,Diarrheal Disease,38,1
HC00174,4,1/9/2025,Diarrheal Disease,35,5
HC00175,9,4/30/2024,Diarrheal Disease,37,1
HC00176,17,12/16/2024,Food Poisoning,30,5
HC00177,17,2/3/2024,Diarrheal Disease,24,1
HC00178,11,5/25/2025,Typhoid,17,5
HC00179,2,4/24/2024,Food Poisoning,19,5
HC00180,23,2/25/2024,Food Poisoning,18,4
HC00181,21,7/29/2024,Typhoid,15,3
HC00182,23,11/13/2025,Diarrheal Disease,27,2
HC00183,3,10/18/2025,Food Poisoning,13,3
HC00184,24,2/10/2025,Food Poisoning,7,4
HC00185,15,1/26/2025,Food Poisoning,5,2
HC00186,18,8/8/2024,Typhoid,26,1
HC00187,10,5/12/2025,Diarrheal Disease,25,3
HC00188,6,3/4/2025,Typhoid,32,3
HC00189,15,2/1/2024,Typhoid,25,4
HC00190,9,11/3/2024,Typhoid,32,1
HC00191,13,10/25/2024,Diarrheal Disease,31,2
HC00192,5,12/22/2025,Diarrheal Disease,10,3
HC00193,18,5/21/2025,Typhoid,28,4
HC00194,12,6/15/2025,Typhoid,1,1
HC00195,2,1/27/2025,Diarrheal Disease,10,1
HC00196,17,9/9/2024,Typhoid,13,3
HC00197,12,12/24/2025,Diarrheal Disease,3,1
HC00198,3,3/4/2025,Diarrheal Disease,31,2
HC00199,24,9/24/2024,Diarrheal Disease,29,1
HC00200,25,12/31/2024,Diarrheal Disease,27,1
HC00201,13,11/9/2024,Diarrheal Disease,4,3
HC00202,5,4/11/2025,Typhoid,7,3
HC00203,6,7/26/2024,Diarrheal Disease,38,4
HC00204,1,9/12/2024,Typhoid,22,3
HC00205,23,3/23/2025,Food Poisoning,39,2
HC00206,12,8/27/2025,Typhoid,20,2
HC00207,4,2/22/2025,Diarrheal Disease,12,1
HC00208,23,10/3/2024,Food Poisoning,10,5
HC00209,14,2/21/2025,Food Poisoning,16,2
HC00210,18,9/9/2024,Food Poisoning,34,1
HC00211,8,10/23/2024,Food Poisoning,26,2
HC00212,21,5/26/2025,Food Poisoning,29,1
HC00213,23,10/13/2024,Food Poisoning,38,5
HC00214,4,2/5/2024,Diarrheal Disease,34,3
HC00215,6,1/13/2025,Food Poisoning,18,1
HC00216,9,9/8/2025,Typhoid,38,5
HC00217,8,7/16/2024,Typhoid,16,2
HC00218,10,6/14/2025,Typhoid,32,3
HC00219,3,6/30/2024,Food Poisoning,18,5
HC00220,5,6/12/2025,Typhoid,34,4
HC00221,15,4/8/2024,Diarrheal Disease,9,5
HC00222,21,4/10/2025,Food Poisoning,35,3
HC00223,20,8/2/2024,Food Poisoning,31,3
HC00224,11,1/27/2025,Typhoid,10,2
HC00225,25,5/7/2025,Diarrheal Disease,34,2
HC00226,20,8/14/2024,Diarrheal Disease,4,3
HC00227,7,1/31/2024,Food Poisoning,20,3
HC00228,10,8/20/2025,Food Poisoning,18,4
HC00229,23,1/4/2025,Food Poisoning,28,1
HC00230,13,5/11/2024,Food Poisoning,10,3
HC00231,8,10/17/2025,Diarrheal Disease,11,5
HC00232,24,6/14/2024,Typhoid,26,1
HC00233,26,8/24/2025,Typhoid,12,4
HC00234,13,1/31/2024,Typhoid,19,5
HC00235,10,10/28/2024,Diarrheal Disease,21,4
HC00236,20,5/8/2024,Typhoid,21,2
HC00237,4,1/19/2025,Food Poisoning,7,5
HC00238,22,3/29/2024,Food Poisoning,14,2
HC00239,14,8/12/2025,Typhoid,30,4
HC00240,7,11/3/2025,Food Poisoning,18,5
HC00241,3,11/1/2025,Food Poisoning,3,3
HC00242,19,8/24/2025,Diarrheal Disease,19,1
HC00243,4,3/21/2024,Food Poisoning,16,1
HC00244,26,4/8/2024,Food Poisoning,2,5
HC00245,4,10/1/2024,Food Poisoning,22,2
HC00246,8,1/17/2025,Typhoid,3,2
HC00247,24,4/15/2025,Food Poisoning,1,5
HC00248,15,11/12/2025,Diarrheal Disease,18,1
HC00249,15,1/21/2024,Diarrheal Disease,5,1
HC00250,13,11/13/2024,Diarrheal Disease,26,1
HC00251,17,4/22/2024,Diarrheal Disease,7,4
HC00252,20,6/2/2025,Diarrheal Disease,21,3
HC00253,18,9/24/2024,Diarrheal Disease,4,2
HC00254,18,2/11/2025,Typhoid,2,3
HC00255,26,3/2/2024,Typhoid,33,3
HC00256,2,3/9/2024,Food Poisoning,10,1
HC00257,6,8/8/2025,Diarrheal Disease,8,1
HC00258,3,7/18/2024,Typhoid,26,4
HC00259,14,12/11/2024,Food Poisoning,21,5
HC00260,6,8/14/2024,Food Poisoning,20,3
HC00261,4,1/2/2024,Food Poisoning,5,1
HC00262,16,1/3/2025,Food Poisoning,11,5
HC00263,3,5/18/2025,Food Poisoning,27,5
HC00264,4,5/13/2025,Typhoid,32,3
HC00265,13,1/25/2025,Typhoid,21,5
HC00266,18,10/26/2024,Diarrheal Disease,16,2
HC00267,26,1/30/2025,Food Poisoning,14,3
HC00268,8,5/16/2025,Typhoid,20,4
HC00269,24,9/10/2024,Diarrheal Disease,39,5
HC00270,9,12/22/2024,Diarrheal Disease,8,5
HC00271,15,9/19/2025,Diarrheal Disease,15,3
HC00272,24,9/17/2024,Typhoid,38,2
HC00273,20,5/12/2025,Food Poisoning,3,4
HC00274,8,9/8/2024,Food Poisoning,34,2
HC00275,11,8/6/2024,Diarrheal Disease,39,2
HC00276,9,10/1/2024,Typhoid,3,1
HC00277,11,5/24/2024,Diarrheal Disease,37,5
HC00278,20,10/27/2025,Diarrheal Disease,2,1
HC00279,16,11/14/2025,Typhoid,34,3
HC00280,8,1/26/2024,Food Poisoning,3,4
HC00281,10,9/9/2025,Typhoid,28,4
HC00282,25,11/28/2024,Food Poisoning,38,1
HC00283,11,1/19/2024,Diarrheal Disease,19,5
HC00284,8,11/16/2024,Food Poisoning,13,4
HC00285,19,10/17/2025,Typhoid,35,5
HC00286,24,11/13/2025,Food Poisoning,16,2
HC00287,13,12/16/2024,Diarrheal Disease,9,2
HC00288,25,8/3/2025,Food Poisoning,26,1
HC00289,24,2/18/2025,Food Poisoning,31,3
HC00290,15,8/11/2025,Food Poisoning,11,3
HC00291,12,6/28/2025,Diarrheal Disease,39,4
HC00292,17,10/9/2024,Diarrheal Disease,7,1
HC00293,16,3/9/2024,Diarrheal Disease,36,3
HC00294,7,2/2/2024,Typhoid,23,1
HC00295,1,11/8/2025,Food Poisoning,28,5
HC00296,8,2/28/2025,Food Poisoning,26,1
HC00297,18,8/4/2025,Food Poisoning,37,1
HC00298,17,7/17/2025,Diarrheal Disease,32,3
HC00299,25,2/14/2025,Typhoid,17,3
HC00300,8,7/9/2024,Diarrheal Disease,33,5
HC00301,25,3/23/2024,Food Poisoning,2,5
HC00302,6,9/21/2024,Diarrheal Disease,19,5
HC00303,20,8/18/2025,Diarrheal Disease,15,4
HC00304,17,8/7/2025,Diarrheal Disease,8,1
HC00305,11,5/27/2025,Food Poisoning,12,2
HC00306,6,10/1/2025,Diarrheal Disease,13,1
HC00307,1,3/3/2025,Food Poisoning,30,5
HC00308,1,8/1/2025,Food Poisoning,23,3
HC00309,22,8/1/2025,Food Poisoning,25,2
HC00310,23,7/27/2025,Typhoid,28,1
HC00311,2,1/17/2024,Typhoid,18,1
HC00312,22,9/29/2024,Diarrheal Disease,7,5
HC00313,11,12/22/2024,Food Poisoning,4,4
HC00314,23,12/22/2025,Food Poisoning,9,3
HC00315,16,5/23/2024,Food Poisoning,24,1
HC00316,19,8/11/2024,Typhoid,18,5
HC00317,13,3/13/2024,Food Poisoning,37,4
HC00318,6,12/28/2025,Diarrheal Disease,19,3
HC00319,9,3/15/2025,Diarrheal Disease,28,4
HC00320,9,8/12/2024,Food Poisoning,2,1
HC00321,23,11/13/2025,Diarrheal Disease,35,5
HC00322,4,5/7/2024,Food Poisoning,27,5
HC00323,16,2/22/2025,Typhoid,37,5
HC00324,17,12/8/2024,Diarrheal Disease,38,2
HC00325,9,8/6/2025,Food Poisoning,32,3
HC00326,12,5/20/2024,Typhoid,38,1
HC00327,1,2/15/2024,Food Poisoning,11,5
HC00328,17,9/27/2025,Typhoid,1,1
HC00329,15,6/21/2024,Diarrheal Disease,39,5
HC00330,2,7/14/2024,Typhoid,20,4
HC00331,9,8/24/2025,Diarrheal Disease,1,5
HC00332,4,2/25/2024,Diarrheal Disease,6,4
HC00333,11,3/15/2025,Diarrheal Disease,38,2
HC00334,21,8/27/2024,Food Poisoning,37,1
HC00335,4,7/30/2025,Food Poisoning,4,4
HC00336,20,4/7/2025,Diarrheal Disease,25,3
HC00337,18,6/27/2024,Food Poisoning,35,5
HC00338,20,2/15/2025,Food Poisoning,1,4
HC00339,6,3/9/2025,Typhoid,36,4
HC00340,18,5/31/2024,Typhoid,30,3
HC00341,24,5/15/2025,Diarrheal Disease,2,3
HC00342,5,3/22/2025,Diarrheal Disease,3,4
HC00343,13,10/26/2024,Diarrheal Disease,18,2
HC00344,22,10/30/2024,Diarrheal Disease,2,5
HC00345,12,3/8/2025,Food Poisoning,6,4
HC00346,25,4/9/2025,Typhoid,2,5
HC00347,18,5/17/2024,Typhoid,28,4
HC00348,26,8/21/2025,Diarrheal Disease,36,5
HC00349,9,5/4/2024,Typhoid,18,1
HC00350,1,6/9/2024,Diarrheal Disease,23,5
HC00351,23,10/24/2024,Diarrheal Disease,20,5
HC00352,22,7/18/2024,Diarrheal Disease,3,3
HC00353,5,10/20/2024,Food Poisoning,31,2
HC00354,9,3/7/2024,Food Poisoning,39,4
HC00355,24,4/26/2025,Diarrheal Disease,9,4
HC00356,4,9/1/2025,Typhoid,13,4
HC00357,24,9/15/2024,Food Poisoning,37,5
HC00358,24,3/26/2024,Typhoid,12,3
HC00359,9,5/7/2025,Food Poisoning,11,4
HC00360,1,2/18/2025,Diarrheal Disease,10,3
HC00361,3,2/13/2024,Diarrheal Disease,26,3
HC00362,15,3/23/2025,Food Poisoning,7,4
HC00363,23,3/10/2025,Typhoid,13,2
HC00364,23,7/22/2025,Diarrheal Disease,15,5
HC00365,17,8/23/2025,Diarrheal Disease,12,3
HC00366,2,3/8/2024,Food Poisoning,20,1
HC00367,4,1/26/2025,Typhoid,3,4
HC00368,18,3/8/2025,Food Poisoning,39,2
HC00369,3,1/22/2024,Diarrheal Disease,28,4
HC00370,21,2/21/2025,Food Poisoning,13,5
HC00371,15,11/2/2024,Typhoid,37,4
HC00372,5,3/26/2024,Typhoid,39,2
HC00373,7,6/10/2025,Food Poisoning,34,2
HC00374,17,2/14/2024,Diarrheal Disease,16,2
HC00375,20,9/21/2025,Diarrheal Disease,12,2
HC00376,13,7/16/2025,Typhoid,32,5
HC00377,23,3/10/2024,Diarrheal Disease,20,1
HC00378,24,6/20/2025,Food Poisoning,1,3
HC00379,19,7/6/2025,Typhoid,22,4
HC00380,6,3/3/2024,Typhoid,7,5
HC00381,10,1/17/2024,Typhoid,13,4
HC00382,2,9/8/2025,Food Poisoning,9,1
HC00383,3,6/1/2025,Diarrheal Disease,7,5
HC00384,2,10/11/2025,Food Poisoning,7,3
HC00385,13,10/24/2025,Typhoid,15,4
HC00386,14,3/2/2025,Food Poisoning,22,5
HC00387,11,4/28/2025,Food Poisoning,14,1
HC00388,2,5/30/2025,Typhoid,28,1
HC00389,26,7/27/2025,Diarrheal Disease,25,1
HC00390,6,1/30/2024,Diarrheal Disease,9,4
HC00391,8,6/5/2024,Typhoid,21,4
HC00392,15,5/26/2024,Food Poisoning,15,3
HC00393,23,3/7/2024,Diarrheal Disease,3,2
HC00394,15,11/4/2025,Diarrheal Disease,11,4
HC00395,9,3/31/2025,Typhoid,32,2
HC00396,15,1/9/2024,Food Poisoning,12,4
HC00397,23,2/3/2024,Typhoid,17,4
HC00398,23,12/5/2025,Typhoid,3,4
HC00399,6,12/12/2025,Diarrheal Disease,31,4
HC00400,26,11/3/2024,Typhoid,26,4
HC00401,23,8/24/2025,Diarrheal Disease,19,1
HC00402,19,9/3/2025,Diarrheal Disease,26,4
HC00403,7,4/15/2024,Diarrheal Disease,3,4
HC00404,6,8/28/2025,Food Poisoning,31,1
HC00405,14,8/8/2025,Diarrheal Disease,23,1
HC00406,11,5/27/2024,Typhoid,39,1
HC00407,20,1/30/2025,Typhoid,32,1
HC00408,12,11/6/2024,Typhoid,8,4
HC00409,13,9/15/2024,Typhoid,25,3
HC00410,18,2/1/2025,Food Poisoning,8,1
HC00411,1,11/30/2024,Typhoid,20,5
HC00412,14,12/29/2025,Typhoid,13,3
HC00413,21,3/11/2024,Food Poisoning,4,3
HC00414,14,10/28/2024,Food Poisoning,39,2
HC00415,15,10/5/2024,Food Poisoning,5,4
HC00416,11,5/29/2025,Food Poisoning,17,1
HC00417,17,7/21/2024,Food Poisoning,13,3
HC00418,4,5/2/2025,Diarrheal Disease,10,2
HC00419,7,7/29/2025,Diarrheal Disease,10,5
HC00420,8,12/12/2024,Typhoid,24,4
HC00421,17,1/26/2025,Diarrheal Disease,31,4
HC00422,4,6/18/2024,Diarrheal Disease,35,3
HC00423,13,9/24/2024,Typhoid,20,1
HC00424,7,9/6/2025,Typhoid,11,5
HC00425,9,1/18/2024,Typhoid,33,5
HC00426,20,4/30/2024,Typhoid,34,2
HC00427,2,1/22/2025,Typhoid,13,4
HC00428,16,10/1/2025,Food Poisoning,31,5
HC00429,18,4/6/2024,Diarrheal Disease,34,5
HC00430,18,6/28/2025,Typhoid,9,5
HC00431,25,9/29/2024,Food Poisoning,5,4
HC00432,7,5/15/2024,Diarrheal Disease,28,2
HC00433,22,1/29/2025,Food Poisoning,16,3
HC00434,24,7/18/2024,Diarrheal Disease,6,3
HC00435,19,11/9/2025,Typhoid,22,3
HC00436,4,7/3/2025,Diarrheal Disease,9,2
HC00437,21,9/3/2024,Diarrheal Disease,20,3
HC00438,24,4/4/2025,Typhoid,13,5
HC00439,26,4/17/2024,Food Poisoning,18,2
HC00440,8,7/30/2025,Diarrheal Disease,8,2
HC00441,18,1/27/2025,Typhoid,13,2
HC00442,24,7/10/2024,Food Poisoning,20,1
HC00443,18,9/6/2024,Food Poisoning,35,5
HC00444,22,11/1/2025,Food Poisoning,22,3
HC00445,3,1/28/2024,Food Poisoning,13,2
HC00446,25,7/29/2024,Diarrheal Disease,22,5
HC00447,10,8/8/2024,Diarrheal Disease,22,5
HC00448,5,4/14/2025,Food Poisoning,26,2
HC00449,12,9/12/2024,Typhoid,15,4
HC00450,16,12/26/2025,Diarrheal Disease,36,3
HC00451,17,3/28/2024,Diarrheal Disease,33,2
HC00452,9,5/26/2024,Typhoid,35,2
HC00453,17,1/10/2025,Food Poisoning,27,2
HC00454,7,4/21/2025,Typhoid,1,3
HC00455,19,9/14/2025,Food Poisoning,33,4
HC00456,2,5/3/2024,Diarrheal Disease,16,1
HC00457,23,4/20/2024,Food Poisoning,38,3
HC00458,19,11/15/2025,Food Poisoning,20,3
HC00459,13,6/4/2024,Diarrheal Disease,9,1
HC00460,6,9/22/2024,Food Poisoning,4,5
HC00461,1,11/15/2025,Diarrheal Disease,20,3
HC00462,25,4/29/2024,Typhoid,17,5
HC00463,3,5/4/2024,Diarrheal Disease,26,2
HC00464,18,6/23/2024,Diarrheal Disease,23,5
HC00465,26,8/6/2025,Typhoid,10,3
HC00466,21,10/29/2025,Typhoid,24,1
HC00467,6,4/20/2024,Food Poisoning,21,4
HC00468,13,1/21/2025,Typhoid,4,3
HC00469,8,8/26/2024,Typhoid,21,2
HC00470,26,4/1/2025,Typhoid,7,4
HC00471,9,8/3/2025,Diarrheal Disease,5,5
HC00472,16,12/5/2024,Diarrheal Disease,24,1
HC00473,24,5/18/2024,Typhoid,28,1
HC00474,17,4/8/2025,Typhoid,5,5
HC00475,26,2/6/2025,Typhoid,1,4
HC00476,16,12/19/2024,Typhoid,10,3
HC00477,13,5/11/2025,Diarrheal Disease,38,5
HC00478,5,12/11/2024,Typhoid,2,2
HC00479,2,3/31/2024,Food Poisoning,14,2
HC00480,6,4/9/2025,Typhoid,30,4
HC00481,3,12/16/2024,Typhoid,6,5
HC00482,3,1/2/2024,Typhoid,38,3
HC00483,23,11/14/2024,Food Poisoning,14,3
HC00484,2,6/28/2024,Diarrheal Disease,17,2
HC00485,24,6/24/2025,Diarrheal Disease,18,5
HC00486,8,9/27/2024,Typhoid,5,1
HC00487,26,10/24/2024,Diarrheal Disease,34,5
HC00488,9,1/3/2024,Diarrheal Disease,32,3
HC00489,10,1/22/2025,Food Poisoning,2,4
HC00490,15,7/23/2025,Food Poisoning,7,5
HC00491,12,8/9/2024,Typhoid,16,2
HC00492,21,10/27/2025,Typhoid,34,1
HC00493,18,10/23/2024,Food Poisoning,25,4
HC00494,10,1/30/2025,Food Poisoning,25,3
HC00495,22,2/11/2025,Typhoid,1,3
HC00496,9,12/8/2024,Diarrheal Disease,22,3
HC00497,2,12/9/2025,Diarrheal Disease,16,1
HC00498,24,9/25/2025,Typhoid,27,3
HC00499,26,6/7/2025,Diarrheal Disease,26,1
HC00500,16,8/10/2024,Diarrheal Disease,19,3
HC00501,24,7/25/2025,Typhoid,19,4
HC00502,5,4/22/2024,Diarrheal Disease,3,5
HC00503,3,2/25/2024,Diarrheal Disease,14,2
HC00504,2,1/27/2025,Typhoid,19,2
HC00505,22,10/12/2025,Food Poisoning,17,3
HC00506,22,6/4/2025,Diarrheal Disease,32,5
HC00507,10,5/17/2024,Food Poisoning,6,1
HC00508,9,8/22/2024,Food Poisoning,5,1
HC00509,6,12/14/2025,Food Poisoning,21,4
HC00510,18,6/14/2025,Diarrheal Disease,31,5
HC00511,18,6/3/2024,Food Poisoning,36,3
HC00512,10,1/9/2025,Diarrheal Disease,6,3
HC00513,9,2/6/2024,Typhoid,38,2
HC00514,23,4/9/2025,Typhoid,30,4
HC00515,16,10/27/2024,Typhoid,19,5
HC00516,12,4/21/2025,Food Poisoning,16,1
HC00517,4,4/21/2025,Diarrheal Disease,6,3
HC00518,22,2/1/2024,Diarrheal Disease,4,2
HC00519,22,10/14/2024,Food Poisoning,38,4
HC00520,16,3/20/2024,Food Poisoning,31,3
HC00521,21,6/24/2024,Food Poisoning,11,5
HC00522,26,7/28/2024,Food Poisoning,29,2
HC00523,20,12/27/2024,Food Poisoning,3,4
HC00524,11,8/14/2025,Diarrheal Disease,1,2
HC00525,11,12/16/2025,Typhoid,25,2
HC00526,25,6/27/2025,Diarrheal Disease,4,1
HC00527,15,1/11/2024,Typhoid,27,4
HC00528,18,6/14/2024,Diarrheal Disease,4,1
HC00529,12,7/3/2025,Diarrheal Disease,16,4
HC00530,6,6/22/2025,Diarrheal Disease,39,4
HC00531,8,5/20/2024,Diarrheal Disease,30,5
HC00532,19,2/19/2024,Diarrheal Disease,31,2
HC00533,24,2/1/2025,Diarrheal Disease,10,4
HC00534,6,5/26/2024,Diarrheal Disease,4,1
HC00535,23,10/12/2025,Typhoid,21,3
HC00536,22,9/24/2025,Food Poisoning,12,2
HC00537,4,6/4/2025,Typhoid,31,3
HC00538,6,12/8/2024,Food Poisoning,31,3
HC00539,5,2/8/2025,Diarrheal Disease,31,1
HC00540,21,6/13/2025,Typhoid,34,4
HC00541,17,6/14/2024,Typhoid,3,3
HC00542,14,6/10/2024,Diarrheal Disease,29,5
HC00543,15,7/23/2025,Food Poisoning,22,4
HC00544,16,5/16/2024,Typhoid,27,5
HC00545,11,1/29/2025,Food Poisoning,13,5
HC00546,15,5/12/2024,Food Poisoning,3,4
HC00547,13,2/26/2024,Typhoid,39,4
HC00548,7,9/4/2025,Typhoid,24,5
HC00549,7,11/11/2025,Diarrheal Disease,39,5
HC00550,17,9/8/2025,Diarrheal Disease,26,1
HC00551,22,3/8/2025,Diarrheal Disease,13,2
HC00552,21,11/27/2025,Food Poisoning,12,2
HC00553,4,7/14/2024,Diarrheal Disease,38,5
HC00554,25,4/29/2025,Typhoid,2,2
HC00555,9,9/8/2025,Typhoid,24,3
HC00556,6,7/23/2024,Typhoid,26,2
HC00557,13,1/30/2025,Food Poisoning,27,5
HC00558,16,1/16/2025,Diarrheal Disease,1,1
HC00559,21,4/1/2025,Diarrheal Disease,4,4
HC00560,14,12/17/2025,Typhoid,14,5
HC00561,7,3/12/2024,Diarrheal Disease,20,4
HC00562,18,1/15/2025,Typhoid,24,2
HC00563,9,3/11/2024,Food Poisoning,13,1
HC00564,4,3/18/2025,Food Poisoning,29,5
HC00565,10,10/20/2024,Food Poisoning,31,5
HC00566,25,8/7/2024,Food Poisoning,14,3
HC00567,3,6/25/2024,Diarrheal Disease,22,5
HC00568,24,8/26/2024,Food Poisoning,38,4
HC00569,22,2/27/2024,Diarrheal Disease,23,2
HC00570,17,9/23/2024,Typhoid,10,3
HC00571,15,7/30/2024,Food Poisoning,13,2
HC00572,5,4/2/2025,Food Poisoning,5,2
HC00573,11,8/19/2024,Food Poisoning,17,1
HC00574,26,9/22/2025,Diarrheal Disease,25,5
HC00575,18,12/8/2025,Diarrheal Disease,22,2
HC00576,2,8/30/2024,Typhoid,24,4
HC00577,26,3/29/2025,Diarrheal Disease,17,5
HC00578,20,3/30/2025,Typhoid,24,1
HC00579,9,2/1/2024,Diarrheal Disease,27,2
HC00580,1,11/22/2025,Food Poisoning,3,1
HC00581,24,12/31/2024,Food Poisoning,28,1
HC00582,4,3/5/2025,Food Poisoning,7,3
HC00583,3,1/29/2025,Food Poisoning,23,2
HC00584,12,7/9/2024,Food Poisoning,29,3
HC00585,3,8/30/2024,Diarrheal Disease,7,2
HC00586,16,4/1/2024,Food Poisoning,29,4
HC00587,10,12/20/2024,Diarrheal Disease,39,4
HC00588,19,7/7/2024,Food Poisoning,18,5
HC00589,9,4/24/2025,Diarrheal Disease,10,1
HC00590,1,9/7/2025,Typhoid,5,4
HC00591,10,11/23/2024,Diarrheal Disease,12,5
HC00592,26,2/21/2024,Diarrheal Disease,20,1
HC00593,10,1/29/2025,Diarrheal Disease,9,2
HC00594,17,9/17/2024,Food Poisoning,14,1
HC00595,16,7/18/2025,Diarrheal Disease,11,5
HC00596,20,11/28/2024,Diarrheal Disease,38,2
HC00597,16,6/12/2025,Typhoid,35,1
HC00598,11,10/7/2024,Typhoid,37,5
HC00599,5,6/29/2024,Typhoid,37,2
HC00600,4,10/23/2024,Diarrheal Disease,19,5
HC00601,7,8/17/2024,Food Poisoning,10,2
HC00602,20,8/2/2025,Food Poisoning,23,4
HC00603,20,9/13/2025,Typhoid,23,2
HC00604,9,10/20/2024,Typhoid,4,3
HC00605,5,1/18/2025,Typhoid,4,3
HC00606,22,6/13/2025,Diarrheal Disease,3,4
HC00607,4,8/3/2024,Food Poisoning,28,4
HC00608,15,2/25/2024,Typhoid,6,2
HC00609,11,8/29/2024,Diarrheal Disease,37,5
HC00610,10,9/19/2024,Food Poisoning,20,1
HC00611,16,7/3/2025,Food Poisoning,29,2
HC00612,3,12/3/2025,Food Poisoning,20,1
HC00613,16,8/3/2025,Food Poisoning,14,2
HC00614,11,3/7/2024,Diarrheal Disease,20,3
HC00615,11,8/9/2025,Food Poisoning,31,2
HC00616,19,11/1/2025,Food Poisoning,33,4
HC00617,13,3/15/2025,Diarrheal Disease,37,1
HC00618,6,9/11/2025,Diarrheal Disease,1,4
HC00619,11,12/1/2025,Diarrheal Disease,12,3
HC00620,8,3/12/2024,Typhoid,10,2
HC00621,6,4/23/2024,Diarrheal Disease,32,1
HC00622,13,10/6/2025,Diarrheal Disease,26,4
HC00623,12,7/31/2025,Food Poisoning,13,2
HC00624,12,9/29/2024,Food Poisoning,24,3
HC00625,4,1/1/2024,Diarrheal Disease,11,1
HC00626,5,4/25/2024,Food Poisoning,2,3
HC00627,19,9/5/2024,Diarrheal Disease,26,1
HC00628,5,12/31/2024,Typhoid,7,5
HC00629,1,2/20/2024,Food Poisoning,25,3
HC00630,13,12/10/2025,Typhoid,11,2
HC00631,20,7/29/2025,Diarrheal Disease,15,4
HC00632,10,10/12/2024,Food Poisoning,34,3
HC00633,22,6/25/2025,Diarrheal Disease,39,4
HC00634,9,6/18/2024,Food Poisoning,28,1
HC00635,12,6/14/2025,Typhoid,38,5
HC00636,16,7/4/2024,Food Poisoning,33,5
HC00637,6,5/8/2024,Food Poisoning,29,2
HC00638,19,2/5/2024,Diarrheal Disease,31,3
HC00639,19,1/3/2024,Diarrheal Disease,2,2
HC00640,16,7/2/2025,Typhoid,7,4
HC00641,19,5/4/2024,Food Poisoning,14,2
HC00642,16,9/11/2024,Diarrheal Disease,28,5
HC00643,10,11/15/2024,Food Poisoning,31,5
HC00644,12,5/31/2024,Typhoid,21,4
HC00645,4,1/23/2024,Food Poisoning,6,5
HC00646,4,9/30/2024,Food Poisoning,18,4
HC00647,24,4/11/2024,Food Poisoning,24,3
HC00648,4,2/3/2025,Diarrheal Disease,5,3
HC00649,14,7/10/2025,Typhoid,10,4
HC00650,11,11/13/2024,Diarrheal Disease,24,1
HC00651,6,10/21/2025,Typhoid,15,4
HC00652,1,2/18/2024,Typhoid,29,1
HC00653,7,2/10/2024,Diarrheal Disease,1,3
HC00654,2,1/29/2024,Diarrheal Disease,2,3
HC00655,7,7/7/2024,Food Poisoning,11,5
HC00656,2,10/20/2025,Typhoid,34,4
HC00657,26,1/9/2024,Typhoid,5,1
HC00658,1,1/4/2025,Diarrheal Disease,36,1
HC00659,26,3/29/2024,Typhoid,6,5
HC00660,11,6/7/2025,Typhoid,5,1
HC00661,12,7/31/2024,Diarrheal Disease,25,5
HC00662,17,10/12/2025,Typhoid,19,5
HC00663,24,6/17/2025,Diarrheal Disease,32,1
HC00664,20,1/9/2025,Diarrheal Disease,8,4
HC00665,21,10/24/2024,Food Poisoning,27,1
HC00666,6,1/17/2024,Diarrheal Disease,30,5
HC00667,4,11/30/2025,Food Poisoning,38,1
HC00668,15,2/20/2025,Typhoid,23,2
HC00669,5,10/20/2025,Diarrheal Disease,9,4
HC00670,19,7/1/2025,Food Poisoning,20,2
HC00671,3,8/22/2024,Typhoid,29,5
HC00672,7,9/10/2024,Diarrheal Disease,17,1
HC00673,17,1/9/2024,Typhoid,16,5
HC00674,3,2/18/2024,Diarrheal Disease,36,3
HC00675,20,11/9/2024,Typhoid,32,4
HC00676,22,9/28/2025,Typhoid,19,3
HC00677,23,3/30/2025,Typhoid,30,2
HC00678,1,11/24/2024,Typhoid,37,3
HC00679,3,2/21/2025,Diarrheal Disease,30,5
HC00680,14,2/7/2024,Diarrheal Disease,12,2
HC00681,25,2/8/2024,Diarrheal Disease,3,3
HC00682,19,2/4/2025,Diarrheal Disease,29,4
HC00683,1,1/24/2025,Food Poisoning,38,5
HC00684,6,10/12/2024,Diarrheal Disease,26,4
HC00685,9,2/27/2024,Diarrheal Disease,15,2
HC00686,5,3/20/2025,Diarrheal Disease,4,4
HC00687,23,10/29/2025,Typhoid,36,5
HC00688,10,12/10/2024,Typhoid,37,5
HC00689,4,7/10/2025,Food Poisoning,5,4
HC00690,23,3/22/2025,Food Poisoning,25,3
HC00691,22,1/6/2025,Typhoid,16,4
HC00692,23,3/25/2025,Typhoid,32,2
HC00693,23,5/24/2024,Food Poisoning,25,1
HC00694,20,7/2/2025,Typhoid,3,2
HC00695,14,1/21/2025,Diarrheal Disease,26,4
HC00696,11,9/5/2025,Typhoid,26,5
HC00697,3,6/18/2024,Food Poisoning,34,5
HC00698,16,9/4/2024,Typhoid,7,5
HC00699,5,9/24/2024,Diarrheal Disease,26,2
HC00700,12,10/10/2025,Diarrheal Disease,11,5
HC00701,2,7/27/2025,Typhoid,6,5
HC00702,13,2/9/2025,Diarrheal Disease,4,3
HC00703,5,8/5/2024,Food Poisoning,16,1
HC00704,12,8/3/2025,Food Poisoning,1,5
HC00705,23,12/2/2024,Diarrheal Disease,15,3
HC00706,3,12/6/2024,Food Poisoning,26,4
HC00707,8,5/20/2024,Diarrheal Disease,5,3
HC00708,19,12/16/2025,Typhoid,23,5
HC00709,22,1/13/2025,Typhoid,6,2
HC00710,25,5/22/2025,Typhoid,15,3
HC00711,18,12/5/2025,Typhoid,38,3
HC00712,10,11/12/2024,Typhoid,20,5
HC00713,22,7/20/2024,Typhoid,16,5
HC00714,12,8/2/2024,Typhoid,26,5
HC00715,15,4/1/2024,Typhoid,20,4
HC00716,14,4/11/2024,Food Poisoning,7,2
HC00717,3,7/22/2025,Food Poisoning,13,3
HC00718,12,5/27/2024,Diarrheal Disease,33,4
HC00719,1,12/26/2025,Typhoid,32,2
HC00720,1,9/17/2024,Diarrheal Disease,26,5
HC00721,24,5/10/2024,Food Poisoning,33,3
HC00722,21,10/10/2024,Diarrheal Disease,29,3
HC00723,19,3/17/2025,Food Poisoning,15,1
HC00724,20,9/18/2024,Diarrheal Disease,37,3
HC00725,20,10/23/2024,Food Poisoning,28,2
HC00726,23,10/22/2025,Diarrheal Disease,24,2
HC00727,10,10/25/2024,Food Poisoning,16,3
HC00728,4,6/7/2025,Diarrheal Disease,26,2
HC00729,22,11/14/2025,Food Poisoning,3,2
HC00730,26,1/17/2024,Typhoid,11,4
HC00731,12,8/15/2024,Diarrheal Disease,5,2
HC00732,2,9/23/2025,Food Poisoning,29,4
HC00733,24,9/15/2024,Food Poisoning,20,1
HC00734,3,3/24/2025,Typhoid,37,3
HC00735,4,7/5/2024,Typhoid,38,3
HC00736,2,2/1/2024,Diarrheal Disease,38,2
HC00737,9,2/13/2024,Diarrheal Disease,5,5
HC00738,19,9/17/2025,Typhoid,29,3
HC00739,11,6/22/2025,Food Poisoning,4,4
HC00740,18,2/16/2024,Food Poisoning,32,1
HC00741,10,8/26/2024,Food Poisoning,31,1
HC00742,9,10/13/2024,Typhoid,35,1
HC00743,13,9/27/2024,Diarrheal Disease,36,4
HC00744,21,1/21/2025,Typhoid,38,3
HC00745,25,5/18/2025,Typhoid,37,1
HC00746,8,1/19/2024,Typhoid,31,3
HC00747,21,5/28/2025,Food Poisoning,14,4
HC00748,20,9/1/2025,Food Poisoning,27,3
HC00749,22,3/16/2024,Food Poisoning,23,1
HC00750,20,3/31/2025,Food Poisoning,39,3
HC00751,11,3/15/2025,Typhoid,23,1
HC00752,5,3/27/2024,Typhoid,5,3
HC00753,25,8/14/2024,Food Poisoning,15,1
HC00754,18,7/28/2025,Typhoid,5,4
HC00755,22,8/7/2024,Diarrheal Disease,20,1
HC00756,5,10/12/2025,Typhoid,2,3
HC00757,20,1/3/2025,Diarrheal Disease,23,3
HC00758,24,11/26/2024,Food Poisoning,14,3
HC00759,18,12/16/2024,Diarrheal Disease,8,1
HC00760,3,1/29/2025,Food Poisoning,11,2
HC00761,22,4/7/2024,Food Poisoning,37,3
HC00762,13,4/27/2025,Food Poisoning,33,3
HC00763,19,1/30/2025,Food Poisoning,10,4
HC00764,14,1/30/2024,Typhoid,26,2
HC00765,3,2/4/2025,Typhoid,15,5
HC00766,4,10/31/2025,Food Poisoning,24,5
HC00767,3,11/1/2024,Diarrheal Disease,37,2
HC00768,2,1/20/2024,Typhoid,18,3
HC00769,17,8/15/2024,Food Poisoning,1,1
HC00770,16,1/8/2024,Diarrheal Disease,36,2
HC00771,5,5/11/2024,Diarrheal Disease,24,5
HC00772,25,7/10/2024,Diarrheal Disease,32,5
HC00773,2,7/7/2024,Food Poisoning,9,1
HC00774,15,8/22/2024,Diarrheal Disease,2,2
HC00775,19,6/29/2024,Diarrheal Disease,15,4
HC00776,15,5/17/2024,Food Poisoning,12,2
HC00777,12,6/22/2024,Diarrheal Disease,12,4
HC00778,10,1/31/2025,Typhoid,9,1
HC00779,15,3/3/2025,Diarrheal Disease,3,4
HC00780,25,10/28/2025,Food Poisoning,11,1
HC00781,20,3/31/2025,Food Poisoning,20,4
HC00782,13,1/24/2025,Typhoid,23,4
HC00783,25,8/7/2024,Diarrheal Disease,5,5
HC00784,14,4/16/2025,Typhoid,36,1
HC00785,3,6/14/2025,Typhoid,19,3
HC00786,26,3/8/2024,Typhoid,21,3
HC00787,22,2/28/2024,Typhoid,15,1
HC00788,7,6/11/2024,Food Poisoning,21,3
HC00789,19,4/12/2025,Typhoid,22,2
HC00790,3,1/14/2024,Food Poisoning,27,3
HC00791,17,10/1/2025,Food Poisoning,38,4
HC00792,8,10/13/2024,Diarrheal Disease,16,2
HC00793,19,2/21/2025,Typhoid,27,3
HC00794,20,3/31/2024,Food Poisoning,37,3
HC00795,2,5/7/2025,Food Poisoning,37,2
HC00796,25,7/15/2025,Food Poisoning,32,5
HC00797,26,1/26/2024,Diarrheal Disease,11,2
HC00798,1,2/20/2025,Diarrheal Disease,2,5
HC00799,10,6/23/2025,Diarrheal Disease,11,5
HC00800,19,8/21/2024,Diarrheal Disease,7,2
HC00801,13,8/3/2025,Typhoid,23,4
HC00802,17,6/23/2024,Diarrheal Disease,39,4
HC00803,3,8/24/2025,Diarrheal Disease,18,1
HC00804,8,3/22/2025,Diarrheal Disease,8,2
HC00805,11,6/9/2025,Typhoid,4,3
HC00806,8,11/6/2024,Food Poisoning,14,2
HC00807,7,5/13/2024,Food Poisoning,32,1
HC00808,22,9/14/2025,Diarrheal Disease,24,4
HC00809,18,11/15/2025,Diarrheal Disease,33,2
HC00810,18,4/23/2025,Food Poisoning,13,2
HC00811,6,12/5/2024,Typhoid,4,5
HC00812,16,11/5/2025,Typhoid,29,1
HC00813,11,1/30/2025,Food Poisoning,31,3
HC00814,20,9/25/2025,Typhoid,20,2
HC00815,26,3/31/2025,Diarrheal Disease,25,1
HC00816,7,1/4/2024,Diarrheal Disease,18,4
HC00817,10,5/20/2024,Food Poisoning,24,4
HC00818,13,1/15/2025,Food Poisoning,19,2
HC00819,2,1/31/2025,Food Poisoning,16,3
HC00820,3,4/27/2024,Food Poisoning,16,2
HC00821,17,3/12/2024,Diarrheal Disease,24,4
HC00822,14,10/29/2025,Diarrheal Disease,12,1
HC00823,17,9/26/2025,Food Poisoning,17,5
HC00824,19,2/3/2025,Diarrheal Disease,39,3
HC00825,20,3/26/2024,Typhoid,37,1
HC00826,15,8/11/2024,Diarrheal Disease,31,3
HC00827,3,4/2/2025,Typhoid,17,2
HC00828,24,2/13/2025,Diarrheal Disease,13,5
HC00829,11,3/3/2025,Food Poisoning,31,2
HC00830,11,12/12/2025,Diarrheal Disease,21,3
HC00831,23,3/27/2025,Typhoid,8,1
HC00832,18,5/19/2024,Food Poisoning,1,3
HC00833,7,7/31/2025,Typhoid,30,1
HC00834,11,10/20/2024,Diarrheal Disease,38,2
HC00835,8,2/18/2024,Food Poisoning,34,4
HC00836,14,2/19/2024,Diarrheal Disease,26,2
HC00837,12,11/12/2024,Diarrheal Disease,31,4
HC00838,3,10/3/2025,Food Poisoning,21,5
HC00839,21,8/3/2025,Diarrheal Disease,13,1
HC00840,19,4/8/2024,Typhoid,37,5
HC00841,26,10/14/2025,Diarrheal Disease,15,2
HC00842,7,10/31/2024,Diarrheal Disease,34,5
HC00843,18,4/28/2025,Typhoid,24,1
HC00844,14,4/16/2024,Food Poisoning,10,3
HC00845,23,7/29/2025,Typhoid,4,2
HC00846,19,3/8/2025,Food Poisoning,3,5
HC00847,21,9/6/2024,Diarrheal Disease,21,5
HC00848,2,5/23/2025,Food Poisoning,22,3
HC00849,16,9/23/2024,Food Poisoning,5,1
HC00850,23,9/23/2025,Typhoid,12,3
HC00851,2,7/18/2025,Diarrheal Disease,20,1
HC00852,11,9/30/2025,Diarrheal Disease,17,5
HC00853,13,1/4/2025,Diarrheal Disease,18,2
HC00854,2,4/17/2024,Typhoid,7,1
HC00855,3,12/16/2024,Diarrheal Disease,38,1
HC00856,15,3/2/2024,Diarrheal Disease,21,3
HC00857,20,8/28/2025,Food Poisoning,11,5
HC00858,22,1/4/2024,Typhoid,9,3
HC00859,23,5/23/2024,Diarrheal Disease,27,5
HC00860,17,9/4/2024,Food Poisoning,22,4
HC00861,8,12/23/2025,Typhoid,21,4
HC00862,26,8/25/2025,Diarrheal Disease,10,3
HC00863,24,8/24/2024,Typhoid,13,5
HC00864,19,12/4/2024,Diarrheal Disease,9,4
HC00865,1,12/29/2025,Typhoid,10,2
HC00866,1,9/30/2024,Typhoid,5,4
HC00867,15,5/25/2025,Diarrheal Disease,17,3
HC00868,12,9/4/2024,Diarrheal Disease,27,5
HC00869,7,8/9/2025,Typhoid,25,1
HC00870,13,7/26/2024,Diarrheal Disease,35,4
HC00871,9,7/30/2025,Typhoid,35,2
HC00872,9,6/29/2025,Food Poisoning,2,2
HC00873,23,7/15/2025,Typhoid,27,2
HC00874,7,4/15/2024,Food Poisoning,6,5
HC00875,20,1/7/2024,Diarrheal Disease,35,1
HC00876,16,5/24/2024,Typhoid,13,3
HC00877,2,3/9/2025,Typhoid,13,1
HC00878,24,3/12/2024,Typhoid,8,5
HC00879,14,10/21/2024,Food Poisoning,14,3
HC00880,2,1/2/2025,Diarrheal Disease,6,3
HC00881,1,7/17/2025,Food Poisoning,20,2
HC00882,17,5/29/2024,Food Poisoning,20,5
HC00883,2,3/20/2024,Diarrheal Disease,10,2
HC00884,24,6/5/2025,Diarrheal Disease,19,3
HC00885,24,11/29/2024,Diarrheal Disease,31,3
HC00886,12,11/24/2024,Food Poisoning,37,3
HC00887,15,10/20/2025,Food Poisoning,15,4
HC00888,20,2/6/2024,Food Poisoning,4,3
HC00889,16,10/10/2024,Food Poisoning,11,3
HC00890,25,10/26/2024,Diarrheal Disease,39,2
HC00891,16,6/8/2024,Typhoid,32,5
HC00892,14,2/3/2025,Diarrheal Disease,25,4
HC00893,24,5/15/2024,Typhoid,37,2
HC00894,20,5/26/2024,Diarrheal Disease,4,1
HC00895,23,5/4/2025,Typhoid,12,5
HC00896,8,1/29/2024,Food Poisoning,16,3
HC00897,17,7/13/2025,Diarrheal Disease,17,2
HC00898,14,3/31/2025,Food Poisoning,14,4
HC00899,23,11/6/2024,Diarrheal Disease,21,1
HC00900,25,1/15/2024,Typhoid,29,5
HC00901,21,6/25/2024,Typhoid,19,4
HC00902,5,4/26/2025,Typhoid,23,4
HC00903,25,2/5/2024,Typhoid,9,5
HC00904,4,8/8/2025,Food Poisoning,18,4
HC00905,23,10/31/2025,Food Poisoning,24,2
HC00906,1,12/14/2025,Typhoid,14,4
HC00907,19,10/3/2025,Food Poisoning,5,3
HC00908,26,1/7/2025,Typhoid,5,1
HC00909,4,2/19/2025,Food Poisoning,10,1
HC00910,11,1/3/2025,Food Poisoning,30,3
HC00911,23,6/18/2024,Food Poisoning,26,2
HC00912,21,9/4/2024,Diarrheal Disease,28,3
HC00913,20,11/19/2024,Food Poisoning,18,1
HC00914,5,4/10/2024,Typhoid,18,5
HC00915,22,11/23/2024,Food Poisoning,22,4
HC00916,4,12/16/2025,Food Poisoning,30,3
HC00917,5,8/31/2024,Diarrheal Disease,8,1
HC00918,25,9/30/2025,Food Poisoning,2,4
HC00919,8,10/28/2024,Diarrheal Disease,31,1
HC00920,4,4/23/2024,Diarrheal Disease,5,4
HC00921,10,5/26/2025,Typhoid,27,2
HC00922,26,10/7/2025,Typhoid,39,4
HC00923,23,9/7/2025,Diarrheal Disease,16,1
HC00924,18,10/24/2025,Diarrheal Disease,21,2
HC00925,21,2/17/2024,Typhoid,6,1
HC00926,1,11/2/2024,Food Poisoning,16,1
HC00927,4,2/26/2024,Typhoid,27,1
HC00928,15,7/25/2024,Diarrheal Disease,35,2
HC00929,26,1/17/2024,Typhoid,30,3
HC00930,4,5/17/2024,Food Poisoning,19,3
HC00931,15,10/27/2025,Food Poisoning,4,1
HC00932,6,5/5/2025,Diarrheal Disease,31,2
HC00933,13,12/31/2025,Diarrheal Disease,11,3
HC00934,19,9/2/2025,Typhoid,8,5
HC00935,17,5/6/2025,Typhoid,7,1
HC00936,7,6/11/2024,Typhoid,9,4
HC00937,12,2/10/2025,Typhoid,13,3
HC00938,1,7/6/2024,Food Poisoning,17,4
HC00939,23,9/7/2024,Typhoid,18,2
HC00940,19,8/26/2024,Food Poisoning,24,1
HC00941,23,9/26/2024,Diarrheal Disease,33,2
HC00942,18,12/2/2024,Food Poisoning,11,1
HC00943,7,11/5/2025,Diarrheal Disease,13,4
HC00944,9,6/19/2024,Food Poisoning,32,2
HC00945,15,1/4/2025,Typhoid,3,4
HC00946,5,12/5/2025,Diarrheal Disease,1,2
HC00947,16,8/13/2024,Food Poisoning,4,5
HC00948,3,5/26/2024,Typhoid,26,3
HC00949,19,7/17/2025,Food Poisoning,3,2
HC00950,8,10/4/2025,Food Poisoning,31,3
HC00951,26,2/20/2025,Food Poisoning,23,5
HC00952,1,1/8/2025,Food Poisoning,21,2
HC00953,4,2/27/2024,Typhoid,32,4
HC00954,26,7/8/2024,Diarrheal Disease,17,3
HC00955,22,12/10/2024,Typhoid,12,2
HC00956,8,1/20/2024,Typhoid,38,2
HC00957,3,3/6/2024,Typhoid,8,2
HC00958,7,1/1/2024,Food Poisoning,9,1
HC00959,7,8/5/2024,Typhoid,19,1
HC00960,7,10/22/2025,Typhoid,23,5
HC00961,6,6/26/2025,Typhoid,33,3
HC00962,12,4/12/2024,Typhoid,15,3
HC00963,6,2/9/2024,Food Poisoning,26,3
HC00964,13,3/17/2024,Typhoid,28,5
HC00965,23,7/29/2024,Food Poisoning,2,5
HC00966,23,5/23/2024,Typhoid,26,2
HC00967,5,6/28/2025,Diarrheal Disease,38,3
HC00968,24,7/3/2025,Diarrheal Disease,22,1
HC00969,8,7/16/2024,Typhoid,20,5
HC00970,13,4/18/2024,Diarrheal Disease,29,1
HC00971,21,1/2/2025,Food Poisoning,25,2
HC00972,20,4/8/2024,Food Poisoning,13,4
HC00973,16,1/6/2025,Typhoid,12,5
HC00974,19,8/16/2024,Food Poisoning,6,1
HC00975,8,6/23/2024,Food Poisoning,9,3
HC00976,4,3/18/2025,Food Poisoning,25,4
HC00977,17,1/31/2024,Typhoid,19,1
HC00978,8,2/1/2025,Diarrheal Disease,17,4
HC00979,5,7/25/2025,Typhoid,21,5
HC00980,9,4/13/2024,Diarrheal Disease,8,1
HC00981,8,7/19/2024,Typhoid,27,4
HC00982,4,2/25/2024,Typhoid,23,4
HC00983,1,4/25/2025,Diarrheal Disease,7,5
HC00984,22,6/30/2025,Typhoid,14,3
HC00985,25,2/25/2024,Typhoid,7,5
HC00986,3,9/15/2024,Diarrheal Disease,35,2
HC00987,5,3/7/2025,Food Poisoning,33,1
HC00988,5,1/16/2024,Diarrheal Disease,2,1
HC00989,18,1/2/2024,Food Poisoning,7,3
HC00990,22,5/29/2025,Typhoid,23,1
HC00991,15,11/5/2024,Diarrheal Disease,9,1
HC00992,11,12/4/2024,Diarrheal Disease,12,2
HC00993,7,5/6/2024,Diarrheal Disease,2,3
HC00994,17,5/29/2024,Typhoid,10,3
HC00995,9,8/7/2025,Food Poisoning,36,3
HC00996,4,5/18/2024,Food Poisoning,10,1
HC00997,21,3/4/2024,Food Poisoning,11,2
HC00998,8,11/28/2025,Typhoid,15,4
HC00999,6,7/1/2025,Diarrheal Disease,8,3
HC01000,6,4/25/2025,Food Poisoning,8,4
HC01001,1,6/23/2024,Diarrheal Disease,17,4
HC01002,15,8/11/2024,Diarrheal Disease,16,2
HC01003,26,7/6/2025,Food Poisoning,25,4
HC01004,10,12/14/2024,Diarrheal Disease,20,1
HC01005,9,5/23/2025,Typhoid,31,3
HC01006,10,11/10/2024,Typhoid,31,5
HC01007,23,7/28/2024,Diarrheal Disease,21,1
HC01008,1,12/13/2025,Diarrheal Disease,9,4
HC01009,16,7/10/2025,Typhoid,2,1
HC01010,23,5/11/2024,Diarrheal Disease,35,2
HC01011,18,1/28/2025,Food Poisoning,28,5
HC01012,11,12/27/2024,Food Poisoning,30,2
HC01013,10,4/26/2024,Diarrheal Disease,21,3
HC01014,19,1/9/2025,Typhoid,17,4
HC01015,11,12/9/2024,Typhoid,8,4
HC01016,19,1/28/2025,Diarrheal Disease,26,4
HC01017,9,11/22/2024,Typhoid,2,4
HC01018,22,9/19/2025,Typhoid,3,4
HC01019,9,1/21/2024,Food Poisoning,24,2
HC01020,22,8/9/2024,Food Poisoning,34,5
HC01021,23,1/17/2025,Typhoid,36,1
HC01022,4,11/16/2025,Typhoid,1,5
HC01023,24,6/21/2025,Typhoid,39,1
HC01024,3,10/14/2024,Diarrheal Disease,12,2
HC01025,10,10/24/2024,Diarrheal Disease,14,1
HC01026,10,2/24/2024,Typhoid,4,2
HC01027,17,4/8/2025,Typhoid,39,5
HC01028,26,1/24/2024,Diarrheal Disease,27,4
HC01029,4,1/8/2025,Typhoid,33,2
HC01030,16,6/19/2024,Food Poisoning,19,1
HC01031,1,6/4/2025,Food Poisoning,32,3
HC01032,4,10/19/2024,Food Poisoning,23,1
HC01033,1,6/10/2024,Diarrheal Disease,3,5
HC01034,1,2/29/2024,Typhoid,6,1
HC01035,12,8/16/2025,Diarrheal Disease,11,3
HC01036,21,5/4/2025,Food Poisoning,18,4
HC01037,26,3/4/2024,Diarrheal Disease,20,5
HC01038,2,6/9/2024,Typhoid,16,1
HC01039,8,11/26/2024,Diarrheal Disease,2,3
HC01040,14,7/18/2024,Typhoid,24,5
HC01041,7,9/1/2025,Diarrheal Disease,27,3
HC01042,13,4/22/2024,Diarrheal Disease,31,5
HC01043,16,11/8/2024,Diarrheal Disease,36,5
HC01044,22,2/10/2025,Food Poisoning,17,3
HC01045,5,2/2/2025,Diarrheal Disease,18,3
HC01046,6,11/5/2024,Typhoid,21,2
HC01047,5,4/29/2025,Typhoid,28,1
HC01048,7,2/26/2025,Diarrheal Disease,37,5
HC01049,20,10/19/2024,Typhoid,2,5
HC01050,12,12/9/2024,Typhoid,9,4
HC01051,16,4/25/2024,Diarrheal Disease,29,2
HC01052,15,8/25/2025,Diarrheal Disease,22,5
HC01053,21,11/20/2025,Diarrheal Disease,28,1
HC01054,8,5/11/2025,Food Poisoning,18,3
HC01055,9,1/29/2025,Typhoid,6,1
HC01056,9,7/7/2025,Typhoid,23,2
HC01057,11,8/24/2025,Typhoid,31,2
HC01058,24,2/1/2025,Food Poisoning,34,2
HC01059,26,2/1/2025,Diarrheal Disease,26,5
HC01060,23,2/21/2025,Typhoid,10,4
HC01061,9,2/4/2024,Diarrheal Disease,18,3
HC01062,9,1/26/2025,Food Poisoning,6,5
HC01063,1,1/5/2025,Typhoid,4,5
HC01064,3,1/19/2025,Diarrheal Disease,29,1
HC01065,24,5/21/2025,Typhoid,21,1
HC01066,10,8/12/2024,Food Poisoning,19,1
HC01067,3,2/21/2024,Typhoid,28,3
HC01068,23,12/16/2025,Typhoid,8,1
HC01069,20,10/3/2025,Food Poisoning,34,4
HC01070,25,6/6/2025,Food Poisoning,36,2
HC01071,18,9/1/2024,Diarrheal Disease,20,5
HC01072,16,9/10/2024,Food Poisoning,14,4
HC01073,12,5/30/2025,Typhoid,16,1
HC01074,25,9/13/2024,Typhoid,37,4
HC01075,11,6/26/2024,Typhoid,4,3
HC01076,7,2/5/2025,Food Poisoning,16,3
HC01077,7,12/31/2025,Diarrheal Disease,22,2
HC01078,18,9/4/2024,Typhoid,12,3
HC01079,5,2/2/2024,Typhoid,23,2
HC01080,24,9/30/2025,Typhoid,30,3
HC01081,23,8/28/2024,Typhoid,33,1
HC01082,13,2/27/2025,Typhoid,33,1
HC01083,4,9/3/2024,Typhoid,6,5
HC01084,15,7/10/2024,Typhoid,2,1
HC01085,13,12/28/2025,Food Poisoning,30,3
HC01086,26,4/19/2025,Typhoid,23,2
HC01087,11,11/18/2024,Typhoid,29,2
HC01088,23,7/25/2025,Food Poisoning,10,3
HC01089,9,2/28/2025,Diarrheal Disease,6,1
HC01090,3,7/21/2024,Food Poisoning,1,3
HC01091,19,6/2/2025,Diarrheal Disease,17,5
HC01092,2,4/16/2024,Typhoid,38,4
HC01093,20,11/6/2024,Typhoid,8,4
HC01094,9,3/18/2025,Typhoid,6,2
HC01095,13,1/11/2025,Food Poisoning,10,1
HC01096,15,10/2/2025,Food Poisoning,10,1
HC01097,13,7/4/2025,Typhoid,24,2
HC01098,11,2/23/2024,Diarrheal Disease,26,4
HC01099,24,5/11/2024,Diarrheal Disease,34,1
HC01100,15,10/3/2024,Diarrheal Disease,4,1
HC01101,12,12/13/2024,Diarrheal Disease,22,3
HC01102,9,5/19/2024,Food Poisoning,18,3
HC01103,26,7/15/2025,Typhoid,31,4
HC01104,10,2/19/2025,Diarrheal Disease,28,2
HC01105,20,5/2/2024,Diarrheal Disease,30,5
HC01106,13,5/28/2024,Food Poisoning,15,3
HC01107,9,11/7/2025,Typhoid,8,3
HC01108,4,6/10/2024,Typhoid,30,2
HC01109,5,7/10/2025,Diarrheal Disease,7,5
HC01110,5,6/28/2025,Typhoid,32,3
HC01111,7,7/29/2025,Food Poisoning,26,3
HC01112,19,8/28/2024,Diarrheal Disease,28,1
HC01113,8,12/26/2024,Diarrheal Disease,15,1
HC01114,17,5/27/2025,Typhoid,29,5
HC01115,20,12/17/2025,Food Poisoning,23,4
HC01116,26,4/9/2025,Diarrheal Disease,1,5
HC01117,12,7/12/2025,Diarrheal Disease,34,4
HC01118,5,6/4/2025,Diarrheal Disease,20,5
HC01119,26,9/6/2025,Food Poisoning,12,4
HC01120,7,5/29/2024,Diarrheal Disease,21,4
HC01121,11,9/21/2024,Food Poisoning,8,1
HC01122,2,1/21/2025,Food Poisoning,36,4
HC01123,5,2/28/2025,Food Poisoning,16,1
HC01124,20,11/29/2024,Typhoid,20,2
HC01125,24,8/23/2025,Typhoid,6,1
HC01126,20,7/14/2024,Typhoid,27,1
HC01127,18,7/10/2024,Typhoid,9,3
HC01128,23,6/10/2025,Diarrheal Disease,20,2
HC01129,2,7/9/2024,Diarrheal Disease,20,2
HC01130,20,5/20/2024,Typhoid,15,2
HC01131,11,4/18/2025,Typhoid,18,5
HC01132,6,7/14/2025,Diarrheal Disease,3,4
HC01133,4,4/28/2024,Typhoid,3,1
HC01134,13,1/19/2025,Typhoid,39,5
HC01135,13,5/15/2024,Diarrheal Disease,37,1
HC01136,11,1/25/2024,Diarrheal Disease,1,3
HC01137,1,12/2/2025,Food Poisoning,17,1
HC01138,22,7/25/2024,Diarrheal Disease,35,2
HC01139,24,7/5/2025,Food Poisoning,10,5
HC01140,9,9/16/2024,Food Poisoning,18,3
HC01141,10,3/31/2025,Typhoid,19,4
HC01142,22,3/31/2024,Food Poisoning,11,1
HC01143,4,2/13/2024,Food Poisoning,2,5
HC01144,22,10/29/2024,Food Poisoning,6,3
HC01145,23,3/18/2024,Typhoid,36,3
HC01146,16,7/17/2024,Typhoid,22,5
HC01147,3,10/30/2025,Typhoid,38,2
HC01148,2,2/19/2024,Typhoid,27,4
HC01149,3,12/11/2024,Diarrheal Disease,20,3
HC01150,9,10/10/2024,Diarrheal Disease,38,3
HC01151,7,2/18/2024,Diarrheal Disease,19,5
HC01152,19,1/11/2025,Typhoid,27,3
HC01153,11,6/20/2024,Diarrheal Disease,11,5
HC01154,18,11/30/2024,Typhoid,1,1
HC01155,13,3/10/2025,Food Poisoning,15,3
HC01156,20,8/17/2024,Food Poisoning,28,3
HC01157,15,8/31/2024,Food Poisoning,18,4
HC01158,17,6/29/2024,Typhoid,38,2
HC01159,7,3/21/2024,Food Poisoning,39,4
HC01160,4,8/10/2025,Typhoid,23,1
HC01161,21,3/25/2024,Diarrheal Disease,34,1
HC01162,1,5/22/2025,Typhoid,8,5
HC01163,13,9/11/2025,Diarrheal Disease,10,1
HC01164,18,5/21/2025,Diarrheal Disease,11,3
HC01165,19,1/25/2025,Food Poisoning,20,5
HC01166,25,12/4/2025,Typhoid,23,1
HC01167,10,12/29/2025,Typhoid,10,5
HC01168,25,5/17/2024,Diarrheal Disease,1,3
HC01169,14,12/6/2025,Food Poisoning,34,4
HC01170,20,5/1/2024,Food Poisoning,2,1
HC01171,5,8/3/2025,Typhoid,31,1
HC01172,12,5/7/2025,Typhoid,10,1
HC01173,18,10/20/2025,Food Poisoning,17,4
HC01174,3,10/17/2025,Typhoid,38,3
HC01175,6,10/14/2025,Food Poisoning,14,3
HC01176,7,10/12/2025,Food Poisoning,15,1
HC01177,15,11/2/2024,Food Poisoning,27,5
HC01178,10,4/10/2025,Diarrheal Disease,5,4
HC01179,10,7/2/2024,Typhoid,7,4
HC01180,26,7/23/2025,Food Poisoning,31,2
HC01181,3,9/24/2024,Food Poisoning,17,4
HC01182,21,11/17/2025,Diarrheal Disease,38,5
HC01183,1,2/14/2024,Typhoid,28,3
HC01184,7,3/4/2024,Diarrheal Disease,35,1
HC01185,1,3/9/2024,Diarrheal Disease,25,1
HC01186,25,11/19/2025,Typhoid,39,3
HC01187,12,5/26/2024,Typhoid,9,1
HC01188,2,11/12/2025,Typhoid,5,5
HC01189,16,5/19/2024,Typhoid,4,2
HC01190,7,4/27/2025,Food Poisoning,5,3
HC01191,15,5/5/2025,Diarrheal Disease,13,2
HC01192,22,2/19/2025,Diarrheal Disease,35,1
HC01193,15,6/11/2024,Typhoid,28,4
HC01194,26,6/7/2025,Food Poisoning,34,2
HC01195,24,5/1/2024,Typhoid,11,1
HC01196,23,2/9/2024,Typhoid,7,3
HC01197,22,12/29/2024,Typhoid,36,3
HC01198,26,12/25/2025,Diarrheal Disease,18,4
HC01199,22,2/21/2025,Typhoid,2,5
HC01200,23,1/14/2025,Typhoid,34,5
HC01201,20,11/29/2025,Food Poisoning,7,4
HC01202,15,4/7/2024,Typhoid,30,1
HC01203,5,12/3/2025,Diarrheal Disease,32,4
HC01204,9,6/27/2024,Typhoid,38,2
HC01205,7,3/7/2024,Food Poisoning,23,3
HC01206,9,2/5/2024,Typhoid,10,2
HC01207,6,1/21/2025,Food Poisoning,12,1
HC01208,16,5/11/2024,Typhoid,9,5
HC01209,19,9/27/2025,Typhoid,13,5
HC01210,4,1/3/2025,Typhoid,1,1
HC01211,22,9/4/2024,Diarrheal Disease,24,2
HC01212,23,12/28/2025,Typhoid,17,1
HC01213,22,12/6/2024,Diarrheal Disease,24,3
HC01214,24,2/12/2024,Food Poisoning,26,5
HC01215,15,7/12/2025,Food Poisoning,35,4
HC01216,20,2/14/2024,Typhoid,32,2
HC01217,10,7/24/2025,Food Poisoning,12,3
HC01218,24,7/6/2025,Food Poisoning,38,1
HC01219,12,2/22/2025,Diarrheal Disease,33,1
HC01220,5,8/19/2025,Diarrheal Disease,8,4
HC01221,13,6/3/2025,Food Poisoning,18,3
HC01222,18,6/28/2024,Food Poisoning,25,5
HC01223,21,8/30/2025,Food Poisoning,22,1
HC01224,12,5/7/2024,Typhoid,37,3
HC01225,2,8/3/2024,Diarrheal Disease,19,1
HC01226,6,12/16/2025,Food Poisoning,20,4
HC01227,5,8/10/2025,Food Poisoning,38,2
HC01228,4,2/21/2024,Food Poisoning,13,2
HC01229,19,5/14/2025,Diarrheal Disease,25,2
HC01230,17,9/12/2024,Typhoid,19,4
HC01231,19,4/8/2024,Diarrheal Disease,2,2
HC01232,18,7/14/2025,Food Poisoning,24,3
HC01233,16,5/12/2024,Food Poisoning,6,4
HC01234,15,4/4/2024,Typhoid,35,5
HC01235,1,7/27/2025,Typhoid,34,4
HC01236,14,12/22/2025,Diarrheal Disease,27,3
HC01237,23,11/30/2025,Food Poisoning,7,3
HC01238,1,1/25/2025,Food Poisoning,36,3
HC01239,12,7/29/2025,Food Poisoning,4,1
HC01240,22,11/12/2024,Food Poisoning,15,2
HC01241,22,2/14/2024,Diarrheal Disease,9,4
HC01242,18,10/5/2025,Food Poisoning,18,2
HC01243,10,4/5/2025,Diarrheal Disease,17,5
HC01244,24,4/13/2024,Diarrheal Disease,27,4
HC01245,6,6/25/2024,Typhoid,4,1
HC01246,11,8/8/2024,Food Poisoning,24,3
HC01247,12,1/6/2024,Food Poisoning,16,5
HC01248,24,11/2/2024,Diarrheal Disease,17,4
HC01249,11,11/26/2025,Typhoid,10,5
HC01250,8,1/27/2025,Food Poisoning,27,1
HC01251,23,2/14/2024,Food Poisoning,18,2
HC01252,25,8/2/2025,Diarrheal Disease,10,4
HC01253,9,5/12/2025,Diarrheal Disease,18,2
HC01254,7,4/11/2024,Typhoid,31,4
HC01255,21,8/31/2025,Diarrheal Disease,24,5
HC01256,14,3/12/2025,Typhoid,29,1
HC01257,14,9/9/2025,Food Poisoning,17,1
HC01258,24,7/17/2024,Diarrheal Disease,26,4
HC01259,23,2/10/2025,Diarrheal Disease,15,4
HC01260,19,6/29/2025,Diarrheal Disease,36,1
HC01261,15,10/23/2025,Typhoid,20,1
HC01262,6,12/27/2025,Food Poisoning,39,3
HC01263,26,3/10/2024,Typhoid,15,2
HC01264,21,10/20/2024,Diarrheal Disease,5,4
HC01265,18,5/29/2025,Typhoid,16,2
HC01266,10,5/16/2024,Diarrheal Disease,31,2
HC01267,12,4/6/2025,Diarrheal Disease,37,2
HC01268,7,2/8/2024,Food Poisoning,7,3
HC01269,23,12/29/2024,Typhoid,34,5
HC01270,26,1/7/2025,Diarrheal Disease,9,1
HC01271,14,9/18/2025,Diarrheal Disease,11,2
HC01272,5,10/9/2024,Food Poisoning,19,1
HC01273,11,5/26/2024,Typhoid,15,5
HC01274,8,4/13/2024,Food Poisoning,31,1
HC01275,24,12/14/2025,Typhoid,36,1
HC01276,25,4/3/2025,Diarrheal Disease,33,3
HC01277,11,12/25/2024,Food Poisoning,31,4
HC01278,15,8/21/2025,Typhoid,11,5
HC01279,10,5/13/2025,Food Poisoning,9,1
HC01280,6,2/6/2024,Food Poisoning,33,3
HC01281,17,8/12/2024,Food Poisoning,32,3
HC01282,3,5/7/2025,Typhoid,19,1
HC01283,7,12/7/2025,Diarrheal Disease,15,3
HC01284,10,8/17/2025,Typhoid,29,2
HC01285,20,9/28/2024,Food Poisoning,26,5
HC01286,5,11/26/2025,Diarrheal Disease,39,5
HC01287,4,12/20/2024,Food Poisoning,6,1
HC01288,9,6/27/2024,Food Poisoning,35,1
HC01289,18,12/3/2024,Food Poisoning,28,1
HC01290,4,8/3/2024,Typhoid,1,4
HC01291,1,10/27/2024,Typhoid,6,1
HC01292,7,7/11/2025,Typhoid,20,4
HC01293,17,6/1/2025,Typhoid,38,5
HC01294,4,11/14/2025,Food Poisoning,34,2
HC01295,11,11/27/2024,Diarrheal Disease,3,1
HC01296,2,9/24/2024,Diarrheal Disease,11,2
HC01297,1,10/23/2025,Diarrheal Disease,3,4
HC01298,7,2/6/2025,Typhoid,14,5
HC01299,15,9/20/2025,Typhoid,2,4
HC01300,21,5/5/2024,Typhoid,36,2
HC01301,2,10/6/2024,Diarrheal Disease,18,1
HC01302,7,11/10/2024,Food Poisoning,30,4
HC01303,5,12/9/2025,Typhoid,35,3
HC01304,13,6/16/2024,Typhoid,29,5
HC01305,15,7/23/2024,Diarrheal Disease,30,1
HC01306,22,5/14/2024,Diarrheal Disease,15,2
HC01307,4,6/12/2025,Food Poisoning,34,1
HC01308,24,8/28/2024,Diarrheal Disease,30,3
HC01309,17,1/3/2025,Typhoid,14,1
HC01310,6,11/19/2024,Diarrheal Disease,9,5
HC01311,8,5/17/2024,Typhoid,32,2
HC01312,11,10/9/2024,Typhoid,30,1
HC01313,15,4/19/2025,Food Poisoning,27,5
HC01314,22,5/7/2024,Food Poisoning,21,2
HC01315,10,9/12/2024,Diarrheal Disease,15,5
HC01316,25,8/9/2024,Typhoid,31,2
HC01317,7,11/3/2024,Diarrheal Disease,1,1
HC01318,26,7/30/2025,Food Poisoning,15,5
HC01319,26,3/27/2024,Typhoid,17,1
HC01320,3,5/28/2024,Typhoid,15,2
HC01321,4,4/13/2025,Typhoid,6,5
HC01322,10,1/11/2025,Diarrheal Disease,28,2
HC01323,26,8/25/2024,Typhoid,38,3
HC01324,4,1/14/2025,Typhoid,10,5
HC01325,22,11/6/2024,Typhoid,23,4
HC01326,7,5/23/2024,Diarrheal Disease,20,3
HC01327,17,7/4/2024,Food Poisoning,3,4
HC01328,24,8/6/2024,Typhoid,26,5
HC01329,14,5/18/2025,Typhoid,18,5
HC01330,4,11/12/2025,Food Poisoning,21,2
HC01331,3,8/3/2024,Typhoid,4,1
HC01332,24,5/29/2024,Typhoid,12,5
HC01333,9,5/8/2024,Typhoid,10,1
HC01334,11,11/13/2024,Typhoid,24,5
HC01335,25,10/9/2025,Food Poisoning,35,4
HC01336,19,6/16/2024,Food Poisoning,31,4
HC01337,17,8/26/2025,Food Poisoning,1,5
HC01338,5,10/23/2024,Food Poisoning,26,5
HC01339,10,5/10/2024,Typhoid,24,5
HC01340,19,7/6/2025,Food Poisoning,30,1
HC01341,17,5/20/2024,Diarrheal Disease,5,5
HC01342,20,7/11/2024,Diarrheal Disease,17,5
HC01343,2,3/4/2025,Diarrheal Disease,10,3
HC01344,25,6/26/2025,Diarrheal Disease,4,4
HC01345,26,8/8/2025,Food Poisoning,25,5
HC01346,26,7/30/2024,Food Poisoning,37,1
HC01347,10,12/19/2024,Typhoid,4,2
HC01348,1,4/25/2024,Typhoid,27,1
HC01349,25,1/8/2025,Diarrheal Disease,22,4
HC01350,23,10/15/2024,Diarrheal Disease,35,3
HC01351,20,1/15/2024,Food Poisoning,16,1
HC01352,3,10/5/2025,Diarrheal Disease,3,2
HC01353,21,3/14/2024,Food Poisoning,12,3
HC01354,8,1/19/2024,Food Poisoning,38,4
HC01355,9,9/23/2024,Food Poisoning,34,1
HC01356,26,10/25/2024,Diarrheal Disease,28,4
HC01357,26,6/25/2025,Food Poisoning,28,5
HC01358,4,10/2/2024,Diarrheal Disease,38,3
HC01359,5,10/21/2025,Typhoid,31,3
HC01360,14,9/10/2025,Food Poisoning,15,2
HC01361,1,9/4/2025,Typhoid,32,4
HC01362,14,11/11/2025,Diarrheal Disease,25,2
HC01363,15,12/16/2024,Typhoid,32,2
HC01364,24,12/3/2024,Food Poisoning,33,2
HC01365,8,4/14/2024,Typhoid,9,3
HC01366,22,7/22/2025,Food Poisoning,17,3
HC01367,19,9/16/2025,Typhoid,28,5
HC01368,8,1/10/2024,Diarrheal Disease,13,1
HC01369,22,1/11/2025,Typhoid,39,4
HC01370,20,1/5/2024,Food Poisoning,23,2
HC01371,14,11/5/2025,Diarrheal Disease,4,3
HC01372,24,8/28/2025,Typhoid,13,1
HC01373,18,7/19/2024,Food Poisoning,1,4
HC01374,22,4/3/2024,Food Poisoning,13,3
HC01375,13,2/6/2024,Diarrheal Disease,6,4
HC01376,22,11/14/2024,Food Poisoning,14,5
HC01377,13,12/4/2025,Food Poisoning,28,5
HC01378,17,5/22/2024,Diarrheal Disease,25,1
HC01379,14,9/12/2025,Diarrheal Disease,10,3
HC01380,9,6/7/2025,Food Poisoning,24,3
HC01381,6,10/3/2024,Typhoid,38,4
HC01382,22,10/1/2025,Food Poisoning,36,1
HC01383,23,3/31/2025,Food Poisoning,31,4
HC01384,13,4/24/2025,Food Poisoning,39,5
HC01385,12,10/1/2025,Diarrheal Disease,19,3
HC01386,20,6/24/2024,Food Poisoning,39,3
HC01387,12,11/15/2024,Food Poisoning,30,2
HC01388,8,3/13/2024,Diarrheal Disease,34,5
HC01389,21,5/17/2024,Typhoid,37,4
HC01390,9,1/30/2025,Diarrheal Disease,15,3
HC01391,20,5/16/2024,Typhoid,39,4
HC01392,25,2/5/2025,Food Poisoning,11,1
HC01393,17,7/29/2024,Diarrheal Disease,25,4
HC01394,26,11/4/2024,Typhoid,6,2
HC01395,26,4/23/2024,Typhoid,6,5
HC01396,22,7/27/2025,Diarrheal Disease,12,3
HC01397,4,6/4/2024,Typhoid,26,1
HC01398,24,3/7/2025,Food Poisoning,10,1
HC01399,5,11/23/2025,Typhoid,38,3
HC01400,19,2/26/2024,Diarrheal Disease,22,3
HC01401,13,8/21/2025,Typhoid,13,2
HC01402,17,8/10/2025,Food Poisoning,11,2
HC01403,15,1/13/2025,Typhoid,7,3
HC01404,1,11/1/2024,Diarrheal Disease,26,5
HC01405,9,8/30/2024,Diarrheal Disease,20,2
HC01406,3,5/15/2024,Food Poisoning,14,4
HC01407,17,10/18/2024,Typhoid,11,2
HC01408,3,12/12/2024,Food Poisoning,2,4
HC01409,3,11/5/2024,Diarrheal Disease,12,2
HC01410,4,1/18/2025,Typhoid,32,2
HC01411,8,1/27/2025,Typhoid,12,2
HC01412,13,6/29/2025,Food Poisoning,37,3
HC01413,14,2/18/2024,Diarrheal Disease,10,2
HC01414,7,4/11/2025,Typhoid,14,2
HC01415,14,8/25/2024,Food Poisoning,9,3
HC01416,1,8/2/2024,Food Poisoning,34,1
HC01417,13,9/21/2024,Food Poisoning,13,1
HC01418,5,8/4/2025,Food Poisoning,18,1
HC01419,20,1/25/2025,Food Poisoning,39,5
HC01420,22,7/3/2024,Typhoid,17,4
HC01421,17,4/2/2025,Typhoid,32,4
HC01422,7,4/22/2024,Diarrheal Disease,26,1
HC01423,4,10/20/2025,Food Poisoning,37,3
HC01424,1,3/20/2025,Typhoid,4,2
HC01425,3,5/4/2025,Food Poisoning,28,1
HC01426,17,10/11/2025,Typhoid,24,2
HC01427,8,6/8/2025,Typhoid,14,1
HC01428,1,1/24/2025,Typhoid,9,2
HC01429,25,6/11/2024,Food Poisoning,16,3
HC01430,20,11/16/2025,Food Poisoning,22,1
HC01431,10,7/20/2025,Food Poisoning,26,2
HC01432,14,10/28/2025,Food Poisoning,36,5
HC01433,19,1/15/2025,Food Poisoning,18,3
HC01434,25,2/14/2024,Food Poisoning,37,2
HC01435,10,8/12/2024,Typhoid,1,3
HC01436,17,8/26/2024,Food Poisoning,16,1
HC01437,23,6/28/2025,Typhoid,18,2
HC01438,1,1/5/2024,Typhoid,3,4
HC01439,16,4/2/2024,Diarrheal Disease,22,3
HC01440,12,8/27/2024,Typhoid,26,2
HC01441,3,7/18/2025,Food Poisoning,33,5
HC01442,18,2/12/2024,Food Poisoning,14,4
HC01443,17,10/8/2025,Food Poisoning,9,4
HC01444,1,12/30/2024,Typhoid,5,2
HC01445,6,11/27/2024,Typhoid,21,3
HC01446,23,7/25/2024,Typhoid,31,3
HC01447,10,11/16/2024,Food Poisoning,33,3
HC01448,6,5/20/2024,Food Poisoning,11,5
HC01449,1,6/11/2024,Food Poisoning,36,1
HC01450,22,3/23/2025,Food Poisoning,30,2
HC01451,17,8/6/2024,Typhoid,30,2
HC01452,15,3/17/2024,Diarrheal Disease,28,4
HC01453,24,5/25/2025,Food Poisoning,19,3
HC01454,5,9/11/2024,Typhoid,32,2
HC01455,18,1/24/2024,Diarrheal Disease,12,5
HC01456,14,7/18/2024,Typhoid,13,2
HC01457,13,10/22/2024,Diarrheal Disease,35,4
HC01458,18,9/18/2024,Diarrheal Disease,30,4
HC01459,5,12/14/2024,Food Poisoning,17,1
HC01460,21,9/14/2024,Typhoid,35,1
HC01461,11,3/26/2024,Diarrheal Disease,5,1
HC01462,2,2/4/2025,Typhoid,4,4
HC01463,1,5/2/2024,Diarrheal Disease,22,3
HC01464,12,3/7/2024,Food Poisoning,16,3
HC01465,11,7/10/2024,Diarrheal Disease,9,5
HC01466,18,4/5/2024,Diarrheal Disease,30,5
HC01467,24,2/6/2025,Typhoid,16,3
HC01468,6,12/29/2024,Diarrheal Disease,23,2
HC01469,6,2/4/2024,Food Poisoning,35,3
HC01470,20,8/27/2024,Typhoid,34,5
HC01471,25,3/5/2025,Food Poisoning,14,5
HC01472,6,3/6/2025,Diarrheal Disease,12,5
HC01473,15,7/13/2024,Typhoid,39,1
HC01474,17,9/18/2024,Food Poisoning,28,1
HC01475,6,11/12/2025,Diarrheal Disease,2,3
HC01476,26,1/15/2025,Diarrheal Disease,3,3
HC01477,5,1/18/2025,Food Poisoning,14,5
HC01478,8,4/26/2024,Food Poisoning,23,4
HC01479,20,7/13/2025,Typhoid,9,1
HC01480,3,7/6/2025,Diarrheal Disease,18,3
HC01481,23,9/22/2024,Typhoid,14,1
HC01482,16,9/11/2025,Food Poisoning,3,5
HC01483,25,3/3/2024,Diarrheal Disease,6,5
HC01484,1,3/21/2025,Food Poisoning,16,5
HC01485,19,5/8/2025,Food Poisoning,16,5
HC01486,18,4/6/2024,Typhoid,27,5
HC01487,12,10/15/2025,Typhoid,27,1
HC01488,3,4/28/2025,Diarrheal Disease,36,1
HC01489,6,3/10/2025,Food Poisoning,31,5
HC01490,22,11/25/2024,Food Poisoning,12,4
HC01491,16,8/19/2024,Food Poisoning,29,4
HC01492,21,8/3/2025,Food Poisoning,3,1
HC01493,8,5/3/2024,Diarrheal Disease,33,3
HC01494,8,6/30/2025,Diarrheal Disease,30,4
HC01495,21,12/30/2025,Diarrheal Disease,17,4
HC01496,24,12/26/2024,Food Poisoning,22,1
HC01497,19,12/22/2025,Diarrheal Disease,1,2
HC01498,25,1/15/2024,Typhoid,23,4
HC01499,4,7/5/2024,Diarrheal Disease,12,2
HC01500,24,3/19/2024,Typhoid,37,4
HC01501,23,4/5/2025,Diarrheal Disease,14,1
HC01502,9,7/29/2024,Food Poisoning,9,1
HC01503,16,2/16/2025,Diarrheal Disease,5,5
HC01504,16,8/12/2025,Diarrheal Disease,10,2
HC01505,4,9/22/2024,Food Poisoning,25,3
HC01506,17,9/21/2024,Food Poisoning,25,1
HC01507,11,7/7/2024,Food Poisoning,39,3
HC01508,19,1/8/2024,Food Poisoning,25,4
HC01509,4,12/8/2025,Diarrheal Disease,14,4
HC01510,23,12/6/2024,Food Poisoning,1,3
HC01511,9,7/16/2025,Food Poisoning,13,5
HC01512,10,9/26/2024,Food Poisoning,7,2
HC01513,25,3/15/2024,Food Poisoning,32,3
HC01514,16,10/11/2024,Typhoid,9,1
HC01515,17,9/17/2025,Diarrheal Disease,35,2
HC01516,1,7/5/2024,Typhoid,2,1
HC01517,3,4/14/2025,Typhoid,28,2
HC01518,6,11/20/2025,Typhoid,32,2
HC01519,24,5/10/2025,Food Poisoning,6,4
HC01520,12,8/30/2024,Food Poisoning,34,4
HC01521,6,7/26/2025,Diarrheal Disease,14,1
HC01522,19,5/25/2024,Diarrheal Disease,38,4
HC01523,10,1/27/2024,Diarrheal Disease,9,3
HC01524,13,11/24/2024,Food Poisoning,30,4
HC01525,16,8/23/2025,Food Poisoning,35,2
HC01526,22,1/8/2025,Typhoid,22,5
HC01527,5,12/22/2025,Typhoid,31,2
HC01528,20,2/11/2024,Food Poisoning,12,5
HC01529,20,6/11/2025,Food Poisoning,28,5
HC01530,3,9/29/2025,Typhoid,8,4
HC01531,23,1/20/2025,Diarrheal Disease,13,5
HC01532,10,4/17/2025,Diarrheal Disease,32,2
HC01533,3,4/15/2025,Food Poisoning,2,1
HC01534,19,2/14/2025,Diarrheal Disease,28,5
HC01535,2,5/7/2025,Food Poisoning,20,1
HC01536,17,10/9/2024,Diarrheal Disease,31,5
HC01537,26,1/12/2025,Diarrheal Disease,8,2
HC01538,23,4/27/2025,Diarrheal Disease,11,3
HC01539,9,8/29/2025,Food Poisoning,16,1
HC01540,25,1/21/2025,Typhoid,20,4
HC01541,22,2/17/2024,Typhoid,35,1
HC01542,25,11/22/2024,Food Poisoning,22,1
HC01543,2,11/24/2025,Typhoid,19,3
HC01544,4,7/8/2025,Diarrheal Disease,37,3
HC01545,6,10/16/2025,Food Poisoning,2,5
HC01546,11,6/24/2025,Diarrheal Disease,23,3
HC01547,13,1/6/2024,Typhoid,5,1
HC01548,1,3/14/2024,Food Poisoning,18,2
HC01549,18,2/2/2024,Food Poisoning,4,1
HC01550,22,12/1/2025,Diarrheal Disease,26,5
HC01551,17,5/31/2024,Diarrheal Disease,24,3
HC01552,20,9/30/2024,Diarrheal Disease,25,5
HC01553,17,1/3/2025,Typhoid,16,3
HC01554,14,10/13/2025,Typhoid,8,4
HC01555,15,12/31/2025,Food Poisoning,34,5
HC01556,13,5/9/2025,Food Poisoning,26,4
HC01557,21,12/24/2025,Typhoid,35,3
HC01558,12,9/12/2024,Diarrheal Disease,11,2
HC01559,10,5/24/2025,Typhoid,29,1
HC01560,1,8/28/2025,Typhoid,21,4
HC01561,26,12/17/2025,Food Poisoning,35,4
HC01562,2,3/20/2025,Typhoid,19,5
HC01563,20,7/8/2024,Typhoid,1,2
HC01564,13,1/15/2024,Food Poisoning,27,1
HC01565,25,9/10/2024,Typhoid,39,2
HC01566,15,6/22/2024,Diarrheal Disease,39,2
HC01567,16,9/7/2025,Food Poisoning,22,5
HC01568,9,8/18/2024,Typhoid,7,1
HC01569,2,8/1/2024,Food Poisoning,34,4
HC01570,1,4/16/2025,Food Poisoning,7,5
HC01571,17,4/17/2024,Food Poisoning,6,5
HC01572,7,4/25/2024,Typhoid,8,5
HC01573,5,12/29/2024,Typhoid,21,3
HC01574,20,9/15/2025,Typhoid,36,2
HC01575,9,2/16/2024,Food Poisoning,18,5
HC01576,6,9/29/2025,Typhoid,13,5
HC01577,23,12/7/2025,Diarrheal Disease,35,4
HC01578,18,9/8/2025,Diarrheal Disease,20,2
HC01579,25,5/12/2025,Typhoid,39,5
HC01580,25,11/16/2024,Food Poisoning,1,4
HC01581,7,2/22/2025,Diarrheal Disease,21,1
HC01582,7,10/13/2025,Diarrheal Disease,27,1
HC01583,17,10/19/2024,Food Poisoning,37,4
HC01584,3,6/28/2025,Diarrheal Disease,38,2
HC01585,14,6/19/2024,Diarrheal Disease,18,5
HC01586,24,2/17/2024,Food Poisoning,2,5
HC01587,14,10/21/2024,Typhoid,22,3
HC01588,16,2/3/2024,Typhoid,31,1
HC01589,23,8/30/2025,Typhoid,25,3
HC01590,8,11/7/2025,Diarrheal Disease,5,4
HC01591,16,5/31/2024,Food Poisoning,39,3
HC01592,15,3/6/2025,Food Poisoning,24,3
HC01593,20,7/8/2024,Diarrheal Disease,33,3
HC01594,11,11/10/2024,Food Poisoning,36,5
HC01595,14,9/26/2024,Food Poisoning,8,1
HC01596,25,1/13/2025,Diarrheal Disease,8,4
HC01597,24,1/2/2025,Typhoid,21,2
HC01598,24,9/27/2025,Diarrheal Disease,2,4
HC01599,13,6/10/2025,Diarrheal Disease,13,1
HC01600,6,9/9/2024,Food Poisoning,24,5
HC01601,6,11/25/2025,Diarrheal Disease,5,5
HC01602,7,1/4/2024,Typhoid,2,2
HC01603,1,5/18/2024,Diarrheal Disease,18,1
HC01604,12,9/23/2024,Food Poisoning,27,2
HC01605,21,4/21/2024,Typhoid,29,2
HC01606,6,7/30/2025,Food Poisoning,19,5
HC01607,10,2/9/2024,Diarrheal Disease,22,5
HC01608,25,10/7/2024,Diarrheal Disease,36,1
HC01609,22,6/12/2024,Food Poisoning,30,2
HC01610,10,10/29/2025,Food Poisoning,12,3
HC01611,14,9/17/2025,Diarrheal Disease,19,2
HC01612,10,2/15/2024,Food Poisoning,21,5
HC01613,2,9/10/2025,Typhoid,16,3
HC01614,8,1/9/2025,Typhoid,25,5
HC01615,15,8/2/2025,Typhoid,4,1
HC01616,15,9/18/2025,Typhoid,14,4
HC01617,4,6/28/2025,Diarrheal Disease,10,4
HC01618,6,12/3/2024,Typhoid,5,4
HC01619,9,8/25/2025,Diarrheal Disease,19,4
HC01620,12,9/21/2025,Food Poisoning,13,5
HC01621,1,10/16/2025,Typhoid,21,1
HC01622,20,9/3/2024,Typhoid,35,4
HC01623,11,5/16/2025,Diarrheal Disease,32,2
HC01624,19,12/9/2024,Diarrheal Disease,4,5
HC01625,12,5/28/2024,Typhoid,11,5
HC01626,25,2/10/2024,Typhoid,33,2
HC01627,12,3/1/2024,Food Poisoning,38,2
HC01628,2,7/22/2025,Typhoid,14,5
HC01629,5,12/16/2025,Diarrheal Disease,34,2
HC01630,12,1/29/2025,Food Poisoning,38,5
HC01631,26,1/16/2024,Diarrheal Disease,14,3
HC01632,17,1/11/2024,Food Poisoning,34,3
HC01633,13,6/9/2024,Diarrheal Disease,39,5
HC01634,2,10/15/2024,Diarrheal Disease,32,3
HC01635,20,7/14/2025,Diarrheal Disease,14,1
HC01636,1,12/23/2025,Food Poisoning,39,4
HC01637,10,10/4/2024,Diarrheal Disease,9,4
HC01638,4,5/17/2024,Diarrheal Disease,11,3
HC01639,8,1/11/2025,Diarrheal Disease,21,2
HC01640,2,7/4/2024,Typhoid,24,5
HC01641,16,10/26/2025,Diarrheal Disease,23,1
HC01642,23,1/9/2025,Food Poisoning,29,2
HC01643,19,5/26/2025,Food Poisoning,24,4
HC01644,1,11/9/2024,Typhoid,39,1
HC01645,1,1/28/2025,Food Poisoning,27,3
HC01646,3,1/30/2025,Diarrheal Disease,27,5
HC01647,17,4/27/2024,Diarrheal Disease,31,5
HC01648,15,12/8/2025,Diarrheal Disease,5,5
HC01649,2,3/16/2025,Food Poisoning,16,3
HC01650,8,10/27/2025,Food Poisoning,4,4
HC01651,13,6/24/2025,Food Poisoning,19,5
HC01652,21,9/25/2024,Diarrheal Disease,13,5
HC01653,26,6/25/2024,Diarrheal Disease,10,2
HC01654,1,11/24/2025,Typhoid,1,4
HC01655,2,5/15/2025,Food Poisoning,5,3
HC01656,5,5/7/2025,Diarrheal Disease,35,1
HC01657,6,2/25/2025,Typhoid,23,1
HC01658,4,2/2/2025,Food Poisoning,31,1
HC01659,25,2/16/2024,Diarrheal Disease,22,1
HC01660,8,10/16/2024,Food Poisoning,17,4
HC01661,23,9/4/2024,Typhoid,7,1
HC01662,2,12/29/2024,Food Poisoning,33,2
HC01663,7,10/14/2025,Food Poisoning,17,1
HC01664,3,3/16/2025,Food Poisoning,28,1
HC01665,2,8/7/2024,Food Poisoning,38,2
HC01666,21,5/7/2024,Food Poisoning,1,5
HC01667,12,12/21/2024,Food Poisoning,8,5
HC01668,13,6/8/2024,Typhoid,31,2
HC01669,3,2/7/2025,Food Poisoning,29,3
HC01670,18,9/23/2024,Diarrheal Disease,15,1
HC01671,12,1/13/2024,Typhoid,35,4
HC01672,19,4/7/2025,Food Poisoning,38,3
HC01673,9,3/18/2024,Diarrheal Disease,7,2
HC01674,6,1/30/2025,Diarrheal Disease,23,4
HC01675,22,5/25/2024,Diarrheal Disease,27,4
HC01676,22,8/7/2025,Typhoid,14,4
HC01677,12,10/16/2024,Food Poisoning,4,2
HC01678,8,7/8/2025,Food Poisoning,1,1
HC01679,24,9/4/2024,Food Poisoning,18,5
HC01680,23,6/21/2024,Diarrheal Disease,31,5
HC01681,26,4/28/2025,Typhoid,27,3
HC01682,12,5/21/2024,Diarrheal Disease,36,5
HC01683,17,5/28/2024,Food Poisoning,21,5
HC01684,24,5/13/2025,Typhoid,4,2
HC01685,17,5/8/2024,Typhoid,1,2
HC01686,12,10/15/2025,Diarrheal Disease,7,2
HC01687,15,8/16/2024,Food Poisoning,10,5
HC01688,19,11/9/2024,Typhoid,16,3
HC01689,14,9/27/2024,Typhoid,6,3
HC01690,15,1/3/2024,Typhoid,5,1
HC01691,1,12/28/2024,Food Poisoning,10,1
HC01692,17,10/3/2025,Diarrheal Disease,24,1
HC01693,2,5/8/2025,Typhoid,1,1
HC01694,23,1/29/2025,Food Poisoning,3,5
HC01695,18,12/5/2024,Typhoid,34,1
HC01696,19,12/13/2024,Food Poisoning,28,5
HC01697,16,8/12/2025,Food Poisoning,7,2
HC01698,18,5/4/2025,Diarrheal Disease,26,5
HC01699,26,5/1/2025,Food Poisoning,5,1
HC01700,16,9/1/2025,Diarrheal Disease,3,2
HC01701,18,8/4/2024,Diarrheal Disease,18,4
HC01702,3,4/16/2024,Typhoid,28,5
HC01703,4,2/20/2025,Typhoid,24,3
HC01704,18,1/20/2024,Diarrheal Disease,24,1
HC01705,24,11/3/2024,Typhoid,7,1
HC01706,12,3/19/2025,Food Poisoning,37,4
HC01707,4,12/27/2025,Diarrheal Disease,25,1
HC01708,12,11/21/2025,Food Poisoning,38,1
HC01709,22,11/21/2024,Food Poisoning,14,1
HC01710,17,8/10/2024,Typhoid,16,2
HC01711,10,10/31/2025,Typhoid,14,3
HC01712,6,12/6/2025,Typhoid,36,1
HC01713,2,4/21/2024,Food Poisoning,19,1
HC01714,21,5/8/2024,Diarrheal Disease,30,3
HC01715,20,8/16/2024,Food Poisoning,4,2
HC01716,19,10/12/2025,Food Poisoning,16,2
HC01717,13,6/24/2024,Food Poisoning,31,3
HC01718,12,4/28/2025,Food Poisoning,31,3
HC01719,1,9/24/2024,Typhoid,14,1
HC01720,20,5/3/2024,Diarrheal Disease,13,3
HC01721,25,3/5/2025,Diarrheal Disease,27,5
HC01722,23,1/1/2025,Diarrheal Disease,33,3
HC01723,9,3/2/2025,Diarrheal Disease,23,1
HC01724,17,7/26/2024,Food Poisoning,8,5
HC01725,18,11/19/2025,Food Poisoning,39,1
HC01726,17,1/12/2024,Food Poisoning,22,1
HC01727,11,7/16/2024,Diarrheal Disease,39,5
HC01728,23,4/13/2024,Typhoid,14,5
HC01729,23,12/23/2025,Diarrheal Disease,4,4
HC01730,8,4/30/2025,Food Poisoning,39,5
HC01731,18,6/17/2024,Diarrheal Disease,12,3
HC01732,7,12/15/2024,Diarrheal Disease,36,5
HC01733,15,7/26/2025,Food Poisoning,39,2
HC01734,8,11/19/2024,Diarrheal Disease,6,3
HC01735,25,1/29/2025,Typhoid,3,4
HC01736,6,1/22/2025,Food Poisoning,33,3
HC01737,3,1/4/2024,Diarrheal Disease,19,5
HC01738,8,3/1/2025,Typhoid,24,3
HC01739,5,12/10/2024,Diarrheal Disease,1,1
HC01740,24,8/9/2025,Diarrheal Disease,37,2
HC01741,11,11/6/2025,Typhoid,10,2
HC01742,19,8/26/2024,Typhoid,7,1
HC01743,25,7/23/2024,Food Poisoning,30,1
HC01744,6,11/15/2024,Diarrheal Disease,33,1
HC01745,2,5/24/2025,Food Poisoning,30,1
HC01746,17,9/26/2025,Typhoid,13,2
HC01747,19,1/21/2024,Food Poisoning,2,1
HC01748,25,1/17/2024,Diarrheal Disease,14,3
HC01749,1,2/28/2025,Typhoid,13,5
HC01750,1,5/8/2024,Food Poisoning,1,1
HC01751,5,10/30/2025,Diarrheal Disease,9,4
HC01752,6,8/19/2025,Food Poisoning,14,5
HC01753,20,1/11/2024,Diarrheal Disease,24,4
HC01754,24,8/13/2025,Typhoid,3,3
HC01755,8,12/6/2024,Food Poisoning,25,5
HC01756,19,10/23/2024,Diarrheal Disease,36,2
HC01757,1,5/23/2025,Typhoid,14,1
HC01758,26,1/9/2025,Typhoid,33,4
HC01759,5,12/27/2025,Typhoid,3,3
HC01760,13,7/31/2025,Typhoid,17,2
HC01761,18,5/9/2025,Food Poisoning,5,5
HC01762,23,12/29/2024,Food Poisoning,31,5
HC01763,1,4/28/2025,Diarrheal Disease,8,5
HC01764,26,1/17/2025,Food Poisoning,12,3
HC01765,22,1/7/2025,Food Poisoning,18,4
HC01766,23,12/7/2025,Food Poisoning,19,3
HC01767,11,10/26/2024,Diarrheal Disease,25,4
HC01768,26,1/9/2025,Food Poisoning,35,2
HC01769,6,4/6/2025,Diarrheal Disease,21,1
HC01770,19,7/12/2025,Typhoid,15,2
HC01771,11,4/28/2025,Diarrheal Disease,14,4
HC01772,4,9/1/2024,Food Poisoning,30,5
HC01773,6,6/24/2025,Food Poisoning,35,5
HC01774,23,5/2/2025,Diarrheal Disease,22,1
HC01775,5,4/17/2025,Food Poisoning,26,4
HC01776,19,8/15/2025,Food Poisoning,2,2
HC01777,2,8/13/2025,Diarrheal Disease,26,2
HC01778,6,9/9/2024,Typhoid,18,2
HC01779,25,3/31/2024,Diarrheal Disease,25,4
HC01780,5,1/11/2024,Typhoid,30,2
HC01781,12,12/6/2024,Food Poisoning,30,5
HC01782,8,11/11/2025,Food Poisoning,9,1
HC01783,16,10/4/2024,Food Poisoning,24,1
HC01784,7,7/12/2025,Typhoid,17,3
HC01785,1,10/12/2025,Typhoid,23,2
HC01786,23,9/1/2025,Diarrheal Disease,11,4
HC01787,16,8/23/2025,Food Poisoning,4,5
HC01788,7,3/18/2024,Typhoid,10,2
HC01789,16,10/18/2024,Food Poisoning,25,2
HC01790,9,9/6/2025,Diarrheal Disease,12,4
HC01791,3,10/18/2024,Diarrheal Disease,15,5
HC01792,16,2/20/2025,Food Poisoning,26,2
HC01793,24,1/10/2024,Diarrheal Disease,7,5
HC01794,17,12/13/2025,Typhoid,19,3
HC01795,24,10/27/2025,Food Poisoning,14,4
HC01796,26,10/25/2024,Typhoid,8,2
HC01797,25,8/10/2024,Typhoid,9,1
HC01798,3,12/27/2024,Food Poisoning,36,1
HC01799,7,2/17/2024,Typhoid,4,3
HC01800,20,8/15/2025,Typhoid,37,4
HC01801,4,12/3/2024,Diarrheal Disease,17,5
HC01802,19,2/18/2024,Typhoid,38,2
HC01803,4,3/13/2024,Typhoid,10,2
HC01804,18,4/15/2024,Typhoid,5,4
HC01805,24,6/17/2025,Diarrheal Disease,32,2
HC01806,9,7/27/2025,Food Poisoning,35,5
HC01807,5,3/4/2025,Diarrheal Disease,33,1
HC01808,15,1/17/2025,Typhoid,14,2
HC01809,17,5/16/2024,Diarrheal Disease,5,5
HC01810,10,5/4/2025,Typhoid,31,2
HC01811,2,8/15/2025,Typhoid,4,3
HC01812,19,11/17/2025,Food Poisoning,18,2
HC01813,15,10/17/2025,Diarrheal Disease,37,5
HC01814,16,8/26/2025,Typhoid,14,3
HC01815,3,10/30/2025,Food Poisoning,38,2
HC01816,4,1/10/2025,Food Poisoning,5,5
HC01817,17,6/1/2025,Food Poisoning,22,4
HC01818,13,6/14/2024,Food Poisoning,15,5
HC01819,2,12/4/2025,Diarrheal Disease,36,3
HC01820,26,6/5/2025,Typhoid,32,1
HC01821,3,8/4/2024,Diarrheal Disease,11,5
HC01822,19,4/20/2025,Diarrheal Disease,4,3
HC01823,17,2/11/2024,Typhoid,11,5
HC01824,9,6/24/2025,Diarrheal Disease,24,2
HC01825,13,7/20/2025,Food Poisoning,5,4
HC01826,18,12/23/2024,Typhoid,25,5
HC01827,4,12/11/2025,Food Poisoning,36,1
HC01828,12,2/29/2024,Typhoid,11,2
HC01829,10,4/9/2024,Diarrheal Disease,16,5
HC01830,6,2/7/2025,Food Poisoning,1,2
HC01831,15,1/10/2025,Food Poisoning,13,3
HC01832,25,3/26/2024,Food Poisoning,4,2
HC01833,22,1/8/2024,Diarrheal Disease,29,5
HC01834,18,4/13/2025,Typhoid,12,1
HC01835,24,5/2/2025,Typhoid,35,4
HC01836,12,10/9/2024,Diarrheal Disease,25,2
HC01837,15,6/16/2025,Food Poisoning,9,5
HC01838,13,4/2/2025,Diarrheal Disease,7,3
HC01839,13,11/11/2024,Diarrheal Disease,7,5
HC01840,14,11/19/2024,Typhoid,5,5
HC01841,9,5/15/2025,Typhoid,6,2
HC01842,7,8/8/2024,Food Poisoning,23,4
HC01843,19,3/20/2025,Diarrheal Disease,27,2
HC01844,13,2/27/2025,Food Poisoning,16,1
HC01845,4,1/11/2024,Diarrheal Disease,38,5
HC01846,25,8/6/2025,Diarrheal Disease,3,5
HC01847,18,2/12/2025,Typhoid,8,4
HC01848,7,2/9/2025,Food Poisoning,37,4
HC01849,2,5/28/2025,Food Poisoning,9,4
HC01850,25,7/30/2024,Food Poisoning,20,5
HC01851,10,2/23/2025,Diarrheal Disease,2,4
HC01852,24,5/23/2025,Food Poisoning,16,4
HC01853,25,12/17/2025,Diarrheal Disease,27,4
HC01854,23,4/17/2024,Food Poisoning,32,1
HC01855,12,12/30/2025,Food Poisoning,20,2
HC01856,5,8/9/2025,Food Poisoning,16,4
HC01857,3,12/27/2025,Typhoid,4,5
HC01858,17,4/13/2024,Food Poisoning,13,5
HC01859,8,12/11/2024,Typhoid,35,2
HC01860,8,11/23/2025,Typhoid,8,2
HC01861,12,6/26/2024,Typhoid,38,5
HC01862,26,8/31/2024,Food Poisoning,30,4
HC01863,1,7/2/2024,Diarrheal Disease,7,2
HC01864,20,4/26/2024,Diarrheal Disease,28,1
HC01865,15,8/26/2024,Diarrheal Disease,9,5
HC01866,22,2/9/2024,Typhoid,30,4
HC01867,7,1/18/2025,Diarrheal Disease,37,5
HC01868,23,11/20/2025,Typhoid,10,1
HC01869,16,7/7/2025,Typhoid,27,3
HC01870,15,4/26/2025,Food Poisoning,9,1
HC01871,12,2/7/2025,Typhoid,31,5
HC01872,14,6/6/2024,Diarrheal Disease,26,3
HC01873,11,9/28/2025,Food Poisoning,4,3
HC01874,4,8/4/2025,Food Poisoning,21,3
HC01875,14,11/26/2024,Diarrheal Disease,33,5
HC01876,26,7/23/2024,Typhoid,20,5
HC01877,24,3/25/2025,Food Poisoning,20,2
HC01878,8,3/14/2024,Food Poisoning,12,1
HC01879,7,5/14/2024,Diarrheal Disease,34,5
HC01880,16,4/30/2025,Typhoid,36,1
HC01881,12,11/10/2025,Food Poisoning,6,5
HC01882,13,7/26/2025,Typhoid,6,4
HC01883,3,8/18/2024,Typhoid,33,4
HC01884,15,9/29/2024,Food Poisoning,19,1
HC01885,26,9/30/2025,Diarrheal Disease,37,4
HC01886,14,4/5/2024,Food Poisoning,9,2
HC01887,5,9/24/2025,Food Poisoning,29,5
HC01888,14,6/2/2024,Diarrheal Disease,15,1
HC01889,19,5/3/2025,Food Poisoning,39,5
HC01890,3,8/18/2025,Diarrheal Disease,27,2
HC01891,3,4/27/2025,Diarrheal Disease,34,5
HC01892,17,9/20/2025,Typhoid,34,3
HC01893,16,1/17/2025,Typhoid,37,1
HC01894,1,4/21/2024,Food Poisoning,2,1
HC01895,13,12/7/2024,Food Poisoning,39,1
HC01896,10,10/5/2024,Typhoid,32,2
HC01897,24,3/26/2024,Diarrheal Disease,27,3
HC01898,2,10/15/2025,Food Poisoning,34,4
HC01899,24,5/14/2025,Food Poisoning,37,2
HC01900,25,3/31/2025,Typhoid,18,2
HC01901,5,11/7/2025,Diarrheal Disease,17,2
HC01902,2,11/20/2024,Typhoid,38,4
HC01903,15,12/9/2025,Typhoid,18,2
HC01904,15,9/11/2025,Typhoid,32,2
HC01905,3,2/7/2025,Typhoid,2,5
HC01906,17,11/24/2024,Food Poisoning,4,2
HC01907,8,6/26/2024,Diarrheal Disease,20,3
HC01908,18,10/20/2025,Typhoid,2,5
HC01909,6,9/24/2024,Food Poisoning,3,3
HC01910,22,5/24/2024,Diarrheal Disease,5,1
HC01911,24,3/8/2025,Typhoid,33,3
HC01912,11,12/29/2024,Diarrheal Disease,9,1
HC01913,16,4/7/2025,Food Poisoning,12,3
HC01914,20,9/30/2024,Food Poisoning,18,4
HC01915,17,7/9/2024,Diarrheal Disease,4,4
HC01916,14,11/21/2024,Diarrheal Disease,22,2
HC01917,18,6/10/2025,Typhoid,29,1
HC01918,12,11/5/2025,Food Poisoning,39,5
HC01919,18,12/23/2024,Diarrheal Disease,20,3
HC01920,8,1/12/2025,Food Poisoning,6,5
HC01921,4,10/27/2024,Food Poisoning,27,4
HC01922,2,11/12/2025,Food Poisoning,27,4
HC01923,12,12/16/2024,Food Poisoning,33,5
HC01924,14,7/5/2025,Diarrheal Disease,18,3
HC01925,7,2/19/2024,Diarrheal Disease,25,4
HC01926,2,9/30/2025,Diarrheal Disease,4,1
HC01927,16,3/7/2025,Typhoid,11,1
HC01928,24,12/10/2024,Diarrheal Disease,33,4
HC01929,4,6/7/2025,Food Poisoning,16,3
HC01930,12,6/19/2024,Diarrheal Disease,7,4
HC01931,15,3/3/2024,Food Poisoning,32,2
HC01932,15,1/13/2024,Food Poisoning,15,4
HC01933,8,7/15/2025,Food Poisoning,31,3
HC01934,26,5/30/2025,Diarrheal Disease,1,4
HC01935,10,8/25/2024,Typhoid,13,1
HC01936,25,8/27/2025,Food Poisoning,25,3
HC01937,8,1/21/2025,Food Poisoning,34,4
HC01938,2,4/15/2024,Typhoid,10,2
HC01939,18,6/20/2024,Food Poisoning,31,2
HC01940,19,8/18/2025,Diarrheal Disease,6,5
HC01941,7,9/30/2025,Food Poisoning,37,3
HC01942,22,1/2/2024,Food Poisoning,11,2
HC01943,6,4/22/2025,Typhoid,6,3
HC01944,1,11/28/2024,Food Poisoning,8,4
HC01945,12,6/22/2025,Diarrheal Disease,5,3
HC01946,22,1/27/2024,Diarrheal Disease,21,5
HC01947,8,7/31/2025,Typhoid,14,3
HC01948,9,2/22/2025,Typhoid,25,3
HC01949,2,9/12/2025,Food Poisoning,20,1
HC01950,16,11/19/2024,Food Poisoning,24,2
HC01951,10,1/9/2024,Food Poisoning,36,4
HC01952,3,10/22/2024,Typhoid,24,1
HC01953,1,5/31/2025,Typhoid,38,2
HC01954,19,11/2/2024,Typhoid,9,3
HC01955,17,8/16/2024,Typhoid,31,5
HC01956,16,3/30/2024,Food Poisoning,30,3
HC01957,15,9/22/2024,Typhoid,23,4
HC01958,22,11/26/2024,Food Poisoning,33,3
HC01959,3,1/18/2024,Typhoid,38,2
HC01960,12,2/23/2025,Typhoid,30,2
HC01961,20,9/19/2025,Diarrheal Disease,6,2
HC01962,18,11/4/2025,Typhoid,16,5
HC01963,10,8/18/2025,Diarrheal Disease,29,4
HC01964,12,12/1/2025,Typhoid,34,3
HC01965,12,4/15/2025,Food Poisoning,21,2
HC01966,15,8/14/2024,Typhoid,37,2
HC01967,23,9/10/2024,Food Poisoning,3,3
HC01968,17,5/15/2024,Typhoid,29,3
HC01969,2,12/14/2024,Food Poisoning,34,1
HC01970,21,5/8/2024,Typhoid,15,3
HC01971,11,7/30/2025,Food Poisoning,6,5
HC01972,17,12/25/2024,Typhoid,8,3
HC01973,23,6/24/2025,Typhoid,28,3
HC01974,23,11/28/2024,Diarrheal Disease,4,3
HC01975,14,7/20/2024,Diarrheal Disease,23,4
HC01976,18,9/21/2025,Typhoid,20,2
HC01977,7,6/8/2025,Diarrheal Disease,5,4
HC01978,26,7/20/2025,Food Poisoning,17,5
HC01979,24,12/6/2025,Typhoid,26,4
HC01980,9,11/9/2025,Diarrheal Disease,33,2
HC01981,13,4/6/2025,Diarrheal Disease,36,4
HC01982,12,10/30/2025,Diarrheal Disease,28,2
HC01983,10,5/6/2024,Diarrheal Disease,17,3
HC01984,16,10/7/2025,Typhoid,10,1
HC01985,26,12/16/2025,Typhoid,3,2
HC01986,16,8/8/2025,Food Poisoning,18,4
HC01987,23,9/19/2024,Typhoid,25,1
HC01988,22,7/31/2024,Food Poisoning,5,3
HC01989,9,6/16/2025,Diarrheal Disease,17,3
HC01990,1,11/20/2025,Food Poisoning,16,2
HC01991,10,9/27/2025,Typhoid,10,2
HC01992,24,10/12/2024,Typhoid,12,2
HC01993,12,3/4/2025,Food Poisoning,15,1
HC01994,16,7/6/2025,Diarrheal Disease,14,2
HC01995,8,10/28/2024,Diarrheal Disease,12,4
HC01996,19,5/27/2024,Typhoid,37,4
HC01997,17,7/3/2025,Typhoid,31,4
HC01998,4,6/28/2024,Diarrheal Disease,4,5
HC01999,20,1/10/2025,Diarrheal Disease,3,3
HC02000,13,7/4/2024,Typhoid,19,4
HC02001,24,1/4/2024,Food Poisoning,35,4
HC02002,16,1/31/2025,Food Poisoning,21,2
HC02003,19,2/8/2025,Diarrheal Disease,14,4
HC02004,16,11/6/2025,Typhoid,38,3
HC02005,2,6/13/2024,Diarrheal Disease,37,1
HC02006,23,10/5/2024,Food Poisoning,23,1
HC02007,13,6/6/2024,Food Poisoning,15,5
HC02008,19,5/24/2025,Typhoid,33,1
HC02009,9,3/7/2025,Food Poisoning,30,4
HC02010,21,3/24/2025,Typhoid,28,5
HC02011,6,1/29/2025,Food Poisoning,27,1
HC02012,8,5/11/2025,Typhoid,6,2
HC02013,17,2/28/2024,Typhoid,14,3
HC02014,20,8/6/2024,Typhoid,1,5
HC02015,18,7/28/2024,Diarrheal Disease,11,3
HC02016,2,4/9/2024,Typhoid,31,4
HC02017,9,1/23/2025,Typhoid,23,3
HC02018,11,7/3/2024,Food Poisoning,30,5
HC02019,1,11/3/2024,Food Poisoning,32,5
HC02020,13,8/6/2024,Food Poisoning,26,1
HC02021,20,10/14/2024,Typhoid,24,1
HC02022,24,1/20/2024,Typhoid,1,1
HC02023,18,1/17/2024,Food Poisoning,5,5
HC02024,21,7/10/2024,Diarrheal Disease,16,2
HC02025,26,4/5/2025,Food Poisoning,18,2
HC02026,21,7/8/2025,Food Poisoning,24,4
HC02027,5,2/14/2024,Food Poisoning,15,3
HC02028,20,5/16/2024,Typhoid,33,1
HC02029,4,9/19/2024,Diarrheal Disease,28,2
HC02030,4,1/15/2025,Diarrheal Disease,1,1
HC02031,1,12/20/2024,Diarrheal Disease,12,2
HC02032,18,3/7/2025,Food Poisoning,36,5
HC02033,22,4/14/2024,Typhoid,1,2
HC02034,10,1/31/2025,Food Poisoning,28,5
HC02035,16,12/8/2025,Food Poisoning,39,2
HC02036,9,11/26/2024,Diarrheal Disease,23,3
HC02037,17,2/21/2025,Food Poisoning,5,2
HC02038,21,9/13/2024,Typhoid,23,5
HC02039,14,4/27/2025,Food Poisoning,6,2
HC02040,22,3/21/2025,Food Poisoning,17,3
HC02041,24,1/18/2024,Food Poisoning,1,5
HC02042,18,10/30/2024,Typhoid,5,4
HC02043,12,4/4/2025,Diarrheal Disease,7,3
HC02044,17,11/14/2024,Typhoid,1,4
HC02045,19,12/28/2025,Typhoid,22,1
HC02046,16,5/5/2024,Typhoid,39,2
HC02047,13,3/24/2025,Food Poisoning,37,4
HC02048,14,6/3/2025,Food Poisoning,30,5
HC02049,15,4/1/2024,Typhoid,22,1
HC02050,25,12/26/2025,Food Poisoning,2,3
HC02051,14,8/26/2025,Food Poisoning,21,3
HC02052,18,10/13/2024,Diarrheal Disease,2,5
HC02053,15,10/26/2024,Typhoid,21,4
HC02054,7,2/16/2024,Typhoid,39,4
HC02055,24,10/16/2025,Diarrheal Disease,38,5
HC02056,12,2/10/2025,Typhoid,10,2
HC02057,19,2/15/2024,Food Poisoning,22,1
HC02058,5,4/29/2025,Typhoid,27,5
HC02059,26,8/29/2025,Diarrheal Disease,20,1
HC02060,12,7/3/2024,Food Poisoning,1,3
HC02061,25,1/17/2025,Diarrheal Disease,21,4
HC02062,22,8/1/2025,Food Poisoning,31,3
HC02063,22,2/9/2024,Food Poisoning,23,3
HC02064,1,2/9/2024,Diarrheal Disease,33,3
HC02065,19,11/17/2024,Food Poisoning,24,3
HC02066,20,6/23/2024,Typhoid,10,4
HC02067,2,2/2/2025,Food Poisoning,14,4
HC02068,9,5/21/2025,Food Poisoning,14,3
HC02069,6,12/18/2024,Food Poisoning,20,3
HC02070,17,1/10/2024,Typhoid,22,3
HC02071,9,11/22/2025,Food Poisoning,19,4
HC02072,17,7/17/2025,Typhoid,12,5
HC02073,17,11/25/2024,Diarrheal Disease,35,2
HC02074,19,8/12/2025,Typhoid,4,1
HC02075,12,1/9/2025,Food Poisoning,17,2
HC02076,4,7/7/2025,Food Poisoning,5,2
HC02077,3,4/22/2024,Food Poisoning,38,1
HC02078,3,10/9/2024,Typhoid,16,2
HC02079,9,10/3/2024,Food Poisoning,6,1
HC02080,10,4/2/2024,Typhoid,9,5
HC02081,16,9/22/2024,Typhoid,8,5
HC02082,6,6/21/2024,Typhoid,3,1
HC02083,9,8/8/2025,Diarrheal Disease,9,2
HC02084,1,12/20/2024,Typhoid,32,4
HC02085,18,6/17/2024,Diarrheal Disease,1,5
HC02086,9,8/3/2025,Diarrheal Disease,21,1
HC02087,5,9/7/2024,Typhoid,8,3
HC02088,1,2/10/2024,Typhoid,34,5
HC02089,15,8/22/2024,Typhoid,34,1
HC02090,23,7/11/2025,Typhoid,11,5
HC02091,10,4/19/2024,Diarrheal Disease,32,1
HC02092,15,6/14/2025,Food Poisoning,38,4
HC02093,10,12/19/2024,Diarrheal Disease,30,3
HC02094,26,3/7/2025,Food Poisoning,6,5
HC02095,26,5/7/2024,Food Poisoning,12,1
HC02096,3,5/26/2025,Diarrheal Disease,21,3
HC02097,13,8/18/2024,Food Poisoning,7,3
HC02098,24,12/28/2025,Typhoid,29,1
HC02099,1,11/25/2024,Diarrheal Disease,2,1
HC02100,5,10/11/2025,Food Poisoning,36,1
HC02101,1,1/6/2025,Food Poisoning,17,2
HC02102,14,6/17/2024,Diarrheal Disease,27,2
HC02103,2,8/19/2024,Typhoid,23,5
HC02104,6,6/16/2024,Diarrheal Disease,37,1
HC02105,16,12/12/2024,Typhoid,36,2
HC02106,25,9/15/2024,Food Poisoning,33,5
HC02107,10,2/21/2024,Food Poisoning,36,1
HC02108,21,11/16/2024,Diarrheal Disease,38,5
HC02109,15,4/1/2025,Food Poisoning,18,3
HC02110,16,9/17/2024,Typhoid,27,4
HC02111,16,11/30/2024,Typhoid,23,1
HC02112,8,11/22/2024,Typhoid,9,1
HC02113,25,2/18/2024,Food Poisoning,14,4
HC02114,25,8/20/2024,Diarrheal Disease,4,4
HC02115,3,2/7/2024,Typhoid,31,4
HC02116,3,12/4/2025,Food Poisoning,23,1
HC02117,13,11/22/2024,Typhoid,2,1
HC02118,8,1/16/2024,Diarrheal Disease,10,1
HC02119,13,4/29/2025,Food Poisoning,11,3
HC02120,14,6/25/2025,Food Poisoning,21,1
HC02121,19,11/22/2025,Typhoid,7,5
HC02122,25,4/14/2024,Diarrheal Disease,2,1
HC02123,18,1/4/2025,Food Poisoning,3,4
HC02124,6,12/29/2025,Diarrheal Disease,22,2
HC02125,2,8/15/2025,Food Poisoning,18,4
HC02126,19,4/17/2025,Diarrheal Disease,19,5
HC02127,21,3/25/2024,Food Poisoning,20,1
HC02128,3,2/20/2024,Diarrheal Disease,1,2
HC02129,13,5/24/2024,Diarrheal Disease,8,2
HC02130,3,1/18/2025,Typhoid,5,1
HC02131,15,5/28/2025,Diarrheal Disease,30,5
HC02132,22,5/4/2025,Diarrheal Disease,20,3
HC02133,13,10/28/2025,Food Poisoning,2,1
HC02134,16,11/4/2024,Typhoid,16,5
HC02135,7,6/7/2025,Food Poisoning,22,3
HC02136,9,9/30/2024,Diarrheal Disease,1,1
HC02137,19,10/24/2025,Diarrheal Disease,35,4
HC02138,21,10/28/2025,Typhoid,29,3
HC02139,26,2/22/2025,Typhoid,9,5
HC02140,2,6/21/2024,Diarrheal Disease,4,4
HC02141,18,8/6/2025,Diarrheal Disease,4,4
HC02142,21,2/13/2025,Typhoid,19,4
HC02143,18,6/12/2025,Food Poisoning,5,3
HC02144,18,12/23/2025,Typhoid,18,3
HC02145,20,10/11/2025,Diarrheal Disease,12,1
HC02146,26,10/14/2025,Typhoid,21,3
HC02147,15,2/23/2024,Diarrheal Disease,36,1
HC02148,10,10/6/2025,Food Poisoning,26,2
HC02149,6,1/19/2024,Diarrheal Disease,4,1
HC02150,22,11/28/2025,Typhoid,13,5
HC02151,15,11/28/2025,Diarrheal Disease,32,4
HC02152,11,6/27/2024,Food Poisoning,4,1
HC02153,10,7/26/2024,Diarrheal Disease,27,2
HC02154,2,4/5/2024,Diarrheal Disease,39,2
HC02155,4,9/14/2025,Diarrheal Disease,8,3
HC02156,24,8/26/2025,Diarrheal Disease,30,3
HC02157,7,5/28/2024,Typhoid,12,2
HC02158,8,5/2/2025,Food Poisoning,7,1
HC02159,26,5/11/2025,Typhoid,23,1
HC02160,10,4/6/2024,Typhoid,12,4
HC02161,14,2/18/2024,Food Poisoning,35,5
HC02162,21,9/25/2025,Food Poisoning,35,2
HC02163,23,3/2/2024,Food Poisoning,34,3
HC02164,11,6/10/2024,Typhoid,17,2
HC02165,16,2/23/2024,Food Poisoning,2,3
HC02166,20,4/1/2024,Food Poisoning,5,1
HC02167,7,9/23/2024,Typhoid,17,1
HC02168,3,3/20/2024,Food Poisoning,14,2
HC02169,5,5/14/2024,Food Poisoning,15,1
HC02170,26,10/20/2025,Diarrheal Disease,27,2
HC02171,8,6/5/2025,Typhoid,33,4
HC02172,22,6/9/2025,Diarrheal Disease,26,2
HC02173,16,11/29/2025,Diarrheal Disease,28,3
HC02174,8,10/8/2024,Typhoid,6,3
HC02175,2,9/17/2025,Diarrheal Disease,6,2
HC02176,19,6/18/2025,Typhoid,23,3
HC02177,15,12/8/2024,Diarrheal Disease,8,5
HC02178,20,8/25/2025,Food Poisoning,27,2
HC02179,17,5/16/2024,Diarrheal Disease,29,2
HC02180,14,6/18/2024,Diarrheal Disease,3,4
HC02181,8,9/23/2025,Typhoid,12,3
HC02182,2,6/15/2024,Diarrheal Disease,37,1
HC02183,5,8/17/2024,Food Poisoning,24,1
HC02184,26,1/9/2025,Typhoid,29,3
HC02185,25,2/8/2024,Diarrheal Disease,38,4
HC02186,16,2/4/2025,Typhoid,36,1
HC02187,8,10/12/2025,Food Poisoning,8,5
HC02188,12,2/24/2024,Diarrheal Disease,29,4
HC02189,15,1/7/2025,Food Poisoning,19,5
HC02190,10,4/8/2025,Typhoid,22,4
HC02191,22,1/9/2024,Diarrheal Disease,32,5
HC02192,7,7/29/2025,Typhoid,30,2
HC02193,17,7/9/2024,Food Poisoning,26,2
HC02194,7,10/25/2024,Typhoid,4,5
HC02195,16,1/27/2024,Food Poisoning,10,1
HC02196,18,11/2/2024,Diarrheal Disease,29,5
HC02197,2,1/3/2025,Food Poisoning,36,1
HC02198,15,4/14/2024,Diarrheal Disease,14,2
HC02199,25,9/25/2024,Food Poisoning,21,4
HC02200,20,5/3/2025,Typhoid,20,2
HC02201,24,6/25/2025,Food Poisoning,18,1
HC02202,25,9/26/2024,Typhoid,30,3
HC02203,2,9/23/2025,Food Poisoning,34,3
HC02204,9,7/29/2025,Food Poisoning,23,1
HC02205,1,11/19/2024,Diarrheal Disease,1,2
HC02206,16,4/5/2025,Food Poisoning,35,1
HC02207,22,11/21/2024,Diarrheal Disease,3,5
HC02208,10,11/3/2025,Food Poisoning,24,2
HC02209,1,12/24/2025,Typhoid,8,2
HC02210,8,5/27/2024,Food Poisoning,7,5
HC02211,19,2/20/2025,Diarrheal Disease,6,3
HC02212,3,9/25/2025,Typhoid,10,1
HC02213,22,10/7/2024,Diarrheal Disease,24,4
HC02214,9,10/20/2024,Food Poisoning,32,4
HC02215,2,6/6/2024,Food Poisoning,39,4
HC02216,2,9/19/2025,Typhoid,1,5
HC02217,18,7/27/2025,Typhoid,17,5
HC02218,24,12/17/2024,Typhoid,24,4
HC02219,25,1/25/2024,Typhoid,25,2
HC02220,15,8/22/2024,Diarrheal Disease,33,2
HC02221,26,2/17/2025,Typhoid,32,3
HC02222,3,1/14/2024,Food Poisoning,13,3
HC02223,7,8/31/2025,Typhoid,27,5
HC02224,3,9/29/2025,Diarrheal Disease,5,3
HC02225,11,8/31/2025,Typhoid,33,3
HC02226,7,12/17/2025,Food Poisoning,38,3
HC02227,12,7/24/2024,Food Poisoning,10,3
HC02228,15,3/6/2024,Typhoid,37,2
HC02229,8,7/8/2025,Food Poisoning,27,3
HC02230,9,8/20/2024,Food Poisoning,6,4
HC02231,8,3/19/2024,Food Poisoning,23,2
HC02232,7,2/5/2025,Typhoid,10,5
HC02233,12,2/17/2024,Food Poisoning,36,3
HC02234,7,7/6/2024,Food Poisoning,26,2
HC02235,17,12/18/2025,Diarrheal Disease,36,4
HC02236,18,1/6/2025,Diarrheal Disease,19,5
HC02237,21,12/4/2025,Diarrheal Disease,16,2
HC02238,24,10/24/2024,Food Poisoning,4,3
HC02239,12,3/13/2024,Typhoid,10,5
HC02240,24,6/16/2024,Food Poisoning,3,1
HC02241,7,1/4/2025,Diarrheal Disease,39,2
HC02242,21,12/20/2024,Diarrheal Disease,28,4
HC02243,10,5/10/2025,Typhoid,35,1
HC02244,23,5/20/2025,Typhoid,34,1
HC02245,10,12/16/2025,Typhoid,37,5
HC02246,11,8/27/2025,Food Poisoning,32,3
HC02247,3,6/13/2025,Typhoid,23,1
HC02248,16,1/6/2024,Food Poisoning,8,4
HC02249,26,12/1/2025,Typhoid,1,5
HC02250,9,11/22/2025,Typhoid,38,1
HC02251,9,8/3/2024,Diarrheal Disease,26,3
HC02252,19,7/25/2025,Diarrheal Disease,12,1
HC02253,14,7/2/2025,Food Poisoning,25,2
HC02254,18,3/16/2024,Typhoid,20,4
HC02255,21,5/27/2024,Food Poisoning,27,2
HC02256,14,4/25/2024,Typhoid,22,2
HC02257,8,11/26/2024,Food Poisoning,6,3
HC02258,8,4/22/2025,Food Poisoning,24,5
HC02259,20,2/16/2024,Food Poisoning,7,2
HC02260,11,1/22/2024,Food Poisoning,39,1
HC02261,16,7/20/2025,Typhoid,38,4
HC02262,2,1/17/2024,Diarrheal Disease,30,1
HC02263,3,2/15/2025,Typhoid,20,1
HC02264,13,1/27/2024,Diarrheal Disease,16,1
HC02265,25,2/28/2024,Food Poisoning,13,1
HC02266,20,5/19/2025,Food Poisoning,34,5
HC02267,8,7/15/2024,Typhoid,14,4
HC02268,17,7/13/2025,Typhoid,38,2
HC02269,13,9/1/2024,Typhoid,27,4
HC02270,3,3/12/2025,Diarrheal Disease,38,3
HC02271,7,5/14/2025,Diarrheal Disease,35,2
HC02272,13,3/3/2024,Food Poisoning,22,3
HC02273,18,11/25/2025,Diarrheal Disease,27,5
HC02274,24,12/30/2024,Food Poisoning,5,1
HC02275,8,8/27/2024,Food Poisoning,35,4
HC02276,19,10/30/2024,Diarrheal Disease,19,1
HC02277,25,5/28/2024,Typhoid,9,5
HC02278,4,8/10/2025,Typhoid,32,2
HC02279,2,2/22/2025,Food Poisoning,14,4
HC02280,21,3/2/2025,Typhoid,4,3
HC02281,10,3/24/2025,Typhoid,36,3
HC02282,11,8/2/2024,Typhoid,7,1
HC02283,15,9/10/2025,Diarrheal Disease,39,4
HC02284,17,2/7/2025,Diarrheal Disease,7,4
HC02285,6,3/10/2024,Typhoid,20,2
HC02286,5,3/23/2025,Food Poisoning,10,3
HC02287,24,12/21/2025,Food Poisoning,25,4
HC02288,17,6/4/2025,Typhoid,20,4
HC02289,22,10/10/2024,Typhoid,19,2
HC02290,20,5/30/2024,Food Poisoning,4,1
HC02291,18,4/23/2025,Typhoid,9,1
HC02292,20,2/28/2024,Diarrheal Disease,39,1
HC02293,10,9/17/2024,Food Poisoning,34,2
HC02294,21,8/10/2024,Typhoid,18,3
HC02295,25,9/26/2025,Typhoid,2,5
HC02296,22,7/13/2024,Typhoid,27,4
HC02297,2,5/7/2024,Diarrheal Disease,2,5
HC02298,19,2/21/2025,Typhoid,19,1
HC02299,22,4/1/2024,Typhoid,2,3
HC02300,4,6/1/2025,Typhoid,21,1
HC02301,15,2/23/2024,Diarrheal Disease,29,1
HC02302,7,12/4/2024,Diarrheal Disease,16,1
HC02303,20,5/3/2024,Typhoid,31,3
HC02304,18,6/16/2025,Typhoid,7,2
HC02305,1,4/19/2025,Food Poisoning,33,3
HC02306,23,1/17/2024,Typhoid,26,5
HC02307,11,11/4/2024,Typhoid,35,2
HC02308,1,8/13/2024,Typhoid,32,5
HC02309,6,10/1/2025,Diarrheal Disease,17,1
HC02310,3,1/28/2024,Typhoid,20,3
HC02311,20,12/6/2024,Food Poisoning,31,4
HC02312,10,12/1/2025,Typhoid,12,3
HC02313,3,6/26/2025,Food Poisoning,16,2
HC02314,5,8/16/2024,Typhoid,27,1
HC02315,7,5/18/2024,Food Poisoning,21,4
HC02316,4,6/25/2025,Typhoid,29,4
HC02317,3,11/12/2025,Food Poisoning,11,1
HC02318,8,5/21/2025,Food Poisoning,10,3
HC02319,18,1/18/2024,Food Poisoning,19,3
HC02320,3,8/24/2024,Food Poisoning,17,3
HC02321,17,6/20/2025,Typhoid,19,4
HC02322,18,5/12/2024,Food Poisoning,29,1
HC02323,22,10/4/2024,Diarrheal Disease,3,3
HC02324,8,1/27/2025,Typhoid,12,1
HC02325,19,12/20/2024,Typhoid,4,4
HC02326,20,8/29/2025,Food Poisoning,12,1
HC02327,17,8/13/2025,Food Poisoning,20,3
HC02328,22,10/8/2024,Diarrheal Disease,20,4
HC02329,4,2/12/2025,Diarrheal Disease,25,2
HC02330,21,9/6/2024,Diarrheal Disease,36,1
HC02331,13,8/6/2025,Diarrheal Disease,30,1
HC02332,3,7/27/2025,Diarrheal Disease,19,3
HC02333,2,5/4/2025,Diarrheal Disease,36,4
HC02334,8,6/6/2025,Food Poisoning,11,3
HC02335,5,9/26/2025,Typhoid,33,1
HC02336,8,11/27/2025,Food Poisoning,3,5
HC02337,2,5/6/2025,Food Poisoning,31,2
HC02338,15,4/19/2025,Food Poisoning,17,3
HC02339,7,2/12/2024,Diarrheal Disease,18,1
HC02340,24,5/11/2024,Diarrheal Disease,34,1
HC02341,25,3/22/2024,Typhoid,6,2
HC02342,17,4/7/2024,Food Poisoning,24,2
HC02343,1,6/3/2024,Diarrheal Disease,31,1
HC02344,8,10/26/2025,Food Poisoning,32,5
HC02345,8,11/8/2024,Typhoid,38,3
HC02346,7,3/21/2025,Food Poisoning,4,1
HC02347,18,6/27/2025,Food Poisoning,11,1
HC02348,10,6/13/2025,Typhoid,3,5
HC02349,17,12/2/2024,Food Poisoning,13,4
HC02350,2,2/1/2024,Food Poisoning,8,4
HC02351,7,2/3/2024,Food Poisoning,14,1
HC02352,21,1/28/2025,Food Poisoning,11,5
HC02353,3,2/16/2024,Diarrheal Disease,8,2
HC02354,16,6/8/2024,Diarrheal Disease,7,2
HC02355,17,10/17/2024,Food Poisoning,32,3
HC02356,6,12/30/2025,Food Poisoning,32,4
HC02357,2,11/22/2025,Food Poisoning,37,1
HC02358,2,7/22/2025,Diarrheal Disease,38,1
HC02359,13,5/22/2025,Food Poisoning,26,1
HC02360,3,1/20/2025,Typhoid,6,4
HC02361,23,5/20/2025,Food Poisoning,12,4
HC02362,17,4/25/2024,Diarrheal Disease,10,1
HC02363,17,10/6/2024,Diarrheal Disease,34,3
HC02364,22,12/30/2025,Food Poisoning,1,4
HC02365,21,2/14/2024,Diarrheal Disease,22,1
HC02366,2,4/9/2024,Typhoid,24,2
HC02367,7,6/25/2025,Food Poisoning,16,5
HC02368,15,6/7/2024,Typhoid,30,5
HC02369,8,2/5/2025,Typhoid,38,3
HC02370,23,11/3/2024,Diarrheal Disease,30,2
HC02371,11,10/23/2024,Diarrheal Disease,3,5
HC02372,21,1/6/2024,Typhoid,7,1
HC02373,21,8/16/2025,Typhoid,29,2
HC02374,18,6/5/2025,Diarrheal Disease,8,3
HC02375,12,7/24/2025,Food Poisoning,32,2
HC02376,18,3/14/2024,Food Poisoning,17,2
HC02377,11,3/12/2025,Food Poisoning,20,3
HC02378,14,8/16/2024,Typhoid,28,3
HC02379,14,3/19/2024,Food Poisoning,17,3
HC02380,23,1/28/2025,Typhoid,28,3
HC02381,23,10/17/2024,Typhoid,9,3
HC02382,15,12/19/2025,Food Poisoning,7,3
HC02383,24,3/7/2025,Food Poisoning,15,4
HC02384,8,7/23/2025,Food Poisoning,39,4
HC02385,14,8/17/2024,Typhoid,12,1
HC02386,3,9/30/2024,Food Poisoning,38,2
HC02387,20,11/2/2025,Food Poisoning,4,3
HC02388,18,12/21/2025,Typhoid,10,5
HC02389,3,7/20/2025,Diarrheal Disease,27,2
HC02390,15,1/5/2024,Typhoid,15,3
HC02391,24,5/9/2025,Food Poisoning,26,2
HC02392,16,5/29/2025,Diarrheal Disease,30,5
HC02393,4,9/20/2025,Diarrheal Disease,2,4
HC02394,6,7/15/2024,Typhoid,36,5
HC02395,14,6/26/2025,Diarrheal Disease,12,3
HC02396,18,12/5/2024,Food Poisoning,19,1
HC02397,5,10/30/2024,Typhoid,6,1
HC02398,1,5/12/2025,Diarrheal Disease,38,3
HC02399,1,4/1/2024,Typhoid,4,5
HC02400,9,3/21/2025,Diarrheal Disease,11,2
HC02401,18,2/16/2025,Diarrheal Disease,3,2
HC02402,26,8/3/2025,Food Poisoning,21,1
HC02403,20,7/9/2024,Food Poisoning,30,5
HC02404,20,11/9/2024,Food Poisoning,35,5
HC02405,24,6/6/2024,Diarrheal Disease,33,1
HC02406,24,5/13/2025,Typhoid,18,4
HC02407,6,4/18/2025,Typhoid,31,2
HC02408,23,6/4/2025,Typhoid,9,3
HC02409,22,12/11/2025,Typhoid,28,2
HC02410,1,4/5/2025,Typhoid,21,5
HC02411,18,1/21/2025,Typhoid,14,4
HC02412,11,12/9/2025,Diarrheal Disease,29,3
HC02413,23,10/10/2025,Food Poisoning,14,3
HC02414,20,2/3/2025,Typhoid,12,1
HC02415,19,10/2/2025,Food Poisoning,36,3
HC02416,2,11/3/2024,Food Poisoning,12,2
HC02417,25,11/19/2024,Typhoid,28,2
HC02418,19,6/24/2024,Typhoid,6,3
HC02419,20,12/3/2025,Diarrheal Disease,33,5
HC02420,4,9/22/2025,Typhoid,21,2
HC02421,12,10/10/2024,Typhoid,21,5
HC02422,13,2/5/2024,Food Poisoning,17,5
HC02423,6,1/7/2025,Diarrheal Disease,3,2
HC02424,6,4/21/2024,Typhoid,33,4
HC02425,1,6/20/2025,Food Poisoning,24,1
HC02426,11,1/2/2024,Diarrheal Disease,3,5
HC02427,11,8/29/2024,Diarrheal Disease,26,4
HC02428,4,12/26/2024,Food Poisoning,12,1
HC02429,12,11/21/2025,Food Poisoning,11,1
HC02430,17,9/17/2024,Food Poisoning,15,2
HC02431,15,11/29/2024,Diarrheal Disease,35,1
HC02432,7,4/12/2025,Typhoid,20,2
HC02433,17,6/14/2024,Diarrheal Disease,31,1
HC02434,23,10/6/2024,Food Poisoning,5,5
HC02435,13,10/29/2025,Diarrheal Disease,38,4
HC02436,12,10/1/2024,Typhoid,7,5
HC02437,18,2/1/2025,Diarrheal Disease,38,2
HC02438,9,10/23/2025,Food Poisoning,19,3
HC02439,20,4/6/2024,Food Poisoning,37,4
HC02440,25,3/10/2025,Food Poisoning,35,2
HC02441,17,7/31/2024,Food Poisoning,25,4
HC02442,6,1/20/2024,Diarrheal Disease,21,2
HC02443,4,5/5/2024,Typhoid,36,4
HC02444,16,2/10/2025,Diarrheal Disease,34,4
HC02445,13,6/15/2025,Typhoid,32,4
HC02446,2,8/14/2025,Food Poisoning,20,1
HC02447,22,8/1/2025,Food Poisoning,28,5
HC02448,7,5/29/2024,Diarrheal Disease,13,5
HC02449,20,12/24/2025,Diarrheal Disease,6,5
HC02450,7,6/27/2025,Food Poisoning,13,5
HC02451,10,4/25/2024,Diarrheal Disease,21,1
HC02452,1,1/19/2024,Typhoid,31,1
HC02453,23,10/29/2025,Typhoid,3,5
HC02454,11,2/8/2025,Typhoid,8,2
HC02455,16,10/29/2025,Typhoid,39,4
HC02456,25,5/3/2024,Diarrheal Disease,15,4
HC02457,12,5/28/2024,Typhoid,9,2
HC02458,8,9/27/2024,Typhoid,2,3
HC02459,1,11/16/2024,Food Poisoning,23,3
HC02460,8,8/13/2024,Food Poisoning,34,5
HC02461,23,11/8/2024,Typhoid,20,1
HC02462,2,12/2/2025,Diarrheal Disease,35,1
HC02463,22,7/3/2024,Food Poisoning,23,3
HC02464,8,5/9/2024,Typhoid,26,2
HC02465,14,7/15/2025,Food Poisoning,1,3
HC02466,6,1/18/2025,Food Poisoning,21,4
HC02467,13,3/24/2024,Food Poisoning,8,5
HC02468,10,4/25/2025,Food Poisoning,7,5
HC02469,19,1/3/2025,Food Poisoning,15,4
HC02470,4,5/5/2025,Food Poisoning,17,1
HC02471,20,8/15/2025,Typhoid,18,4
HC02472,26,4/27/2025,Food Poisoning,20,5
HC02473,22,1/1/2025,Food Poisoning,2,3
HC02474,2,6/23/2024,Typhoid,19,3
HC02475,17,5/5/2025,Food Poisoning,12,3
HC02476,2,6/25/2024,Food Poisoning,7,1
HC02477,8,12/27/2025,Food Poisoning,23,1
HC02478,24,10/9/2025,Food Poisoning,22,3
HC02479,22,9/26/2025,Diarrheal Disease,28,5
HC02480,18,11/22/2024,Typhoid,38,1
HC02481,26,10/26/2025,Typhoid,5,5
HC02482,19,4/14/2024,Diarrheal Disease,20,5
HC02483,20,2/18/2025,Food Poisoning,34,3
HC02484,3,6/4/2025,Diarrheal Disease,5,5
HC02485,12,1/24/2024,Typhoid,29,2
HC02486,10,5/14/2024,Food Poisoning,34,4
HC02487,20,5/5/2024,Food Poisoning,27,5
HC02488,16,11/6/2024,Diarrheal Disease,3,2
HC02489,26,7/9/2024,Diarrheal Disease,39,1
HC02490,10,3/22/2024,Typhoid,29,1
HC02491,3,5/17/2025,Food Poisoning,15,3
HC02492,21,8/15/2025,Food Poisoning,12,1
HC02493,7,7/14/2024,Diarrheal Disease,25,5
HC02494,14,8/9/2024,Typhoid,29,5
HC02495,6,6/24/2025,Typhoid,7,4
HC02496,9,6/9/2024,Typhoid,33,2
HC02497,10,4/4/2024,Typhoid,6,3
HC02498,2,9/28/2024,Food Poisoning,6,5
HC02499,6,6/6/2024,Diarrheal Disease,25,5
HC02500,17,4/7/2025,Typhoid,37,1
HC02501,1,4/11/2025,Typhoid,39,3
HC02502,16,6/7/2024,Food Poisoning,36,4
HC02503,8,4/14/2025,Food Poisoning,21,2
HC02504,13,4/5/2025,Diarrheal Disease,7,2
HC02505,18,11/19/2025,Diarrheal Disease,36,3
HC02506,1,9/13/2024,Diarrheal Disease,23,2
HC02507,18,1/29/2024,Diarrheal Disease,15,1
HC02508,26,2/10/2025,Typhoid,33,3
HC02509,1,7/21/2024,Food Poisoning,25,4
HC02510,11,7/24/2024,Food Poisoning,37,5
HC02511,12,7/12/2025,Food Poisoning,37,1
HC02512,17,2/4/2025,Diarrheal Disease,26,5
HC02513,26,6/29/2025,Diarrheal Disease,28,5
HC02514,26,3/26/2024,Food Poisoning,20,5
HC02515,16,11/20/2025,Diarrheal Disease,27,3
HC02516,6,1/30/2024,Typhoid,29,4
HC02517,11,4/26/2024,Food Poisoning,10,3
HC02518,13,9/3/2025,Typhoid,13,4
HC02519,2,1/25/2024,Diarrheal Disease,19,1
HC02520,18,2/4/2024,Diarrheal Disease,13,4
HC02521,24,6/9/2025,Diarrheal Disease,36,2
HC02522,8,7/12/2025,Food Poisoning,8,2
HC02523,22,5/10/2025,Food Poisoning,8,4
HC02524,26,10/22/2025,Food Poisoning,35,4
HC02525,11,7/14/2025,Typhoid,26,3
HC02526,8,2/9/2025,Diarrheal Disease,31,5
HC02527,10,12/6/2024,Diarrheal Disease,36,1
HC02528,19,4/22/2025,Food Poisoning,28,1
HC02529,21,5/4/2024,Typhoid,20,2
HC02530,2,8/10/2025,Diarrheal Disease,2,5
HC02531,26,3/21/2025,Typhoid,7,5
HC02532,24,9/25/2025,Diarrheal Disease,32,3
HC02533,6,11/5/2025,Food Poisoning,34,5
HC02534,21,7/23/2025,Diarrheal Disease,25,2
HC02535,12,3/2/2024,Diarrheal Disease,7,4
HC02536,17,3/3/2024,Typhoid,38,1
HC02537,8,8/5/2024,Food Poisoning,37,3
HC02538,6,7/12/2025,Typhoid,10,5
HC02539,6,2/14/2024,Diarrheal Disease,31,1
HC02540,16,10/27/2024,Food Poisoning,8,3
HC02541,2,3/22/2024,Diarrheal Disease,1,5
HC02542,17,1/2/2025,Diarrheal Disease,29,1
HC02543,15,7/6/2024,Food Poisoning,32,5
HC02544,8,7/27/2025,Typhoid,32,5
HC02545,6,1/6/2025,Typhoid,4,4
HC02546,14,6/21/2025,Diarrheal Disease,33,4
HC02547,8,11/28/2025,Typhoid,37,3
HC02548,1,11/9/2024,Typhoid,26,2
HC02549,19,1/23/2025,Diarrheal Disease,4,1
HC02550,16,6/5/2025,Diarrheal Disease,18,4
HC02551,1,4/4/2025,Food Poisoning,13,1
HC02552,17,10/10/2024,Typhoid,30,2
HC02553,13,12/1/2025,Food Poisoning,9,4
HC02554,19,6/2/2024,Typhoid,8,5
HC02555,5,7/18/2024,Food Poisoning,21,5
HC02556,7,9/20/2024,Food Poisoning,6,1
HC02557,4,1/18/2025,Diarrheal Disease,8,5
HC02558,10,2/3/2024,Typhoid,8,5
HC02559,8,3/18/2025,Food Poisoning,27,5
HC02560,16,12/25/2025,Diarrheal Disease,39,3
HC02561,16,4/3/2025,Food Poisoning,28,3
HC02562,18,3/12/2025,Food Poisoning,16,3
HC02563,11,12/10/2025,Food Poisoning,36,3
HC02564,11,12/4/2024,Food Poisoning,39,2
HC02565,17,7/28/2024,Typhoid,21,5
HC02566,8,11/30/2024,Typhoid,28,1
HC02567,26,5/22/2024,Diarrheal Disease,13,2
HC02568,1,12/2/2024,Typhoid,26,5
HC02569,14,11/3/2024,Food Poisoning,6,1
HC02570,5,11/4/2025,Food Poisoning,4,3
HC02571,21,4/3/2025,Food Poisoning,30,2
HC02572,26,5/19/2024,Typhoid,25,5
HC02573,18,6/18/2024,Typhoid,26,5
HC02574,9,7/15/2024,Diarrheal Disease,23,1
HC02575,14,10/8/2024,Typhoid,15,5
HC02576,10,11/8/2025,Food Poisoning,25,4
HC02577,15,1/9/2024,Typhoid,1,4
HC02578,18,8/20/2025,Diarrheal Disease,9,3
HC02579,23,4/9/2025,Food Poisoning,35,2
HC02580,15,11/28/2025,Diarrheal Disease,18,4
HC02581,4,10/26/2025,Typhoid,14,4
HC02582,19,7/30/2024,Food Poisoning,23,2
HC02583,21,2/14/2024,Diarrheal Disease,20,5
HC02584,2,5/23/2024,Food Poisoning,27,4
HC02585,18,9/18/2025,Food Poisoning,19,2
HC02586,12,2/5/2025,Food Poisoning,2,5
HC02587,8,6/2/2024,Diarrheal Disease,38,2
HC02588,20,12/14/2025,Food Poisoning,31,3
HC02589,3,5/11/2024,Food Poisoning,19,5
HC02590,23,1/8/2024,Food Poisoning,3,3
HC02591,4,10/6/2024,Diarrheal Disease,8,4
HC02592,12,12/16/2024,Food Poisoning,9,2
HC02593,4,11/29/2024,Typhoid,30,5
HC02594,16,10/26/2025,Diarrheal Disease,9,3
HC02595,14,1/17/2024,Food Poisoning,12,2
HC02596,22,3/24/2024,Typhoid,15,5
HC02597,15,12/26/2025,Food Poisoning,33,1
HC02598,19,8/8/2024,Typhoid,2,1
HC02599,26,5/16/2024,Food Poisoning,16,5
HC02600,14,3/9/2025,Typhoid,22,1
HC02601,21,6/14/2024,Typhoid,3,5
HC02602,25,10/28/2024,Food Poisoning,6,1
HC02603,23,11/26/2024,Typhoid,28,2
HC02604,24,2/17/2024,Typhoid,29,1
HC02605,20,12/31/2025,Typhoid,11,2
HC02606,22,9/26/2024,Typhoid,9,5
HC02607,13,3/19/2024,Typhoid,26,4
HC02608,24,8/17/2024,Typhoid,20,5
HC02609,15,9/2/2025,Food Poisoning,24,5
HC02610,14,4/26/2024,Typhoid,12,2
HC02611,14,6/27/2024,Food Poisoning,22,2
HC02612,9,6/4/2024,Typhoid,6,3
HC02613,13,5/1/2024,Diarrheal Disease,11,5
HC02614,14,12/22/2024,Diarrheal Disease,27,5
HC02615,23,11/13/2025,Typhoid,17,2
HC02616,1,9/25/2025,Typhoid,22,5
HC02617,11,11/24/2024,Food Poisoning,25,5
HC02618,11,8/1/2025,Food Poisoning,34,3
HC02619,7,1/4/2024,Typhoid,16,3
HC02620,19,12/12/2024,Diarrheal Disease,26,1
HC02621,9,8/6/2025,Typhoid,33,4
HC02622,19,6/20/2025,Food Poisoning,26,2
HC02623,25,3/23/2024,Typhoid,15,5
HC02624,20,11/20/2025,Food Poisoning,19,4
HC02625,7,9/20/2024,Typhoid,31,1
HC02626,12,9/29/2025,Typhoid,33,3
HC02627,7,12/16/2024,Typhoid,39,5
HC02628,21,11/17/2025,Food Poisoning,22,2
HC02629,6,10/16/2025,Diarrheal Disease,23,1
HC02630,16,11/21/2025,Typhoid,39,5
HC02631,8,5/28/2024,Diarrheal Disease,39,3
HC02632,13,12/27/2024,Food Poisoning,9,5
HC02633,11,7/22/2024,Diarrheal Disease,37,2
HC02634,25,10/5/2024,Diarrheal Disease,22,4
HC02635,2,3/14/2025,Food Poisoning,27,5
HC02636,24,7/1/2024,Diarrheal Disease,16,2
HC02637,19,7/30/2024,Diarrheal Disease,25,4
HC02638,9,1/1/2024,Food Poisoning,11,2
HC02639,16,2/1/2024,Diarrheal Disease,8,1
HC02640,11,3/25/2025,Typhoid,35,1
HC02641,12,4/8/2024,Typhoid,24,1
HC02642,19,11/21/2024,Diarrheal Disease,5,2
HC02643,15,2/8/2024,Food Poisoning,8,5
HC02644,5,9/21/2024,Diarrheal Disease,15,2
HC02645,24,12/31/2025,Diarrheal Disease,13,4
HC02646,18,7/10/2025,Typhoid,28,3
HC02647,3,6/30/2024,Food Poisoning,29,4
HC02648,10,3/14/2025,Food Poisoning,24,1
HC02649,14,8/8/2024,Food Poisoning,28,3
HC02650,17,1/25/2024,Typhoid,7,2
HC02651,12,7/29/2024,Food Poisoning,10,5
HC02652,3,10/2/2025,Diarrheal Disease,37,4
HC02653,7,3/26/2025,Typhoid,5,2
HC02654,26,4/12/2025,Diarrheal Disease,37,5
HC02655,5,7/2/2025,Food Poisoning,39,3
HC02656,6,4/4/2025,Typhoid,3,4
HC02657,22,12/2/2025,Typhoid,34,3
HC02658,15,7/7/2025,Food Poisoning,10,2
HC02659,15,2/23/2024,Food Poisoning,8,4
HC02660,8,5/9/2024,Typhoid,13,4
HC02661,21,3/31/2024,Food Poisoning,8,4
HC02662,23,7/15/2025,Food Poisoning,12,2
HC02663,3,10/5/2024,Diarrheal Disease,30,2
HC02664,12,12/15/2025,Diarrheal Disease,10,3
HC02665,9,3/20/2025,Typhoid,8,2
HC02666,18,5/29/2024,Typhoid,39,5
HC02667,21,10/22/2024,Typhoid,28,1
HC02668,20,5/4/2025,Diarrheal Disease,33,3
HC02669,9,4/28/2024,Diarrheal Disease,21,4
HC02670,9,2/11/2025,Typhoid,35,1
HC02671,20,4/4/2025,Typhoid,16,5
HC02672,10,4/5/2024,Food Poisoning,15,3
HC02673,15,10/9/2024,Food Poisoning,24,2
HC02674,20,5/23/2024,Typhoid,33,4
HC02675,3,7/13/2024,Food Poisoning,2,1
HC02676,9,6/29/2024,Diarrheal Disease,36,1
HC02677,12,2/22/2024,Typhoid,36,1
HC02678,18,6/13/2024,Diarrheal Disease,30,1
HC02679,21,11/11/2025,Diarrheal Disease,34,4
HC02680,17,7/20/2025,Food Poisoning,2,5
HC02681,11,4/16/2024,Food Poisoning,22,2
HC02682,14,10/26/2025,Typhoid,14,3
HC02683,22,5/10/2024,Food Poisoning,5,1
HC02684,17,10/10/2025,Food Poisoning,29,5
HC02685,18,8/28/2025,Diarrheal Disease,23,3
HC02686,15,6/28/2024,Diarrheal Disease,17,5
HC02687,3,11/28/2024,Food Poisoning,7,4
HC02688,1,2/3/2025,Diarrheal Disease,15,4
HC02689,24,8/12/2025,Typhoid,8,5
HC02690,20,11/27/2025,Food Poisoning,5,3
HC02691,12,12/23/2025,Diarrheal Disease,22,2
HC02692,18,2/27/2024,Typhoid,21,1
HC02693,26,5/17/2024,Food Poisoning,20,4
HC02694,23,6/29/2025,Food Poisoning,1,4
HC02695,17,10/20/2025,Food Poisoning,14,3
HC02696,11,2/23/2025,Typhoid,16,2
HC02697,20,5/7/2025,Food Poisoning,28,2
HC02698,15,12/6/2024,Typhoid,19,2
HC02699,11,7/11/2025,Typhoid,25,5
HC02700,8,5/25/2025,Diarrheal Disease,23,1
HC02701,16,7/8/2025,Food Poisoning,21,2
HC02702,18,9/23/2024,Diarrheal Disease,28,4
HC02703,22,5/6/2024,Food Poisoning,17,2
HC02704,18,8/9/2024,Food Poisoning,10,4
HC02705,12,5/25/2025,Typhoid,1,5
HC02706,21,1/7/2025,Diarrheal Disease,4,5
HC02707,18,10/21/2024,Food Poisoning,19,1
HC02708,18,3/12/2024,Food Poisoning,33,1
HC02709,19,6/7/2024,Food Poisoning,5,4
HC02710,9,8/11/2024,Diarrheal Disease,19,4
HC02711,9,4/2/2024,Typhoid,31,2
HC02712,4,5/27/2025,Diarrheal Disease,10,3
HC02713,14,3/21/2025,Typhoid,34,4
HC02714,25,6/19/2025,Diarrheal Disease,4,4
HC02715,6,5/19/2025,Food Poisoning,13,3
HC02716,8,3/23/2025,Food Poisoning,14,1
HC02717,7,9/13/2025,Food Poisoning,39,3
HC02718,17,6/22/2025,Typhoid,16,4
HC02719,24,4/3/2025,Typhoid,4,3
HC02720,25,1/2/2024,Food Poisoning,37,5
HC02721,5,6/10/2025,Diarrheal Disease,17,2
HC02722,26,7/24/2024,Typhoid,32,4
HC02723,25,3/8/2025,Typhoid,26,1
HC02724,4,1/20/2025,Typhoid,28,2
HC02725,10,6/24/2025,Food Poisoning,28,3
HC02726,6,3/7/2024,Diarrheal Disease,27,1
HC02727,10,7/4/2024,Food Poisoning,39,3
HC02728,8,12/7/2024,Food Poisoning,28,3
HC02729,25,11/8/2024,Diarrheal Disease,28,4
HC02730,1,2/6/2024,Diarrheal Disease,39,4
HC02731,12,4/14/2025,Diarrheal Disease,35,2
HC02732,8,12/23/2024,Food Poisoning,33,2
HC02733,1,11/30/2025,Diarrheal Disease,30,2
HC02734,8,1/21/2025,Typhoid,36,5
HC02735,19,1/8/2024,Typhoid,7,4
HC02736,16,9/30/2024,Food Poisoning,2,3
HC02737,18,2/27/2024,Typhoid,7,5
HC02738,20,11/6/2025,Typhoid,36,3
HC02739,7,10/28/2024,Typhoid,8,5
HC02740,11,2/13/2024,Typhoid,16,3
HC02741,3,3/24/2024,Typhoid,20,4
HC02742,6,10/14/2024,Typhoid,35,3
HC02743,10,11/15/2024,Typhoid,26,5
HC02744,13,5/26/2024,Diarrheal Disease,2,3
HC02745,8,5/16/2025,Typhoid,15,2
HC02746,12,3/25/2024,Typhoid,21,3
HC02747,26,6/18/2025,Food Poisoning,33,3
HC02748,24,2/17/2025,Diarrheal Disease,13,1
HC02749,6,8/12/2025,Diarrheal Disease,16,2
HC02750,23,12/28/2024,Typhoid,19,4
HC02751,1,6/27/2025,Diarrheal Disease,27,5
HC02752,22,2/7/2024,Typhoid,3,4
HC02753,13,4/14/2025,Food Poisoning,3,4
HC02754,6,11/1/2024,Diarrheal Disease,2,2
HC02755,19,4/22/2025,Food Poisoning,18,5
HC02756,26,3/10/2025,Diarrheal Disease,14,2
HC02757,18,4/16/2024,Typhoid,10,4
HC02758,25,11/17/2025,Food Poisoning,19,1
HC02759,6,11/30/2024,Food Poisoning,22,1
HC02760,17,2/12/2024,Typhoid,35,2
HC02761,17,1/12/2025,Food Poisoning,18,5
HC02762,8,2/5/2025,Typhoid,24,2
HC02763,3,10/28/2025,Diarrheal Disease,10,4
HC02764,11,3/12/2025,Typhoid,1,2
HC02765,4,3/8/2025,Typhoid,1,5
HC02766,14,5/13/2024,Diarrheal Disease,10,1
HC02767,20,1/29/2024,Typhoid,5,4
HC02768,18,12/2/2024,Food Poisoning,34,3
HC02769,4,10/29/2024,Food Poisoning,33,1
HC02770,22,3/9/2025,Food Poisoning,5,2
HC02771,6,10/21/2024,Typhoid,29,2
HC02772,2,1/24/2025,Diarrheal Disease,9,2
HC02773,3,5/28/2025,Diarrheal Disease,18,3
HC02774,19,2/11/2025,Diarrheal Disease,1,4
HC02775,22,9/23/2024,Typhoid,3,3
HC02776,13,6/3/2024,Typhoid,37,4
HC02777,11,12/31/2024,Typhoid,2,1
HC02778,13,2/20/2025,Food Poisoning,36,5
HC02779,10,8/18/2025,Food Poisoning,30,4
HC02780,11,4/10/2024,Typhoid,4,5
HC02781,15,11/20/2024,Food Poisoning,6,3
HC02782,17,10/10/2025,Diarrheal Disease,10,1
HC02783,19,3/10/2025,Diarrheal Disease,24,2
HC02784,25,7/18/2025,Diarrheal Disease,9,2
HC02785,14,2/28/2024,Typhoid,30,3
HC02786,13,6/5/2024,Typhoid,18,2
HC02787,9,3/14/2025,Typhoid,1,2
HC02788,12,2/16/2025,Food Poisoning,7,1
HC02789,25,3/19/2024,Typhoid,6,1
HC02790,21,7/2/2025,Diarrheal Disease,1,3
HC02791,22,1/8/2024,Typhoid,22,4
HC02792,10,8/26/2025,Food Poisoning,8,3
HC02793,23,10/10/2024,Diarrheal Disease,35,4
HC02794,11,6/20/2025,Diarrheal Disease,2,1
HC02795,23,10/10/2025,Typhoid,27,1
HC02796,10,1/1/2025,Diarrheal Disease,2,5
HC02797,16,3/22/2025,Diarrheal Disease,30,3
HC02798,13,6/2/2024,Diarrheal Disease,36,3
HC02799,1,9/28/2025,Typhoid,21,5
HC02800,12,10/31/2025,Diarrheal Disease,3,2
HC02801,15,6/18/2025,Food Poisoning,1,5
HC02802,2,10/18/2025,Food Poisoning,39,2
HC02803,17,11/8/2025,Food Poisoning,16,1
HC02804,1,2/12/2024,Food Poisoning,36,1
HC02805,16,9/7/2024,Food Poisoning,13,4
HC02806,9,6/11/2024,Diarrheal Disease,16,1
HC02807,20,5/6/2024,Diarrheal Disease,3,1
HC02808,15,1/16/2024,Diarrheal Disease,10,4
HC02809,23,2/12/2025,Food Poisoning,38,1
HC02810,14,8/25/2025,Diarrheal Disease,9,2
HC02811,10,5/8/2024,Food Poisoning,2,4
HC02812,7,11/18/2024,Typhoid,1,3
HC02813,6,8/25/2025,Typhoid,2,3
HC02814,11,4/7/2024,Typhoid,9,3
HC02815,2,6/29/2025,Food Poisoning,21,2
HC02816,10,6/13/2024,Diarrheal Disease,24,2
HC02817,5,3/13/2024,Typhoid,24,1
HC02818,3,1/22/2024,Diarrheal Disease,37,2
HC02819,20,4/13/2025,Typhoid,2,2
HC02820,16,2/26/2024,Typhoid,5,3
HC02821,23,1/19/2025,Food Poisoning,20,5
HC02822,26,7/11/2024,Food Poisoning,25,1
HC02823,2,1/19/2024,Diarrheal Disease,39,4
HC02824,13,2/8/2024,Typhoid,24,2
HC02825,6,10/5/2024,Food Poisoning,8,2
HC02826,26,1/27/2024,Typhoid,5,3
HC02827,5,12/20/2024,Diarrheal Disease,4,2
HC02828,4,7/6/2024,Typhoid,16,5
HC02829,5,7/15/2024,Food Poisoning,31,1
HC02830,8,12/10/2025,Food Poisoning,12,5
HC02831,16,9/21/2024,Diarrheal Disease,24,3
HC02832,26,8/4/2024,Food Poisoning,14,3
HC02833,13,12/22/2024,Food Poisoning,10,2
HC02834,22,10/13/2024,Diarrheal Disease,39,1
HC02835,3,11/12/2024,Typhoid,17,2
HC02836,12,5/7/2024,Food Poisoning,27,3
HC02837,12,10/10/2024,Typhoid,8,1
HC02838,14,2/26/2024,Typhoid,5,5
HC02839,9,7/10/2024,Diarrheal Disease,32,2
HC02840,15,2/2/2024,Food Poisoning,39,4
HC02841,7,8/22/2024,Diarrheal Disease,12,2
HC02842,10,7/23/2024,Typhoid,4,2
HC02843,12,4/27/2025,Typhoid,38,5
HC02844,16,11/3/2024,Diarrheal Disease,6,4
HC02845,2,1/19/2025,Typhoid,3,2
HC02846,25,12/7/2024,Food Poisoning,9,1
HC02847,6,4/28/2025,Diarrheal Disease,29,4
HC02848,26,8/22/2025,Food Poisoning,2,2
HC02849,26,9/29/2024,Food Poisoning,6,4
HC02850,13,3/11/2025,Diarrheal Disease,16,3
HC02851,18,1/7/2024,Food Poisoning,28,4
HC02852,3,1/8/2025,Food Poisoning,7,5
HC02853,4,4/24/2025,Diarrheal Disease,19,2
HC02854,20,11/12/2024,Diarrheal Disease,32,1
HC02855,22,5/12/2025,Typhoid,24,2
HC02856,23,12/12/2024,Diarrheal Disease,38,2
HC02857,7,7/6/2025,Food Poisoning,18,3
HC02858,12,10/21/2024,Typhoid,25,5
HC02859,13,1/28/2024,Typhoid,8,4
HC02860,16,8/9/2025,Typhoid,32,4
HC02861,5,7/26/2025,Typhoid,23,5
HC02862,22,9/9/2025,Food Poisoning,17,4
HC02863,9,2/15/2025,Food Poisoning,16,3
HC02864,12,9/10/2025,Typhoid,36,3
HC02865,15,2/9/2025,Typhoid,20,5
HC02866,26,3/16/2024,Typhoid,5,2
HC02867,11,5/6/2025,Typhoid,5,2
HC02868,10,2/4/2025,Typhoid,22,5
HC02869,7,6/9/2025,Food Poisoning,1,5
HC02870,13,2/3/2024,Food Poisoning,38,1
HC02871,25,6/6/2025,Diarrheal Disease,30,3
HC02872,25,1/27/2025,Food Poisoning,36,1
HC02873,7,8/17/2024,Typhoid,36,1
HC02874,24,8/20/2025,Food Poisoning,1,5
HC02875,12,5/21/2025,Diarrheal Disease,17,4
HC02876,26,7/5/2025,Diarrheal Disease,17,1
HC02877,13,11/5/2024,Typhoid,25,1
HC02878,8,11/22/2025,Food Poisoning,22,2
HC02879,5,4/16/2024,Typhoid,12,2
HC02880,21,4/6/2025,Typhoid,5,4
HC02881,19,4/16/2025,Diarrheal Disease,25,4
HC02882,12,1/5/2024,Diarrheal Disease,24,5
HC02883,3,4/1/2025,Food Poisoning,15,4
HC02884,25,7/6/2024,Food Poisoning,23,2
HC02885,15,2/15/2025,Typhoid,9,3
HC02886,20,5/15/2025,Food Poisoning,10,2
HC02887,17,11/27/2025,Typhoid,8,2
HC02888,15,8/30/2024,Typhoid,25,2
HC02889,7,8/13/2024,Typhoid,34,2
HC02890,25,12/26/2025,Typhoid,39,2
HC02891,13,10/17/2025,Diarrheal Disease,39,1
HC02892,1,1/6/2025,Typhoid,31,1
HC02893,9,2/9/2025,Food Poisoning,35,4
HC02894,15,7/13/2024,Food Poisoning,5,2
HC02895,2,7/5/2025,Typhoid,10,1
HC02896,15,10/6/2024,Diarrheal Disease,1,1
HC02897,17,1/28/2024,Typhoid,24,3
HC02898,5,11/6/2024,Typhoid,25,1
HC02899,22,7/21/2024,Diarrheal Disease,16,4
HC02900,8,3/12/2024,Diarrheal Disease,30,3
HC02901,8,3/20/2025,Typhoid,20,4
HC02902,8,12/31/2025,Diarrheal Disease,37,4
HC02903,7,7/5/2025,Typhoid,22,2
HC02904,25,1/28/2024,Diarrheal Disease,22,2
HC02905,19,7/13/2024,Diarrheal Disease,23,2
HC02906,13,3/20/2024,Diarrheal Disease,14,4
HC02907,23,8/15/2024,Typhoid,26,1
HC02908,13,2/15/2025,Food Poisoning,15,4
HC02909,26,12/15/2025,Diarrheal Disease,39,2
HC02910,22,12/20/2024,Diarrheal Disease,32,3
HC02911,13,5/5/2024,Food Poisoning,1,3
HC02912,22,2/1/2024,Diarrheal Disease,38,1
HC02913,3,10/3/2024,Food Poisoning,39,4
HC02914,11,6/7/2024,Food Poisoning,20,4
HC02915,14,1/28/2025,Typhoid,39,5
HC02916,6,11/7/2025,Food Poisoning,20,1
HC02917,13,11/22/2025,Typhoid,12,3
HC02918,22,3/9/2024,Diarrheal Disease,36,5
HC02919,25,12/6/2024,Diarrheal Disease,26,2
HC02920,25,5/26/2024,Food Poisoning,1,4
HC02921,26,12/21/2024,Diarrheal Disease,37,3
HC02922,6,8/20/2024,Typhoid,38,5
HC02923,15,6/5/2024,Typhoid,22,5
HC02924,4,9/5/2025,Diarrheal Disease,30,4
HC02925,10,10/15/2024,Diarrheal Disease,33,1
HC02926,19,7/9/2025,Food Poisoning,22,4
HC02927,10,10/16/2025,Diarrheal Disease,19,1
HC02928,11,3/19/2025,Food Poisoning,37,5
HC02929,14,5/6/2025,Typhoid,33,4
HC02930,23,1/21/2025,Food Poisoning,6,1
HC02931,26,10/4/2024,Typhoid,22,5
HC02932,24,4/22/2025,Food Poisoning,6,2
HC02933,20,11/1/2025,Typhoid,12,4
HC02934,16,1/27/2024,Food Poisoning,15,5
HC02935,4,8/17/2024,Food Poisoning,18,1
HC02936,17,1/25/2024,Food Poisoning,17,5
HC02937,21,9/14/2024,Diarrheal Disease,15,4
HC02938,3,7/6/2024,Diarrheal Disease,2,3
HC02939,24,4/15/2024,Typhoid,35,4
HC02940,24,6/8/2025,Typhoid,23,4
HC02941,14,11/28/2024,Diarrheal Disease,33,2
HC02942,22,9/8/2025,Typhoid,33,3
HC02943,16,10/4/2024,Food Poisoning,4,1
HC02944,10,8/3/2025,Food Poisoning,9,3
HC02945,13,6/11/2024,Diarrheal Disease,19,1
HC02946,14,8/27/2024,Typhoid,27,2
HC02947,7,6/1/2025,Typhoid,7,4
HC02948,5,4/26/2025,Typhoid,35,3
HC02949,11,10/7/2024,Food Poisoning,8,5
HC02950,20,8/30/2024,Food Poisoning,4,4
HC02951,22,5/28/2024,Diarrheal Disease,13,1
HC02952,5,11/3/2025,Food Poisoning,16,5
HC02953,15,5/9/2024,Food Poisoning,20,2
HC02954,2,12/16/2024,Typhoid,26,1
HC02955,13,12/19/2025,Typhoid,39,4
HC02956,1,10/28/2025,Diarrheal Disease,37,4
HC02957,9,4/19/2025,Typhoid,5,1
HC02958,5,3/27/2024,Typhoid,17,3
HC02959,19,7/25/2024,Diarrheal Disease,13,4
HC02960,18,11/17/2025,Typhoid,34,4
HC02961,23,4/21/2025,Diarrheal Disease,4,4
HC02962,24,12/26/2025,Food Poisoning,39,5
HC02963,16,6/28/2025,Typhoid,22,4
HC02964,11,8/13/2024,Food Poisoning,1,4
HC02965,24,4/27/2025,Typhoid,28,3
HC02966,26,8/13/2025,Diarrheal Disease,13,4
HC02967,1,1/8/2025,Typhoid,16,3
HC02968,24,4/10/2025,Typhoid,37,3
HC02969,2,7/15/2025,Food Poisoning,16,5
HC02970,2,4/13/2024,Typhoid,22,5
HC02971,20,6/21/2025,Diarrheal Disease,33,5
HC02972,8,10/25/2025,Food Poisoning,17,1
HC02973,13,2/2/2024,Food Poisoning,12,5
HC02974,3,9/7/2024,Food Poisoning,9,1
HC02975,16,10/16/2024,Diarrheal Disease,17,2
HC02976,7,9/7/2024,Food Poisoning,12,5
HC02977,9,2/29/2024,Food Poisoning,36,4
HC02978,13,11/4/2025,Diarrheal Disease,18,2
HC02979,6,8/30/2024,Food Poisoning,2,3
HC02980,17,9/16/2024,Diarrheal Disease,4,2
HC02981,2,2/19/2025,Diarrheal Disease,21,3
HC02982,7,10/30/2024,Diarrheal Disease,28,5
HC02983,16,6/29/2024,Food Poisoning,31,1
HC02984,12,9/12/2024,Typhoid,21,5
HC02985,15,7/20/2024,Food Poisoning,16,3
HC02986,15,5/8/2025,Food Poisoning,23,3
HC02987,16,5/24/2024,Diarrheal Disease,33,2
HC02988,11,6/15/2025,Diarrheal Disease,8,4
HC02989,10,3/24/2024,Typhoid,1,3
HC02990,12,10/5/2025,Food Poisoning,21,5
HC02991,5,10/5/2024,Diarrheal Disease,6,5
HC02992,5,7/30/2025,Diarrheal Disease,15,4
HC02993,26,4/22/2025,Food Poisoning,38,3
HC02994,8,7/17/2025,Diarrheal Disease,2,2
HC02995,19,4/2/2025,Food Poisoning,27,4
HC02996,20,6/25/2025,Diarrheal Disease,3,1
HC02997,4,9/10/2024,Diarrheal Disease,30,3
HC02998,11,5/11/2025,Food Poisoning,6,3
HC02999,19,9/4/2024,Typhoid,14,2
HC03000,9,10/4/2025,Typhoid,16,1
HC03001,13,10/29/2024,Diarrheal Disease,23,5
HC03002,14,6/14/2025,Food Poisoning,33,5
HC03003,23,8/28/2025,Typhoid,14,1
HC03004,9,5/27/2024,Diarrheal Disease,14,1
HC03005,21,8/16/2025,Food Poisoning,16,4
HC03006,11,1/21/2025,Typhoid,35,1
HC03007,9,3/2/2024,Food Poisoning,2,3
HC03008,22,3/19/2025,Diarrheal Disease,25,5
HC03009,24,11/23/2025,Food Poisoning,14,4
HC03010,25,5/4/2025,Food Poisoning,31,2
HC03011,21,8/10/2025,Diarrheal Disease,22,4
HC03012,10,7/3/2024,Food Poisoning,35,1
HC03013,1,7/23/2024,Food Poisoning,18,5
HC03014,21,12/22/2025,Diarrheal Disease,2,3
HC03015,17,12/13/2024,Typhoid,22,3
HC03016,22,2/4/2025,Typhoid,10,1
HC03017,2,1/5/2025,Diarrheal Disease,34,4
HC03018,22,7/31/2025,Food Poisoning,17,5
HC03019,15,11/10/2025,Typhoid,14,4
HC03020,15,7/14/2025,Typhoid,27,5
HC03021,19,6/4/2025,Diarrheal Disease,29,3
HC03022,11,8/20/2024,Typhoid,37,3
HC03023,22,2/3/2025,Food Poisoning,21,3
HC03024,11,3/27/2025,Food Poisoning,1,1
HC03025,25,2/15/2025,Diarrheal Disease,27,5
HC03026,3,10/4/2024,Food Poisoning,25,1
HC03027,14,4/24/2025,Food Poisoning,8,4
HC03028,19,9/12/2025,Food Poisoning,10,2
HC03029,10,9/25/2025,Food Poisoning,21,3
HC03030,23,10/13/2025,Diarrheal Disease,23,5
HC03031,15,12/19/2024,Diarrheal Disease,7,2
HC03032,6,12/8/2024,Food Poisoning,24,3
HC03033,8,8/29/2024,Typhoid,19,3
HC03034,8,1/29/2024,Diarrheal Disease,31,3
HC03035,4,11/10/2025,Food Poisoning,39,4
HC03036,4,8/13/2024,Diarrheal Disease,11,4
HC03037,13,7/4/2025,Diarrheal Disease,27,1
HC03038,12,3/20/2024,Typhoid,35,3
HC03039,3,1/29/2025,Typhoid,28,3
HC03040,12,11/2/2024,Food Poisoning,29,2
HC03041,1,6/13/2025,Diarrheal Disease,21,2
HC03042,25,10/25/2024,Diarrheal Disease,10,2
HC03043,8,3/2/2024,Food Poisoning,17,5
HC03044,2,11/13/2024,Typhoid,16,3
HC03045,16,10/6/2025,Typhoid,27,3
HC03046,8,3/1/2024,Diarrheal Disease,18,4
HC03047,5,5/12/2025,Typhoid,25,1
HC03048,12,5/21/2025,Food Poisoning,8,1
HC03049,17,3/25/2024,Food Poisoning,38,5
HC03050,22,4/16/2025,Diarrheal Disease,16,1
HC03051,3,10/26/2024,Typhoid,28,4
HC03052,14,7/19/2025,Typhoid,28,5
HC03053,18,6/15/2024,Typhoid,38,3
HC03054,14,2/17/2025,Food Poisoning,5,1
HC03055,10,10/28/2024,Diarrheal Disease,23,2
HC03056,11,5/15/2025,Typhoid,15,3
HC03057,10,1/12/2024,Diarrheal Disease,27,5
HC03058,9,5/23/2024,Diarrheal Disease,30,2
HC03059,7,9/13/2025,Typhoid,19,4
HC03060,21,6/11/2024,Food Poisoning,6,5
HC03061,16,8/23/2025,Diarrheal Disease,19,3
HC03062,24,6/4/2024,Diarrheal Disease,27,3
HC03063,7,1/12/2025,Food Poisoning,11,5
HC03064,9,3/7/2024,Food Poisoning,34,5
HC03065,2,6/1/2024,Food Poisoning,13,4
HC03066,12,2/7/2025,Diarrheal Disease,12,2
HC03067,8,1/25/2025,Typhoid,10,1
HC03068,3,10/30/2024,Typhoid,10,2
HC03069,18,11/24/2025,Food Poisoning,31,3
HC03070,11,9/9/2025,Food Poisoning,25,4
HC03071,10,5/29/2025,Typhoid,9,4
HC03072,11,1/24/2024,Typhoid,24,5
HC03073,7,3/27/2025,Diarrheal Disease,25,5
HC03074,8,2/29/2024,Diarrheal Disease,17,1
HC03075,23,12/8/2024,Typhoid,9,4
HC03076,2,3/23/2025,Food Poisoning,23,2
HC03077,26,7/21/2024,Diarrheal Disease,33,2
HC03078,6,11/1/2024,Diarrheal Disease,38,5
HC03079,22,8/28/2024,Typhoid,18,1
HC03080,8,3/29/2025,Food Poisoning,31,5
HC03081,14,9/30/2024,Typhoid,24,5
HC03082,19,7/25/2024,Typhoid,38,3
HC03083,9,6/2/2024,Food Poisoning,26,2
HC03084,11,4/19/2024,Diarrheal Disease,13,1
HC03085,25,11/19/2024,Diarrheal Disease,28,3
HC03086,7,10/14/2024,Food Poisoning,25,3
HC03087,25,3/16/2024,Food Poisoning,1,1
HC03088,23,8/27/2025,Diarrheal Disease,12,5
HC03089,7,1/27/2024,Food Poisoning,3,5
HC03090,19,12/12/2025,Food Poisoning,36,1
HC03091,21,5/16/2024,Typhoid,20,2
HC03092,2,10/3/2024,Typhoid,38,5
HC03093,10,5/19/2024,Typhoid,11,1
HC03094,20,4/1/2024,Food Poisoning,30,4
HC03095,17,4/19/2024,Diarrheal Disease,32,5
HC03096,14,4/16/2025,Diarrheal Disease,24,4
HC03097,6,11/10/2025,Typhoid,17,5
HC03098,15,4/11/2024,Food Poisoning,19,3
HC03099,25,2/6/2024,Food Poisoning,12,3
HC03100,10,3/20/2024,Food Poisoning,26,3
HC03101,12,4/27/2024,Food Poisoning,5,5
HC03102,18,4/5/2025,Food Poisoning,30,4
HC03103,23,11/18/2024,Food Poisoning,38,5
HC03104,25,11/25/2024,Typhoid,2,5
HC03105,14,12/22/2024,Food Poisoning,28,2
HC03106,15,11/19/2025,Food Poisoning,35,2
HC03107,8,1/1/2025,Diarrheal Disease,27,2
HC03108,25,10/11/2025,Diarrheal Disease,25,4
HC03109,8,1/20/2025,Food Poisoning,7,3
HC03110,1,5/30/2024,Typhoid,15,4
HC03111,5,4/24/2025,Typhoid,14,5
HC03112,1,12/26/2025,Typhoid,17,3
HC03113,2,5/7/2025,Food Poisoning,21,1
HC03114,23,7/28/2024,Typhoid,25,4
HC03115,9,2/18/2025,Diarrheal Disease,37,4
HC03116,21,12/10/2024,Diarrheal Disease,10,3
HC03117,10,6/1/2024,Diarrheal Disease,7,2
HC03118,25,6/13/2024,Typhoid,6,2
HC03119,14,4/4/2024,Food Poisoning,16,1
HC03120,6,11/21/2025,Diarrheal Disease,7,5
HC03121,8,9/14/2024,Typhoid,19,5
HC03122,13,3/15/2024,Typhoid,11,5
HC03123,25,4/12/2025,Typhoid,22,4
HC03124,6,2/2/2024,Diarrheal Disease,15,5
HC03125,25,3/23/2024,Food Poisoning,29,3
HC03126,15,7/9/2024,Food Poisoning,26,4
HC03127,19,3/19/2025,Food Poisoning,14,3
HC03128,7,7/2/2024,Diarrheal Disease,23,2
HC03129,1,9/11/2025,Food Poisoning,8,1
HC03130,5,10/1/2024,Typhoid,8,2
HC03131,16,3/13/2024,Food Poisoning,25,3
HC03132,2,10/1/2025,Typhoid,18,4
HC03133,25,10/30/2025,Typhoid,29,4
HC03134,9,9/21/2024,Typhoid,15,1
HC03135,2,11/13/2024,Diarrheal Disease,26,2
HC03136,9,10/27/2024,Diarrheal Disease,20,1
HC03137,12,6/4/2024,Food Poisoning,14,2
HC03138,16,7/4/2025,Food Poisoning,12,5
HC03139,19,9/8/2024,Typhoid,25,3
HC03140,21,6/23/2024,Diarrheal Disease,15,2
HC03141,4,3/11/2024,Food Poisoning,30,5
HC03142,12,7/7/2025,Food Poisoning,27,1
HC03143,17,5/26/2025,Diarrheal Disease,19,3
HC03144,6,2/14/2025,Typhoid,32,3
HC03145,7,4/1/2024,Diarrheal Disease,36,5
HC03146,6,5/25/2025,Food Poisoning,25,2
HC03147,21,7/8/2025,Food Poisoning,2,5
HC03148,22,6/15/2024,Diarrheal Disease,24,5
HC03149,24,6/14/2024,Diarrheal Disease,26,5
HC03150,22,11/22/2025,Typhoid,21,1
HC03151,20,5/14/2024,Food Poisoning,1,3
HC03152,1,3/6/2025,Diarrheal Disease,33,4
HC03153,18,6/25/2025,Typhoid,17,2
HC03154,14,7/18/2024,Typhoid,28,4
HC03155,6,8/17/2025,Typhoid,21,4
HC03156,13,10/17/2024,Diarrheal Disease,35,3
HC03157,19,6/6/2024,Diarrheal Disease,1,4
HC03158,1,1/22/2024,Diarrheal Disease,3,5
HC03159,19,8/26/2025,Diarrheal Disease,20,4
HC03160,5,1/25/2025,Food Poisoning,15,4
HC03161,25,11/25/2024,Diarrheal Disease,14,4
HC03162,8,6/12/2025,Typhoid,33,2
HC03163,18,7/30/2024,Diarrheal Disease,6,2
HC03164,6,5/10/2024,Food Poisoning,31,5
HC03165,5,11/1/2024,Diarrheal Disease,34,1
HC03166,12,3/17/2025,Typhoid,12,2
HC03167,1,9/26/2025,Food Poisoning,34,3
HC03168,17,8/6/2024,Diarrheal Disease,37,5
HC03169,6,11/22/2025,Diarrheal Disease,7,4
HC03170,24,7/18/2025,Typhoid,25,4
HC03171,23,11/10/2025,Diarrheal Disease,14,2
HC03172,7,10/3/2024,Typhoid,27,2
HC03173,15,6/18/2025,Typhoid,12,2
HC03174,4,10/9/2024,Food Poisoning,38,2
HC03175,21,1/5/2024,Diarrheal Disease,10,4
HC03176,20,8/25/2025,Typhoid,33,3
HC03177,4,9/7/2024,Food Poisoning,31,5
HC03178,15,5/29/2025,Food Poisoning,24,1
HC03179,17,12/18/2024,Typhoid,6,2
HC03180,8,6/6/2025,Food Poisoning,30,3
HC03181,15,2/8/2025,Typhoid,35,2
HC03182,1,8/8/2024,Diarrheal Disease,17,3
HC03183,25,11/28/2025,Food Poisoning,4,4
HC03184,2,4/22/2024,Typhoid,34,4
HC03185,16,2/4/2024,Food Poisoning,33,4
HC03186,24,7/28/2024,Food Poisoning,28,4
HC03187,9,12/20/2024,Diarrheal Disease,39,4
HC03188,14,12/3/2024,Food Poisoning,38,5
HC03189,18,9/4/2024,Food Poisoning,7,2
HC03190,9,2/7/2025,Food Poisoning,21,3
HC03191,3,3/19/2025,Diarrheal Disease,29,2
HC03192,10,11/14/2025,Diarrheal Disease,28,2
HC03193,21,11/23/2025,Diarrheal Disease,2,2
HC03194,20,11/10/2024,Typhoid,1,1
HC03195,25,3/11/2024,Diarrheal Disease,7,4
HC03196,22,2/4/2025,Diarrheal Disease,1,3
HC03197,8,5/7/2024,Food Poisoning,6,4
HC03198,19,7/27/2025,Typhoid,15,4
HC03199,2,1/7/2025,Diarrheal Disease,26,1
HC03200,10,1/9/2025,Diarrheal Disease,8,1
HC03201,6,12/14/2025,Diarrheal Disease,23,5
HC03202,19,2/25/2025,Diarrheal Disease,8,1
HC03203,24,9/1/2024,Food Poisoning,28,2
HC03204,25,11/11/2025,Food Poisoning,29,2
HC03205,2,9/5/2025,Diarrheal Disease,3,5
HC03206,22,3/6/2024,Typhoid,9,4
HC03207,5,12/26/2025,Diarrheal Disease,11,2
HC03208,10,1/24/2025,Typhoid,26,3
HC03209,23,2/11/2024,Food Poisoning,8,2
HC03210,12,10/12/2024,Typhoid,25,2
HC03211,25,5/28/2025,Diarrheal Disease,37,4
HC03212,9,12/28/2025,Diarrheal Disease,4,4
HC03213,23,10/31/2025,Typhoid,10,5
HC03214,23,1/20/2024,Typhoid,23,3
HC03215,22,8/15/2024,Typhoid,32,2
HC03216,8,10/26/2024,Typhoid,33,4
HC03217,22,3/27/2024,Food Poisoning,13,3
HC03218,18,11/22/2024,Food Poisoning,19,2
HC03219,20,4/22/2025,Typhoid,37,4
HC03220,20,3/4/2024,Typhoid,18,5
HC03221,25,2/4/2025,Food Poisoning,11,2
HC03222,4,1/29/2025,Typhoid,30,1
HC03223,23,10/9/2024,Food Poisoning,15,3
HC03224,17,3/29/2025,Typhoid,16,2
HC03225,9,9/28/2024,Typhoid,37,5
HC03226,15,3/4/2024,Typhoid,16,5
HC03227,23,5/15/2025,Food Poisoning,15,4
HC03228,12,5/13/2024,Typhoid,18,5
HC03229,3,7/26/2024,Diarrheal Disease,39,5
HC03230,23,6/1/2025,Food Poisoning,6,5
HC03231,1,3/9/2024,Typhoid,35,5
HC03232,3,3/3/2025,Diarrheal Disease,33,3
HC03233,3,11/27/2024,Food Poisoning,26,4
HC03234,11,5/22/2025,Diarrheal Disease,35,4
HC03235,12,6/4/2025,Diarrheal Disease,8,4
HC03236,19,6/29/2025,Typhoid,1,2
HC03237,20,4/4/2025,Typhoid,24,1
HC03238,14,9/30/2025,Typhoid,31,2
HC03239,8,5/6/2025,Typhoid,2,5
HC03240,23,6/24/2025,Typhoid,34,1
HC03241,12,7/13/2024,Diarrheal Disease,3,2
HC03242,25,6/30/2025,Food Poisoning,27,2
HC03243,19,7/30/2024,Diarrheal Disease,10,4
HC03244,14,8/14/2024,Diarrheal Disease,34,1
HC03245,16,1/14/2025,Food Poisoning,30,3
HC03246,22,8/4/2025,Food Poisoning,27,3
HC03247,7,6/12/2024,Diarrheal Disease,12,5
HC03248,16,12/17/2024,Typhoid,23,2
HC03249,7,4/3/2025,Diarrheal Disease,34,1
HC03250,15,4/10/2024,Diarrheal Disease,8,2
HC03251,14,10/5/2025,Food Poisoning,29,3
HC03252,15,6/10/2025,Diarrheal Disease,31,3
HC03253,14,5/30/2025,Food Poisoning,17,1
HC03254,25,7/14/2024,Food Poisoning,38,2
HC03255,24,3/5/2025,Typhoid,16,3
HC03256,2,1/19/2025,Food Poisoning,33,1
HC03257,15,7/17/2024,Typhoid,32,4
HC03258,4,2/17/2024,Food Poisoning,25,1
HC03259,16,11/16/2024,Typhoid,31,5
HC03260,16,3/20/2024,Food Poisoning,27,5
HC03261,16,9/15/2024,Diarrheal Disease,13,4
HC03262,15,4/25/2025,Typhoid,22,1
HC03263,8,1/28/2025,Food Poisoning,13,5
HC03264,22,6/10/2025,Food Poisoning,37,4
HC03265,3,1/17/2024,Diarrheal Disease,20,4
HC03266,11,10/10/2025,Diarrheal Disease,21,2
HC03267,14,2/7/2025,Food Poisoning,10,5
HC03268,19,3/25/2024,Diarrheal Disease,25,2
HC03269,4,4/14/2024,Typhoid,38,5
HC03270,25,5/17/2025,Typhoid,22,3
HC03271,8,3/3/2024,Typhoid,33,1
HC03272,21,11/17/2024,Diarrheal Disease,7,3
HC03273,18,4/12/2025,Typhoid,37,4
HC03274,23,9/6/2025,Diarrheal Disease,14,2
HC03275,13,5/4/2025,Typhoid,38,2
HC03276,16,3/16/2024,Diarrheal Disease,37,5
HC03277,17,9/21/2024,Diarrheal Disease,35,5
HC03278,3,6/30/2025,Diarrheal Disease,34,4
HC03279,26,10/1/2024,Typhoid,28,1
HC03280,11,11/30/2024,Typhoid,3,5
HC03281,13,3/16/2025,Typhoid,7,2
HC03282,17,6/5/2024,Food Poisoning,25,3
HC03283,23,1/22/2025,Food Poisoning,11,3
HC03284,3,11/21/2025,Typhoid,33,1
HC03285,19,1/31/2025,Diarrheal Disease,16,5
HC03286,23,7/19/2025,Typhoid,22,1
HC03287,12,8/19/2025,Food Poisoning,34,2
HC03288,17,1/28/2024,Typhoid,3,4
HC03289,23,5/25/2025,Typhoid,19,4
HC03290,22,8/7/2024,Typhoid,30,5
HC03291,6,3/19/2025,Typhoid,20,4
HC03292,5,6/30/2024,Typhoid,15,4
HC03293,8,5/5/2025,Typhoid,32,1
HC03294,11,10/3/2024,Food Poisoning,17,4
HC03295,24,1/8/2025,Diarrheal Disease,27,4
HC03296,24,11/27/2025,Typhoid,16,2
HC03297,13,2/19/2025,Diarrheal Disease,3,5
HC03298,5,3/28/2025,Diarrheal Disease,24,2
HC03299,8,2/15/2025,Typhoid,17,5
HC03300,10,11/22/2024,Food Poisoning,7,5
HC03301,12,5/7/2024,Typhoid,24,5
HC03302,13,10/12/2024,Diarrheal Disease,22,3
HC03303,21,2/28/2025,Typhoid,11,4
HC03304,1,11/27/2025,Food Poisoning,23,1
HC03305,25,3/16/2024,Food Poisoning,37,5
HC03306,6,11/26/2024,Typhoid,37,3
HC03307,24,10/23/2025,Typhoid,1,5
HC03308,15,11/15/2025,Diarrheal Disease,24,5
HC03309,5,6/19/2025,Diarrheal Disease,39,3
HC03310,15,11/3/2025,Diarrheal Disease,19,3
HC03311,20,5/4/2025,Diarrheal Disease,5,1
HC03312,23,11/24/2024,Typhoid,21,5
HC03313,23,1/5/2024,Typhoid,6,1
HC03314,9,7/21/2025,Typhoid,9,5
HC03315,17,9/18/2024,Typhoid,8,3
HC03316,22,1/21/2025,Diarrheal Disease,18,5
HC03317,25,7/9/2024,Food Poisoning,37,3
HC03318,3,11/18/2025,Diarrheal Disease,11,3
HC03319,2,10/30/2024,Diarrheal Disease,34,1
HC03320,26,6/27/2025,Typhoid,37,4
HC03321,8,7/29/2024,Typhoid,23,4
HC03322,23,5/24/2024,Diarrheal Disease,8,1
HC03323,6,12/1/2025,Diarrheal Disease,4,5
HC03324,4,12/17/2024,Food Poisoning,26,1
HC03325,16,8/11/2024,Diarrheal Disease,18,3
HC03326,26,3/10/2024,Diarrheal Disease,1,5
HC03327,14,10/17/2025,Diarrheal Disease,22,3
HC03328,26,1/28/2025,Food Poisoning,1,5
HC03329,3,10/7/2024,Typhoid,12,4
HC03330,24,10/22/2024,Typhoid,19,2
HC03331,24,12/4/2025,Typhoid,26,1
HC03332,23,4/24/2025,Food Poisoning,29,1
HC03333,6,4/4/2025,Diarrheal Disease,9,4
HC03334,26,4/25/2024,Food Poisoning,33,4
HC03335,20,7/1/2025,Food Poisoning,24,4
HC03336,26,4/25/2024,Diarrheal Disease,6,5
HC03337,16,9/17/2024,Diarrheal Disease,11,1
HC03338,19,8/7/2024,Diarrheal Disease,12,5
HC03339,10,7/12/2025,Diarrheal Disease,38,3
HC03340,21,11/11/2024,Typhoid,35,2
HC03341,26,1/17/2024,Food Poisoning,10,2
HC03342,4,6/26/2024,Typhoid,33,1
HC03343,23,12/16/2024,Diarrheal Disease,9,4
HC03344,24,3/9/2024,Diarrheal Disease,29,4
HC03345,26,10/31/2024,Diarrheal Disease,29,5
HC03346,19,5/4/2025,Typhoid,5,5
HC03347,19,6/28/2024,Food Poisoning,6,1
HC03348,11,7/25/2024,Food Poisoning,26,2
HC03349,1,1/8/2024,Food Poisoning,1,2
HC03350,15,8/5/2025,Diarrheal Disease,23,5
HC03351,5,8/22/2024,Food Poisoning,16,1
HC03352,17,2/26/2025,Diarrheal Disease,4,4
HC03353,14,6/28/2025,Food Poisoning,36,4
HC03354,14,5/17/2024,Typhoid,4,3
HC03355,9,1/29/2024,Food Poisoning,13,3
HC03356,19,6/29/2025,Diarrheal Disease,22,1
HC03357,4,3/13/2025,Diarrheal Disease,20,5
HC03358,6,2/27/2025,Typhoid,19,2
HC03359,13,8/6/2024,Diarrheal Disease,6,2
HC03360,18,9/10/2024,Typhoid,3,4
HC03361,10,10/7/2025,Typhoid,3,4
HC03362,11,3/18/2024,Typhoid,27,4
HC03363,19,5/26/2024,Diarrheal Disease,28,5
HC03364,7,7/23/2024,Typhoid,20,1
HC03365,11,8/27/2024,Typhoid,15,4
HC03366,10,3/17/2025,Diarrheal Disease,19,1
HC03367,13,7/31/2024,Typhoid,28,3
HC03368,7,8/19/2025,Food Poisoning,2,1
HC03369,16,12/18/2025,Diarrheal Disease,37,4
HC03370,6,9/5/2024,Diarrheal Disease,21,5
HC03371,12,11/17/2025,Diarrheal Disease,7,3
HC03372,1,3/26/2025,Food Poisoning,32,1
HC03373,10,9/5/2025,Diarrheal Disease,13,4
HC03374,1,12/19/2024,Typhoid,38,2
HC03375,13,1/2/2024,Diarrheal Disease,23,3
HC03376,10,6/18/2024,Food Poisoning,37,1
HC03377,20,2/17/2024,Food Poisoning,33,5
HC03378,8,2/20/2024,Food Poisoning,32,2
HC03379,14,10/25/2024,Diarrheal Disease,33,5
HC03380,16,8/18/2025,Food Poisoning,30,1
HC03381,17,6/1/2024,Typhoid,6,1
HC03382,16,10/25/2024,Food Poisoning,38,1
HC03383,17,2/3/2024,Food Poisoning,2,4
HC03384,22,10/26/2025,Diarrheal Disease,37,1
HC03385,26,4/20/2024,Food Poisoning,31,4
HC03386,22,11/20/2024,Typhoid,5,5
HC03387,16,9/14/2025,Typhoid,12,1
HC03388,23,12/31/2024,Diarrheal Disease,8,1
HC03389,2,11/13/2024,Typhoid,29,5
HC03390,11,10/17/2024,Food Poisoning,1,4
HC03391,16,9/2/2025,Typhoid,1,1
HC03392,11,7/7/2025,Typhoid,2,3
HC03393,25,9/3/2024,Diarrheal Disease,32,5
HC03394,26,11/23/2025,Food Poisoning,20,3
HC03395,8,6/15/2024,Diarrheal Disease,11,2
HC03396,13,12/18/2024,Typhoid,23,3
HC03397,4,3/21/2025,Diarrheal Disease,16,3
HC03398,20,10/11/2025,Food Poisoning,30,4
HC03399,11,7/13/2025,Food Poisoning,24,4
HC03400,8,6/11/2025,Typhoid,15,1
HC03401,23,5/28/2025,Typhoid,2,3
HC03402,14,10/2/2025,Typhoid,12,2
HC03403,24,4/30/2024,Food Poisoning,14,1
HC03404,18,6/4/2025,Typhoid,12,1
HC03405,17,11/26/2024,Diarrheal Disease,2,5
HC03406,3,6/9/2024,Diarrheal Disease,21,1
HC03407,17,7/28/2024,Food Poisoning,36,5
HC03408,6,7/11/2025,Diarrheal Disease,19,4
HC03409,26,4/26/2025,Typhoid,8,2
HC03410,22,5/3/2025,Diarrheal Disease,22,2
HC03411,15,2/22/2024,Food Poisoning,10,3
HC03412,7,3/8/2024,Typhoid,37,4
HC03413,25,11/2/2025,Typhoid,36,1
HC03414,10,10/14/2024,Typhoid,17,2
HC03415,17,10/8/2024,Food Poisoning,1,2
HC03416,13,6/19/2024,Typhoid,25,5
HC03417,7,5/11/2024,Typhoid,26,4
HC03418,23,5/16/2024,Typhoid,26,5
HC03419,25,7/18/2025,Typhoid,13,4
HC03420,1,10/30/2024,Diarrheal Disease,32,1
HC03421,21,4/28/2025,Typhoid,2,2
HC03422,3,5/26/2024,Food Poisoning,22,1
HC03423,23,4/24/2024,Typhoid,31,4
HC03424,15,11/24/2024,Typhoid,12,4
HC03425,18,7/6/2024,Food Poisoning,4,2
HC03426,13,6/4/2025,Diarrheal Disease,38,3
HC03427,18,11/27/2025,Diarrheal Disease,21,4
HC03428,4,2/13/2025,Food Poisoning,23,4
HC03429,17,9/14/2025,Diarrheal Disease,20,3
HC03430,6,5/26/2024,Typhoid,24,3
HC03431,1,7/8/2024,Food Poisoning,22,3
HC03432,17,10/28/2025,Typhoid,13,1
HC03433,16,11/23/2025,Typhoid,10,5
HC03434,24,12/20/2025,Typhoid,20,1
HC03435,16,9/8/2024,Typhoid,16,4
HC03436,8,4/28/2024,Diarrheal Disease,33,2
HC03437,24,9/11/2025,Diarrheal Disease,33,2
HC03438,10,5/13/2024,Diarrheal Disease,22,4
HC03439,23,11/19/2024,Food Poisoning,11,1
HC03440,8,4/16/2025,Diarrheal Disease,24,4
HC03441,24,7/20/2025,Food Poisoning,4,4
HC03442,12,4/1/2024,Diarrheal Disease,22,1
HC03443,12,7/9/2024,Food Poisoning,13,3
HC03444,16,2/14/2025,Typhoid,31,5
HC03445,10,3/15/2024,Diarrheal Disease,25,4
HC03446,3,6/2/2025,Typhoid,3,5
HC03447,11,1/22/2025,Food Poisoning,30,1
HC03448,24,7/5/2025,Typhoid,4,4
HC03449,14,1/8/2025,Diarrheal Disease,26,2
HC03450,4,6/28/2025,Typhoid,13,5
HC03451,13,6/20/2025,Diarrheal Disease,4,3
HC03452,8,12/4/2024,Food Poisoning,1,1
HC03453,18,1/22/2025,Diarrheal Disease,26,5
HC03454,15,6/26/2024,Diarrheal Disease,10,2
HC03455,20,1/10/2025,Diarrheal Disease,24,5
HC03456,22,7/24/2025,Diarrheal Disease,21,5
HC03457,7,11/30/2025,Diarrheal Disease,37,5
HC03458,19,12/19/2024,Diarrheal Disease,31,3
HC03459,2,6/25/2025,Diarrheal Disease,38,1
HC03460,4,3/27/2025,Food Poisoning,38,2
HC03461,19,5/25/2025,Typhoid,1,2
HC03462,7,7/3/2024,Typhoid,13,1
HC03463,11,11/10/2025,Typhoid,6,5
HC03464,9,1/25/2025,Typhoid,29,2
HC03465,17,3/12/2025,Typhoid,20,3
HC03466,6,12/25/2025,Food Poisoning,15,2
HC03467,11,1/14/2025,Diarrheal Disease,36,3
HC03468,17,7/1/2024,Food Poisoning,16,2
HC03469,21,5/4/2025,Diarrheal Disease,15,1
HC03470,12,2/22/2024,Diarrheal Disease,35,5
HC03471,15,3/19/2025,Food Poisoning,20,5
HC03472,21,9/8/2024,Typhoid,33,1
HC03473,24,6/3/2024,Typhoid,34,3
HC03474,12,2/22/2025,Food Poisoning,2,3
HC03475,18,11/12/2025,Typhoid,21,1
HC03476,9,6/3/2024,Food Poisoning,8,2
HC03477,3,9/4/2025,Typhoid,27,3
HC03478,23,3/19/2024,Food Poisoning,31,4
HC03479,7,5/17/2024,Diarrheal Disease,8,1
HC03480,7,3/4/2024,Food Poisoning,18,3
HC03481,4,9/20/2025,Food Poisoning,31,3
HC03482,5,3/14/2024,Food Poisoning,17,4
HC03483,13,12/30/2024,Diarrheal Disease,36,3
HC03484,17,2/5/2025,Diarrheal Disease,2,2
HC03485,14,1/20/2025,Food Poisoning,14,1
HC03486,20,5/2/2025,Diarrheal Disease,37,4
HC03487,7,2/16/2024,Typhoid,27,4
HC03488,9,10/24/2024,Diarrheal Disease,36,5
HC03489,4,12/12/2024,Diarrheal Disease,32,3
HC03490,21,10/19/2025,Typhoid,8,2
HC03491,10,8/24/2025,Diarrheal Disease,32,3
HC03492,25,7/9/2024,Typhoid,29,2
HC03493,10,7/18/2024,Diarrheal Disease,14,2
HC03494,8,7/9/2024,Typhoid,2,4
HC03495,18,12/5/2024,Diarrheal Disease,39,3
HC03496,9,5/7/2025,Food Poisoning,18,2
HC03497,2,2/18/2024,Food Poisoning,1,3
HC03498,6,11/14/2024,Diarrheal Disease,38,1
HC03499,1,2/12/2024,Diarrheal Disease,12,1
HC03500,14,11/18/2024,Diarrheal Disease,8,2
HC03501,21,2/3/2024,Food Poisoning,19,4
HC03502,4,1/7/2024,Food Poisoning,10,4
HC03503,14,4/16/2025,Typhoid,20,5
HC03504,2,4/6/2025,Diarrheal Disease,11,2
HC03505,15,12/29/2025,Food Poisoning,6,2
HC03506,11,12/23/2024,Food Poisoning,35,2
HC03507,2,1/4/2024,Typhoid,18,1
HC03508,5,10/4/2025,Diarrheal Disease,28,3
HC03509,19,5/12/2025,Food Poisoning,20,4
HC03510,24,5/23/2024,Typhoid,1,4
HC03511,5,4/21/2025,Food Poisoning,39,2
HC03512,24,4/30/2024,Typhoid,23,3
HC03513,6,5/28/2024,Diarrheal Disease,1,2
HC03514,26,4/5/2025,Typhoid,2,4
HC03515,17,9/17/2025,Typhoid,25,1
HC03516,20,7/28/2025,Diarrheal Disease,15,5
HC03517,14,7/20/2024,Typhoid,20,2
HC03518,22,10/19/2024,Food Poisoning,6,5
HC03519,22,8/14/2025,Food Poisoning,31,3
HC03520,18,11/5/2024,Diarrheal Disease,6,2
HC03521,22,11/12/2025,Food Poisoning,24,3
HC03522,5,6/29/2025,Food Poisoning,19,1
HC03523,16,8/22/2025,Food Poisoning,13,1
HC03524,23,4/13/2025,Food Poisoning,9,5
HC03525,16,1/19/2024,Typhoid,20,1
HC03526,17,2/17/2025,Food Poisoning,30,1
HC03527,15,7/26/2025,Typhoid,18,1
HC03528,12,1/29/2025,Diarrheal Disease,23,1
HC03529,23,9/19/2025,Food Poisoning,39,1
HC03530,12,1/11/2024,Typhoid,23,3
HC03531,20,8/15/2024,Typhoid,4,4
HC03532,2,11/4/2024,Food Poisoning,2,3
HC03533,11,4/20/2024,Food Poisoning,15,5
HC03534,14,3/22/2025,Typhoid,31,4
HC03535,18,6/12/2025,Typhoid,37,2
HC03536,10,12/22/2025,Diarrheal Disease,28,4
HC03537,22,11/6/2024,Diarrheal Disease,22,1
HC03538,3,2/7/2024,Diarrheal Disease,25,2
HC03539,20,10/15/2025,Food Poisoning,2,1
HC03540,25,6/10/2024,Food Poisoning,12,5
HC03541,5,1/10/2024,Diarrheal Disease,5,2
HC03542,15,2/12/2024,Typhoid,8,4
HC03543,5,6/24/2025,Food Poisoning,33,2
HC03544,19,3/3/2025,Food Poisoning,13,3
HC03545,21,6/25/2024,Food Poisoning,39,1
HC03546,1,11/14/2024,Diarrheal Disease,7,4
HC03547,15,8/7/2024,Diarrheal Disease,23,4
HC03548,14,8/4/2025,Food Poisoning,37,4
HC03549,17,8/8/2025,Food Poisoning,28,3
HC03550,19,2/16/2025,Diarrheal Disease,23,5
HC03551,15,9/11/2024,Food Poisoning,20,1
HC03552,3,4/13/2025,Diarrheal Disease,23,4
HC03553,17,4/1/2024,Diarrheal Disease,3,3
HC03554,8,9/27/2025,Food Poisoning,2,2
HC03555,18,11/29/2024,Typhoid,5,1
HC03556,23,1/29/2024,Diarrheal Disease,5,3
HC03557,12,9/24/2025,Food Poisoning,5,3
HC03558,25,6/26/2024,Diarrheal Disease,24,3
HC03559,6,7/5/2024,Diarrheal Disease,38,4
HC03560,15,5/28/2024,Typhoid,18,2
HC03561,17,2/26/2025,Typhoid,12,4
HC03562,5,7/15/2024,Diarrheal Disease,29,2
HC03563,4,6/1/2024,Food Poisoning,22,2
HC03564,25,2/26/2025,Food Poisoning,36,2
HC03565,16,6/30/2025,Food Poisoning,24,2
HC03566,2,11/17/2024,Food Poisoning,1,1
HC03567,18,10/18/2024,Diarrheal Disease,15,3
HC03568,5,6/18/2024,Typhoid,29,1
HC03569,19,3/26/2025,Typhoid,36,5
HC03570,15,7/12/2025,Typhoid,27,4
HC03571,13,2/8/2024,Food Poisoning,38,5
HC03572,5,9/4/2024,Food Poisoning,21,2
HC03573,26,7/30/2024,Food Poisoning,21,5
HC03574,19,5/3/2025,Food Poisoning,24,3
HC03575,12,3/21/2025,Food Poisoning,32,5
HC03576,8,11/4/2024,Typhoid,32,2
HC03577,9,3/10/2024,Diarrheal Disease,33,3
HC03578,23,12/7/2025,Food Poisoning,23,5
HC03579,7,3/18/2024,Diarrheal Disease,13,2
HC03580,15,12/22/2025,Food Poisoning,37,1
HC03581,7,6/23/2025,Food Poisoning,7,2
HC03582,14,1/1/2024,Typhoid,7,3
HC03583,7,6/17/2025,Diarrheal Disease,6,1
HC03584,20,5/21/2025,Diarrheal Disease,23,4
HC03585,17,9/24/2024,Diarrheal Disease,31,5
HC03586,16,1/10/2025,Food Poisoning,3,2
HC03587,25,9/16/2024,Diarrheal Disease,38,5
HC03588,6,10/3/2024,Typhoid,29,3
HC03589,18,5/13/2025,Typhoid,13,2
HC03590,26,11/24/2024,Food Poisoning,19,4
HC03591,17,10/8/2024,Typhoid,12,4
HC03592,10,5/8/2024,Typhoid,31,2
HC03593,1,2/9/2024,Food Poisoning,21,1
HC03594,8,8/7/2025,Food Poisoning,13,5
HC03595,16,8/12/2024,Diarrheal Disease,15,5
HC03596,7,10/5/2025,Diarrheal Disease,7,2
HC03597,14,11/15/2024,Diarrheal Disease,38,4
HC03598,9,1/13/2025,Food Poisoning,6,2
HC03599,20,2/20/2025,Food Poisoning,9,3
HC03600,18,12/4/2024,Typhoid,2,2
HC03601,22,10/26/2025,Food Poisoning,20,2
HC03602,8,11/25/2025,Food Poisoning,28,5
HC03603,11,10/29/2025,Food Poisoning,1,2
HC03604,25,8/2/2025,Diarrheal Disease,33,1
HC03605,25,4/13/2024,Typhoid,36,5
HC03606,7,9/4/2024,Food Poisoning,10,1
HC03607,18,5/21/2025,Food Poisoning,23,4
HC03608,23,6/24/2025,Food Poisoning,39,3
HC03609,22,10/11/2024,Typhoid,2,3
HC03610,12,4/20/2025,Typhoid,17,3
HC03611,21,11/21/2025,Typhoid,34,1
HC03612,26,11/13/2024,Diarrheal Disease,5,2
HC03613,3,6/10/2024,Food Poisoning,21,1
HC03614,24,3/9/2024,Typhoid,3,5
HC03615,16,10/27/2024,Food Poisoning,34,5
HC03616,18,7/3/2025,Food Poisoning,38,2
HC03617,18,3/17/2024,Food Poisoning,8,2
HC03618,19,2/21/2025,Typhoid,3,5
HC03619,11,4/13/2025,Typhoid,32,5
HC03620,3,1/26/2025,Food Poisoning,35,2
HC03621,2,8/1/2025,Diarrheal Disease,20,5
HC03622,25,10/24/2024,Typhoid,17,1
HC03623,3,11/2/2024,Diarrheal Disease,1,2
HC03624,4,12/14/2024,Food Poisoning,22,4
HC03625,21,3/16/2024,Food Poisoning,4,4
HC03626,23,11/17/2025,Typhoid,30,1
HC03627,6,9/16/2024,Food Poisoning,10,2
HC03628,2,11/7/2024,Food Poisoning,24,3
HC03629,17,2/2/2025,Typhoid,19,4
HC03630,18,2/26/2025,Typhoid,24,1
HC03631,11,3/7/2024,Diarrheal Disease,32,3
HC03632,16,9/6/2025,Food Poisoning,12,5
HC03633,6,1/4/2025,Diarrheal Disease,31,5
HC03634,2,5/1/2024,Food Poisoning,17,1
HC03635,24,12/12/2025,Diarrheal Disease,16,1
HC03636,25,10/23/2025,Food Poisoning,9,5
HC03637,10,6/17/2024,Typhoid,38,5
HC03638,8,7/30/2024,Typhoid,20,5
HC03639,18,8/23/2024,Typhoid,22,3
HC03640,4,7/21/2025,Diarrheal Disease,28,1
HC03641,1,7/4/2025,Food Poisoning,33,5
HC03642,25,9/18/2024,Diarrheal Disease,23,4
HC03643,7,5/11/2025,Food Poisoning,4,4
HC03644,1,6/29/2025,Diarrheal Disease,6,2
HC03645,17,12/11/2024,Food Poisoning,3,1
HC03646,23,6/18/2025,Food Poisoning,35,1
HC03647,6,4/23/2025,Typhoid,26,3
HC03648,10,8/7/2025,Typhoid,12,1
HC03649,8,9/13/2024,Typhoid,28,1
HC03650,1,2/20/2025,Food Poisoning,7,4
HC03651,5,12/21/2025,Food Poisoning,18,1
HC03652,17,11/23/2024,Diarrheal Disease,1,5
HC03653,5,10/15/2025,Food Poisoning,19,1
HC03654,13,2/13/2025,Typhoid,11,2
HC03655,12,11/2/2025,Diarrheal Disease,38,5
HC03656,23,12/29/2024,Food Poisoning,29,3
HC03657,7,8/20/2024,Typhoid,36,4
HC03658,19,10/4/2024,Diarrheal Disease,35,5
HC03659,21,5/23/2025,Diarrheal Disease,12,2
HC03660,6,2/4/2024,Typhoid,26,5
HC03661,16,8/24/2025,Diarrheal Disease,16,2
HC03662,14,3/28/2024,Diarrheal Disease,35,3
HC03663,14,4/27/2024,Diarrheal Disease,20,4
HC03664,6,10/19/2024,Food Poisoning,10,1
HC03665,11,11/20/2025,Diarrheal Disease,12,5
HC03666,2,3/26/2024,Typhoid,14,4
HC03667,8,2/12/2025,Food Poisoning,33,2
HC03668,23,11/22/2024,Food Poisoning,18,4
HC03669,10,1/1/2024,Typhoid,32,1
HC03670,14,7/23/2024,Typhoid,35,1
HC03671,1,6/10/2025,Food Poisoning,30,5
HC03672,7,7/13/2024,Food Poisoning,7,4
HC03673,24,1/12/2025,Diarrheal Disease,15,1
HC03674,24,10/19/2025,Diarrheal Disease,13,3
HC03675,12,3/1/2024,Typhoid,19,4
HC03676,26,2/24/2024,Food Poisoning,24,5
HC03677,14,5/5/2024,Diarrheal Disease,4,3
HC03678,6,12/29/2024,Diarrheal Disease,35,1
HC03679,7,9/2/2025,Diarrheal Disease,36,1
HC03680,14,11/16/2024,Typhoid,25,5
HC03681,14,1/20/2024,Food Poisoning,1,1
HC03682,13,5/30/2025,Food Poisoning,11,5
HC03683,9,12/4/2025,Food Poisoning,39,1
HC03684,13,8/5/2024,Diarrheal Disease,12,2
HC03685,2,1/11/2024,Typhoid,18,3
HC03686,6,5/29/2024,Food Poisoning,5,4
HC03687,19,4/17/2025,Typhoid,34,5
HC03688,15,2/13/2024,Food Poisoning,24,4
HC03689,24,7/15/2024,Typhoid,27,1
HC03690,8,1/19/2024,Typhoid,37,1
HC03691,17,8/18/2024,Typhoid,19,4
HC03692,23,1/28/2024,Typhoid,15,1
HC03693,1,10/16/2024,Typhoid,30,4
HC03694,19,10/21/2025,Diarrheal Disease,13,2
HC03695,24,5/30/2024,Diarrheal Disease,8,3
HC03696,9,9/26/2025,Typhoid,6,4
HC03697,4,10/24/2025,Diarrheal Disease,13,3
HC03698,2,11/17/2024,Diarrheal Disease,12,5
HC03699,21,11/17/2024,Diarrheal Disease,18,2
HC03700,19,4/23/2024,Diarrheal Disease,37,1
HC03701,4,10/4/2025,Diarrheal Disease,4,2
HC03702,20,2/4/2025,Diarrheal Disease,31,3
HC03703,18,10/13/2025,Typhoid,26,2
HC03704,8,9/25/2024,Diarrheal Disease,16,2
HC03705,19,3/2/2025,Food Poisoning,18,1
HC03706,6,4/21/2024,Diarrheal Disease,7,5
HC03707,25,8/7/2025,Diarrheal Disease,10,1
HC03708,25,3/10/2024,Diarrheal Disease,7,4
HC03709,16,4/20/2024,Food Poisoning,12,3
HC03710,12,1/6/2025,Diarrheal Disease,11,2
HC03711,13,8/22/2025,Diarrheal Disease,28,2
HC03712,14,5/2/2024,Food Poisoning,13,2
HC03713,10,12/13/2025,Typhoid,31,4
HC03714,8,6/14/2024,Diarrheal Disease,7,1
HC03715,25,11/17/2024,Diarrheal Disease,1,1
HC03716,14,11/24/2024,Food Poisoning,14,1
HC03717,6,4/18/2024,Diarrheal Disease,24,5
HC03718,20,12/13/2025,Diarrheal Disease,22,2
HC03719,13,3/18/2025,Diarrheal Disease,1,4
HC03720,4,3/10/2024,Diarrheal Disease,10,4
HC03721,5,7/15/2024,Diarrheal Disease,30,4
HC03722,12,6/17/2025,Typhoid,28,3
HC03723,14,11/5/2024,Typhoid,10,5
HC03724,17,5/19/2025,Diarrheal Disease,33,1
HC03725,5,3/8/2024,Diarrheal Disease,35,2
HC03726,9,8/15/2024,Food Poisoning,2,3
HC03727,5,9/3/2024,Diarrheal Disease,31,5
HC03728,1,2/1/2024,Diarrheal Disease,6,3
HC03729,24,9/7/2024,Food Poisoning,3,2
HC03730,13,7/26/2025,Diarrheal Disease,28,5
HC03731,11,5/9/2024,Food Poisoning,18,3
HC03732,3,3/25/2025,Diarrheal Disease,21,5
HC03733,25,10/9/2025,Typhoid,25,4
HC03734,1,11/23/2024,Diarrheal Disease,15,4
HC03735,21,2/23/2024,Diarrheal Disease,10,1
HC03736,24,1/13/2025,Food Poisoning,15,2
HC03737,13,9/20/2024,Diarrheal Disease,1,1
HC03738,13,12/29/2024,Food Poisoning,3,1
HC03739,12,2/4/2025,Food Poisoning,13,4
HC03740,20,11/4/2024,Typhoid,26,1
HC03741,7,6/25/2025,Diarrheal Disease,3,2
HC03742,18,5/28/2024,Typhoid,17,4
HC03743,16,7/15/2024,Diarrheal Disease,30,3
HC03744,4,2/3/2024,Typhoid,27,3
HC03745,7,3/9/2025,Food Poisoning,10,3
HC03746,10,6/4/2024,Diarrheal Disease,26,4
HC03747,3,9/6/2024,Typhoid,22,4
HC03748,11,7/22/2024,Food Poisoning,36,4
HC03749,4,1/22/2024,Diarrheal Disease,4,2
HC03750,10,12/20/2025,Typhoid,9,4
HC03751,24,9/4/2024,Typhoid,6,3
HC03752,11,5/9/2024,Diarrheal Disease,39,4
HC03753,19,2/20/2024,Diarrheal Disease,25,5
HC03754,17,1/16/2025,Typhoid,10,3
HC03755,12,10/12/2024,Diarrheal Disease,37,5
HC03756,4,6/18/2024,Food Poisoning,15,2
HC03757,19,4/15/2025,Typhoid,28,3
HC03758,24,5/25/2024,Typhoid,13,4
HC03759,14,3/30/2025,Food Poisoning,35,5
HC03760,10,11/21/2025,Food Poisoning,6,3
HC03761,15,6/23/2025,Diarrheal Disease,37,2
HC03762,25,11/14/2025,Typhoid,38,4
HC03763,10,7/2/2025,Typhoid,1,2
HC03764,2,7/1/2025,Typhoid,19,2
HC03765,9,12/17/2024,Diarrheal Disease,1,4
HC03766,12,7/11/2024,Typhoid,32,4
HC03767,23,9/7/2025,Diarrheal Disease,27,4
HC03768,11,2/4/2025,Food Poisoning,19,3
HC03769,17,2/2/2025,Food Poisoning,2,5
HC03770,10,1/10/2025,Diarrheal Disease,4,3
HC03771,13,12/21/2025,Typhoid,26,2
HC03772,16,8/16/2025,Typhoid,12,3
HC03773,22,6/8/2025,Food Poisoning,5,4
HC03774,11,2/17/2025,Food Poisoning,18,1
HC03775,21,6/30/2025,Diarrheal Disease,33,1
HC03776,17,7/26/2025,Food Poisoning,7,5
HC03777,18,8/2/2024,Diarrheal Disease,21,2
HC03778,22,5/22/2024,Typhoid,17,4
HC03779,3,1/14/2024,Food Poisoning,35,3
HC03780,23,8/18/2024,Typhoid,29,4
HC03781,1,5/25/2025,Food Poisoning,39,2
HC03782,9,10/18/2024,Food Poisoning,36,5
HC03783,15,5/8/2024,Diarrheal Disease,26,2
HC03784,7,3/2/2025,Food Poisoning,25,2
HC03785,13,4/20/2024,Diarrheal Disease,32,1
HC03786,25,11/25/2025,Diarrheal Disease,34,3
HC03787,10,3/29/2024,Diarrheal Disease,17,3
HC03788,2,2/6/2025,Diarrheal Disease,14,5
HC03789,7,12/3/2024,Food Poisoning,22,2
HC03790,12,11/20/2025,Typhoid,35,3
HC03791,17,3/30/2025,Food Poisoning,2,4
HC03792,21,10/13/2025,Food Poisoning,32,2
HC03793,23,1/8/2025,Diarrheal Disease,22,4
HC03794,21,3/31/2025,Food Poisoning,23,1
HC03795,14,7/19/2025,Diarrheal Disease,21,3
HC03796,19,9/8/2024,Typhoid,24,5
HC03797,3,5/6/2024,Typhoid,3,2
HC03798,23,1/25/2025,Diarrheal Disease,16,4
HC03799,11,11/6/2024,Food Poisoning,32,1
HC03800,4,11/1/2025,Food Poisoning,7,2
HC03801,26,4/2/2024,Food Poisoning,12,1
HC03802,13,3/5/2024,Food Poisoning,10,1
HC03803,15,8/25/2025,Diarrheal Disease,5,4
HC03804,18,10/13/2025,Food Poisoning,15,3
HC03805,15,5/15/2025,Typhoid,16,5
HC03806,4,2/29/2024,Food Poisoning,21,1
HC03807,25,1/16/2024,Food Poisoning,13,5
HC03808,22,6/2/2025,Diarrheal Disease,20,5
HC03809,17,12/11/2024,Food Poisoning,14,2
HC03810,22,3/1/2025,Food Poisoning,34,5
HC03811,14,10/19/2024,Typhoid,12,3
HC03812,16,2/24/2025,Diarrheal Disease,8,1
HC03813,7,3/30/2024,Typhoid,13,1
HC03814,1,7/17/2025,Diarrheal Disease,20,3
HC03815,7,6/21/2025,Food Poisoning,7,2
HC03816,6,10/29/2025,Food Poisoning,25,4
HC03817,9,2/3/2025,Food Poisoning,24,4
HC03818,19,5/17/2024,Diarrheal Disease,28,1
HC03819,12,5/26/2025,Food Poisoning,24,4
HC03820,10,6/13/2025,Typhoid,27,4
HC03821,11,6/21/2024,Food Poisoning,11,4
HC03822,2,11/12/2024,Food Poisoning,4,3
HC03823,7,9/1/2024,Diarrheal Disease,33,1
HC03824,10,6/4/2025,Food Poisoning,34,5
HC03825,17,6/20/2024,Food Poisoning,30,5
HC03826,19,10/28/2025,Typhoid,19,1
HC03827,13,2/27/2025,Food Poisoning,22,4
HC03828,12,12/6/2024,Food Poisoning,1,5
HC03829,11,2/21/2025,Food Poisoning,8,2
HC03830,22,7/20/2025,Food Poisoning,23,2
HC03831,21,1/16/2024,Food Poisoning,3,4
HC03832,13,11/8/2025,Food Poisoning,3,3
HC03833,11,11/19/2024,Diarrheal Disease,29,1
HC03834,18,5/13/2024,Food Poisoning,33,2
HC03835,5,5/14/2025,Diarrheal Disease,37,4
HC03836,25,1/18/2024,Diarrheal Disease,30,5
HC03837,11,9/12/2024,Typhoid,26,3
HC03838,19,12/12/2024,Food Poisoning,15,2
HC03839,13,5/27/2025,Typhoid,38,4
HC03840,20,11/26/2025,Typhoid,35,5
HC03841,12,3/14/2025,Food Poisoning,27,1
HC03842,14,10/30/2025,Diarrheal Disease,2,1
HC03843,2,4/5/2024,Diarrheal Disease,37,4
HC03844,4,6/29/2024,Typhoid,23,4
HC03845,4,7/31/2024,Food Poisoning,11,1
HC03846,10,8/8/2025,Typhoid,4,4
HC03847,7,6/3/2024,Typhoid,27,1
HC03848,17,5/30/2025,Typhoid,25,4
HC03849,15,7/27/2024,Food Poisoning,25,5
HC03850,7,3/31/2025,Diarrheal Disease,8,4
HC03851,23,6/16/2025,Food Poisoning,20,4
HC03852,13,7/22/2024,Typhoid,5,1
HC03853,21,3/20/2024,Typhoid,38,4
HC03854,9,3/19/2024,Typhoid,18,5
HC03855,15,10/11/2025,Typhoid,34,3
HC03856,24,9/25/2024,Food Poisoning,33,2
HC03857,13,4/11/2025,Typhoid,34,3
HC03858,3,7/5/2024,Food Poisoning,24,1
HC03859,25,11/14/2025,Typhoid,38,5
HC03860,15,5/27/2025,Diarrheal Disease,16,2
HC03861,16,12/15/2024,Diarrheal Disease,28,2
HC03862,23,12/5/2024,Typhoid,33,4
HC03863,17,3/2/2025,Diarrheal Disease,39,3
HC03864,10,1/4/2025,Food Poisoning,7,5
HC03865,10,9/28/2025,Typhoid,17,3
HC03866,18,2/12/2025,Food Poisoning,18,3
HC03867,4,3/27/2025,Diarrheal Disease,5,5
HC03868,2,12/30/2025,Diarrheal Disease,34,1
HC03869,18,5/14/2025,Food Poisoning,25,3
HC03870,7,7/19/2024,Diarrheal Disease,31,4
HC03871,8,9/14/2024,Diarrheal Disease,39,4
HC03872,17,1/29/2024,Diarrheal Disease,25,2
HC03873,22,5/13/2024,Food Poisoning,16,3
HC03874,13,11/16/2024,Food Poisoning,21,1
HC03875,15,12/7/2024,Typhoid,11,3
HC03876,17,5/22/2025,Food Poisoning,2,3
HC03877,5,3/17/2025,Food Poisoning,8,2
HC03878,24,4/18/2024,Typhoid,1,4
HC03879,4,8/17/2025,Diarrheal Disease,35,3
HC03880,17,8/27/2025,Food Poisoning,31,2
HC03881,2,6/12/2024,Diarrheal Disease,32,5
HC03882,21,7/31/2025,Food Poisoning,26,3
HC03883,13,7/30/2024,Diarrheal Disease,32,5
HC03884,20,11/12/2025,Food Poisoning,11,3
HC03885,24,4/13/2024,Food Poisoning,37,4
HC03886,6,6/29/2025,Food Poisoning,17,1
HC03887,19,5/19/2025,Typhoid,14,1
HC03888,2,4/21/2025,Diarrheal Disease,24,5
HC03889,23,2/25/2024,Diarrheal Disease,32,2
HC03890,24,7/19/2025,Diarrheal Disease,38,3
HC03891,24,2/19/2024,Diarrheal Disease,12,2
HC03892,10,1/7/2024,Typhoid,12,1
HC03893,15,9/23/2024,Diarrheal Disease,26,1
HC03894,25,10/10/2024,Food Poisoning,34,4
HC03895,11,8/31/2024,Diarrheal Disease,6,2
HC03896,21,6/19/2025,Typhoid,31,2
HC03897,14,12/19/2024,Diarrheal Disease,9,1
HC03898,15,2/15/2025,Typhoid,25,5
HC03899,21,12/6/2025,Food Poisoning,17,3
HC03900,14,2/15/2024,Typhoid,37,2
HC03901,16,5/30/2025,Food Poisoning,32,2
HC03902,20,11/15/2025,Typhoid,12,1
HC03903,17,11/19/2025,Food Poisoning,18,3
HC03904,3,2/19/2024,Typhoid,27,2
HC03905,10,11/10/2024,Diarrheal Disease,22,4
HC03906,24,11/3/2025,Food Poisoning,22,1
HC03907,25,1/9/2025,Diarrheal Disease,1,3
HC03908,25,5/5/2025,Typhoid,8,1
HC03909,22,5/21/2024,Diarrheal Disease,22,3
HC03910,20,3/15/2024,Food Poisoning,18,2
HC03911,5,12/20/2025,Typhoid,32,3
HC03912,16,2/23/2024,Food Poisoning,33,5
HC03913,13,12/2/2024,Diarrheal Disease,25,4
HC03914,2,8/26/2025,Typhoid,24,2
HC03915,20,1/24/2024,Diarrheal Disease,14,5
HC03916,8,7/31/2025,Typhoid,20,2
HC03917,5,10/15/2025,Diarrheal Disease,8,2
HC03918,18,2/1/2024,Food Poisoning,32,3
HC03919,23,2/15/2025,Diarrheal Disease,19,2
HC03920,9,8/5/2024,Food Poisoning,25,4
HC03921,26,8/8/2024,Typhoid,23,5
HC03922,1,12/5/2025,Diarrheal Disease,7,4
HC03923,1,3/19/2025,Diarrheal Disease,2,3
HC03924,2,3/7/2025,Typhoid,38,1
HC03925,13,8/17/2024,Food Poisoning,19,1
HC03926,13,8/20/2025,Typhoid,6,4
HC03927,14,5/29/2024,Typhoid,12,5
HC03928,18,4/27/2025,Diarrheal Disease,33,4
HC03929,2,9/17/2025,Typhoid,12,3
HC03930,15,7/11/2024,Food Poisoning,25,3
HC03931,8,4/24/2025,Typhoid,10,4
HC03932,9,10/18/2025,Diarrheal Disease,33,4
HC03933,22,7/3/2024,Typhoid,20,4
HC03934,20,10/2/2025,Typhoid,22,5
HC03935,14,11/7/2024,Food Poisoning,29,3
HC03936,19,5/26/2025,Typhoid,30,3
HC03937,16,3/10/2024,Diarrheal Disease,23,1
HC03938,24,6/23/2024,Diarrheal Disease,11,4
HC03939,18,3/5/2024,Diarrheal Disease,4,5
HC03940,20,8/20/2024,Diarrheal Disease,32,5
HC03941,17,12/2/2024,Food Poisoning,7,5
HC03942,19,10/11/2025,Diarrheal Disease,6,1
HC03943,24,7/18/2025,Food Poisoning,7,2
HC03944,7,4/9/2024,Typhoid,1,3
HC03945,19,1/8/2024,Typhoid,37,2
HC03946,3,12/31/2024,Food Poisoning,39,3
HC03947,14,8/27/2024,Food Poisoning,30,3
HC03948,9,8/2/2025,Diarrheal Disease,27,1
HC03949,7,8/8/2025,Food Poisoning,28,4
HC03950,20,1/8/2024,Typhoid,36,2
HC03951,5,5/28/2024,Typhoid,27,4
HC03952,26,5/28/2024,Diarrheal Disease,36,3
HC03953,5,5/26/2025,Food Poisoning,35,1
HC03954,25,3/22/2024,Diarrheal Disease,22,2
HC03955,2,5/19/2025,Food Poisoning,25,1
HC03956,9,7/25/2024,Diarrheal Disease,24,4
HC03957,20,4/11/2025,Typhoid,29,1
HC03958,11,2/19/2024,Typhoid,27,4
HC03959,17,6/6/2025,Food Poisoning,18,2
HC03960,2,11/29/2024,Typhoid,28,2
HC03961,2,2/23/2025,Diarrheal Disease,12,2
HC03962,2,2/1/2024,Diarrheal Disease,38,1
HC03963,4,9/13/2025,Diarrheal Disease,25,2
HC03964,11,10/24/2024,Diarrheal Disease,23,2
HC03965,21,3/24/2025,Typhoid,32,5
HC03966,21,1/4/2024,Food Poisoning,6,1
HC03967,16,3/2/2024,Diarrheal Disease,38,5
HC03968,15,10/7/2024,Food Poisoning,7,3
HC03969,6,10/24/2024,Typhoid,23,5
HC03970,26,8/9/2024,Diarrheal Disease,32,2
HC03971,10,6/2/2025,Diarrheal Disease,4,1
HC03972,2,6/29/2025,Food Poisoning,1,1
HC03973,24,7/5/2025,Food Poisoning,8,3
HC03974,8,3/24/2024,Diarrheal Disease,20,5
HC03975,14,8/14/2025,Typhoid,10,2
HC03976,22,9/27/2024,Food Poisoning,9,1
HC03977,25,11/16/2024,Food Poisoning,2,5
HC03978,3,8/17/2025,Food Poisoning,4,2
HC03979,24,1/16/2025,Typhoid,17,4
HC03980,9,8/8/2025,Typhoid,38,1
HC03981,23,1/7/2024,Food Poisoning,4,4
HC03982,17,7/5/2024,Typhoid,10,3
HC03983,8,6/9/2025,Typhoid,15,1
HC03984,6,3/4/2024,Diarrheal Disease,16,5
HC03985,16,1/2/2024,Diarrheal Disease,19,3
HC03986,19,11/29/2025,Typhoid,22,5
HC03987,8,12/14/2025,Typhoid,14,2
HC03988,4,8/12/2024,Diarrheal Disease,30,4
HC03989,18,6/17/2024,Diarrheal Disease,35,2
HC03990,25,3/19/2024,Food Poisoning,39,4
HC03991,8,4/22/2025,Typhoid,1,3
HC03992,23,5/2/2025,Diarrheal Disease,14,4
HC03993,21,5/14/2024,Food Poisoning,7,4
HC03994,18,3/6/2025,Diarrheal Disease,36,3
HC03995,17,6/13/2024,Food Poisoning,33,5
HC03996,1,10/26/2024,Diarrheal Disease,7,4
HC03997,22,1/6/2024,Typhoid,15,2
HC03998,11,3/12/2025,Food Poisoning,27,2
HC03999,14,3/1/2025,Typhoid,29,2
HC04000,21,5/27/2025,Typhoid,4,4
HC04001,24,5/9/2024,Diarrheal Disease,32,2
HC04002,22,12/4/2025,Food Poisoning,39,2
HC04003,20,11/25/2024,Food Poisoning,27,5
HC04004,6,5/22/2025,Food Poisoning,12,2
HC04005,4,6/17/2025,Food Poisoning,39,4
HC04006,3,1/13/2025,Diarrheal Disease,23,2
HC04007,1,4/28/2024,Diarrheal Disease,36,4
HC04008,10,10/6/2025,Typhoid,4,3
HC04009,11,11/16/2024,Food Poisoning,2,5
HC04010,17,5/4/2024,Diarrheal Disease,22,3
HC04011,18,12/8/2025,Food Poisoning,24,3
HC04012,4,5/10/2025,Diarrheal Disease,4,5
HC04013,2,11/26/2025,Food Poisoning,16,5
HC04014,16,5/1/2024,Diarrheal Disease,15,2
HC04015,12,4/22/2025,Diarrheal Disease,18,4
HC04016,18,3/19/2025,Food Poisoning,5,5
HC04017,5,11/29/2025,Food Poisoning,5,5
HC04018,12,8/17/2025,Typhoid,11,4
HC04019,26,3/30/2024,Typhoid,1,2
HC04020,6,5/8/2025,Food Poisoning,3,4
HC04021,10,1/14/2025,Food Poisoning,6,4
HC04022,14,7/28/2025,Typhoid,37,3
HC04023,15,3/10/2024,Diarrheal Disease,34,2
HC04024,9,5/12/2025,Diarrheal Disease,18,1
HC04025,23,6/2/2024,Diarrheal Disease,15,1
HC04026,16,10/25/2025,Food Poisoning,28,4
HC04027,10,7/14/2024,Food Poisoning,35,5
HC04028,14,1/2/2025,Typhoid,16,1
HC04029,18,12/7/2024,Food Poisoning,8,2
HC04030,12,4/9/2025,Typhoid,11,1
HC04031,11,8/20/2024,Food Poisoning,22,4
HC04032,5,7/19/2024,Diarrheal Disease,39,5
HC04033,8,8/28/2024,Food Poisoning,12,1
HC04034,8,11/15/2025,Diarrheal Disease,36,1
HC04035,1,8/5/2024,Diarrheal Disease,32,1
HC04036,23,12/26/2024,Food Poisoning,26,1
HC04037,11,7/7/2024,Diarrheal Disease,1,4
HC04038,24,5/16/2024,Typhoid,19,1
HC04039,25,12/14/2024,Typhoid,22,4
HC04040,16,4/12/2024,Diarrheal Disease,32,3
HC04041,5,11/11/2025,Food Poisoning,29,2
HC04042,2,3/29/2025,Food Poisoning,13,5
HC04043,5,10/4/2024,Diarrheal Disease,25,3
HC04044,19,11/24/2025,Typhoid,13,4
HC04045,11,5/19/2024,Diarrheal Disease,29,1
HC04046,4,6/3/2024,Typhoid,31,2
HC04047,19,4/21/2024,Food Poisoning,34,5
HC04048,7,5/8/2025,Diarrheal Disease,15,5
HC04049,21,8/27/2024,Typhoid,34,5
HC04050,9,11/21/2025,Food Poisoning,16,1
HC04051,24,11/29/2024,Food Poisoning,14,2
HC04052,1,4/1/2024,Food Poisoning,17,2
HC04053,10,7/20/2024,Typhoid,8,5
HC04054,22,2/17/2024,Food Poisoning,23,3
HC04055,9,11/21/2025,Food Poisoning,12,2
HC04056,2,3/10/2024,Food Poisoning,21,1
HC04057,7,9/20/2025,Diarrheal Disease,30,4
HC04058,15,12/17/2024,Food Poisoning,30,5
HC04059,2,7/3/2025,Food Poisoning,37,2
HC04060,21,1/15/2024,Typhoid,28,5
HC04061,1,2/7/2024,Typhoid,15,1
HC04062,4,10/17/2024,Typhoid,33,4
HC04063,24,4/25/2024,Food Poisoning,28,4
HC04064,24,6/25/2024,Food Poisoning,11,4
HC04065,15,7/27/2024,Food Poisoning,18,3
HC04066,16,12/2/2024,Diarrheal Disease,5,5
HC04067,25,3/28/2024,Typhoid,3,4
HC04068,18,10/9/2025,Typhoid,20,5
HC04069,22,3/9/2024,Typhoid,11,5
HC04070,5,6/11/2025,Diarrheal Disease,16,1
HC04071,15,1/1/2025,Typhoid,9,5
HC04072,13,12/11/2024,Typhoid,39,1
HC04073,6,10/11/2025,Typhoid,22,1
HC04074,23,9/4/2025,Diarrheal Disease,37,3
HC04075,26,9/14/2025,Diarrheal Disease,35,4
HC04076,18,12/21/2024,Diarrheal Disease,21,5
HC04077,4,10/22/2024,Diarrheal Disease,16,1
HC04078,24,6/3/2024,Typhoid,37,2
HC04079,21,9/21/2025,Typhoid,26,1
HC04080,22,12/14/2025,Diarrheal Disease,36,5
HC04081,22,8/21/2024,Typhoid,39,4
HC04082,6,5/22/2025,Typhoid,5,1
HC04083,26,11/19/2025,Food Poisoning,38,5
HC04084,13,3/16/2024,Diarrheal Disease,10,4
HC04085,15,11/25/2024,Diarrheal Disease,22,5
HC04086,12,5/20/2025,Food Poisoning,36,4
HC04087,5,9/16/2024,Typhoid,32,1
HC04088,19,4/12/2024,Diarrheal Disease,15,3
HC04089,24,8/11/2025,Food Poisoning,4,1
HC04090,26,12/2/2025,Food Poisoning,14,3
HC04091,16,10/27/2025,Diarrheal Disease,30,5
HC04092,17,5/21/2024,Food Poisoning,32,3
HC04093,1,9/2/2024,Diarrheal Disease,38,5
HC04094,20,11/11/2025,Typhoid,4,3
HC04095,25,10/7/2025,Typhoid,37,3
HC04096,22,2/6/2025,Typhoid,12,1
HC04097,13,6/21/2025,Food Poisoning,30,4
HC04098,26,7/30/2024,Diarrheal Disease,33,4
HC04099,10,7/20/2025,Typhoid,15,3
HC04100,12,12/24/2025,Diarrheal Disease,1,5
HC04101,16,3/7/2024,Typhoid,19,4
HC04102,17,9/28/2024,Food Poisoning,30,3
HC04103,19,3/12/2024,Diarrheal Disease,14,5
HC04104,11,6/24/2025,Food Poisoning,37,2
HC04105,10,2/1/2024,Diarrheal Disease,2,5
HC04106,25,9/18/2024,Food Poisoning,8,4
HC04107,24,1/4/2025,Diarrheal Disease,23,1
HC04108,11,5/29/2024,Typhoid,3,3
HC04109,26,5/24/2024,Typhoid,30,1
HC04110,7,12/23/2025,Typhoid,25,1
HC04111,25,3/26/2024,Food Poisoning,14,3
HC04112,26,3/31/2024,Food Poisoning,14,5
HC04113,13,4/2/2025,Diarrheal Disease,33,3
HC04114,11,7/10/2025,Food Poisoning,35,4
HC04115,3,1/5/2024,Typhoid,12,5
HC04116,1,7/24/2024,Typhoid,37,4
HC04117,9,5/15/2024,Food Poisoning,26,3
HC04118,9,3/18/2025,Food Poisoning,24,5
HC04119,8,4/6/2024,Typhoid,27,2
HC04120,18,6/30/2024,Diarrheal Disease,17,2
HC04121,23,5/14/2025,Food Poisoning,37,1
HC04122,5,7/30/2025,Diarrheal Disease,19,4
HC04123,10,12/31/2025,Diarrheal Disease,6,1
HC04124,1,2/14/2025,Diarrheal Disease,9,1
HC04125,14,11/8/2024,Food Poisoning,5,2
HC04126,10,2/13/2025,Typhoid,26,5
HC04127,4,3/12/2024,Diarrheal Disease,28,1
HC04128,3,3/23/2025,Food Poisoning,39,3
HC04129,20,11/17/2025,Diarrheal Disease,18,1
HC04130,8,2/6/2025,Typhoid,31,1
HC04131,14,1/5/2025,Typhoid,37,1
HC04132,6,10/30/2025,Food Poisoning,16,5
HC04133,15,5/18/2025,Typhoid,19,1
HC04134,24,12/26/2025,Diarrheal Disease,25,3
HC04135,7,3/28/2024,Food Poisoning,11,1
HC04136,20,12/18/2025,Food Poisoning,22,5
HC04137,3,4/23/2025,Diarrheal Disease,15,1
HC04138,25,5/28/2025,Diarrheal Disease,6,1
HC04139,21,2/10/2025,Food Poisoning,12,5
HC04140,8,9/1/2025,Food Poisoning,39,2
HC04141,22,3/22/2024,Typhoid,20,5
HC04142,8,9/8/2024,Diarrheal Disease,39,4
HC04143,19,10/13/2025,Diarrheal Disease,27,1
HC04144,21,4/17/2024,Diarrheal Disease,16,2
HC04145,15,2/11/2024,Diarrheal Disease,21,1
HC04146,5,10/5/2024,Food Poisoning,4,3
HC04147,12,10/6/2024,Diarrheal Disease,17,5
HC04148,8,12/16/2025,Diarrheal Disease,18,3
HC04149,16,3/9/2025,Diarrheal Disease,10,3
HC04150,19,5/27/2025,Typhoid,28,5
HC04151,10,12/5/2024,Food Poisoning,35,3
HC04152,26,1/5/2024,Typhoid,37,4
HC04153,17,9/24/2025,Food Poisoning,13,1
HC04154,11,1/8/2024,Food Poisoning,39,3
HC04155,4,12/2/2025,Typhoid,38,2
HC04156,6,10/9/2024,Food Poisoning,34,3
HC04157,7,6/26/2024,Food Poisoning,6,1
HC04158,21,4/17/2025,Diarrheal Disease,2,5
HC04159,24,1/4/2024,Typhoid,5,4
HC04160,14,9/12/2025,Diarrheal Disease,13,4
HC04161,23,10/21/2024,Typhoid,38,3
HC04162,10,9/6/2025,Typhoid,4,2
HC04163,4,1/1/2025,Diarrheal Disease,31,4
HC04164,12,5/3/2025,Food Poisoning,31,4
HC04165,23,10/16/2025,Diarrheal Disease,20,5
HC04166,2,7/21/2025,Diarrheal Disease,26,1
HC04167,5,5/29/2025,Typhoid,27,3
HC04168,8,1/15/2025,Food Poisoning,23,4
HC04169,4,8/2/2024,Diarrheal Disease,18,2
HC04170,16,8/1/2024,Typhoid,7,5
HC04171,12,10/22/2024,Food Poisoning,18,3
HC04172,14,5/24/2025,Typhoid,37,1
HC04173,9,7/12/2025,Food Poisoning,3,1
HC04174,4,12/3/2024,Diarrheal Disease,32,1
HC04175,10,1/24/2025,Food Poisoning,20,1
HC04176,23,5/30/2025,Typhoid,25,4
HC04177,23,3/21/2025,Food Poisoning,36,1
HC04178,9,9/17/2024,Food Poisoning,33,5
HC04179,26,10/30/2025,Diarrheal Disease,35,4
HC04180,10,3/13/2024,Diarrheal Disease,4,4
HC04181,26,2/24/2024,Diarrheal Disease,18,3
HC04182,25,4/20/2025,Diarrheal Disease,8,3
HC04183,19,2/2/2025,Diarrheal Disease,39,2
HC04184,9,6/8/2024,Typhoid,9,3
HC04185,25,4/13/2025,Food Poisoning,38,2
HC04186,22,4/27/2025,Food Poisoning,19,1
HC04187,17,9/15/2025,Diarrheal Disease,8,3
HC04188,12,9/24/2024,Diarrheal Disease,13,3
HC04189,10,6/5/2024,Diarrheal Disease,11,4
HC04190,22,8/7/2025,Food Poisoning,25,5
HC04191,17,1/8/2024,Diarrheal Disease,35,3
HC04192,21,3/8/2024,Typhoid,25,4
HC04193,4,5/16/2024,Typhoid,34,1
HC04194,17,3/16/2025,Typhoid,19,5
HC04195,21,2/23/2024,Diarrheal Disease,25,2
HC04196,5,9/20/2024,Typhoid,28,2
HC04197,1,10/21/2025,Diarrheal Disease,11,4
HC04198,7,7/13/2025,Food Poisoning,13,4
HC04199,25,11/9/2025,Typhoid,31,4
HC04200,23,4/17/2025,Diarrheal Disease,19,3
HC04201,3,12/3/2024,Typhoid,25,4
HC04202,26,1/5/2025,Typhoid,39,2
HC04203,17,9/17/2024,Diarrheal Disease,38,5
HC04204,22,9/28/2024,Typhoid,25,1
HC04205,11,10/28/2025,Food Poisoning,19,2
HC04206,21,1/24/2024,Typhoid,17,1
HC04207,13,6/8/2024,Diarrheal Disease,30,2
HC04208,9,5/24/2024,Diarrheal Disease,7,3
HC04209,22,6/6/2024,Diarrheal Disease,12,1
HC04210,9,9/4/2024,Food Poisoning,19,3
HC04211,19,11/19/2025,Diarrheal Disease,18,5
HC04212,18,10/7/2025,Diarrheal Disease,25,2
HC04213,13,5/29/2024,Food Poisoning,36,5
HC04214,16,12/18/2024,Food Poisoning,39,3
HC04215,9,5/18/2024,Food Poisoning,19,3
HC04216,7,7/20/2024,Typhoid,33,5
HC04217,7,3/4/2025,Typhoid,26,1
HC04218,22,3/25/2024,Diarrheal Disease,21,4
HC04219,15,2/2/2024,Food Poisoning,31,5
HC04220,3,10/7/2024,Diarrheal Disease,39,1
HC04221,2,9/7/2024,Diarrheal Disease,2,4
HC04222,12,4/25/2025,Typhoid,38,3
HC04223,13,1/29/2024,Diarrheal Disease,6,1
HC04224,17,7/14/2024,Typhoid,8,4
HC04225,16,10/31/2024,Typhoid,24,4
HC04226,3,1/24/2025,Typhoid,39,4
HC04227,19,6/4/2025,Typhoid,21,3
HC04228,19,10/21/2025,Food Poisoning,14,4
HC04229,7,10/17/2024,Typhoid,26,5
HC04230,15,8/9/2024,Typhoid,2,4
HC04231,2,10/7/2025,Food Poisoning,23,5
HC04232,2,9/3/2024,Typhoid,7,1
HC04233,22,6/29/2024,Diarrheal Disease,8,2
HC04234,15,4/17/2024,Diarrheal Disease,4,2
HC04235,1,2/29/2024,Typhoid,9,4
HC04236,19,12/30/2025,Typhoid,20,3
HC04237,9,7/8/2025,Food Poisoning,28,3
HC04238,25,10/18/2025,Typhoid,25,2
HC04239,16,5/18/2025,Food Poisoning,29,1
HC04240,16,8/9/2024,Food Poisoning,12,3
HC04241,8,3/23/2024,Diarrheal Disease,13,4
HC04242,20,8/9/2025,Food Poisoning,4,4
HC04243,23,8/14/2025,Diarrheal Disease,7,4
HC04244,24,8/30/2024,Typhoid,34,1
HC04245,22,11/2/2024,Diarrheal Disease,35,5
HC04246,3,12/22/2025,Diarrheal Disease,4,3
HC04247,2,11/16/2025,Diarrheal Disease,35,1
HC04248,22,9/30/2024,Food Poisoning,20,3
HC04249,12,5/8/2025,Diarrheal Disease,14,5
HC04250,18,9/12/2025,Food Poisoning,25,3
HC04251,22,6/30/2025,Diarrheal Disease,26,2
HC04252,26,12/30/2025,Food Poisoning,4,2
HC04253,21,4/8/2025,Food Poisoning,19,4
HC04254,26,8/3/2025,Diarrheal Disease,24,2
HC04255,21,12/28/2025,Typhoid,18,3
HC04256,23,8/18/2024,Diarrheal Disease,34,3
HC04257,24,9/2/2024,Typhoid,7,2
HC04258,2,3/29/2024,Diarrheal Disease,12,5
HC04259,1,7/21/2025,Diarrheal Disease,28,5
HC04260,23,9/13/2025,Diarrheal Disease,22,3
HC04261,8,1/10/2024,Food Poisoning,33,3
HC04262,18,5/12/2024,Typhoid,19,1
HC04263,23,6/18/2025,Food Poisoning,20,2
HC04264,26,1/7/2024,Typhoid,30,3
HC04265,17,2/24/2024,Diarrheal Disease,21,4
HC04266,19,6/7/2024,Typhoid,17,5
HC04267,22,2/16/2024,Food Poisoning,20,1
HC04268,15,6/28/2025,Food Poisoning,12,1
HC04269,3,11/29/2024,Diarrheal Disease,34,4
HC04270,19,4/14/2024,Typhoid,14,1
HC04271,3,4/10/2025,Food Poisoning,13,3
HC04272,13,7/31/2024,Food Poisoning,7,3
HC04273,15,3/20/2024,Food Poisoning,16,1
HC04274,4,3/7/2025,Typhoid,7,1
HC04275,21,3/25/2024,Typhoid,14,5
HC04276,16,12/27/2024,Diarrheal Disease,3,1
HC04277,9,5/30/2025,Diarrheal Disease,4,2
HC04278,20,7/20/2024,Diarrheal Disease,7,1
HC04279,18,6/25/2024,Diarrheal Disease,10,4
HC04280,4,6/29/2024,Typhoid,9,3
HC04281,9,2/1/2025,Typhoid,3,2
HC04282,8,8/8/2024,Food Poisoning,13,5
HC04283,11,6/6/2024,Diarrheal Disease,37,2
HC04284,3,1/7/2025,Food Poisoning,36,4
HC04285,4,6/30/2024,Typhoid,25,2
HC04286,13,9/13/2024,Diarrheal Disease,29,5
HC04287,12,6/17/2025,Food Poisoning,4,3
HC04288,24,11/17/2024,Diarrheal Disease,6,4
HC04289,9,8/10/2024,Typhoid,36,4
HC04290,5,9/26/2025,Typhoid,5,4
HC04291,4,8/13/2024,Food Poisoning,2,1
HC04292,12,6/19/2025,Typhoid,16,5
HC04293,20,3/20/2025,Food Poisoning,19,3
HC04294,6,12/30/2024,Diarrheal Disease,25,1
HC04295,5,11/14/2025,Food Poisoning,14,5
HC04296,24,1/24/2024,Diarrheal Disease,38,2
HC04297,13,2/9/2024,Food Poisoning,32,1
HC04298,26,10/16/2025,Diarrheal Disease,19,5
HC04299,21,9/29/2024,Typhoid,30,2
HC04300,24,6/26/2024,Typhoid,3,1
HC04301,13,12/25/2025,Diarrheal Disease,6,5
HC04302,10,3/16/2025,Food Poisoning,15,4
HC04303,8,8/20/2025,Typhoid,8,1
HC04304,19,2/25/2025,Food Poisoning,29,1
HC04305,13,1/11/2024,Typhoid,28,1
HC04306,6,9/28/2024,Food Poisoning,37,3
HC04307,16,11/7/2025,Diarrheal Disease,5,3
HC04308,9,10/1/2025,Diarrheal Disease,34,1
HC04309,3,3/30/2025,Food Poisoning,25,1
HC04310,24,5/9/2025,Typhoid,17,3
HC04311,25,5/9/2025,Typhoid,34,3
HC04312,8,12/5/2024,Diarrheal Disease,14,3
HC04313,24,9/14/2025,Diarrheal Disease,23,4
HC04314,18,4/18/2024,Typhoid,13,3
HC04315,10,10/29/2025,Diarrheal Disease,14,1
HC04316,8,11/25/2025,Food Poisoning,34,5
HC04317,20,4/25/2024,Diarrheal Disease,34,1
HC04318,21,11/9/2025,Diarrheal Disease,27,2
HC04319,4,10/23/2025,Typhoid,22,1
HC04320,9,4/23/2025,Diarrheal Disease,9,2
HC04321,2,2/21/2024,Typhoid,1,2
HC04322,12,7/28/2024,Typhoid,31,1
HC04323,18,9/3/2024,Food Poisoning,33,5
HC04324,10,10/3/2024,Diarrheal Disease,30,5
HC04325,16,12/28/2024,Food Poisoning,31,2
HC04326,14,5/9/2024,Typhoid,21,5
HC04327,9,11/26/2024,Food Poisoning,3,4
HC04328,16,7/15/2024,Diarrheal Disease,34,5
HC04329,13,2/11/2024,Food Poisoning,5,5
HC04330,12,6/14/2025,Diarrheal Disease,33,2
HC04331,6,11/4/2025,Typhoid,31,3
HC04332,16,12/3/2025,Food Poisoning,34,5
HC04333,14,9/27/2024,Food Poisoning,8,5
HC04334,7,4/7/2025,Typhoid,18,1
HC04335,23,5/26/2024,Diarrheal Disease,25,1
HC04336,23,8/19/2024,Diarrheal Disease,2,2
HC04337,20,5/12/2025,Typhoid,20,1
HC04338,13,10/22/2025,Diarrheal Disease,11,4
HC04339,23,5/11/2025,Food Poisoning,12,2
HC04340,17,8/19/2025,Typhoid,36,1
HC04341,7,8/1/2025,Typhoid,8,3
HC04342,23,10/5/2024,Diarrheal Disease,25,3
HC04343,6,10/21/2024,Typhoid,37,1
HC04344,12,12/10/2024,Food Poisoning,26,1
HC04345,15,9/11/2024,Diarrheal Disease,13,1
HC04346,1,2/19/2024,Typhoid,17,5
HC04347,3,2/25/2024,Diarrheal Disease,25,1
HC04348,3,8/8/2025,Food Poisoning,27,1
HC04349,1,7/21/2024,Diarrheal Disease,35,4
HC04350,24,7/30/2025,Diarrheal Disease,37,4
HC04351,20,10/2/2025,Diarrheal Disease,18,1
HC04352,12,9/20/2024,Typhoid,38,4
HC04353,23,6/9/2025,Food Poisoning,3,5
HC04354,25,3/18/2025,Typhoid,33,5
HC04355,3,2/17/2024,Typhoid,34,1
HC04356,15,3/20/2025,Typhoid,19,2
HC04357,22,8/8/2024,Food Poisoning,18,2
HC04358,19,10/11/2024,Diarrheal Disease,32,5
HC04359,10,2/4/2024,Food Poisoning,28,2
HC04360,11,6/20/2025,Food Poisoning,18,4
HC04361,16,3/31/2024,Typhoid,15,1
HC04362,6,9/23/2024,Diarrheal Disease,28,4
HC04363,19,1/8/2024,Food Poisoning,26,3
HC04364,4,5/1/2025,Food Poisoning,39,2
HC04365,6,3/4/2025,Typhoid,35,3
HC04366,21,11/18/2025,Food Poisoning,17,5
HC04367,1,6/10/2025,Diarrheal Disease,26,2
HC04368,20,4/13/2025,Food Poisoning,17,1
HC04369,6,10/15/2025,Diarrheal Disease,12,3
HC04370,13,7/11/2025,Diarrheal Disease,14,2
HC04371,1,10/24/2025,Typhoid,22,1
HC04372,10,4/15/2024,Typhoid,24,1
HC04373,6,12/18/2024,Typhoid,15,3
HC04374,20,3/23/2025,Typhoid,39,1
HC04375,10,10/14/2024,Diarrheal Disease,24,4
HC04376,20,5/15/2024,Typhoid,5,4
HC04377,18,11/21/2025,Food Poisoning,1,2
HC04378,22,10/3/2024,Typhoid,24,5
HC04379,8,7/29/2025,Food Poisoning,16,4
HC04380,18,1/14/2025,Typhoid,25,3
HC04381,13,6/2/2025,Diarrheal Disease,28,4
HC04382,10,5/24/2024,Typhoid,12,1
HC04383,11,2/9/2025,Typhoid,11,2
HC04384,9,9/28/2025,Typhoid,35,4
HC04385,23,5/13/2025,Diarrheal Disease,21,4
HC04386,26,11/10/2024,Typhoid,1,2
HC04387,25,8/28/2024,Diarrheal Disease,14,1
HC04388,23,1/10/2024,Diarrheal Disease,21,4
HC04389,23,3/27/2025,Diarrheal Disease,8,2
HC04390,8,9/2/2025,Typhoid,32,2
HC04391,4,3/31/2024,Diarrheal Disease,18,4
HC04392,22,11/27/2024,Food Poisoning,35,1
HC04393,5,11/25/2025,Food Poisoning,20,1
HC04394,23,10/7/2024,Typhoid,1,5
HC04395,13,4/22/2024,Typhoid,19,3
HC04396,9,11/13/2024,Diarrheal Disease,3,1
HC04397,23,4/8/2025,Typhoid,17,4
HC04398,24,2/24/2024,Food Poisoning,1,4
HC04399,10,7/27/2025,Food Poisoning,7,5
HC04400,17,4/8/2024,Diarrheal Disease,23,4
HC04401,11,2/5/2025,Food Poisoning,21,3
HC04402,6,1/9/2025,Food Poisoning,36,1
HC04403,15,10/22/2024,Typhoid,8,4
HC04404,25,1/8/2024,Food Poisoning,27,4
HC04405,22,3/17/2025,Diarrheal Disease,3,4
HC04406,18,8/28/2025,Diarrheal Disease,26,1
HC04407,3,1/21/2025,Diarrheal Disease,28,2
HC04408,26,4/3/2024,Food Poisoning,25,5
HC04409,25,12/6/2024,Diarrheal Disease,23,3
HC04410,11,9/27/2024,Diarrheal Disease,25,3
HC04411,4,2/7/2025,Food Poisoning,20,5
HC04412,23,2/7/2024,Food Poisoning,34,4
HC04413,15,5/31/2024,Diarrheal Disease,14,3
HC04414,24,3/30/2025,Food Poisoning,30,2
HC04415,21,4/27/2024,Diarrheal Disease,9,3
HC04416,1,6/19/2024,Typhoid,36,1
HC04417,13,10/29/2025,Typhoid,7,1
HC04418,25,7/29/2025,Food Poisoning,14,2
HC04419,26,12/29/2024,Diarrheal Disease,6,5
HC04420,22,6/18/2025,Typhoid,9,1
HC04421,16,5/20/2025,Food Poisoning,11,1
HC04422,19,9/1/2025,Diarrheal Disease,9,4
HC04423,20,4/19/2024,Typhoid,15,5
HC04424,19,11/25/2025,Diarrheal Disease,37,2
HC04425,2,4/12/2025,Diarrheal Disease,2,3
HC04426,19,6/7/2024,Typhoid,34,2
HC04427,15,10/27/2025,Diarrheal Disease,38,4
HC04428,1,1/24/2025,Typhoid,15,5
HC04429,17,11/18/2025,Typhoid,16,1
HC04430,23,12/3/2024,Typhoid,37,2
HC04431,19,7/27/2025,Diarrheal Disease,38,3
HC04432,10,2/4/2024,Food Poisoning,23,1
HC04433,10,1/3/2025,Food Poisoning,13,3
HC04434,24,11/23/2025,Diarrheal Disease,4,5
HC04435,2,3/23/2025,Food Poisoning,13,5
HC04436,10,1/4/2025,Diarrheal Disease,33,1
HC04437,21,12/19/2025,Typhoid,33,3
HC04438,9,1/22/2024,Typhoid,14,3
HC04439,17,3/22/2024,Food Poisoning,21,4
HC04440,24,2/6/2024,Food Poisoning,25,4
HC04441,22,2/22/2024,Food Poisoning,12,2
HC04442,17,11/29/2024,Food Poisoning,8,5
HC04443,22,9/10/2024,Typhoid,5,1
HC04444,1,7/19/2025,Diarrheal Disease,8,4
HC04445,3,11/13/2024,Diarrheal Disease,24,4
HC04446,3,1/28/2024,Food Poisoning,30,3
HC04447,23,6/9/2025,Diarrheal Disease,37,2
HC04448,5,6/23/2025,Typhoid,21,4
HC04449,7,12/19/2024,Diarrheal Disease,4,5
HC04450,22,9/21/2024,Diarrheal Disease,28,4
HC04451,9,3/27/2024,Diarrheal Disease,37,5
HC04452,13,10/27/2025,Diarrheal Disease,15,3
HC04453,21,12/9/2025,Food Poisoning,38,2
HC04454,2,6/20/2024,Food Poisoning,4,1
HC04455,11,1/14/2025,Diarrheal Disease,29,3
HC04456,13,9/23/2024,Food Poisoning,21,4
HC04457,2,6/21/2025,Typhoid,2,2
HC04458,1,1/23/2024,Typhoid,36,5
HC04459,7,2/22/2024,Food Poisoning,2,4
HC04460,17,7/6/2025,Food Poisoning,27,1
HC04461,14,11/5/2024,Diarrheal Disease,5,1
HC04462,9,8/12/2025,Diarrheal Disease,8,1
HC04463,21,6/5/2024,Food Poisoning,4,4
HC04464,3,8/16/2024,Food Poisoning,23,1
HC04465,11,4/17/2025,Typhoid,23,2
HC04466,21,7/6/2024,Diarrheal Disease,30,2
HC04467,8,10/22/2025,Food Poisoning,9,3
HC04468,19,10/19/2025,Diarrheal Disease,21,1
HC04469,22,4/7/2025,Typhoid,27,2
HC04470,19,2/6/2024,Diarrheal Disease,39,3
HC04471,9,12/21/2025,Food Poisoning,25,3
HC04472,15,10/16/2025,Food Poisoning,38,5
HC04473,23,4/25/2024,Typhoid,1,2
HC04474,2,11/21/2024,Typhoid,16,2
HC04475,7,1/27/2025,Food Poisoning,39,1
HC04476,1,8/2/2025,Diarrheal Disease,32,4
HC04477,19,12/24/2024,Diarrheal Disease,2,5
HC04478,11,10/1/2025,Typhoid,25,3
HC04479,23,12/20/2025,Diarrheal Disease,21,3
HC04480,12,2/22/2025,Food Poisoning,37,1
HC04481,25,11/28/2025,Diarrheal Disease,29,4
HC04482,15,11/28/2025,Food Poisoning,1,1
HC04483,26,11/5/2024,Typhoid,7,1
HC04484,3,4/19/2025,Diarrheal Disease,10,4
HC04485,12,8/5/2024,Diarrheal Disease,8,5
HC04486,11,8/13/2024,Typhoid,36,2
HC04487,1,9/26/2025,Typhoid,34,5
HC04488,19,6/13/2024,Diarrheal Disease,9,5
HC04489,21,6/9/2024,Typhoid,25,1
HC04490,13,12/5/2025,Diarrheal Disease,25,5
HC04491,5,9/30/2025,Typhoid,39,5
HC04492,4,6/25/2024,Typhoid,8,5
HC04493,15,2/4/2025,Typhoid,23,3
HC04494,3,7/11/2025,Diarrheal Disease,11,5
HC04495,25,3/1/2024,Typhoid,34,5
HC04496,22,7/16/2025,Diarrheal Disease,10,1
HC04497,1,12/23/2025,Typhoid,15,1
HC04498,8,2/6/2024,Diarrheal Disease,33,2
HC04499,1,10/28/2024,Diarrheal Disease,10,4
HC04500,17,10/12/2024,Food Poisoning,36,2
HC04501,3,4/11/2025,Diarrheal Disease,17,5
HC04502,6,1/18/2025,Food Poisoning,36,2
HC04503,12,5/16/2024,Diarrheal Disease,39,5
HC04504,24,7/22/2024,Food Poisoning,12,2
HC04505,18,4/13/2025,Diarrheal Disease,10,3
HC04506,24,2/9/2025,Typhoid,11,3
HC04507,25,12/29/2024,Food Poisoning,15,5
HC04508,8,11/5/2024,Food Poisoning,4,2
HC04509,10,4/25/2024,Food Poisoning,1,2
HC04510,20,2/24/2024,Typhoid,27,2
HC04511,10,10/29/2025,Food Poisoning,31,1
HC04512,20,7/4/2025,Typhoid,16,2
HC04513,2,12/10/2024,Diarrheal Disease,21,1
HC04514,9,4/15/2025,Typhoid,11,3
HC04515,2,6/16/2025,Typhoid,14,2
HC04516,22,8/17/2025,Diarrheal Disease,36,1
HC04517,8,1/9/2024,Food Poisoning,31,1
HC04518,18,3/25/2025,Diarrheal Disease,10,5
HC04519,15,2/22/2024,Diarrheal Disease,20,3
HC04520,20,6/27/2024,Typhoid,8,2
HC04521,20,5/14/2024,Food Poisoning,9,4
HC04522,19,7/28/2025,Food Poisoning,25,5
HC04523,15,9/13/2024,Diarrheal Disease,6,3
HC04524,21,7/12/2024,Typhoid,13,1
HC04525,2,9/8/2025,Food Poisoning,23,3
HC04526,1,7/24/2025,Typhoid,5,2
HC04527,8,6/29/2025,Diarrheal Disease,15,4
HC04528,9,5/26/2024,Diarrheal Disease,24,1
HC04529,21,6/7/2024,Food Poisoning,28,5
HC04530,5,7/12/2024,Food Poisoning,8,2
HC04531,26,2/26/2024,Food Poisoning,32,1
HC04532,1,1/1/2025,Typhoid,26,3
HC04533,20,6/22/2025,Typhoid,14,2
HC04534,7,2/5/2025,Typhoid,1,5
HC04535,13,6/6/2024,Food Poisoning,2,2
HC04536,6,1/16/2025,Diarrheal Disease,24,4
HC04537,10,1/17/2025,Diarrheal Disease,29,3
HC04538,8,7/1/2025,Diarrheal Disease,22,4
HC04539,3,12/20/2025,Typhoid,26,1
HC04540,7,9/8/2024,Typhoid,30,1
HC04541,9,2/18/2024,Food Poisoning,23,1
HC04542,1,11/23/2024,Diarrheal Disease,6,1
HC04543,13,3/30/2024,Diarrheal Disease,36,5
HC04544,14,1/4/2025,Typhoid,19,2
HC04545,6,3/20/2025,Food Poisoning,21,3
HC04546,18,7/8/2025,Typhoid,16,3
HC04547,16,8/25/2024,Food Poisoning,29,5
HC04548,5,8/11/2025,Food Poisoning,9,5
HC04549,25,12/13/2025,Diarrheal Disease,38,4
HC04550,10,3/20/2024,Typhoid,19,3
HC04551,25,2/16/2025,Diarrheal Disease,9,3
HC04552,16,2/10/2025,Diarrheal Disease,8,2
HC04553,23,10/12/2024,Food Poisoning,11,2
HC04554,1,11/9/2025,Diarrheal Disease,8,1
HC04555,10,6/6/2025,Diarrheal Disease,15,4
HC04556,8,3/5/2024,Typhoid,25,5
HC04557,20,2/12/2024,Diarrheal Disease,13,4
HC04558,23,1/8/2024,Food Poisoning,34,1
HC04559,7,8/10/2024,Typhoid,37,2
HC04560,25,1/17/2024,Typhoid,15,2
HC04561,17,5/24/2024,Food Poisoning,20,5
HC04562,24,9/26/2024,Typhoid,26,4
HC04563,6,2/28/2025,Diarrheal Disease,22,1
HC04564,11,5/31/2025,Food Poisoning,24,2
HC04565,1,8/22/2025,Typhoid,16,3
HC04566,18,11/23/2024,Diarrheal Disease,30,2
HC04567,9,8/6/2025,Diarrheal Disease,19,1
HC04568,8,12/6/2024,Typhoid,5,1
HC04569,18,8/19/2025,Diarrheal Disease,11,3
HC04570,8,7/24/2025,Diarrheal Disease,8,2
HC04571,22,5/20/2025,Diarrheal Disease,24,4
HC04572,7,6/1/2024,Food Poisoning,16,4
HC04573,26,8/22/2024,Diarrheal Disease,39,1
HC04574,24,6/23/2024,Typhoid,11,4
HC04575,10,3/20/2025,Diarrheal Disease,9,5
HC04576,1,12/12/2025,Typhoid,28,4
HC04577,24,3/6/2025,Food Poisoning,3,3
HC04578,14,3/26/2025,Diarrheal Disease,10,5
HC04579,2,2/24/2024,Diarrheal Disease,17,5
HC04580,26,9/5/2024,Food Poisoning,4,1
HC04581,26,7/23/2024,Typhoid,1,5
HC04582,23,4/15/2024,Typhoid,12,5
HC04583,20,11/8/2025,Typhoid,13,5
HC04584,19,5/30/2025,Diarrheal Disease,3,2
HC04585,1,3/20/2025,Diarrheal Disease,29,4
HC04586,25,11/8/2024,Diarrheal Disease,20,3
HC04587,19,3/22/2025,Food Poisoning,28,3
HC04588,1,12/19/2025,Food Poisoning,27,4
HC04589,13,3/9/2025,Food Poisoning,4,4
HC04590,22,9/30/2025,Typhoid,5,5
HC04591,7,6/19/2024,Typhoid,20,4
HC04592,9,3/20/2025,Diarrheal Disease,38,1
HC04593,19,7/30/2025,Typhoid,36,2
HC04594,16,7/18/2024,Typhoid,8,1
HC04595,2,12/13/2024,Food Poisoning,2,2
HC04596,23,8/10/2024,Diarrheal Disease,31,5
HC04597,19,6/19/2024,Typhoid,28,1
HC04598,20,8/21/2024,Food Poisoning,25,4
HC04599,22,9/25/2025,Diarrheal Disease,29,1
HC04600,13,11/6/2025,Food Poisoning,26,1
HC04601,9,3/11/2024,Typhoid,37,5
HC04602,6,9/5/2024,Diarrheal Disease,30,3
HC04603,12,10/10/2025,Food Poisoning,5,4
HC04604,4,11/14/2025,Food Poisoning,21,3
HC04605,5,8/12/2025,Typhoid,32,3
HC04606,26,3/10/2024,Diarrheal Disease,34,3
HC04607,22,1/24/2025,Food Poisoning,1,3
HC04608,23,7/26/2025,Food Poisoning,17,4
HC04609,4,2/10/2024,Diarrheal Disease,20,3
HC04610,17,6/2/2025,Typhoid,15,2
HC04611,16,5/5/2025,Typhoid,32,5
HC04612,22,3/9/2025,Food Poisoning,25,2
HC04613,23,12/30/2025,Typhoid,12,2
HC04614,18,4/3/2024,Typhoid,17,5
HC04615,17,12/31/2025,Typhoid,34,3
HC04616,23,7/23/2025,Diarrheal Disease,17,1
HC04617,13,3/11/2024,Diarrheal Disease,20,2
HC04618,24,1/21/2024,Diarrheal Disease,36,1
HC04619,11,6/5/2024,Diarrheal Disease,9,2
HC04620,4,5/1/2025,Food Poisoning,19,4
HC04621,8,5/23/2024,Diarrheal Disease,26,4
HC04622,19,4/19/2024,Food Poisoning,1,1
HC04623,2,12/20/2024,Food Poisoning,18,3
HC04624,17,1/27/2025,Typhoid,21,5
HC04625,2,9/10/2024,Diarrheal Disease,17,3
HC04626,6,2/22/2025,Diarrheal Disease,39,4
HC04627,24,7/9/2024,Diarrheal Disease,24,4
HC04628,16,2/17/2025,Diarrheal Disease,35,3
HC04629,15,4/3/2025,Diarrheal Disease,30,4
HC04630,25,11/24/2024,Food Poisoning,33,5
HC04631,14,5/10/2024,Typhoid,29,3
HC04632,21,7/5/2024,Food Poisoning,22,3
HC04633,19,1/11/2025,Typhoid,2,4
HC04634,11,5/30/2024,Typhoid,9,3
HC04635,12,9/6/2024,Diarrheal Disease,8,2
HC04636,8,9/4/2025,Food Poisoning,4,1
HC04637,19,11/2/2025,Food Poisoning,14,1
HC04638,20,6/15/2025,Typhoid,25,3
HC04639,17,8/2/2025,Typhoid,3,4
HC04640,24,12/23/2025,Typhoid,38,3
HC04641,3,12/22/2024,Food Poisoning,22,4
HC04642,24,11/16/2024,Diarrheal Disease,11,1
HC04643,14,1/6/2025,Food Poisoning,37,5
HC04644,4,7/31/2024,Food Poisoning,17,4
HC04645,17,6/9/2024,Diarrheal Disease,24,2
HC04646,15,11/6/2024,Food Poisoning,35,4
HC04647,15,11/28/2025,Diarrheal Disease,21,2
HC04648,21,1/10/2025,Food Poisoning,33,3
HC04649,1,9/1/2025,Food Poisoning,35,1
HC04650,17,2/20/2024,Food Poisoning,33,1
HC04651,15,6/24/2024,Diarrheal Disease,5,2
HC04652,19,7/9/2024,Typhoid,2,1
HC04653,10,4/3/2024,Typhoid,30,3
HC04654,1,4/10/2024,Typhoid,25,3
HC04655,6,2/17/2024,Food Poisoning,13,4
HC04656,25,8/3/2024,Diarrheal Disease,19,2
HC04657,26,9/22/2024,Typhoid,8,2
HC04658,13,4/3/2025,Typhoid,33,4
HC04659,12,3/9/2024,Food Poisoning,20,1
HC04660,15,4/22/2024,Diarrheal Disease,21,2
HC04661,15,1/14/2025,Typhoid,25,4
HC04662,9,3/26/2025,Diarrheal Disease,22,5
HC04663,26,8/28/2024,Typhoid,7,5
HC04664,5,7/27/2025,Diarrheal Disease,18,5
HC04665,9,2/3/2024,Typhoid,17,5
HC04666,5,10/2/2024,Food Poisoning,18,2
HC04667,13,6/9/2024,Typhoid,6,5
HC04668,17,6/13/2025,Typhoid,33,4
HC04669,26,12/1/2025,Diarrheal Disease,36,3
HC04670,20,10/18/2024,Typhoid,29,4
HC04671,9,3/14/2024,Food Poisoning,29,2
HC04672,12,2/27/2025,Food Poisoning,7,1
HC04673,17,8/8/2025,Food Poisoning,28,5
HC04674,18,5/11/2025,Diarrheal Disease,23,2
HC04675,25,4/19/2024,Food Poisoning,13,4
HC04676,13,6/26/2024,Typhoid,9,3
HC04677,2,11/26/2025,Diarrheal Disease,33,5
HC04678,22,12/19/2025,Typhoid,3,3
HC04679,5,1/25/2024,Typhoid,17,1
HC04680,16,3/18/2024,Diarrheal Disease,30,2
HC04681,10,12/26/2024,Typhoid,18,2
HC04682,21,4/25/2024,Food Poisoning,31,3
HC04683,12,9/2/2025,Typhoid,12,5
HC04684,16,10/9/2024,Food Poisoning,12,5
HC04685,11,7/25/2025,Diarrheal Disease,17,5
HC04686,12,6/26/2024,Typhoid,11,4
HC04687,16,9/9/2024,Food Poisoning,17,4
HC04688,18,4/20/2025,Typhoid,25,3
HC04689,9,8/6/2024,Typhoid,14,3
HC04690,13,7/24/2025,Diarrheal Disease,8,1
HC04691,17,6/27/2025,Typhoid,24,3
HC04692,22,8/30/2024,Typhoid,1,5
HC04693,10,4/18/2025,Diarrheal Disease,25,3
HC04694,4,11/14/2024,Typhoid,1,1
HC04695,3,1/16/2024,Typhoid,22,3
HC04696,10,8/1/2024,Typhoid,13,1
HC04697,4,9/21/2025,Typhoid,23,1
HC04698,20,6/26/2024,Food Poisoning,5,4
HC04699,5,2/12/2024,Food Poisoning,36,5
HC04700,10,8/10/2025,Food Poisoning,4,1
HC04701,22,9/10/2024,Typhoid,34,3
HC04702,17,10/4/2025,Diarrheal Disease,3,1
HC04703,17,4/23/2025,Diarrheal Disease,37,3
HC04704,22,12/16/2025,Diarrheal Disease,37,1
HC04705,14,5/1/2025,Typhoid,1,1
HC04706,5,10/20/2025,Typhoid,15,5
HC04707,13,10/6/2024,Food Poisoning,38,1
HC04708,15,3/30/2025,Food Poisoning,20,4
HC04709,22,8/8/2024,Food Poisoning,35,4
HC04710,16,11/10/2024,Food Poisoning,32,3
HC04711,10,2/8/2025,Typhoid,22,3
HC04712,16,2/2/2024,Diarrheal Disease,3,5
HC04713,17,6/27/2025,Food Poisoning,22,2
HC04714,14,2/5/2025,Typhoid,5,4
HC04715,3,4/27/2024,Diarrheal Disease,38,3
HC04716,18,2/11/2025,Diarrheal Disease,36,2
HC04717,26,5/24/2025,Typhoid,3,4
HC04718,1,9/1/2025,Diarrheal Disease,1,3
HC04719,14,3/15/2024,Diarrheal Disease,20,5
HC04720,20,7/27/2024,Food Poisoning,33,1
HC04721,19,3/14/2024,Typhoid,18,1
HC04722,9,5/16/2025,Typhoid,21,3
HC04723,1,5/21/2025,Diarrheal Disease,2,4
HC04724,14,2/7/2024,Typhoid,6,4
HC04725,17,1/10/2024,Diarrheal Disease,17,1
HC04726,14,7/9/2024,Diarrheal Disease,19,1
HC04727,5,9/11/2024,Food Poisoning,15,2
HC04728,26,7/8/2024,Typhoid,4,2
HC04729,8,8/3/2025,Food Poisoning,13,4
HC04730,16,5/7/2025,Diarrheal Disease,14,2
HC04731,17,2/12/2024,Food Poisoning,37,5
HC04732,2,3/8/2024,Diarrheal Disease,5,5
HC04733,19,6/6/2024,Food Poisoning,37,3
HC04734,13,10/26/2024,Food Poisoning,37,4
HC04735,21,8/4/2025,Diarrheal Disease,6,3
HC04736,9,5/21/2025,Typhoid,2,5
HC04737,14,2/19/2025,Diarrheal Disease,28,4
HC04738,20,8/2/2024,Diarrheal Disease,32,5
HC04739,18,5/23/2024,Typhoid,31,3
HC04740,16,5/18/2024,Typhoid,21,3
HC04741,12,12/19/2024,Diarrheal Disease,2,2
HC04742,4,7/1/2024,Food Poisoning,22,3
HC04743,24,4/27/2024,Diarrheal Disease,20,1
HC04744,20,5/13/2024,Food Poisoning,15,3
HC04745,9,6/28/2024,Food Poisoning,34,5
HC04746,11,9/7/2024,Typhoid,16,5
HC04747,26,11/7/2024,Typhoid,14,3
HC04748,19,5/11/2025,Diarrheal Disease,8,3
HC04749,8,3/16/2024,Food Poisoning,23,5
HC04750,20,7/22/2024,Typhoid,39,4
HC04751,24,12/4/2024,Diarrheal Disease,30,5
HC04752,7,1/6/2024,Food Poisoning,10,5
HC04753,12,10/5/2024,Diarrheal Disease,10,2
HC04754,16,9/14/2025,Food Poisoning,26,1
HC04755,19,8/31/2024,Typhoid,19,4
HC04756,2,11/11/2025,Diarrheal Disease,25,1
HC04757,21,1/30/2024,Typhoid,16,1
HC04758,12,11/22/2024,Food Poisoning,10,1
HC04759,17,2/14/2025,Typhoid,20,5
HC04760,13,8/1/2025,Typhoid,27,2
HC04761,11,3/6/2025,Food Poisoning,32,5
HC04762,25,4/23/2024,Typhoid,32,1
HC04763,3,8/28/2025,Food Poisoning,20,4
HC04764,26,1/17/2024,Diarrheal Disease,19,1
HC04765,7,8/20/2025,Typhoid,13,1
HC04766,20,12/27/2025,Typhoid,39,1
HC04767,2,12/11/2025,Diarrheal Disease,35,3
HC04768,7,9/13/2025,Food Poisoning,39,2
HC04769,12,11/27/2025,Food Poisoning,20,1
HC04770,5,9/19/2024,Diarrheal Disease,27,3
HC04771,2,7/13/2024,Diarrheal Disease,28,2
HC04772,21,5/24/2025,Typhoid,19,4
HC04773,19,9/14/2025,Typhoid,19,1
HC04774,19,10/19/2024,Food Poisoning,7,3
HC04775,7,10/20/2025,Food Poisoning,38,2
HC04776,19,3/25/2025,Food Poisoning,35,3
HC04777,8,8/14/2024,Diarrheal Disease,13,5
HC04778,11,7/26/2025,Diarrheal Disease,2,5
HC04779,12,10/5/2025,Diarrheal Disease,36,1
HC04780,23,11/16/2025,Typhoid,7,4
HC04781,8,4/27/2024,Diarrheal Disease,2,5
HC04782,9,8/16/2024,Diarrheal Disease,39,4
HC04783,22,3/13/2024,Typhoid,16,4
HC04784,2,11/27/2025,Diarrheal Disease,16,5
HC04785,17,11/21/2025,Typhoid,7,3
HC04786,6,11/13/2025,Food Poisoning,12,4
HC04787,22,1/4/2025,Food Poisoning,17,5
HC04788,8,11/21/2025,Food Poisoning,13,1
HC04789,3,6/23/2025,Diarrheal Disease,13,5
HC04790,3,3/15/2025,Diarrheal Disease,15,1
HC04791,20,8/31/2025,Typhoid,6,3
HC04792,3,12/30/2025,Typhoid,32,3
HC04793,24,3/12/2024,Diarrheal Disease,5,1
HC04794,9,2/13/2025,Typhoid,25,3
HC04795,11,2/25/2025,Diarrheal Disease,25,5
HC04796,5,12/18/2025,Food Poisoning,7,3
HC04797,15,11/15/2025,Typhoid,39,5
HC04798,4,3/27/2025,Food Poisoning,15,4
HC04799,2,11/1/2025,Food Poisoning,22,5
HC04800,23,11/22/2025,Diarrheal Disease,9,1
HC04801,18,3/12/2025,Diarrheal Disease,17,1
HC04802,16,8/19/2024,Typhoid,11,2
HC04803,18,3/5/2024,Typhoid,15,4
HC04804,12,2/5/2024,Diarrheal Disease,34,1
HC04805,11,10/5/2024,Typhoid,1,4
HC04806,19,5/24/2025,Diarrheal Disease,32,2
HC04807,20,11/11/2024,Typhoid,6,1
HC04808,9,11/1/2025,Food Poisoning,32,4
HC04809,23,5/18/2024,Food Poisoning,10,3
HC04810,19,2/4/2024,Food Poisoning,3,1
HC04811,10,1/23/2024,Typhoid,3,4
HC04812,25,12/7/2025,Diarrheal Disease,35,3
HC04813,2,3/8/2024,Food Poisoning,4,5
HC04814,8,4/4/2024,Diarrheal Disease,27,2
HC04815,7,5/22/2024,Diarrheal Disease,5,2
HC04816,6,3/12/2025,Typhoid,15,3
HC04817,14,3/30/2025,Diarrheal Disease,8,1
HC04818,19,9/24/2025,Diarrheal Disease,30,3
HC04819,24,9/2/2025,Typhoid,3,1
HC04820,18,3/22/2025,Typhoid,22,3
HC04821,25,11/12/2024,Typhoid,15,4
HC04822,20,7/27/2025,Food Poisoning,21,4
HC04823,15,12/23/2024,Food Poisoning,2,3
HC04824,25,11/6/2025,Food Poisoning,35,4
HC04825,26,7/13/2025,Food Poisoning,24,2
HC04826,3,10/15/2025,Typhoid,25,2
HC04827,21,6/30/2025,Diarrheal Disease,12,3
HC04828,12,2/24/2025,Typhoid,1,3
HC04829,17,10/6/2024,Food Poisoning,38,3
HC04830,3,10/15/2025,Food Poisoning,11,2
HC04831,17,4/17/2024,Food Poisoning,17,1
HC04832,14,9/10/2025,Diarrheal Disease,36,2
HC04833,1,5/30/2025,Food Poisoning,7,3
HC04834,16,4/2/2025,Diarrheal Disease,18,4
HC04835,22,11/6/2025,Diarrheal Disease,17,5
HC04836,26,12/25/2024,Diarrheal Disease,11,1
HC04837,17,4/13/2024,Diarrheal Disease,20,4
HC04838,17,1/30/2024,Food Poisoning,5,1
HC04839,12,12/14/2025,Diarrheal Disease,2,2
HC04840,16,9/12/2024,Typhoid,18,2
HC04841,11,3/4/2025,Food Poisoning,5,1
HC04842,24,1/23/2024,Diarrheal Disease,31,4
HC04843,24,11/12/2024,Typhoid,7,2
HC04844,9,9/22/2024,Diarrheal Disease,24,2
HC04845,20,8/31/2025,Typhoid,11,2
HC04846,20,5/17/2025,Diarrheal Disease,19,3
HC04847,16,9/13/2024,Typhoid,11,1
HC04848,22,11/2/2024,Diarrheal Disease,17,2
HC04849,10,6/18/2025,Typhoid,1,3
HC04850,8,7/28/2025,Diarrheal Disease,21,3
HC04851,5,11/29/2025,Food Poisoning,25,4
HC04852,14,12/3/2025,Food Poisoning,12,2
HC04853,26,12/6/2024,Food Poisoning,39,5
HC04854,11,1/19/2024,Typhoid,29,4
HC04855,24,8/22/2024,Typhoid,16,4
HC04856,22,2/13/2024,Diarrheal Disease,14,3
HC04857,7,5/17/2025,Typhoid,32,4
HC04858,4,8/20/2025,Food Poisoning,36,2
HC04859,19,10/30/2024,Diarrheal Disease,9,3
HC04860,26,8/14/2025,Typhoid,2,4
HC04861,13,7/3/2024,Food Poisoning,12,5
HC04862,26,5/17/2024,Diarrheal Disease,20,4
HC04863,19,2/14/2025,Food Poisoning,23,2
HC04864,15,3/2/2024,Diarrheal Disease,2,1
HC04865,25,4/7/2025,Typhoid,18,2
HC04866,16,11/27/2024,Food Poisoning,39,3
HC04867,13,8/31/2024,Diarrheal Disease,38,3
HC04868,20,3/12/2025,Food Poisoning,29,2
HC04869,20,11/8/2024,Diarrheal Disease,36,5
HC04870,16,1/6/2024,Diarrheal Disease,16,1
HC04871,18,10/16/2025,Food Poisoning,32,3
HC04872,23,10/24/2024,Typhoid,39,3
HC04873,12,8/22/2024,Diarrheal Disease,6,3
HC04874,3,6/20/2024,Diarrheal Disease,21,3
HC04875,14,11/24/2025,Diarrheal Disease,17,1
HC04876,8,2/18/2024,Food Poisoning,13,3
HC04877,14,8/5/2024,Food Poisoning,26,1
HC04878,26,11/12/2024,Typhoid,14,2
HC04879,9,5/12/2025,Typhoid,38,2
HC04880,9,4/22/2025,Food Poisoning,11,2
HC04881,26,6/8/2024,Diarrheal Disease,9,4
HC04882,11,1/16/2025,Food Poisoning,9,2
HC04883,2,7/27/2025,Food Poisoning,7,4
HC04884,9,5/31/2024,Diarrheal Disease,22,4
HC04885,13,4/29/2024,Food Poisoning,2,2
HC04886,7,4/7/2025,Food Poisoning,3,3
HC04887,17,9/24/2025,Food Poisoning,19,4
HC04888,20,9/22/2024,Typhoid,23,1
HC04889,26,11/29/2024,Diarrheal Disease,2,4
HC04890,24,3/7/2024,Food Poisoning,23,1
HC04891,5,3/23/2024,Diarrheal Disease,33,3
HC04892,15,1/15/2024,Typhoid,4,4
HC04893,20,3/22/2025,Typhoid,16,5
HC04894,17,7/20/2024,Typhoid,21,2
HC04895,23,4/5/2024,Typhoid,7,1
HC04896,6,9/2/2025,Food Poisoning,30,3
HC04897,14,4/13/2024,Diarrheal Disease,31,3
HC04898,12,6/13/2025,Food Poisoning,19,5
HC04899,7,12/1/2024,Typhoid,4,3
HC04900,1,4/26/2025,Diarrheal Disease,4,1
HC04901,7,6/26/2024,Diarrheal Disease,8,2
HC04902,2,3/12/2025,Food Poisoning,7,4
HC04903,16,9/12/2024,Typhoid,14,3
HC04904,15,10/16/2025,Diarrheal Disease,18,2
HC04905,3,7/2/2025,Food Poisoning,5,2
HC04906,1,2/25/2024,Typhoid,22,5
HC04907,15,7/4/2025,Typhoid,29,5
HC04908,11,12/12/2024,Food Poisoning,33,3
HC04909,19,2/22/2025,Diarrheal Disease,2,4
HC04910,17,6/30/2025,Diarrheal Disease,26,5
HC04911,2,4/10/2025,Typhoid,20,2
HC04912,18,5/29/2025,Diarrheal Disease,6,2
HC04913,26,5/20/2025,Food Poisoning,3,1
HC04914,4,10/21/2024,Food Poisoning,5,3
HC04915,11,9/15/2025,Typhoid,21,4
HC04916,16,4/20/2024,Typhoid,8,4
HC04917,23,1/22/2024,Diarrheal Disease,23,2
HC04918,15,4/26/2024,Food Poisoning,25,4
HC04919,24,10/24/2025,Diarrheal Disease,3,4
HC04920,20,3/6/2025,Typhoid,7,3
HC04921,19,4/7/2025,Diarrheal Disease,8,4
HC04922,14,7/1/2024,Typhoid,34,5
HC04923,25,1/21/2025,Diarrheal Disease,3,4
HC04924,17,3/26/2024,Typhoid,14,5
HC04925,9,9/29/2025,Diarrheal Disease,31,5
HC04926,22,8/31/2024,Food Poisoning,4,2
HC04927,9,9/24/2025,Food Poisoning,30,4
HC04928,6,8/26/2025,Diarrheal Disease,13,1
HC04929,19,3/21/2025,Food Poisoning,1,5
HC04930,24,3/22/2024,Diarrheal Disease,5,2
HC04931,26,11/16/2024,Typhoid,8,3
HC04932,3,7/6/2025,Typhoid,14,3
HC04933,13,10/19/2024,Diarrheal Disease,8,5
HC04934,19,3/18/2024,Typhoid,13,4
HC04935,14,4/23/2024,Food Poisoning,26,1
HC04936,17,10/8/2024,Food Poisoning,19,4
HC04937,1,7/5/2024,Food Poisoning,33,2
HC04938,26,2/15/2025,Food Poisoning,34,1
HC04939,25,9/27/2024,Typhoid,13,4
HC04940,16,1/5/2024,Diarrheal Disease,1,1
HC04941,18,7/22/2024,Food Poisoning,5,3
HC04942,5,3/25/2025,Diarrheal Disease,28,5
HC04943,11,1/26/2025,Typhoid,8,3
HC04944,21,12/25/2025,Diarrheal Disease,39,3
HC04945,16,10/18/2025,Food Poisoning,18,5
HC04946,5,4/3/2024,Typhoid,16,5
HC04947,14,10/26/2024,Typhoid,33,5
HC04948,15,12/22/2024,Typhoid,13,2
HC04949,24,12/22/2024,Diarrheal Disease,38,5
HC04950,26,5/19/2024,Food Poisoning,34,4
HC04951,18,12/1/2024,Typhoid,18,2
HC04952,26,2/11/2025,Food Poisoning,3,3
HC04953,19,7/21/2025,Typhoid,29,3
HC04954,15,6/16/2025,Typhoid,19,4
HC04955,8,3/28/2024,Typhoid,1,4
HC04956,4,7/12/2024,Food Poisoning,31,5
HC04957,25,7/30/2025,Food Poisoning,23,5
HC04958,10,5/12/2025,Diarrheal Disease,24,2
HC04959,21,3/2/2024,Diarrheal Disease,34,5
HC04960,26,12/2/2025,Typhoid,14,3
HC04961,25,3/22/2024,Diarrheal Disease,6,2
HC04962,14,4/24/2025,Typhoid,21,5
HC04963,1,6/4/2024,Typhoid,4,1
HC04964,25,7/1/2024,Food Poisoning,9,1
HC04965,1,2/27/2025,Diarrheal Disease,38,1
HC04966,4,10/6/2024,Food Poisoning,25,1
HC04967,22,12/19/2025,Food Poisoning,1,5
HC04968,11,5/2/2025,Food Poisoning,27,3
HC04969,21,7/14/2024,Typhoid,33,5
HC04970,2,5/26/2025,Typhoid,12,3
HC04971,8,12/10/2025,Typhoid,27,3
HC04972,8,2/3/2024,Diarrheal Disease,24,5
HC04973,10,4/18/2024,Typhoid,26,2
HC04974,22,5/24/2025,Food Poisoning,8,1
HC04975,9,12/24/2025,Diarrheal Disease,33,3
HC04976,26,2/5/2024,Typhoid,26,3
HC04977,16,8/8/2025,Typhoid,30,4
HC04978,11,4/10/2024,Food Poisoning,12,4
HC04979,16,8/31/2024,Diarrheal Disease,38,1
HC04980,26,1/3/2024,Typhoid,2,2
HC04981,20,8/14/2025,Typhoid,23,3
HC04982,15,12/18/2025,Diarrheal Disease,23,3
HC04983,11,1/5/2025,Diarrheal Disease,11,4
HC04984,19,4/16/2025,Diarrheal Disease,12,1
HC04985,17,11/25/2024,Food Poisoning,1,4
HC04986,15,5/23/2024,Food Poisoning,2,4
HC04987,3,11/18/2024,Diarrheal Disease,11,4
HC04988,11,3/15/2024,Typhoid,2,2
HC04989,23,4/16/2024,Food Poisoning,33,4
HC04990,14,3/24/2024,Food Poisoning,20,3
HC04991,22,11/10/2025,Diarrheal Disease,22,5
HC04992,12,2/27/2025,Diarrheal Disease,30,3
HC04993,14,7/2/2024,Typhoid,24,4
HC04994,6,2/18/2025,Typhoid,21,4
HC04995,7,10/13/2025,Typhoid,30,4
HC04996,1,6/14/2024,Food Poisoning,30,4
HC04997,19,7/15/2024,Typhoid,13,5
HC04998,3,7/17/2024,Diarrheal Disease,32,4
HC04999,12,4/15/2025,Food Poisoning,33,2
HC05000,5,9/7/2024,Food Poisoning,39,5
HC05001,15,9/16/2024,Typhoid,14,3
HC05002,20,2/20/2025,Diarrheal Disease,24,4
HC05003,22,7/24/2024,Food Poisoning,23,2
HC05004,20,2/20/2025,Typhoid,17,5
HC05005,18,5/17/2025,Diarrheal Disease,34,3
HC05006,21,8/26/2025,Diarrheal Disease,2,1
HC05007,13,8/18/2024,Food Poisoning,6,4
HC05008,25,10/13/2024,Diarrheal Disease,39,4
HC05009,26,1/18/2024,Diarrheal Disease,35,2
HC05010,26,1/22/2025,Food Poisoning,7,4
HC05011,4,10/6/2025,Food Poisoning,32,1
HC05012,7,3/21/2025,Diarrheal Disease,35,3
HC05013,23,2/27/2024,Food Poisoning,28,2
HC05014,24,6/8/2025,Typhoid,3,4
HC05015,11,9/15/2025,Diarrheal Disease,30,4
HC05016,8,12/15/2024,Food Poisoning,13,4
HC05017,9,2/20/2025,Diarrheal Disease,26,3
HC05018,11,10/12/2025,Diarrheal Disease,2,1
HC05019,22,1/20/2025,Diarrheal Disease,1,5
HC05020,4,9/28/2025,Typhoid,18,3
HC05021,8,9/15/2024,Food Poisoning,10,1
HC05022,17,6/1/2025,Diarrheal Disease,12,3
HC05023,3,3/1/2024,Typhoid,14,4
HC05024,5,7/20/2024,Typhoid,28,3
HC05025,20,2/27/2024,Food Poisoning,8,3
HC05026,23,1/14/2024,Typhoid,19,1
HC05027,20,11/9/2025,Typhoid,4,4
HC05028,3,5/15/2024,Typhoid,27,4
HC05029,4,12/20/2024,Food Poisoning,20,5
HC05030,7,7/8/2024,Food Poisoning,1,5
HC05031,26,12/17/2025,Food Poisoning,4,3
HC05032,7,9/14/2025,Food Poisoning,14,4
HC05033,14,4/9/2024,Food Poisoning,1,4
HC05034,20,11/30/2025,Food Poisoning,38,4
HC05035,24,10/23/2024,Typhoid,37,3
HC05036,8,5/24/2024,Diarrheal Disease,33,4
HC05037,15,6/18/2025,Diarrheal Disease,36,4
HC05038,18,11/23/2024,Diarrheal Disease,19,5
HC05039,13,5/19/2025,Diarrheal Disease,13,2
HC05040,18,2/23/2025,Diarrheal Disease,39,1
HC05041,14,4/28/2024,Typhoid,26,1
HC05042,8,9/10/2025,Food Poisoning,25,1
HC05043,10,10/23/2025,Typhoid,32,4
HC05044,6,10/28/2024,Typhoid,27,3
HC05045,19,12/25/2025,Typhoid,23,4
HC05046,9,1/2/2025,Typhoid,28,4
HC05047,8,11/15/2025,Typhoid,36,4
HC05048,14,8/9/2025,Typhoid,4,4
HC05049,19,1/20/2025,Typhoid,23,1
HC05050,10,4/24/2024,Typhoid,3,4
HC05051,9,10/16/2025,Diarrheal Disease,20,4
HC05052,22,5/11/2024,Typhoid,27,4
HC05053,17,1/30/2025,Diarrheal Disease,38,2
HC05054,12,9/17/2025,Food Poisoning,1,1
HC05055,11,6/27/2024,Typhoid,10,5
HC05056,17,11/3/2025,Diarrheal Disease,4,4
HC05057,22,10/5/2025,Typhoid,27,4
HC05058,7,11/19/2024,Food Poisoning,29,2
HC05059,9,7/27/2024,Typhoid,20,5
HC05060,14,11/29/2024,Typhoid,15,5
HC05061,5,6/19/2025,Typhoid,30,5
HC05062,15,6/25/2025,Food Poisoning,23,5
HC05063,22,10/1/2024,Diarrheal Disease,29,5
HC05064,9,4/7/2024,Diarrheal Disease,14,4
HC05065,11,8/1/2024,Food Poisoning,19,3
HC05066,6,11/22/2024,Typhoid,4,1
HC05067,10,11/26/2024,Food Poisoning,4,2
HC05068,7,8/5/2025,Typhoid,30,3
HC05069,2,11/29/2025,Food Poisoning,2,1
HC05070,24,6/18/2025,Diarrheal Disease,5,2
HC05071,18,6/20/2025,Diarrheal Disease,8,5
HC05072,13,2/21/2024,Typhoid,19,4
HC05073,8,5/31/2024,Diarrheal Disease,25,4
HC05074,5,8/29/2024,Diarrheal Disease,33,3
HC05075,24,7/30/2025,Diarrheal Disease,17,1
HC05076,21,12/15/2024,Diarrheal Disease,26,2
HC05077,12,6/17/2025,Typhoid,38,2
HC05078,9,12/17/2024,Diarrheal Disease,27,2
HC05079,25,11/19/2024,Typhoid,19,3
HC05080,22,5/13/2025,Typhoid,15,4
HC05081,9,10/28/2025,Typhoid,22,5
HC05082,14,7/28/2025,Diarrheal Disease,12,2
HC05083,26,2/11/2024,Food Poisoning,6,4
HC05084,12,5/12/2025,Typhoid,15,1
HC05085,3,1/14/2024,Typhoid,18,5
HC05086,10,11/16/2024,Food Poisoning,32,1
HC05087,26,10/7/2024,Typhoid,5,2
HC05088,25,11/8/2024,Diarrheal Disease,9,4
HC05089,11,4/27/2025,Typhoid,22,1
HC05090,21,1/14/2025,Typhoid,15,2
HC05091,14,9/28/2024,Food Poisoning,3,4
HC05092,3,11/5/2024,Typhoid,27,5
HC05093,18,12/1/2024,Diarrheal Disease,37,4
HC05094,18,2/7/2025,Diarrheal Disease,37,1
HC05095,2,4/15/2025,Typhoid,3,3
HC05096,5,1/1/2024,Typhoid,36,5
HC05097,2,8/25/2024,Diarrheal Disease,32,3
HC05098,12,10/24/2025,Diarrheal Disease,18,1
HC05099,15,8/6/2024,Food Poisoning,23,2
HC05100,23,10/1/2024,Diarrheal Disease,12,3
HC05101,12,12/25/2025,Typhoid,12,1
HC05102,6,9/1/2024,Typhoid,13,1
HC05103,18,8/19/2025,Food Poisoning,17,4
HC05104,5,8/11/2024,Food Poisoning,19,3
HC05105,15,9/26/2024,Food Poisoning,9,1
HC05106,24,9/8/2025,Diarrheal Disease,39,1
HC05107,24,10/13/2025,Food Poisoning,8,2
HC05108,1,3/4/2025,Diarrheal Disease,12,1
HC05109,7,5/17/2025,Food Poisoning,12,3
HC05110,4,2/23/2024,Food Poisoning,39,2
HC05111,15,6/10/2025,Typhoid,7,2
HC05112,20,6/11/2025,Food Poisoning,31,4
HC05113,22,11/26/2024,Typhoid,23,1
HC05114,13,2/1/2025,Diarrheal Disease,1,1
HC05115,11,5/12/2025,Food Poisoning,4,1
HC05116,19,4/27/2025,Diarrheal Disease,21,5
HC05117,3,11/9/2025,Typhoid,3,2
HC05118,20,2/24/2024,Typhoid,30,1
HC05119,4,3/10/2025,Diarrheal Disease,34,3
HC05120,9,12/20/2024,Food Poisoning,2,5
HC05121,12,1/31/2024,Diarrheal Disease,7,4
HC05122,23,5/31/2025,Food Poisoning,38,4
HC05123,6,3/19/2025,Typhoid,10,3
HC05124,7,11/12/2024,Typhoid,22,1
HC05125,22,1/29/2025,Diarrheal Disease,22,3
HC05126,19,5/26/2025,Typhoid,11,2
HC05127,4,12/14/2024,Typhoid,20,1
HC05128,6,6/7/2024,Typhoid,7,1
HC05129,1,4/24/2025,Food Poisoning,31,4
HC05130,15,10/4/2025,Typhoid,19,1
HC05131,2,7/9/2025,Typhoid,3,1
HC05132,3,8/27/2024,Diarrheal Disease,24,2
HC05133,22,6/12/2024,Diarrheal Disease,24,1
HC05134,10,8/29/2025,Food Poisoning,11,5
HC05135,20,12/20/2025,Diarrheal Disease,35,3
HC05136,8,8/8/2025,Food Poisoning,31,2
HC05137,6,10/17/2025,Food Poisoning,17,3
HC05138,3,1/26/2024,Diarrheal Disease,33,5
HC05139,11,9/16/2024,Food Poisoning,35,2
HC05140,12,5/6/2025,Typhoid,4,5
HC05141,10,11/25/2025,Typhoid,16,1
HC05142,12,7/31/2025,Typhoid,3,1
HC05143,26,5/22/2024,Typhoid,8,1
HC05144,9,3/31/2025,Food Poisoning,3,4
HC05145,10,7/18/2025,Diarrheal Disease,8,5
HC05146,18,10/27/2024,Typhoid,17,1
HC05147,19,4/8/2024,Food Poisoning,20,2
HC05148,19,2/7/2024,Food Poisoning,30,3
HC05149,24,1/13/2025,Food Poisoning,17,4
HC05150,24,12/6/2025,Typhoid,28,2
HC05151,26,12/28/2024,Diarrheal Disease,26,4
HC05152,13,8/21/2024,Diarrheal Disease,18,1
HC05153,10,2/16/2024,Diarrheal Disease,1,1
HC05154,12,12/29/2024,Diarrheal Disease,5,2
HC05155,9,10/14/2025,Diarrheal Disease,13,5
HC05156,12,8/20/2024,Typhoid,17,1
HC05157,7,5/6/2024,Typhoid,24,2
HC05158,7,6/7/2024,Diarrheal Disease,13,2
HC05159,24,6/7/2025,Food Poisoning,34,3
HC05160,1,7/9/2024,Diarrheal Disease,33,2
HC05161,24,3/31/2024,Food Poisoning,27,4
HC05162,19,1/22/2025,Typhoid,18,3
HC05163,20,6/25/2024,Food Poisoning,30,3
HC05164,3,2/21/2025,Food Poisoning,5,3
HC05165,4,11/7/2024,Diarrheal Disease,27,5
HC05166,8,11/20/2024,Typhoid,33,2
HC05167,25,3/29/2025,Typhoid,3,4
HC05168,19,2/8/2025,Typhoid,39,1
HC05169,8,9/21/2024,Diarrheal Disease,4,3
HC05170,6,8/13/2024,Typhoid,20,3
HC05171,9,9/6/2024,Typhoid,39,4
HC05172,14,7/15/2025,Diarrheal Disease,9,3
HC05173,13,1/13/2025,Typhoid,31,4
HC05174,23,2/28/2025,Diarrheal Disease,16,1
HC05175,15,8/9/2025,Typhoid,11,2
HC05176,11,7/5/2025,Diarrheal Disease,5,1
HC05177,19,7/31/2024,Food Poisoning,25,2
HC05178,7,3/12/2025,Food Poisoning,29,3
HC05179,9,11/17/2024,Diarrheal Disease,30,2
HC05180,6,5/9/2025,Typhoid,9,5
HC05181,1,4/21/2024,Typhoid,37,3
HC05182,12,3/4/2025,Typhoid,29,4
HC05183,11,12/30/2025,Typhoid,30,4
HC05184,17,1/6/2025,Food Poisoning,13,2
HC05185,6,5/1/2025,Diarrheal Disease,35,3
HC05186,24,4/28/2024,Typhoid,12,1
HC05187,10,6/26/2024,Diarrheal Disease,37,2
HC05188,8,10/16/2024,Food Poisoning,9,2
HC05189,18,3/2/2025,Typhoid,23,5
HC05190,26,4/14/2025,Diarrheal Disease,9,1
HC05191,17,5/26/2024,Food Poisoning,28,4
HC05192,5,9/12/2025,Food Poisoning,26,3
HC05193,7,3/5/2024,Typhoid,34,2
HC05194,24,6/13/2024,Diarrheal Disease,32,2
HC05195,24,7/31/2025,Food Poisoning,34,1
HC05196,5,8/24/2024,Food Poisoning,38,1
HC05197,25,9/3/2025,Food Poisoning,17,3
HC05198,17,10/20/2024,Food Poisoning,13,4
HC05199,7,1/3/2025,Typhoid,33,1
HC05200,3,6/25/2024,Typhoid,25,2
HC05201,17,5/31/2024,Food Poisoning,23,5
HC05202,10,10/25/2025,Typhoid,15,3
HC05203,19,1/31/2025,Diarrheal Disease,4,2
HC05204,3,11/24/2025,Diarrheal Disease,11,3
HC05205,2,9/12/2024,Food Poisoning,24,3
HC05206,7,10/5/2024,Diarrheal Disease,5,5
HC05207,7,5/23/2025,Food Poisoning,22,1
HC05208,10,1/13/2024,Typhoid,12,1
HC05209,14,12/6/2024,Typhoid,9,1
HC05210,23,8/12/2024,Diarrheal Disease,23,4
HC05211,22,8/12/2024,Typhoid,21,3
HC05212,4,10/4/2024,Typhoid,36,2
HC05213,16,1/2/2025,Typhoid,17,5
HC05214,3,3/1/2025,Diarrheal Disease,38,3
HC05215,23,11/9/2025,Food Poisoning,21,1
HC05216,19,5/16/2024,Diarrheal Disease,9,2
HC05217,12,12/7/2025,Diarrheal Disease,4,4
HC05218,5,3/1/2024,Diarrheal Disease,29,3
HC05219,22,9/24/2025,Food Poisoning,34,5
HC05220,17,12/20/2025,Diarrheal Disease,13,3
HC05221,22,12/5/2024,Food Poisoning,20,2
HC05222,5,3/11/2025,Diarrheal Disease,28,2
HC05223,7,3/3/2025,Food Poisoning,7,1
HC05224,10,11/6/2024,Typhoid,20,2
HC05225,10,2/16/2025,Diarrheal Disease,3,4
HC05226,16,2/2/2024,Food Poisoning,16,3
HC05227,19,9/24/2024,Food Poisoning,11,3
HC05228,2,7/15/2024,Diarrheal Disease,8,5
HC05229,23,7/28/2024,Typhoid,30,4
HC05230,16,2/1/2025,Typhoid,3,1
HC05231,1,6/17/2025,Diarrheal Disease,28,5
HC05232,6,1/10/2024,Food Poisoning,27,5
HC05233,18,8/23/2025,Diarrheal Disease,6,4
HC05234,3,12/18/2025,Food Poisoning,31,1
HC05235,11,11/20/2024,Diarrheal Disease,17,5
HC05236,4,3/16/2025,Diarrheal Disease,35,4
HC05237,25,7/7/2025,Diarrheal Disease,20,1
HC05238,19,1/21/2025,Diarrheal Disease,7,5
HC05239,9,8/21/2024,Food Poisoning,39,2
HC05240,1,11/24/2024,Typhoid,12,5
HC05241,25,6/8/2025,Food Poisoning,19,1
HC05242,17,11/22/2024,Diarrheal Disease,37,3
HC05243,12,11/12/2025,Food Poisoning,31,5
HC05244,14,2/4/2025,Food Poisoning,18,5
HC05245,16,10/29/2024,Food Poisoning,19,2
HC05246,18,7/10/2025,Typhoid,8,1
HC05247,10,12/28/2024,Food Poisoning,27,2
HC05248,14,8/25/2025,Typhoid,13,3
HC05249,13,9/30/2025,Diarrheal Disease,9,1
HC05250,16,1/29/2024,Typhoid,39,4
HC05251,20,11/14/2025,Food Poisoning,26,1
HC05252,2,12/1/2024,Typhoid,38,4
HC05253,16,1/21/2024,Food Poisoning,21,5
HC05254,16,9/28/2025,Typhoid,39,4
HC05255,13,2/19/2025,Typhoid,25,3
HC05256,14,9/8/2024,Diarrheal Disease,21,5
HC05257,12,7/7/2025,Diarrheal Disease,4,5
HC05258,10,4/11/2025,Food Poisoning,10,1
HC05259,1,2/13/2025,Food Poisoning,2,4
HC05260,6,1/7/2024,Food Poisoning,27,3
HC05261,8,12/5/2024,Typhoid,5,5
HC05262,23,2/27/2025,Food Poisoning,10,3
HC05263,1,9/3/2025,Diarrheal Disease,14,4
HC05264,20,5/21/2024,Food Poisoning,25,3
HC05265,18,11/5/2024,Typhoid,14,1
HC05266,6,9/25/2025,Food Poisoning,5,2
HC05267,13,10/11/2024,Food Poisoning,9,1
HC05268,3,1/25/2024,Typhoid,20,2
HC05269,7,10/29/2024,Diarrheal Disease,1,2
HC05270,26,2/25/2024,Food Poisoning,4,5
HC05271,22,4/10/2024,Diarrheal Disease,13,4
HC05272,5,6/7/2025,Diarrheal Disease,39,3
HC05273,3,6/16/2024,Typhoid,8,4
HC05274,22,2/4/2025,Diarrheal Disease,21,2
HC05275,18,11/1/2024,Diarrheal Disease,11,5
HC05276,6,6/13/2024,Typhoid,14,4
HC05277,6,2/17/2024,Diarrheal Disease,8,5
HC05278,13,1/30/2024,Typhoid,26,3
HC05279,26,10/27/2025,Typhoid,30,5
HC05280,8,10/12/2024,Food Poisoning,27,5
HC05281,14,9/17/2025,Diarrheal Disease,33,2
HC05282,4,1/24/2024,Food Poisoning,17,2
HC05283,21,5/14/2024,Diarrheal Disease,22,5
HC05284,12,6/10/2024,Food Poisoning,19,1
HC05285,5,11/16/2024,Diarrheal Disease,36,1
HC05286,26,7/16/2024,Typhoid,18,3
HC05287,20,8/31/2024,Food Poisoning,36,4
HC05288,14,5/9/2024,Diarrheal Disease,27,5
HC05289,6,11/20/2025,Diarrheal Disease,2,4
HC05290,18,8/1/2025,Diarrheal Disease,1,5
HC05291,7,8/11/2025,Typhoid,33,4
HC05292,25,12/20/2025,Diarrheal Disease,23,4
HC05293,4,11/29/2025,Food Poisoning,29,4
HC05294,17,1/16/2024,Diarrheal Disease,30,5
HC05295,17,4/29/2025,Diarrheal Disease,6,5
HC05296,13,12/2/2024,Food Poisoning,15,1
HC05297,12,9/15/2024,Diarrheal Disease,37,2
HC05298,10,12/16/2025,Food Poisoning,11,4
HC05299,13,11/22/2024,Typhoid,29,1
HC05300,14,8/10/2024,Food Poisoning,38,5
HC05301,14,2/3/2025,Diarrheal Disease,18,3
HC05302,7,6/13/2025,Food Poisoning,11,5
HC05303,19,1/25/2024,Food Poisoning,27,2
HC05304,6,3/9/2025,Typhoid,34,1
HC05305,2,3/5/2025,Diarrheal Disease,38,5
HC05306,8,2/1/2024,Typhoid,33,2
HC05307,10,1/29/2024,Food Poisoning,27,3
HC05308,17,10/17/2025,Typhoid,30,5
HC05309,16,10/8/2025,Typhoid,37,5
HC05310,11,12/23/2024,Diarrheal Disease,1,1
HC05311,18,2/17/2025,Diarrheal Disease,37,2
HC05312,24,6/7/2024,Diarrheal Disease,22,3
HC05313,4,2/13/2025,Diarrheal Disease,36,5
HC05314,13,11/27/2025,Typhoid,15,3
HC05315,26,12/24/2024,Typhoid,29,5
HC05316,8,1/18/2024,Food Poisoning,35,3
HC05317,25,6/26/2025,Diarrheal Disease,17,1
HC05318,17,5/23/2025,Typhoid,5,1
HC05319,15,1/13/2024,Food Poisoning,23,3
HC05320,5,12/29/2025,Diarrheal Disease,31,3
HC05321,24,3/24/2024,Typhoid,19,5
HC05322,6,9/6/2025,Typhoid,7,5
HC05323,1,11/20/2024,Typhoid,35,4
HC05324,6,2/2/2025,Typhoid,13,5
HC05325,2,9/18/2025,Typhoid,27,4
HC05326,14,3/31/2025,Diarrheal Disease,19,5
HC05327,2,1/2/2024,Typhoid,14,4
HC05328,25,12/31/2025,Typhoid,27,1
HC05329,14,7/22/2025,Diarrheal Disease,8,5
HC05330,13,9/22/2025,Food Poisoning,31,1
HC05331,26,1/27/2025,Diarrheal Disease,30,3
HC05332,19,1/15/2025,Diarrheal Disease,34,3
HC05333,23,9/2/2025,Food Poisoning,24,3
HC05334,10,4/1/2024,Food Poisoning,14,3
HC05335,16,1/18/2024,Diarrheal Disease,20,2
HC05336,22,12/3/2024,Typhoid,30,2
HC05337,13,10/23/2025,Diarrheal Disease,8,4
HC05338,14,12/21/2025,Typhoid,5,3
HC05339,7,5/25/2025,Food Poisoning,33,5
HC05340,8,9/7/2024,Food Poisoning,22,4
HC05341,23,10/15/2025,Diarrheal Disease,29,4
HC05342,4,1/7/2025,Typhoid,34,3
HC05343,2,2/28/2024,Food Poisoning,11,4
HC05344,12,5/6/2024,Food Poisoning,25,1
HC05345,6,10/17/2024,Food Poisoning,5,3
HC05346,12,9/23/2024,Typhoid,30,4
HC05347,11,5/31/2024,Typhoid,38,3
HC05348,6,9/18/2025,Typhoid,6,4
HC05349,8,6/9/2024,Diarrheal Disease,7,3
HC05350,24,3/24/2024,Typhoid,38,3
HC05351,17,6/3/2025,Diarrheal Disease,31,4
HC05352,25,5/3/2025,Food Poisoning,19,2
HC05353,23,5/31/2025,Diarrheal Disease,11,5
HC05354,2,3/3/2025,Diarrheal Disease,13,2
HC05355,22,6/8/2025,Typhoid,11,5
HC05356,16,2/1/2025,Food Poisoning,25,4
HC05357,9,10/8/2024,Food Poisoning,36,2
HC05358,15,8/18/2024,Food Poisoning,39,1
HC05359,6,10/2/2025,Typhoid,20,1
HC05360,26,9/4/2025,Diarrheal Disease,34,1
HC05361,24,10/5/2024,Typhoid,32,5
HC05362,5,5/1/2024,Typhoid,24,4
HC05363,8,4/10/2024,Diarrheal Disease,16,2
HC05364,5,8/19/2024,Typhoid,13,5
HC05365,22,5/18/2024,Typhoid,9,4
HC05366,5,8/26/2024,Diarrheal Disease,16,2
HC05367,1,7/22/2025,Food Poisoning,35,2
HC05368,10,11/8/2024,Diarrheal Disease,2,2
HC05369,11,2/1/2024,Typhoid,18,2
HC05370,22,10/24/2024,Typhoid,33,3
HC05371,24,7/22/2024,Typhoid,16,4
HC05372,13,6/27/2024,Typhoid,9,5
HC05373,6,12/20/2025,Food Poisoning,16,5
HC05374,23,3/6/2025,Food Poisoning,2,2
HC05375,1,12/17/2025,Typhoid,33,3
HC05376,10,8/8/2025,Food Poisoning,14,2
HC05377,23,3/26/2024,Food Poisoning,7,1
HC05378,16,9/10/2024,Diarrheal Disease,23,3
HC05379,20,11/2/2024,Food Poisoning,35,3
HC05380,26,12/20/2024,Food Poisoning,2,3
HC05381,10,3/9/2024,Diarrheal Disease,29,4
HC05382,2,4/16/2024,Typhoid,25,2
HC05383,18,2/26/2024,Food Poisoning,39,3
HC05384,9,6/18/2024,Typhoid,32,2
HC05385,3,4/28/2025,Diarrheal Disease,11,5
HC05386,3,1/16/2024,Food Poisoning,20,3
HC05387,15,5/8/2025,Diarrheal Disease,31,4
HC05388,10,1/7/2024,Food Poisoning,4,4
HC05389,8,2/4/2024,Diarrheal Disease,5,4
HC05390,17,9/27/2024,Typhoid,22,1
HC05391,5,11/2/2025,Food Poisoning,5,1
HC05392,25,12/18/2025,Food Poisoning,28,1
HC05393,22,6/13/2025,Typhoid,11,1
HC05394,14,1/13/2024,Typhoid,4,2
HC05395,14,4/14/2025,Typhoid,18,2
HC05396,5,2/22/2025,Typhoid,35,2
HC05397,15,1/24/2024,Typhoid,24,4
HC05398,7,8/24/2024,Diarrheal Disease,1,3
HC05399,3,9/2/2025,Diarrheal Disease,21,4
HC05400,16,4/21/2024,Diarrheal Disease,37,5
HC05401,1,2/6/2024,Diarrheal Disease,12,3
HC05402,25,5/13/2025,Diarrheal Disease,34,3
HC05403,5,9/7/2024,Diarrheal Disease,37,3
HC05404,10,8/6/2024,Diarrheal Disease,39,4
HC05405,8,12/11/2025,Diarrheal Disease,2,4
HC05406,16,5/8/2025,Typhoid,26,4
HC05407,13,11/11/2025,Diarrheal Disease,13,1
HC05408,23,12/4/2025,Typhoid,6,5
HC05409,10,9/14/2024,Diarrheal Disease,20,2
HC05410,21,10/3/2025,Food Poisoning,9,5
HC05411,5,2/1/2024,Food Poisoning,16,4
HC05412,4,4/11/2025,Diarrheal Disease,27,3
HC05413,1,1/5/2024,Diarrheal Disease,4,5
HC05414,12,5/20/2025,Food Poisoning,10,5
HC05415,24,8/30/2024,Food Poisoning,38,2
HC05416,5,3/30/2024,Food Poisoning,33,2
HC05417,3,9/10/2024,Typhoid,9,4
HC05418,10,3/30/2025,Diarrheal Disease,11,5
HC05419,19,3/23/2025,Diarrheal Disease,32,5
HC05420,21,5/2/2025,Diarrheal Disease,1,1
HC05421,19,2/17/2025,Food Poisoning,21,4
HC05422,5,2/20/2024,Food Poisoning,25,4
HC05423,12,10/19/2025,Typhoid,26,5
HC05424,22,11/16/2024,Diarrheal Disease,29,1
HC05425,15,9/2/2024,Food Poisoning,15,1
HC05426,26,9/8/2025,Food Poisoning,36,5
HC05427,18,7/24/2025,Typhoid,13,2
HC05428,5,12/22/2024,Food Poisoning,5,2
HC05429,2,9/2/2025,Food Poisoning,35,2
HC05430,7,5/31/2025,Typhoid,4,2
HC05431,10,10/19/2024,Diarrheal Disease,20,1
HC05432,13,9/13/2024,Food Poisoning,36,5
HC05433,3,10/29/2025,Food Poisoning,34,3
HC05434,18,12/2/2025,Food Poisoning,21,2
HC05435,22,10/14/2024,Food Poisoning,38,3
HC05436,3,2/4/2024,Diarrheal Disease,16,5
HC05437,11,6/1/2024,Typhoid,24,1
HC05438,1,11/10/2024,Diarrheal Disease,23,1
HC05439,20,7/7/2024,Typhoid,16,5
HC05440,9,10/20/2025,Typhoid,31,1
HC05441,13,8/24/2025,Food Poisoning,18,1
HC05442,7,7/20/2025,Diarrheal Disease,38,2
HC05443,2,8/10/2024,Typhoid,5,2
HC05444,21,11/11/2024,Diarrheal Disease,38,5
HC05445,8,3/12/2025,Diarrheal Disease,36,2
HC05446,6,5/24/2024,Food Poisoning,1,1
HC05447,1,2/17/2025,Food Poisoning,26,1
HC05448,11,2/12/2024,Typhoid,37,1
HC05449,21,1/17/2025,Diarrheal Disease,5,3
HC05450,24,1/6/2025,Typhoid,2,2
HC05451,25,6/22/2025,Food Poisoning,31,3
HC05452,19,5/16/2024,Diarrheal Disease,17,4
HC05453,24,12/24/2024,Food Poisoning,34,2
HC05454,12,7/10/2025,Food Poisoning,15,1
HC05455,4,7/14/2025,Typhoid,8,1
HC05456,13,2/1/2025,Food Poisoning,7,4
HC05457,8,4/13/2024,Food Poisoning,19,1
HC05458,6,1/19/2024,Food Poisoning,24,3
HC05459,15,6/14/2025,Food Poisoning,26,2
HC05460,5,6/1/2025,Diarrheal Disease,19,3
HC05461,24,1/8/2025,Diarrheal Disease,31,1
HC05462,20,5/1/2025,Food Poisoning,31,3
HC05463,14,12/31/2024,Food Poisoning,36,4
HC05464,21,12/11/2024,Food Poisoning,29,4
HC05465,9,11/18/2024,Typhoid,23,3
HC05466,19,12/6/2024,Diarrheal Disease,10,4
HC05467,21,4/27/2025,Diarrheal Disease,34,1
HC05468,10,6/24/2025,Typhoid,21,1
HC05469,15,2/4/2025,Food Poisoning,19,4
HC05470,6,9/29/2025,Diarrheal Disease,19,3
HC05471,8,1/19/2024,Typhoid,23,2
HC05472,9,12/10/2024,Typhoid,27,5
HC05473,10,2/17/2025,Diarrheal Disease,14,1
HC05474,19,12/17/2025,Diarrheal Disease,11,3
HC05475,17,3/11/2024,Typhoid,11,1
HC05476,25,4/5/2025,Typhoid,6,1
HC05477,21,4/10/2025,Food Poisoning,28,1
HC05478,12,7/28/2025,Typhoid,33,4
HC05479,22,3/9/2025,Diarrheal Disease,16,2
HC05480,21,10/5/2025,Food Poisoning,32,4
HC05481,17,11/7/2025,Typhoid,18,5
HC05482,16,4/11/2024,Food Poisoning,24,5
HC05483,10,8/22/2025,Food Poisoning,7,3
HC05484,9,3/24/2025,Food Poisoning,15,5
HC05485,25,9/26/2025,Food Poisoning,33,5
HC05486,12,4/11/2024,Diarrheal Disease,31,3
HC05487,13,1/27/2024,Food Poisoning,25,4
HC05488,1,6/23/2025,Diarrheal Disease,19,2
HC05489,25,9/4/2025,Typhoid,34,4
HC05490,16,11/8/2025,Food Poisoning,25,1
HC05491,7,8/13/2025,Typhoid,31,4
HC05492,2,6/14/2025,Typhoid,8,2
HC05493,12,3/12/2025,Diarrheal Disease,10,4
HC05494,11,7/7/2024,Diarrheal Disease,5,3
HC05495,16,7/24/2025,Food Poisoning,12,5
HC05496,5,6/6/2024,Typhoid,36,1
HC05497,5,5/29/2025,Typhoid,35,5
HC05498,3,6/3/2024,Typhoid,23,3
HC05499,3,8/17/2024,Food Poisoning,22,3
HC05500,9,4/20/2024,Food Poisoning,9,2
HC05501,24,4/20/2025,Typhoid,13,4
HC05502,17,8/15/2024,Typhoid,39,2
HC05503,3,12/22/2024,Typhoid,29,3
HC05504,3,1/5/2024,Food Poisoning,1,4
HC05505,11,12/25/2024,Typhoid,37,4
HC05506,15,7/29/2025,Diarrheal Disease,15,2
HC05507,14,11/29/2025,Typhoid,14,1
HC05508,16,7/17/2025,Typhoid,39,4
HC05509,25,7/10/2025,Typhoid,27,4
HC05510,19,6/14/2025,Food Poisoning,37,2
HC05511,19,8/30/2024,Diarrheal Disease,39,2
HC05512,17,11/10/2024,Food Poisoning,2,1
HC05513,14,2/8/2024,Diarrheal Disease,39,3
HC05514,22,2/25/2024,Typhoid,38,2
HC05515,20,3/5/2025,Diarrheal Disease,30,3
HC05516,26,12/22/2025,Food Poisoning,25,1
HC05517,13,9/5/2025,Diarrheal Disease,14,1
HC05518,23,2/21/2025,Typhoid,17,3
HC05519,23,10/22/2025,Food Poisoning,39,1
HC05520,18,8/27/2025,Diarrheal Disease,6,3
HC05521,7,2/16/2025,Typhoid,32,1
HC05522,17,5/24/2024,Food Poisoning,13,2
HC05523,4,5/2/2024,Food Poisoning,7,2
HC05524,25,12/19/2024,Typhoid,8,2
HC05525,21,6/17/2025,Food Poisoning,24,2
HC05526,14,10/23/2025,Typhoid,4,5
HC05527,7,10/1/2024,Typhoid,25,1
HC05528,14,6/6/2024,Food Poisoning,14,1
HC05529,4,7/9/2025,Diarrheal Disease,16,5
HC05530,21,4/22/2024,Food Poisoning,25,2
HC05531,10,12/24/2024,Food Poisoning,7,2
HC05532,4,9/17/2024,Typhoid,36,4
HC05533,20,7/8/2024,Typhoid,4,5
HC05534,9,2/1/2024,Typhoid,30,3
HC05535,2,5/3/2024,Typhoid,20,5
HC05536,2,6/20/2024,Typhoid,11,3
HC05537,9,8/30/2025,Food Poisoning,39,4
HC05538,3,8/18/2024,Diarrheal Disease,24,1
HC05539,24,1/31/2025,Diarrheal Disease,19,4
HC05540,23,10/29/2024,Typhoid,11,1
HC05541,24,3/12/2025,Typhoid,38,5
HC05542,18,8/25/2024,Food Poisoning,32,2
HC05543,21,3/7/2024,Food Poisoning,5,5
HC05544,17,5/4/2025,Food Poisoning,8,2
HC05545,14,7/2/2024,Typhoid,22,4
HC05546,3,3/9/2024,Diarrheal Disease,1,2
HC05547,16,11/19/2024,Food Poisoning,20,1
HC05548,6,8/6/2025,Typhoid,10,3
HC05549,3,7/30/2024,Typhoid,14,4
HC05550,24,1/25/2025,Food Poisoning,6,5
HC05551,25,1/4/2024,Food Poisoning,6,4
HC05552,24,6/8/2024,Food Poisoning,20,4
HC05553,5,12/8/2024,Typhoid,8,3
HC05554,17,10/23/2025,Food Poisoning,32,2
HC05555,7,4/13/2025,Typhoid,2,5
HC05556,8,2/6/2024,Typhoid,11,1
HC05557,5,2/4/2024,Food Poisoning,7,3
HC05558,4,2/7/2024,Typhoid,16,5
HC05559,6,9/9/2024,Food Poisoning,3,5
HC05560,20,5/4/2025,Diarrheal Disease,32,5
HC05561,10,10/20/2025,Food Poisoning,6,5
HC05562,11,7/1/2024,Diarrheal Disease,12,3
HC05563,19,2/10/2024,Diarrheal Disease,17,4
HC05564,8,5/7/2025,Typhoid,6,5
HC05565,22,12/18/2025,Typhoid,21,2
HC05566,20,6/25/2025,Typhoid,19,3
HC05567,12,9/11/2024,Diarrheal Disease,14,2
HC05568,2,9/20/2024,Food Poisoning,31,3
HC05569,16,10/5/2024,Food Poisoning,29,2
HC05570,5,7/21/2024,Typhoid,34,1
HC05571,16,6/16/2025,Typhoid,12,4
HC05572,15,7/1/2024,Diarrheal Disease,20,5
HC05573,20,9/8/2024,Typhoid,12,2
HC05574,14,1/24/2025,Food Poisoning,1,1
HC05575,12,12/23/2025,Diarrheal Disease,4,1
HC05576,19,5/3/2024,Diarrheal Disease,37,1
HC05577,12,10/14/2024,Food Poisoning,9,5
HC05578,15,12/8/2025,Food Poisoning,11,5
HC05579,21,7/17/2025,Diarrheal Disease,7,2
HC05580,7,2/10/2024,Diarrheal Disease,16,2
HC05581,2,7/23/2024,Typhoid,2,2
HC05582,26,6/6/2024,Typhoid,33,1
HC05583,14,5/28/2025,Diarrheal Disease,5,3
HC05584,26,3/26/2024,Diarrheal Disease,36,4
HC05585,6,6/4/2024,Typhoid,23,1
HC05586,26,1/7/2025,Diarrheal Disease,4,3
HC05587,7,11/14/2024,Diarrheal Disease,23,1
HC05588,11,9/26/2025,Food Poisoning,6,3
HC05589,10,2/10/2024,Diarrheal Disease,36,2
HC05590,22,11/9/2025,Food Poisoning,15,4
HC05591,7,1/26/2024,Food Poisoning,15,3
HC05592,7,2/20/2024,Diarrheal Disease,14,4
HC05593,26,9/14/2024,Typhoid,24,2
HC05594,16,1/8/2025,Typhoid,6,4
HC05595,23,2/22/2025,Diarrheal Disease,19,3
HC05596,4,3/11/2025,Diarrheal Disease,13,4
HC05597,24,11/14/2024,Typhoid,7,4
HC05598,3,10/16/2024,Diarrheal Disease,25,2
HC05599,9,6/4/2024,Typhoid,37,4
HC05600,24,3/11/2024,Diarrheal Disease,5,5
HC05601,8,1/7/2025,Food Poisoning,36,4
HC05602,12,11/1/2024,Food Poisoning,25,4
HC05603,15,8/10/2024,Typhoid,27,1
HC05604,22,1/13/2025,Typhoid,18,1
HC05605,20,1/26/2024,Diarrheal Disease,18,4
HC05606,16,1/29/2024,Typhoid,6,1
HC05607,12,11/18/2024,Food Poisoning,34,3
HC05608,19,7/21/2025,Diarrheal Disease,15,5
HC05609,15,2/3/2024,Typhoid,1,3
HC05610,9,9/11/2024,Food Poisoning,31,3
HC05611,22,11/24/2024,Food Poisoning,22,4
HC05612,16,11/23/2024,Typhoid,4,4
HC05613,10,2/21/2025,Food Poisoning,26,3
HC05614,11,1/11/2025,Food Poisoning,30,4
HC05615,18,5/16/2025,Diarrheal Disease,34,1
HC05616,5,5/3/2025,Food Poisoning,39,1
HC05617,2,2/26/2024,Diarrheal Disease,5,5
HC05618,25,10/16/2025,Food Poisoning,4,3
HC05619,20,8/21/2025,Diarrheal Disease,21,4
HC05620,6,8/31/2025,Diarrheal Disease,3,2
HC05621,20,1/2/2025,Diarrheal Disease,20,3
HC05622,4,2/12/2025,Typhoid,1,1
HC05623,13,6/4/2024,Diarrheal Disease,21,1
HC05624,20,10/9/2025,Diarrheal Disease,4,2
HC05625,24,8/15/2025,Typhoid,38,4
HC05626,24,1/9/2025,Typhoid,8,5
HC05627,23,6/14/2024,Diarrheal Disease,21,3
HC05628,21,2/19/2024,Food Poisoning,28,3
HC05629,3,5/23/2024,Diarrheal Disease,5,5
HC05630,7,6/19/2024,Typhoid,33,4
HC05631,25,7/29/2024,Typhoid,11,3
HC05632,8,12/15/2024,Typhoid,8,4
HC05633,24,10/1/2024,Diarrheal Disease,4,3
HC05634,10,2/18/2025,Diarrheal Disease,37,5
HC05635,6,1/31/2025,Typhoid,16,4
HC05636,23,9/24/2025,Typhoid,17,3
HC05637,13,10/23/2025,Food Poisoning,7,2
HC05638,13,4/14/2025,Food Poisoning,29,5
HC05639,26,7/16/2024,Typhoid,33,1
HC05640,15,3/4/2025,Food Poisoning,11,5
HC05641,23,7/26/2024,Typhoid,31,1
HC05642,7,12/10/2024,Food Poisoning,2,3
HC05643,19,1/19/2025,Typhoid,26,5
HC05644,18,11/15/2025,Food Poisoning,18,1
HC05645,18,12/27/2025,Food Poisoning,16,3
HC05646,21,4/5/2024,Typhoid,27,4
HC05647,4,3/22/2024,Food Poisoning,13,4
HC05648,23,11/8/2025,Diarrheal Disease,11,1
HC05649,21,9/2/2025,Diarrheal Disease,7,3
HC05650,20,5/24/2024,Diarrheal Disease,31,2
HC05651,14,2/12/2024,Food Poisoning,25,2
HC05652,9,5/28/2025,Food Poisoning,38,1
HC05653,20,12/24/2024,Food Poisoning,32,4
HC05654,19,9/29/2025,Typhoid,30,5
HC05655,11,5/8/2025,Food Poisoning,11,1
HC05656,9,7/24/2025,Typhoid,5,3
HC05657,7,1/13/2024,Typhoid,12,2
HC05658,25,8/9/2024,Typhoid,38,3
HC05659,11,12/22/2025,Food Poisoning,17,2
HC05660,3,9/2/2025,Typhoid,30,3
HC05661,16,2/1/2025,Typhoid,37,4
HC05662,14,5/14/2024,Diarrheal Disease,12,4
HC05663,18,3/11/2024,Typhoid,5,4
HC05664,4,2/23/2025,Diarrheal Disease,4,5
HC05665,19,6/28/2025,Diarrheal Disease,9,5
HC05666,22,4/3/2024,Typhoid,34,4
HC05667,3,9/15/2025,Diarrheal Disease,23,3
HC05668,3,12/6/2024,Food Poisoning,31,4
HC05669,10,12/16/2024,Typhoid,3,1
HC05670,8,8/29/2025,Food Poisoning,16,2
HC05671,9,9/22/2025,Typhoid,24,2
HC05672,7,6/13/2024,Diarrheal Disease,12,5
HC05673,7,11/27/2024,Food Poisoning,24,1
HC05674,20,4/20/2025,Food Poisoning,18,3
HC05675,11,10/24/2025,Diarrheal Disease,12,3
HC05676,19,2/11/2025,Typhoid,13,3
HC05677,20,6/3/2024,Food Poisoning,26,4
HC05678,4,7/19/2024,Diarrheal Disease,33,4
HC05679,3,10/20/2025,Typhoid,26,2
HC05680,20,11/29/2024,Diarrheal Disease,19,1
HC05681,3,12/26/2024,Typhoid,15,2
HC05682,21,8/17/2024,Food Poisoning,17,1
HC05683,3,10/20/2025,Food Poisoning,11,5
HC05684,22,7/8/2024,Typhoid,36,5
HC05685,2,7/7/2025,Typhoid,38,5
HC05686,23,10/2/2024,Diarrheal Disease,39,5
HC05687,1,11/9/2025,Diarrheal Disease,19,5
HC05688,26,7/15/2025,Typhoid,9,5
HC05689,24,1/28/2024,Diarrheal Disease,34,2
HC05690,1,6/6/2025,Diarrheal Disease,9,4
HC05691,11,6/23/2024,Typhoid,35,3
HC05692,22,2/1/2025,Food Poisoning,12,2
HC05693,12,1/14/2025,Typhoid,22,3
HC05694,13,2/6/2024,Food Poisoning,5,1
HC05695,5,2/19/2025,Food Poisoning,25,5
HC05696,13,11/1/2025,Typhoid,31,4
HC05697,21,8/28/2024,Food Poisoning,9,4
HC05698,5,10/15/2024,Typhoid,15,2
HC05699,6,1/24/2025,Typhoid,13,5
HC05700,10,5/24/2025,Typhoid,32,4
HC05701,20,4/18/2024,Diarrheal Disease,36,3
HC05702,5,10/24/2024,Diarrheal Disease,26,1
HC05703,5,11/26/2025,Typhoid,10,2
HC05704,24,5/29/2024,Food Poisoning,24,5
HC05705,14,8/28/2024,Food Poisoning,17,3
HC05706,19,5/22/2024,Typhoid,18,4
HC05707,12,11/19/2025,Typhoid,9,2
HC05708,26,11/10/2025,Diarrheal Disease,10,1
HC05709,7,8/5/2024,Typhoid,3,4
HC05710,3,11/14/2024,Food Poisoning,14,4
HC05711,22,9/29/2024,Diarrheal Disease,12,3
HC05712,15,4/19/2024,Typhoid,7,4
HC05713,20,1/29/2024,Food Poisoning,27,3
HC05714,18,2/13/2024,Diarrheal Disease,8,5
HC05715,19,12/13/2025,Typhoid,24,3
HC05716,9,10/11/2024,Food Poisoning,4,4
HC05717,5,7/2/2025,Diarrheal Disease,7,2
HC05718,14,4/5/2024,Diarrheal Disease,3,4
HC05719,26,8/26/2024,Food Poisoning,22,2
HC05720,11,6/13/2025,Diarrheal Disease,16,3
HC05721,4,2/24/2025,Typhoid,25,2
HC05722,13,5/15/2024,Typhoid,30,1
HC05723,26,1/24/2025,Food Poisoning,17,4
HC05724,16,5/30/2025,Food Poisoning,35,5
HC05725,5,9/22/2024,Diarrheal Disease,3,2
HC05726,17,9/25/2025,Food Poisoning,19,2
HC05727,23,9/12/2025,Diarrheal Disease,7,4
HC05728,10,1/13/2024,Typhoid,32,2
HC05729,1,3/22/2024,Diarrheal Disease,11,1
HC05730,26,5/21/2024,Typhoid,7,5
HC05731,18,10/15/2024,Food Poisoning,25,1
HC05732,13,12/13/2025,Typhoid,17,4
HC05733,26,3/25/2025,Typhoid,6,2
HC05734,23,3/14/2025,Typhoid,37,5
HC05735,19,10/29/2024,Typhoid,26,1
HC05736,24,7/4/2025,Food Poisoning,19,2
HC05737,26,4/20/2024,Diarrheal Disease,31,4
HC05738,8,1/17/2024,Food Poisoning,18,1
HC05739,15,11/13/2025,Food Poisoning,4,2
HC05740,1,9/3/2025,Food Poisoning,23,4
HC05741,24,4/28/2024,Typhoid,32,4
HC05742,18,7/16/2024,Typhoid,25,3
HC05743,7,8/14/2024,Typhoid,33,2
HC05744,22,1/12/2025,Food Poisoning,19,3
HC05745,24,6/26/2024,Food Poisoning,36,4
HC05746,1,8/16/2025,Diarrheal Disease,35,2
HC05747,3,12/4/2024,Typhoid,1,1
HC05748,21,5/2/2024,Typhoid,21,4
HC05749,18,7/24/2024,Diarrheal Disease,38,2
HC05750,16,12/21/2024,Diarrheal Disease,20,4
HC05751,14,1/25/2024,Typhoid,27,1
HC05752,26,3/11/2024,Typhoid,22,2
HC05753,19,2/19/2024,Typhoid,4,2
HC05754,25,7/26/2025,Typhoid,25,1
HC05755,9,5/7/2024,Food Poisoning,22,4
HC05756,18,3/14/2025,Diarrheal Disease,20,5
HC05757,11,7/29/2025,Food Poisoning,29,4
HC05758,2,8/30/2025,Typhoid,37,3
HC05759,23,6/13/2025,Food Poisoning,31,2
HC05760,24,9/25/2024,Food Poisoning,20,1
HC05761,24,9/24/2025,Food Poisoning,18,2
HC05762,7,9/28/2024,Typhoid,10,1
HC05763,12,3/7/2025,Diarrheal Disease,39,5
HC05764,2,3/2/2025,Diarrheal Disease,15,1
HC05765,22,12/10/2025,Diarrheal Disease,25,2
HC05766,18,11/13/2025,Food Poisoning,3,5
HC05767,17,9/5/2025,Diarrheal Disease,15,1
HC05768,20,10/13/2024,Typhoid,5,5
HC05769,18,2/18/2025,Food Poisoning,2,4
HC05770,16,7/11/2025,Food Poisoning,34,4
HC05771,7,1/16/2025,Typhoid,12,4
HC05772,6,5/31/2024,Food Poisoning,29,2
HC05773,10,7/17/2025,Typhoid,18,2
HC05774,14,4/23/2024,Diarrheal Disease,15,2
HC05775,16,9/22/2025,Food Poisoning,26,5
HC05776,5,9/15/2025,Typhoid,30,5
HC05777,26,12/22/2025,Diarrheal Disease,28,3
HC05778,6,11/29/2025,Diarrheal Disease,36,3
HC05779,20,1/30/2024,Food Poisoning,36,1
HC05780,5,5/18/2024,Food Poisoning,22,5
HC05781,9,12/7/2025,Diarrheal Disease,1,5
HC05782,5,6/2/2025,Diarrheal Disease,27,2
HC05783,5,2/24/2025,Typhoid,39,3
HC05784,2,12/13/2024,Food Poisoning,15,5
HC05785,25,7/10/2024,Food Poisoning,21,5
HC05786,17,5/15/2024,Typhoid,15,1
HC05787,13,10/21/2025,Diarrheal Disease,14,3
HC05788,16,6/25/2025,Food Poisoning,21,4
HC05789,7,10/18/2025,Diarrheal Disease,19,4
HC05790,23,12/11/2024,Typhoid,23,3
HC05791,20,3/20/2025,Food Poisoning,2,5
HC05792,9,3/28/2025,Diarrheal Disease,27,1
HC05793,17,6/29/2024,Typhoid,38,4
HC05794,22,12/22/2025,Food Poisoning,13,3
HC05795,12,6/4/2024,Food Poisoning,35,3
HC05796,7,5/5/2024,Food Poisoning,7,4
HC05797,10,6/7/2025,Diarrheal Disease,6,5
HC05798,23,1/23/2024,Diarrheal Disease,7,5
HC05799,19,5/19/2025,Typhoid,36,4
HC05800,22,2/11/2025,Typhoid,36,2
HC05801,26,6/23/2025,Typhoid,28,4
HC05802,2,7/21/2025,Diarrheal Disease,11,2
HC05803,25,1/24/2024,Diarrheal Disease,30,5
HC05804,3,2/11/2024,Food Poisoning,31,5
HC05805,21,2/29/2024,Diarrheal Disease,16,5
HC05806,24,8/12/2024,Diarrheal Disease,17,2
HC05807,16,6/25/2024,Typhoid,16,4
HC05808,26,9/14/2025,Food Poisoning,29,5
HC05809,10,4/9/2025,Food Poisoning,35,2
HC05810,20,6/9/2024,Food Poisoning,19,1
HC05811,20,11/4/2024,Typhoid,8,3
HC05812,11,4/17/2025,Diarrheal Disease,27,1
HC05813,3,4/19/2025,Food Poisoning,20,3
HC05814,12,4/24/2025,Food Poisoning,11,2
HC05815,18,10/30/2025,Food Poisoning,22,2
HC05816,4,1/11/2024,Diarrheal Disease,32,4
HC05817,1,3/4/2025,Diarrheal Disease,36,3
HC05818,4,1/26/2025,Typhoid,6,2
HC05819,8,5/29/2025,Food Poisoning,6,4
HC05820,7,7/6/2024,Typhoid,13,2
HC05821,23,3/3/2024,Food Poisoning,19,2
HC05822,19,3/10/2024,Food Poisoning,19,2
HC05823,5,9/23/2025,Food Poisoning,37,1
HC05824,1,3/14/2025,Food Poisoning,26,4
HC05825,24,6/28/2024,Food Poisoning,12,3
HC05826,1,3/31/2025,Food Poisoning,30,4
HC05827,22,1/8/2024,Diarrheal Disease,31,4
HC05828,26,10/20/2025,Diarrheal Disease,15,1
HC05829,9,8/23/2024,Diarrheal Disease,12,2
HC05830,7,3/12/2025,Diarrheal Disease,5,2
HC05831,26,7/24/2025,Diarrheal Disease,7,5
HC05832,9,2/7/2024,Food Poisoning,13,2
HC05833,6,12/11/2025,Food Poisoning,33,2
HC05834,22,8/7/2025,Typhoid,21,5
HC05835,3,3/24/2024,Diarrheal Disease,26,5
HC05836,15,10/2/2025,Diarrheal Disease,37,4
HC05837,8,12/3/2024,Typhoid,26,2
HC05838,16,1/15/2025,Diarrheal Disease,20,3
HC05839,23,10/24/2024,Typhoid,35,1
HC05840,4,1/29/2024,Typhoid,15,3
HC05841,8,9/23/2025,Food Poisoning,13,1
HC05842,4,8/27/2024,Food Poisoning,7,1
HC05843,10,5/26/2025,Food Poisoning,10,5
HC05844,1,9/20/2025,Typhoid,7,4
HC05845,5,6/28/2025,Food Poisoning,36,1
HC05846,17,2/22/2025,Diarrheal Disease,24,2
HC05847,20,4/25/2025,Food Poisoning,11,1
HC05848,18,6/18/2025,Typhoid,4,5
HC05849,26,6/28/2025,Typhoid,8,4
HC05850,4,1/29/2024,Typhoid,38,2
HC05851,16,10/13/2024,Food Poisoning,13,3
HC05852,13,2/26/2025,Food Poisoning,3,1
HC05853,9,4/24/2025,Food Poisoning,31,5
HC05854,2,5/9/2025,Typhoid,9,1
HC05855,19,3/5/2025,Food Poisoning,20,5
HC05856,1,11/15/2025,Typhoid,22,3
HC05857,3,1/18/2025,Diarrheal Disease,19,1
HC05858,5,10/31/2024,Diarrheal Disease,36,1
HC05859,14,2/22/2025,Diarrheal Disease,1,5
HC05860,17,1/4/2025,Diarrheal Disease,3,4
HC05861,19,4/24/2024,Diarrheal Disease,16,3
HC05862,22,12/20/2025,Food Poisoning,21,5
HC05863,18,4/26/2024,Food Poisoning,33,5
HC05864,9,10/5/2025,Diarrheal Disease,5,4
HC05865,25,5/22/2024,Diarrheal Disease,12,2
HC05866,5,6/9/2024,Typhoid,37,4
HC05867,15,7/31/2024,Food Poisoning,39,4
HC05868,9,10/25/2025,Diarrheal Disease,18,2
HC05869,1,7/19/2025,Diarrheal Disease,21,3
HC05870,14,8/2/2024,Food Poisoning,18,1
HC05871,17,1/29/2025,Food Poisoning,34,1
HC05872,14,6/6/2024,Typhoid,36,3
HC05873,22,5/5/2025,Diarrheal Disease,36,2
HC05874,9,10/5/2025,Food Poisoning,26,3
HC05875,21,7/23/2025,Typhoid,32,3
HC05876,4,7/19/2025,Diarrheal Disease,20,2
HC05877,2,8/14/2024,Food Poisoning,31,5
HC05878,23,7/12/2024,Food Poisoning,22,3
HC05879,13,10/8/2025,Diarrheal Disease,23,1
HC05880,10,10/23/2024,Typhoid,4,1
HC05881,17,5/11/2025,Food Poisoning,16,1
HC05882,8,6/27/2025,Food Poisoning,19,3
HC05883,23,10/10/2024,Food Poisoning,31,4
HC05884,7,7/16/2025,Diarrheal Disease,19,5
HC05885,16,3/7/2025,Diarrheal Disease,30,4
HC05886,11,12/24/2024,Typhoid,28,2
HC05887,10,4/14/2024,Food Poisoning,13,1
HC05888,20,5/14/2025,Diarrheal Disease,1,1
HC05889,18,3/3/2024,Diarrheal Disease,39,5
HC05890,14,8/27/2025,Typhoid,37,3
HC05891,9,6/12/2024,Diarrheal Disease,39,4
HC05892,11,8/24/2025,Food Poisoning,20,3
HC05893,24,4/28/2024,Typhoid,21,4
HC05894,2,9/7/2024,Food Poisoning,21,5
HC05895,9,8/28/2024,Diarrheal Disease,34,2
HC05896,24,12/13/2025,Typhoid,4,2
HC05897,18,11/3/2024,Diarrheal Disease,30,4
HC05898,17,9/19/2024,Food Poisoning,14,3
HC05899,2,12/31/2024,Diarrheal Disease,21,2
HC05900,15,8/2/2024,Typhoid,5,4
HC05901,16,5/26/2024,Food Poisoning,23,3
HC05902,21,11/9/2025,Food Poisoning,5,2
HC05903,15,4/12/2025,Typhoid,6,4
HC05904,1,7/25/2024,Food Poisoning,3,3
HC05905,12,9/4/2024,Typhoid,12,5
HC05906,20,6/22/2025,Diarrheal Disease,7,3
HC05907,7,6/23/2024,Food Poisoning,25,2
HC05908,1,4/28/2025,Food Poisoning,3,2
HC05909,6,3/17/2024,Typhoid,37,3
HC05910,1,4/10/2024,Typhoid,37,5
HC05911,23,12/17/2025,Diarrheal Disease,36,3
HC05912,21,10/14/2024,Diarrheal Disease,3,4
HC05913,15,5/21/2025,Typhoid,19,5
HC05914,2,9/22/2024,Diarrheal Disease,30,4
HC05915,17,2/16/2025,Typhoid,9,5
HC05916,18,9/29/2025,Diarrheal Disease,20,3
HC05917,14,1/19/2024,Food Poisoning,24,1
HC05918,21,10/21/2025,Typhoid,29,4
HC05919,2,1/31/2025,Typhoid,16,5
HC05920,3,6/24/2025,Typhoid,31,2
HC05921,2,12/18/2025,Food Poisoning,22,3
HC05922,4,4/21/2024,Food Poisoning,22,2
HC05923,10,6/4/2025,Typhoid,35,2
HC05924,23,11/9/2024,Diarrheal Disease,4,2
HC05925,21,4/18/2024,Typhoid,6,2
HC05926,9,1/4/2024,Food Poisoning,29,3
HC05927,11,6/17/2024,Typhoid,28,5
HC05928,9,8/24/2025,Diarrheal Disease,20,5
HC05929,22,12/11/2024,Food Poisoning,17,4
HC05930,22,8/16/2025,Food Poisoning,10,2
HC05931,26,4/5/2024,Typhoid,23,1
HC05932,25,7/13/2025,Food Poisoning,21,4
HC05933,26,7/28/2025,Diarrheal Disease,13,3
HC05934,11,1/1/2024,Typhoid,39,2
HC05935,6,3/25/2024,Typhoid,34,5
HC05936,7,9/21/2024,Typhoid,38,1
HC05937,7,3/13/2025,Typhoid,10,2
HC05938,12,4/18/2024,Typhoid,8,4
HC05939,24,3/27/2025,Food Poisoning,7,3
HC05940,11,4/21/2025,Diarrheal Disease,4,4
HC05941,10,5/12/2025,Food Poisoning,30,4
HC05942,7,11/2/2025,Diarrheal Disease,8,1
HC05943,3,8/13/2024,Food Poisoning,15,5
HC05944,1,7/6/2024,Diarrheal Disease,31,5
HC05945,1,5/14/2025,Diarrheal Disease,24,5
HC05946,16,3/2/2024,Diarrheal Disease,34,3
HC05947,3,6/22/2024,Diarrheal Disease,37,1
HC05948,4,4/30/2025,Food Poisoning,13,5
HC05949,14,2/19/2024,Typhoid,36,3
HC05950,11,2/3/2024,Diarrheal Disease,6,4
HC05951,15,1/26/2024,Typhoid,21,4
HC05952,15,12/21/2025,Typhoid,5,2
HC05953,3,8/8/2024,Food Poisoning,14,3
HC05954,3,8/3/2025,Food Poisoning,20,1
HC05955,19,5/23/2025,Food Poisoning,22,5
HC05956,23,6/25/2024,Typhoid,36,2
HC05957,9,10/7/2025,Food Poisoning,3,4
HC05958,2,2/1/2025,Typhoid,22,5
HC05959,18,4/2/2024,Typhoid,25,3
HC05960,1,1/1/2024,Food Poisoning,6,1
HC05961,2,3/11/2024,Diarrheal Disease,27,4
HC05962,26,10/15/2025,Food Poisoning,25,5
HC05963,12,10/16/2024,Diarrheal Disease,16,3
HC05964,7,8/25/2025,Typhoid,22,3
HC05965,26,1/23/2025,Typhoid,31,1
HC05966,26,1/31/2024,Diarrheal Disease,39,3
HC05967,17,12/15/2024,Typhoid,18,2
HC05968,26,2/12/2025,Typhoid,37,5
HC05969,26,9/19/2024,Typhoid,31,2
HC05970,10,1/20/2025,Diarrheal Disease,15,4
HC05971,5,12/3/2024,Food Poisoning,27,5
HC05972,7,8/12/2024,Food Poisoning,35,4
HC05973,7,12/15/2025,Typhoid,14,4
HC05974,2,10/23/2024,Typhoid,28,3
HC05975,24,8/11/2025,Typhoid,12,2
HC05976,2,3/24/2025,Diarrheal Disease,1,4
HC05977,4,3/15/2025,Food Poisoning,29,3
HC05978,9,7/1/2024,Typhoid,39,3
HC05979,8,3/31/2025,Typhoid,35,3
HC05980,1,2/16/2024,Food Poisoning,10,4
HC05981,25,1/15/2025,Typhoid,20,2
HC05982,16,2/12/2025,Typhoid,30,1
HC05983,14,4/12/2024,Typhoid,8,3
HC05984,4,7/18/2025,Diarrheal Disease,37,3
HC05985,16,3/16/2024,Diarrheal Disease,24,5
HC05986,14,11/17/2024,Diarrheal Disease,29,4
HC05987,15,2/19/2025,Typhoid,18,4
HC05988,15,7/2/2024,Food Poisoning,20,3
HC05989,17,12/5/2025,Diarrheal Disease,9,1
HC05990,11,10/21/2024,Typhoid,21,3
HC05991,19,8/6/2024,Diarrheal Disease,27,4
HC05992,10,7/24/2024,Typhoid,24,5
HC05993,16,9/11/2025,Typhoid,13,1
HC05994,8,11/18/2024,Typhoid,20,1
HC05995,25,9/21/2025,Diarrheal Disease,23,5
HC05996,15,5/4/2024,Diarrheal Disease,34,5
HC05997,15,5/3/2025,Typhoid,26,3
HC05998,16,10/12/2025,Diarrheal Disease,5,5
HC05999,12,9/23/2025,Food Poisoning,17,2
HC06000,1,5/14/2025,Typhoid,24,1
HC06001,21,10/22/2025,Diarrheal Disease,25,2
HC06002,19,6/22/2025,Food Poisoning,9,1
HC06003,20,2/16/2025,Diarrheal Disease,24,5
HC06004,12,10/20/2025,Diarrheal Disease,13,4
HC06005,24,6/23/2024,Diarrheal Disease,37,4
HC06006,4,12/4/2025,Food Poisoning,2,1
HC06007,1,4/14/2025,Food Poisoning,21,3
HC06008,13,5/8/2024,Diarrheal Disease,26,4
HC06009,12,11/21/2024,Typhoid,31,5
HC06010,10,8/30/2025,Typhoid,33,2
HC06011,2,4/21/2025,Typhoid,12,4
HC06012,17,1/22/2025,Diarrheal Disease,3,4
HC06013,13,7/16/2024,Typhoid,1,2
HC06014,18,8/25/2025,Diarrheal Disease,35,5
HC06015,3,1/27/2024,Diarrheal Disease,29,4
HC06016,26,4/10/2025,Diarrheal Disease,11,4
HC06017,4,8/8/2025,Typhoid,13,2
HC06018,16,3/24/2025,Food Poisoning,21,2
HC06019,8,7/21/2024,Typhoid,25,5
HC06020,11,7/17/2024,Diarrheal Disease,28,4
HC06021,14,11/5/2024,Food Poisoning,12,2
HC06022,7,9/19/2025,Food Poisoning,26,5
HC06023,21,8/17/2024,Typhoid,21,1
HC06024,26,3/25/2025,Food Poisoning,22,3
HC06025,26,11/21/2024,Food Poisoning,34,3
HC06026,1,8/26/2025,Diarrheal Disease,5,1
HC06027,10,4/26/2025,Food Poisoning,27,4
HC06028,1,10/7/2025,Typhoid,23,3
HC06029,18,6/19/2024,Diarrheal Disease,27,4
HC06030,4,5/14/2025,Diarrheal Disease,35,2
HC06031,14,12/31/2025,Typhoid,16,3
HC06032,17,8/11/2024,Diarrheal Disease,27,5
HC06033,15,8/28/2024,Typhoid,22,4
HC06034,12,6/14/2024,Typhoid,10,4
HC06035,1,1/2/2025,Typhoid,2,4
HC06036,16,1/4/2024,Diarrheal Disease,9,4
HC06037,16,4/27/2025,Diarrheal Disease,4,1
HC06038,7,3/14/2025,Typhoid,33,3
HC06039,17,11/22/2024,Food Poisoning,7,5
HC06040,19,11/9/2025,Food Poisoning,13,5
HC06041,18,3/29/2024,Food Poisoning,21,4
HC06042,3,4/14/2024,Diarrheal Disease,31,2
HC06043,5,9/15/2024,Food Poisoning,20,4
HC06044,8,9/18/2024,Diarrheal Disease,28,1
HC06045,7,11/25/2025,Typhoid,25,2
HC06046,18,5/18/2025,Typhoid,22,4
HC06047,10,12/5/2024,Food Poisoning,7,5
HC06048,24,11/9/2025,Typhoid,27,1
HC06049,8,3/15/2025,Diarrheal Disease,6,1
HC06050,2,10/13/2025,Typhoid,8,1
HC06051,11,4/6/2024,Diarrheal Disease,37,2
HC06052,3,5/19/2024,Diarrheal Disease,12,4
HC06053,23,12/5/2024,Diarrheal Disease,33,2
HC06054,2,7/11/2024,Typhoid,39,5
HC06055,7,10/27/2024,Typhoid,18,5
HC06056,24,8/24/2024,Diarrheal Disease,33,4
HC06057,7,10/28/2024,Food Poisoning,32,5
HC06058,24,3/18/2024,Typhoid,29,5
HC06059,2,11/8/2024,Food Poisoning,17,5
HC06060,16,1/20/2024,Diarrheal Disease,30,5
HC06061,17,10/16/2025,Typhoid,17,3
HC06062,26,10/31/2024,Typhoid,15,1
HC06063,6,3/16/2025,Food Poisoning,25,2
HC06064,26,8/9/2025,Typhoid,30,2
HC06065,26,6/9/2025,Diarrheal Disease,26,4
HC06066,11,9/23/2025,Typhoid,22,1
HC06067,9,10/14/2025,Food Poisoning,1,1
HC06068,12,9/30/2024,Food Poisoning,35,3
HC06069,25,9/8/2025,Food Poisoning,12,2
HC06070,18,3/21/2024,Food Poisoning,17,2
HC06071,14,3/9/2025,Food Poisoning,38,4
HC06072,12,8/22/2025,Diarrheal Disease,10,1
HC06073,23,1/26/2025,Diarrheal Disease,8,3
HC06074,20,11/25/2025,Food Poisoning,20,2
HC06075,3,9/13/2024,Food Poisoning,15,5
HC06076,3,11/15/2025,Typhoid,19,2
HC06077,1,7/27/2024,Food Poisoning,4,1
HC06078,21,7/16/2024,Diarrheal Disease,13,3
HC06079,6,11/23/2024,Food Poisoning,7,3
HC06080,18,10/7/2025,Diarrheal Disease,36,1
HC06081,26,3/3/2025,Typhoid,27,4
HC06082,21,2/14/2024,Diarrheal Disease,39,2
HC06083,3,6/24/2024,Food Poisoning,20,4
HC06084,16,10/25/2024,Typhoid,8,5
HC06085,12,1/28/2025,Food Poisoning,29,1
HC06086,19,1/31/2025,Food Poisoning,38,1
HC06087,9,8/1/2024,Food Poisoning,30,2
HC06088,16,1/7/2025,Diarrheal Disease,31,4
HC06089,5,9/4/2025,Food Poisoning,10,4
HC06090,8,6/18/2024,Typhoid,28,3
HC06091,7,12/5/2025,Food Poisoning,24,5
HC06092,25,10/22/2025,Typhoid,37,1
HC06093,12,9/26/2024,Typhoid,11,2
HC06094,26,12/13/2024,Food Poisoning,38,5
HC06095,13,10/16/2024,Food Poisoning,39,1
HC06096,12,4/25/2024,Diarrheal Disease,34,2
HC06097,22,9/26/2025,Food Poisoning,36,5
HC06098,6,5/18/2024,Diarrheal Disease,32,1
HC06099,17,12/2/2024,Typhoid,5,3
HC06100,24,6/21/2024,Food Poisoning,28,1
HC06101,5,3/4/2025,Diarrheal Disease,8,4
HC06102,4,4/14/2024,Food Poisoning,10,1
HC06103,18,1/7/2025,Food Poisoning,18,1
HC06104,5,4/22/2025,Typhoid,35,4
HC06105,25,8/27/2024,Typhoid,37,1
HC06106,2,9/27/2025,Diarrheal Disease,23,4
HC06107,26,7/17/2025,Typhoid,31,5
HC06108,3,2/6/2024,Food Poisoning,6,2
HC06109,25,9/19/2024,Diarrheal Disease,2,3
HC06110,16,1/24/2024,Typhoid,12,1
HC06111,20,12/6/2024,Typhoid,15,5
HC06112,8,5/14/2024,Food Poisoning,27,2
HC06113,20,3/10/2024,Food Poisoning,36,2
HC06114,9,9/2/2024,Food Poisoning,26,2
HC06115,23,3/22/2024,Diarrheal Disease,7,2
HC06116,9,4/13/2025,Typhoid,27,2
HC06117,8,7/6/2024,Diarrheal Disease,11,1
HC06118,11,9/11/2024,Typhoid,8,2
HC06119,26,1/16/2024,Food Poisoning,30,2
HC06120,21,11/2/2025,Diarrheal Disease,16,3
HC06121,26,7/17/2025,Diarrheal Disease,39,3
HC06122,4,12/21/2025,Typhoid,13,5
HC06123,8,5/19/2025,Diarrheal Disease,21,1
HC06124,13,3/15/2024,Diarrheal Disease,22,1
HC06125,1,12/24/2024,Diarrheal Disease,8,4
HC06126,7,3/1/2024,Typhoid,8,2
HC06127,2,5/24/2025,Food Poisoning,2,3
HC06128,12,10/4/2024,Typhoid,8,2
HC06129,9,4/23/2025,Diarrheal Disease,22,5
HC06130,17,12/2/2024,Typhoid,23,3
HC06131,17,5/28/2024,Diarrheal Disease,23,2
HC06132,9,7/23/2024,Typhoid,35,1
HC06133,8,7/27/2024,Diarrheal Disease,22,4
HC06134,7,10/25/2024,Typhoid,22,2
HC06135,22,6/23/2025,Food Poisoning,1,5
HC06136,17,8/12/2024,Food Poisoning,4,1
HC06137,6,12/20/2025,Diarrheal Disease,10,4
HC06138,2,1/8/2024,Typhoid,3,5
HC06139,15,11/9/2024,Typhoid,23,4
HC06140,4,3/12/2024,Food Poisoning,19,4
HC06141,22,1/2/2025,Food Poisoning,6,2
HC06142,12,4/11/2025,Typhoid,31,3
HC06143,10,8/25/2024,Food Poisoning,7,4
HC06144,7,6/13/2024,Food Poisoning,25,3
HC06145,26,8/9/2025,Typhoid,37,3
HC06146,16,9/19/2024,Diarrheal Disease,35,5
HC06147,24,5/24/2024,Diarrheal Disease,1,4
HC06148,4,11/22/2025,Food Poisoning,24,4
HC06149,21,5/14/2025,Food Poisoning,16,4
HC06150,7,7/3/2025,Typhoid,1,1
HC06151,16,9/9/2025,Food Poisoning,2,1
HC06152,15,9/9/2025,Diarrheal Disease,18,5
HC06153,10,2/6/2024,Diarrheal Disease,9,1
HC06154,3,10/17/2025,Food Poisoning,39,5
HC06155,25,8/26/2025,Typhoid,35,2
HC06156,5,11/27/2024,Diarrheal Disease,1,2
HC06157,10,2/19/2025,Food Poisoning,12,3
HC06158,22,5/11/2024,Typhoid,30,3
HC06159,10,5/6/2025,Diarrheal Disease,14,1
HC06160,20,7/22/2025,Diarrheal Disease,20,4
HC06161,8,10/11/2025,Typhoid,25,5
HC06162,6,2/3/2024,Food Poisoning,36,2
HC06163,19,8/28/2024,Food Poisoning,6,3
HC06164,6,3/19/2024,Typhoid,17,2
HC06165,6,4/25/2024,Diarrheal Disease,10,4
HC06166,10,11/7/2024,Food Poisoning,34,3
HC06167,7,6/26/2024,Typhoid,33,5
HC06168,24,10/8/2025,Diarrheal Disease,28,2
HC06169,2,12/3/2025,Typhoid,35,3
HC06170,2,11/13/2025,Diarrheal Disease,16,2
HC06171,2,8/4/2024,Typhoid,34,3
HC06172,1,2/10/2025,Diarrheal Disease,18,1
HC06173,17,4/16/2024,Typhoid,26,2
HC06174,21,9/3/2025,Food Poisoning,4,2
HC06175,23,1/5/2025,Diarrheal Disease,13,3
HC06176,22,3/26/2025,Food Poisoning,16,3
HC06177,19,8/14/2024,Diarrheal Disease,28,4
HC06178,4,1/18/2024,Diarrheal Disease,21,2
HC06179,20,3/13/2024,Food Poisoning,27,5
HC06180,23,12/16/2025,Diarrheal Disease,21,2
HC06181,24,5/3/2025,Typhoid,11,1
HC06182,2,2/3/2025,Food Poisoning,33,2
HC06183,14,12/1/2024,Typhoid,10,3
HC06184,2,4/6/2024,Food Poisoning,19,1
HC06185,13,12/14/2024,Food Poisoning,26,2
HC06186,19,6/10/2025,Typhoid,4,5
HC06187,26,6/11/2024,Food Poisoning,17,2
HC06188,14,9/22/2025,Typhoid,10,1
HC06189,18,10/30/2025,Typhoid,22,4
HC06190,1,6/7/2024,Food Poisoning,24,4
HC06191,25,3/27/2025,Diarrheal Disease,3,2
HC06192,7,1/5/2025,Diarrheal Disease,28,4
HC06193,23,5/18/2025,Typhoid,2,4
HC06194,1,12/22/2025,Diarrheal Disease,31,3
HC06195,14,1/12/2025,Typhoid,9,2
HC06196,9,8/18/2025,Typhoid,17,5
HC06197,9,8/10/2025,Typhoid,27,4
HC06198,22,11/28/2024,Food Poisoning,2,4
HC06199,23,10/23/2025,Diarrheal Disease,31,1
HC06200,26,1/30/2024,Food Poisoning,4,5
HC06201,15,8/27/2024,Food Poisoning,38,1
HC06202,6,3/22/2024,Diarrheal Disease,2,4
HC06203,21,10/16/2025,Food Poisoning,24,3
HC06204,20,7/28/2024,Diarrheal Disease,36,3
HC06205,7,3/3/2025,Diarrheal Disease,39,5
HC06206,6,8/15/2024,Typhoid,19,3
HC06207,19,3/30/2024,Typhoid,35,4
HC06208,21,3/22/2024,Diarrheal Disease,25,1
HC06209,18,12/8/2024,Food Poisoning,18,5
HC06210,13,3/30/2024,Typhoid,29,5
HC06211,17,6/12/2025,Food Poisoning,3,1
HC06212,4,11/12/2025,Food Poisoning,4,4
HC06213,15,2/13/2024,Food Poisoning,5,1
HC06214,10,8/14/2024,Diarrheal Disease,6,4
HC06215,7,10/28/2025,Typhoid,26,2
HC06216,26,9/3/2025,Typhoid,39,1
HC06217,20,4/28/2024,Diarrheal Disease,36,5
HC06218,14,4/6/2025,Food Poisoning,23,2
HC06219,2,10/2/2024,Food Poisoning,10,2
HC06220,24,1/17/2024,Food Poisoning,18,5
HC06221,17,11/25/2024,Typhoid,7,2
HC06222,2,9/2/2025,Typhoid,26,2
HC06223,22,5/26/2024,Typhoid,38,2
HC06224,21,5/11/2024,Typhoid,11,4
HC06225,4,12/30/2025,Diarrheal Disease,34,1
HC06226,18,8/29/2025,Food Poisoning,2,2
HC06227,24,10/11/2025,Diarrheal Disease,31,2
HC06228,11,1/13/2024,Food Poisoning,28,4
HC06229,25,7/30/2025,Food Poisoning,39,4
HC06230,22,11/14/2024,Food Poisoning,3,2
HC06231,19,10/7/2025,Diarrheal Disease,22,5
HC06232,2,6/10/2024,Food Poisoning,16,5
HC06233,13,3/5/2024,Food Poisoning,22,1
HC06234,8,8/11/2025,Diarrheal Disease,13,1
HC06235,4,8/1/2025,Diarrheal Disease,25,4
HC06236,19,12/13/2024,Typhoid,28,4
HC06237,5,5/29/2024,Food Poisoning,38,5
HC06238,12,2/8/2024,Diarrheal Disease,29,4
HC06239,9,3/15/2024,Diarrheal Disease,32,1
HC06240,16,7/26/2024,Food Poisoning,35,2
HC06241,19,2/13/2025,Food Poisoning,37,4
HC06242,21,6/15/2024,Typhoid,5,5
HC06243,17,9/5/2025,Diarrheal Disease,33,2
HC06244,4,4/10/2024,Diarrheal Disease,20,1
HC06245,8,8/8/2024,Typhoid,30,4
HC06246,26,8/22/2024,Typhoid,12,4
HC06247,22,9/12/2025,Diarrheal Disease,8,5
HC06248,1,4/26/2025,Typhoid,32,3
HC06249,11,8/1/2024,Food Poisoning,38,4
HC06250,16,7/11/2025,Typhoid,26,5
HC06251,23,3/21/2025,Food Poisoning,25,3
HC06252,19,2/11/2024,Food Poisoning,35,3
HC06253,15,6/13/2025,Food Poisoning,30,2
HC06254,1,9/3/2025,Diarrheal Disease,25,2
HC06255,22,9/13/2025,Typhoid,20,1
HC06256,9,3/5/2025,Typhoid,18,1
HC06257,15,8/14/2025,Diarrheal Disease,29,1
HC06258,24,9/8/2025,Typhoid,31,1
HC06259,13,7/15/2025,Typhoid,29,3
HC06260,26,4/3/2024,Food Poisoning,35,1
HC06261,8,3/3/2025,Typhoid,4,3
HC06262,2,8/12/2024,Food Poisoning,4,3
HC06263,1,9/15/2024,Diarrheal Disease,26,2
HC06264,22,11/29/2024,Food Poisoning,20,4
HC06265,15,8/17/2025,Typhoid,36,4
HC06266,5,11/2/2024,Diarrheal Disease,6,4
HC06267,15,10/24/2025,Diarrheal Disease,14,2
HC06268,5,10/10/2025,Typhoid,29,2
HC06269,2,12/31/2025,Food Poisoning,23,3
HC06270,10,10/26/2025,Food Poisoning,4,5
HC06271,18,5/1/2025,Diarrheal Disease,28,4
HC06272,24,6/27/2024,Food Poisoning,22,5
HC06273,18,9/6/2024,Food Poisoning,15,1
HC06274,3,10/13/2025,Food Poisoning,11,2
HC06275,10,6/21/2024,Food Poisoning,37,5
HC06276,22,6/20/2025,Typhoid,29,2
HC06277,7,5/28/2024,Typhoid,1,2
HC06278,23,1/21/2024,Food Poisoning,32,2
HC06279,16,1/8/2025,Food Poisoning,11,2
HC06280,11,9/13/2025,Typhoid,38,4
HC06281,15,6/16/2025,Diarrheal Disease,9,4
HC06282,14,12/31/2025,Diarrheal Disease,36,2
HC06283,14,12/23/2024,Diarrheal Disease,8,5
HC06284,25,12/1/2024,Typhoid,22,3
HC06285,22,8/25/2025,Typhoid,16,5
HC06286,7,9/13/2025,Diarrheal Disease,38,2
HC06287,9,6/7/2025,Food Poisoning,3,4
HC06288,4,11/3/2025,Diarrheal Disease,13,3
HC06289,18,3/22/2024,Food Poisoning,10,5
HC06290,21,5/2/2024,Typhoid,22,3
HC06291,19,5/4/2024,Food Poisoning,3,5
HC06292,13,10/6/2024,Food Poisoning,7,1
HC06293,9,3/1/2025,Diarrheal Disease,6,4
HC06294,23,10/6/2025,Food Poisoning,38,5
HC06295,11,5/4/2025,Typhoid,8,4
HC06296,4,10/2/2025,Food Poisoning,15,3
HC06297,21,12/24/2025,Diarrheal Disease,21,3
HC06298,19,9/16/2024,Food Poisoning,19,5
HC06299,13,9/9/2025,Food Poisoning,5,2
HC06300,9,6/9/2025,Food Poisoning,7,5
HC06301,16,9/17/2024,Food Poisoning,11,5
HC06302,1,9/1/2024,Food Poisoning,2,1
HC06303,26,6/18/2024,Diarrheal Disease,29,5
HC06304,3,3/10/2025,Food Poisoning,33,1
HC06305,14,8/13/2025,Typhoid,39,4
HC06306,14,7/7/2024,Diarrheal Disease,34,4
HC06307,1,3/21/2025,Typhoid,6,1
HC06308,7,6/11/2024,Diarrheal Disease,35,3
HC06309,9,5/10/2024,Typhoid,11,1
HC06310,17,8/18/2024,Diarrheal Disease,12,2
HC06311,6,7/20/2025,Diarrheal Disease,29,2
HC06312,18,10/21/2024,Diarrheal Disease,15,5
HC06313,20,10/1/2024,Diarrheal Disease,15,2
HC06314,15,10/20/2024,Diarrheal Disease,4,4
HC06315,23,7/25/2025,Food Poisoning,27,2
HC06316,10,12/18/2025,Typhoid,33,2
HC06317,14,3/24/2024,Food Poisoning,30,2
HC06318,9,12/17/2025,Diarrheal Disease,17,1
HC06319,7,3/2/2025,Food Poisoning,15,4
HC06320,26,4/22/2024,Typhoid,13,2
HC06321,20,12/29/2024,Food Poisoning,17,4
HC06322,6,1/14/2025,Diarrheal Disease,15,4
HC06323,13,12/21/2024,Typhoid,8,5
HC06324,24,7/4/2024,Food Poisoning,36,3
HC06325,18,9/10/2025,Diarrheal Disease,37,2
HC06326,9,6/20/2024,Food Poisoning,15,3
HC06327,26,7/27/2025,Typhoid,11,1
HC06328,14,2/28/2025,Diarrheal Disease,17,2
HC06329,13,5/7/2024,Diarrheal Disease,14,2
HC06330,19,10/16/2025,Typhoid,7,1
HC06331,7,9/5/2025,Diarrheal Disease,5,4
HC06332,16,5/9/2025,Food Poisoning,37,1
HC06333,4,11/24/2024,Diarrheal Disease,25,5
HC06334,18,5/21/2025,Diarrheal Disease,20,3
HC06335,17,4/28/2025,Food Poisoning,2,3
HC06336,22,10/13/2024,Typhoid,21,5
HC06337,3,11/15/2024,Typhoid,27,2
HC06338,9,9/17/2024,Diarrheal Disease,30,2
HC06339,12,10/30/2025,Diarrheal Disease,6,4
HC06340,9,5/27/2024,Food Poisoning,29,2
HC06341,2,9/12/2025,Typhoid,34,3
HC06342,18,10/13/2025,Typhoid,12,1
HC06343,22,8/13/2025,Diarrheal Disease,18,3
HC06344,16,8/7/2025,Typhoid,10,5
HC06345,17,2/9/2025,Typhoid,36,2
HC06346,21,10/18/2025,Food Poisoning,10,2
HC06347,15,5/9/2025,Typhoid,38,1
HC06348,25,5/28/2024,Food Poisoning,31,2
HC06349,25,5/23/2024,Diarrheal Disease,38,3
HC06350,20,3/25/2024,Food Poisoning,23,2
HC06351,22,5/24/2025,Diarrheal Disease,25,1
HC06352,1,10/2/2025,Diarrheal Disease,17,2
HC06353,21,12/13/2024,Food Poisoning,27,2
HC06354,11,10/8/2024,Food Poisoning,36,5
HC06355,17,11/7/2024,Typhoid,20,5
HC06356,11,12/1/2024,Diarrheal Disease,7,4
HC06357,22,10/6/2024,Diarrheal Disease,3,3
HC06358,20,10/13/2025,Food Poisoning,8,2
HC06359,21,8/16/2024,Diarrheal Disease,37,2
HC06360,15,2/13/2025,Diarrheal Disease,1,1
HC06361,5,7/8/2025,Typhoid,9,5
HC06362,13,11/5/2024,Food Poisoning,18,2
HC06363,15,12/22/2025,Food Poisoning,4,4
HC06364,7,9/11/2024,Diarrheal Disease,36,5
HC06365,4,7/30/2025,Food Poisoning,10,2
HC06366,24,6/4/2024,Food Poisoning,6,4
HC06367,21,11/2/2024,Diarrheal Disease,17,1
HC06368,8,8/22/2025,Food Poisoning,21,2
HC06369,2,11/26/2024,Typhoid,8,5
HC06370,15,3/6/2024,Typhoid,27,4
HC06371,9,8/24/2025,Food Poisoning,19,4
HC06372,17,1/19/2024,Food Poisoning,29,5
HC06373,4,8/28/2024,Diarrheal Disease,16,1
HC06374,20,4/17/2024,Typhoid,31,5
HC06375,26,1/6/2025,Typhoid,12,4
HC06376,3,12/30/2025,Typhoid,6,3
HC06377,26,3/6/2024,Food Poisoning,22,3
HC06378,12,11/22/2025,Typhoid,15,2
HC06379,14,3/6/2024,Diarrheal Disease,30,5
HC06380,23,11/27/2024,Food Poisoning,15,2
HC06381,12,9/18/2024,Food Poisoning,25,4
HC06382,22,12/16/2025,Food Poisoning,36,5
HC06383,25,10/10/2024,Diarrheal Disease,30,5
HC06384,5,12/8/2025,Food Poisoning,15,1
HC06385,12,9/15/2025,Typhoid,21,3
HC06386,20,5/21/2024,Diarrheal Disease,26,4
HC06387,11,5/26/2025,Diarrheal Disease,31,5
HC06388,26,11/18/2025,Food Poisoning,33,3
HC06389,25,6/8/2025,Diarrheal Disease,25,3
HC06390,25,11/11/2025,Typhoid,3,1
HC06391,19,9/27/2024,Food Poisoning,37,5
HC06392,25,11/20/2025,Food Poisoning,15,5
HC06393,11,12/11/2024,Typhoid,27,3
HC06394,20,12/7/2025,Typhoid,30,4
HC06395,26,8/8/2025,Food Poisoning,34,1
HC06396,20,10/30/2024,Diarrheal Disease,25,5
HC06397,20,1/29/2024,Diarrheal Disease,31,5
HC06398,21,12/5/2024,Diarrheal Disease,19,3
HC06399,5,6/4/2025,Diarrheal Disease,13,1
HC06400,1,2/20/2025,Typhoid,6,5
HC06401,6,8/15/2024,Typhoid,34,2
HC06402,20,9/18/2025,Typhoid,15,2
HC06403,18,4/17/2025,Food Poisoning,39,5
HC06404,13,3/5/2024,Typhoid,7,4
HC06405,23,6/19/2025,Typhoid,31,1
HC06406,2,4/22/2025,Typhoid,39,2
HC06407,3,4/19/2025,Food Poisoning,37,5
HC06408,10,1/18/2025,Typhoid,19,4
HC06409,22,5/8/2025,Typhoid,15,5
HC06410,3,2/5/2024,Typhoid,13,5
HC06411,4,8/30/2025,Food Poisoning,26,3
HC06412,23,4/25/2024,Food Poisoning,9,4
HC06413,17,4/5/2025,Diarrheal Disease,11,3
HC06414,5,11/8/2024,Diarrheal Disease,25,2
HC06415,2,11/9/2024,Typhoid,29,2
HC06416,24,11/26/2024,Food Poisoning,5,4
HC06417,17,12/20/2025,Food Poisoning,4,2
HC06418,22,12/25/2024,Food Poisoning,4,3
HC06419,19,10/16/2024,Food Poisoning,38,5
HC06420,16,5/9/2025,Diarrheal Disease,8,1
HC06421,15,3/18/2024,Typhoid,36,2
HC06422,11,3/16/2024,Typhoid,28,3
HC06423,3,1/25/2025,Food Poisoning,9,2
HC06424,7,5/25/2024,Diarrheal Disease,4,3
HC06425,21,4/12/2024,Typhoid,31,3
HC06426,15,4/9/2025,Typhoid,7,1
HC06427,24,3/6/2025,Food Poisoning,1,2
HC06428,12,12/25/2024,Food Poisoning,39,4
HC06429,3,1/6/2024,Food Poisoning,2,2
HC06430,9,5/12/2024,Food Poisoning,6,3
HC06431,23,8/30/2024,Diarrheal Disease,27,4
HC06432,13,5/9/2025,Typhoid,26,3
HC06433,18,12/30/2024,Food Poisoning,39,1
HC06434,10,3/12/2024,Diarrheal Disease,24,5
HC06435,20,3/11/2024,Typhoid,32,1
HC06436,10,10/10/2025,Typhoid,35,2
HC06437,4,8/27/2025,Diarrheal Disease,15,2
HC06438,23,9/6/2025,Food Poisoning,33,1
HC06439,1,10/31/2024,Diarrheal Disease,37,4
HC06440,1,7/23/2024,Diarrheal Disease,17,3
HC06441,9,2/21/2025,Diarrheal Disease,32,3
HC06442,23,9/26/2025,Diarrheal Disease,6,4
HC06443,12,4/25/2024,Diarrheal Disease,24,4
HC06444,5,3/30/2025,Typhoid,8,3
HC06445,21,5/29/2024,Diarrheal Disease,17,4
HC06446,10,7/22/2024,Typhoid,1,2
HC06447,14,1/21/2024,Typhoid,20,3
HC06448,17,4/11/2024,Typhoid,39,3
HC06449,5,11/5/2025,Diarrheal Disease,11,1
HC06450,21,10/25/2024,Diarrheal Disease,32,2
HC06451,14,7/2/2025,Diarrheal Disease,37,5
HC06452,23,5/19/2025,Typhoid,23,5
HC06453,26,4/30/2025,Diarrheal Disease,35,2
HC06454,7,6/7/2024,Diarrheal Disease,18,2
HC06455,18,9/28/2025,Diarrheal Disease,34,1
HC06456,18,7/14/2025,Food Poisoning,18,3
HC06457,19,4/19/2025,Typhoid,28,3
HC06458,22,12/6/2024,Typhoid,34,1
HC06459,13,11/7/2024,Food Poisoning,27,3
HC06460,11,11/13/2025,Typhoid,12,1
HC06461,15,8/30/2024,Food Poisoning,12,4
HC06462,24,9/8/2024,Typhoid,36,2
HC06463,2,6/2/2025,Typhoid,15,1
HC06464,4,5/5/2025,Typhoid,36,1
HC06465,11,7/27/2025,Diarrheal Disease,32,2
HC06466,13,6/24/2024,Typhoid,8,3
HC06467,11,5/7/2025,Typhoid,8,2
HC06468,3,6/29/2025,Food Poisoning,33,2
HC06469,20,6/9/2024,Food Poisoning,6,3
HC06470,1,10/29/2024,Typhoid,37,4
HC06471,4,2/23/2025,Diarrheal Disease,33,2
HC06472,21,7/3/2024,Diarrheal Disease,31,5
HC06473,23,9/11/2024,Food Poisoning,8,2
HC06474,10,6/10/2025,Diarrheal Disease,23,5
HC06475,8,1/25/2024,Diarrheal Disease,1,5
HC06476,23,8/2/2024,Typhoid,38,4
HC06477,21,9/16/2024,Food Poisoning,36,4
HC06478,21,8/20/2025,Food Poisoning,6,5
HC06479,9,5/25/2025,Diarrheal Disease,8,5
HC06480,14,8/5/2025,Typhoid,8,3
HC06481,18,3/6/2025,Diarrheal Disease,10,2
HC06482,26,11/23/2025,Food Poisoning,17,2
HC06483,3,5/24/2025,Diarrheal Disease,34,3
HC06484,19,8/30/2024,Diarrheal Disease,5,5
HC06485,19,3/11/2025,Diarrheal Disease,7,4
HC06486,25,8/31/2025,Diarrheal Disease,19,3
HC06487,14,6/24/2024,Food Poisoning,18,4
HC06488,4,10/4/2024,Typhoid,25,5
HC06489,19,8/28/2024,Typhoid,6,3
HC06490,8,8/18/2024,Diarrheal Disease,9,3
HC06491,9,1/12/2025,Diarrheal Disease,12,1
HC06492,26,8/9/2024,Food Poisoning,34,5
HC06493,13,4/28/2024,Food Poisoning,36,5
HC06494,12,11/4/2024,Diarrheal Disease,27,3
HC06495,21,5/29/2024,Typhoid,13,5
HC06496,11,7/22/2024,Diarrheal Disease,24,5
HC06497,24,4/3/2024,Diarrheal Disease,28,5
HC06498,9,4/2/2024,Typhoid,29,5
HC06499,22,3/2/2025,Diarrheal Disease,3,2
HC06500,4,12/9/2024,Typhoid,24,5
HC06501,16,4/24/2025,Food Poisoning,1,5
HC06502,16,9/27/2024,Diarrheal Disease,22,3
HC06503,24,10/24/2024,Food Poisoning,36,1
HC06504,16,1/22/2024,Typhoid,4,5
HC06505,18,5/24/2024,Typhoid,4,1
HC06506,20,2/18/2025,Typhoid,28,2
HC06507,15,6/15/2025,Diarrheal Disease,10,1
HC06508,23,3/6/2025,Food Poisoning,4,2
HC06509,6,1/8/2025,Typhoid,16,3
HC06510,9,5/26/2024,Typhoid,39,2
HC06511,6,2/21/2025,Typhoid,8,4
HC06512,12,1/30/2025,Diarrheal Disease,24,2
HC06513,16,5/18/2025,Diarrheal Disease,28,3
HC06514,11,11/17/2025,Diarrheal Disease,35,3
HC06515,1,11/29/2024,Food Poisoning,2,4
HC06516,14,5/22/2024,Diarrheal Disease,4,1
HC06517,11,10/8/2025,Food Poisoning,3,4
HC06518,22,8/23/2024,Typhoid,18,3
HC06519,18,4/9/2025,Typhoid,21,3
HC06520,11,10/3/2025,Typhoid,19,5
HC06521,13,12/25/2025,Typhoid,31,5
HC06522,25,4/4/2025,Diarrheal Disease,29,5
HC06523,3,6/12/2024,Food Poisoning,11,5
HC06524,8,10/20/2025,Typhoid,2,4
HC06525,22,3/21/2025,Food Poisoning,34,2
HC06526,14,8/3/2024,Diarrheal Disease,29,2
HC06527,25,11/12/2024,Diarrheal Disease,26,4
HC06528,17,9/27/2025,Diarrheal Disease,13,2
HC06529,2,1/22/2025,Food Poisoning,6,3
HC06530,10,7/15/2024,Diarrheal Disease,34,5
HC06531,22,12/11/2024,Diarrheal Disease,17,5
HC06532,21,4/20/2024,Food Poisoning,23,1
HC06533,25,9/4/2025,Food Poisoning,25,4
HC06534,7,1/16/2024,Food Poisoning,10,2
HC06535,7,2/4/2024,Diarrheal Disease,34,4
HC06536,10,7/9/2025,Diarrheal Disease,30,5
HC06537,6,4/3/2025,Diarrheal Disease,1,3
HC06538,10,10/14/2024,Food Poisoning,6,4
HC06539,15,9/30/2025,Food Poisoning,15,3
HC06540,25,8/22/2025,Diarrheal Disease,20,4
HC06541,23,7/1/2025,Diarrheal Disease,10,4
HC06542,4,11/18/2024,Typhoid,3,5
HC06543,26,3/8/2024,Food Poisoning,19,3
HC06544,23,9/21/2025,Diarrheal Disease,23,5
HC06545,24,12/23/2025,Typhoid,19,3
HC06546,9,11/11/2025,Food Poisoning,31,1
HC06547,1,4/5/2024,Food Poisoning,13,3
HC06548,26,3/9/2024,Diarrheal Disease,37,3
HC06549,10,11/15/2024,Diarrheal Disease,3,3
HC06550,12,9/5/2024,Food Poisoning,1,5
HC06551,25,4/13/2024,Food Poisoning,24,4
HC06552,14,2/17/2025,Diarrheal Disease,22,4
HC06553,1,4/7/2024,Diarrheal Disease,14,1
HC06554,13,1/23/2025,Diarrheal Disease,38,2
HC06555,12,6/27/2025,Food Poisoning,24,3
HC06556,25,6/11/2024,Typhoid,5,1
HC06557,20,5/9/2024,Food Poisoning,2,4
HC06558,7,6/5/2024,Diarrheal Disease,10,4
HC06559,14,7/8/2024,Typhoid,21,5
HC06560,2,10/8/2024,Food Poisoning,31,4
HC06561,7,9/20/2024,Food Poisoning,9,2
HC06562,16,12/24/2025,Typhoid,33,1
HC06563,1,9/19/2024,Diarrheal Disease,36,4
HC06564,23,1/26/2025,Typhoid,20,2
HC06565,16,7/15/2024,Diarrheal Disease,20,3
HC06566,26,2/28/2025,Diarrheal Disease,9,3
HC06567,9,12/8/2024,Typhoid,32,5
HC06568,12,12/30/2025,Food Poisoning,21,2
HC06569,20,9/10/2025,Diarrheal Disease,23,1
HC06570,6,2/17/2024,Typhoid,27,2
HC06571,15,2/17/2024,Food Poisoning,24,4
HC06572,25,5/4/2025,Food Poisoning,38,3
HC06573,24,2/15/2024,Diarrheal Disease,13,2
HC06574,25,12/10/2025,Food Poisoning,39,1
HC06575,26,6/5/2025,Typhoid,11,5
HC06576,5,4/29/2025,Diarrheal Disease,32,1
HC06577,21,6/12/2024,Food Poisoning,26,3
HC06578,4,1/29/2025,Food Poisoning,18,2
HC06579,20,10/26/2025,Typhoid,14,5
HC06580,7,10/23/2025,Typhoid,8,3
HC06581,24,1/28/2024,Diarrheal Disease,12,4
HC06582,20,10/1/2024,Food Poisoning,25,5
HC06583,3,1/15/2025,Food Poisoning,24,4
HC06584,18,6/11/2025,Typhoid,4,1
HC06585,22,7/24/2025,Diarrheal Disease,13,3
HC06586,26,4/27/2024,Food Poisoning,29,2
HC06587,15,11/21/2025,Food Poisoning,3,1
HC06588,15,11/27/2025,Typhoid,9,4
HC06589,19,12/5/2024,Food Poisoning,3,5
HC06590,20,7/28/2025,Typhoid,23,3
HC06591,11,5/24/2024,Food Poisoning,9,3
HC06592,11,4/11/2024,Diarrheal Disease,10,2
HC06593,24,8/7/2025,Food Poisoning,17,3
HC06594,18,8/9/2024,Diarrheal Disease,4,2
HC06595,11,12/6/2024,Typhoid,11,5
HC06596,22,2/1/2025,Diarrheal Disease,1,4
HC06597,19,11/15/2024,Typhoid,8,2
HC06598,22,4/21/2025,Diarrheal Disease,36,4
HC06599,10,8/23/2025,Food Poisoning,38,4
HC06600,4,9/4/2025,Food Poisoning,2,5
HC06601,11,6/21/2025,Food Poisoning,19,3
HC06602,8,3/30/2025,Diarrheal Disease,35,3
HC06603,26,6/21/2024,Typhoid,34,2
HC06604,10,12/18/2025,Typhoid,25,4
HC06605,19,8/3/2024,Typhoid,9,5
HC06606,9,7/4/2025,Diarrheal Disease,3,1
HC06607,10,10/27/2024,Food Poisoning,1,5
HC06608,4,2/19/2024,Diarrheal Disease,11,4
HC06609,9,2/2/2024,Typhoid,12,4
HC06610,14,10/22/2025,Diarrheal Disease,24,4
HC06611,19,3/12/2025,Food Poisoning,34,1
HC06612,13,11/7/2025,Diarrheal Disease,3,3
HC06613,25,1/2/2025,Food Poisoning,8,5
HC06614,2,3/28/2024,Typhoid,25,1
HC06615,26,9/22/2024,Diarrheal Disease,12,4
HC06616,11,7/3/2025,Diarrheal Disease,13,5
HC06617,15,6/13/2025,Diarrheal Disease,6,3
HC06618,13,6/23/2024,Diarrheal Disease,4,3
HC06619,4,10/7/2025,Food Poisoning,26,1
HC06620,24,9/13/2024,Typhoid,12,4
HC06621,4,9/8/2024,Food Poisoning,30,4
HC06622,15,5/8/2024,Diarrheal Disease,1,3
HC06623,20,5/14/2025,Diarrheal Disease,25,5
HC06624,20,10/25/2025,Diarrheal Disease,14,1
HC06625,7,6/23/2025,Food Poisoning,23,5
HC06626,15,3/30/2025,Food Poisoning,19,4
HC06627,22,6/20/2024,Typhoid,22,5
HC06628,3,12/3/2025,Diarrheal Disease,37,1
HC06629,13,3/9/2025,Food Poisoning,10,1
HC06630,15,11/23/2024,Food Poisoning,14,3
HC06631,10,2/21/2024,Diarrheal Disease,11,4
HC06632,18,6/19/2024,Typhoid,15,2
HC06633,4,7/12/2024,Diarrheal Disease,22,4
HC06634,2,6/1/2024,Typhoid,7,5
HC06635,5,8/4/2024,Typhoid,36,5
HC06636,25,6/8/2025,Diarrheal Disease,33,2
HC06637,17,5/15/2025,Food Poisoning,38,2
HC06638,11,11/15/2025,Typhoid,14,1
HC06639,10,3/19/2024,Diarrheal Disease,28,4
HC06640,19,12/19/2024,Typhoid,21,3
HC06641,14,9/10/2025,Food Poisoning,34,2
HC06642,4,12/22/2024,Typhoid,39,2
HC06643,24,3/3/2025,Diarrheal Disease,30,2
HC06644,23,8/27/2025,Food Poisoning,12,2
HC06645,10,12/15/2025,Diarrheal Disease,11,2
HC06646,23,3/9/2024,Diarrheal Disease,33,5
HC06647,23,4/17/2024,Food Poisoning,27,4
HC06648,17,7/16/2024,Diarrheal Disease,15,5
HC06649,22,6/10/2025,Diarrheal Disease,22,1
HC06650,26,7/30/2025,Food Poisoning,35,4
HC06651,19,1/8/2025,Food Poisoning,24,2
HC06652,4,4/11/2024,Food Poisoning,16,1
HC06653,9,12/11/2024,Diarrheal Disease,28,5
HC06654,25,9/3/2024,Diarrheal Disease,13,2
HC06655,3,1/11/2024,Diarrheal Disease,12,2
HC06656,4,3/15/2024,Diarrheal Disease,36,4
HC06657,5,4/14/2025,Food Poisoning,7,4
HC06658,1,8/15/2025,Typhoid,13,2
HC06659,25,12/2/2024,Diarrheal Disease,26,2
HC06660,4,3/5/2025,Typhoid,22,5
HC06661,10,6/4/2024,Diarrheal Disease,21,3
HC06662,2,10/31/2024,Typhoid,24,2
HC06663,12,3/17/2024,Typhoid,14,5
HC06664,5,3/12/2025,Food Poisoning,21,1
HC06665,5,4/15/2025,Food Poisoning,18,1
HC06666,9,5/19/2025,Food Poisoning,35,5
HC06667,20,2/18/2024,Typhoid,36,1
HC06668,7,5/20/2025,Typhoid,36,2
HC06669,20,9/22/2024,Diarrheal Disease,2,1
HC06670,14,12/22/2024,Typhoid,5,3
HC06671,19,3/11/2025,Diarrheal Disease,22,4
HC06672,4,6/7/2025,Diarrheal Disease,21,2
HC06673,23,9/21/2024,Diarrheal Disease,26,5
HC06674,21,5/14/2025,Food Poisoning,34,1
HC06675,12,6/9/2024,Food Poisoning,26,1
HC06676,23,1/4/2024,Typhoid,23,2
HC06677,2,1/29/2025,Typhoid,36,4
HC06678,4,9/5/2025,Diarrheal Disease,5,2
HC06679,3,7/14/2024,Diarrheal Disease,29,5
HC06680,1,8/21/2024,Diarrheal Disease,5,1
HC06681,3,6/12/2025,Typhoid,27,4
HC06682,5,4/30/2025,Typhoid,18,3
HC06683,22,4/8/2024,Food Poisoning,10,3
HC06684,1,5/23/2025,Food Poisoning,39,2
HC06685,13,12/4/2025,Typhoid,9,1
HC06686,19,3/30/2025,Typhoid,12,2
HC06687,25,10/27/2025,Food Poisoning,5,4
HC06688,19,11/11/2024,Food Poisoning,25,5
HC06689,21,6/25/2025,Food Poisoning,7,3
HC06690,15,10/14/2024,Food Poisoning,11,3
HC06691,22,10/31/2025,Typhoid,16,2
HC06692,16,10/28/2025,Typhoid,27,1
HC06693,11,4/12/2025,Diarrheal Disease,36,3
HC06694,22,9/23/2024,Diarrheal Disease,9,3
HC06695,4,10/20/2025,Food Poisoning,23,4
HC06696,20,11/23/2025,Diarrheal Disease,30,4
HC06697,23,4/24/2024,Food Poisoning,10,3
HC06698,4,7/31/2024,Food Poisoning,19,3
HC06699,12,12/25/2025,Food Poisoning,34,4
HC06700,15,2/24/2024,Diarrheal Disease,2,1
HC06701,23,11/9/2025,Diarrheal Disease,13,2
HC06702,19,7/14/2024,Food Poisoning,14,5
HC06703,6,2/5/2025,Typhoid,32,5
HC06704,25,9/12/2024,Typhoid,12,2
HC06705,21,8/29/2024,Food Poisoning,13,2
HC06706,5,10/28/2025,Food Poisoning,30,4
HC06707,15,4/28/2024,Typhoid,23,2
HC06708,4,4/1/2025,Food Poisoning,32,3
HC06709,1,5/21/2024,Diarrheal Disease,29,5
HC06710,6,5/7/2025,Food Poisoning,17,3
HC06711,13,7/20/2024,Typhoid,32,4
HC06712,6,4/27/2024,Diarrheal Disease,31,1
HC06713,20,2/12/2024,Typhoid,17,3
HC06714,25,12/11/2024,Food Poisoning,38,3
HC06715,21,7/18/2025,Food Poisoning,17,4
HC06716,13,6/25/2025,Diarrheal Disease,27,3
HC06717,15,7/31/2024,Diarrheal Disease,13,3
HC06718,13,11/6/2025,Typhoid,8,3
HC06719,1,2/24/2025,Diarrheal Disease,21,3
HC06720,23,7/21/2024,Food Poisoning,14,1
HC06721,13,6/7/2025,Diarrheal Disease,35,5
HC06722,12,3/3/2025,Diarrheal Disease,33,3
HC06723,7,5/20/2024,Typhoid,23,5
HC06724,13,2/2/2024,Typhoid,19,3
HC06725,14,9/29/2024,Typhoid,28,2
HC06726,14,5/9/2025,Food Poisoning,37,5
HC06727,20,3/15/2024,Food Poisoning,3,5
HC06728,12,2/18/2025,Typhoid,25,4
HC06729,7,1/2/2024,Typhoid,18,5
HC06730,9,1/4/2024,Diarrheal Disease,14,4
HC06731,25,12/28/2025,Typhoid,39,1
HC06732,19,7/25/2024,Diarrheal Disease,7,4
HC06733,14,10/20/2025,Diarrheal Disease,39,4
HC06734,7,3/13/2025,Diarrheal Disease,33,5
HC06735,26,7/12/2025,Food Poisoning,23,4
HC06736,7,5/6/2025,Diarrheal Disease,11,2
HC06737,21,5/17/2024,Diarrheal Disease,16,4
HC06738,25,6/27/2025,Typhoid,12,5
HC06739,13,8/2/2025,Diarrheal Disease,25,2
HC06740,13,8/11/2024,Typhoid,24,4
HC06741,16,7/7/2024,Typhoid,32,2
HC06742,10,12/15/2024,Food Poisoning,18,3
HC06743,13,4/2/2025,Typhoid,38,5
HC06744,3,8/28/2025,Diarrheal Disease,32,1
HC06745,25,10/23/2025,Diarrheal Disease,7,2
HC06746,22,8/8/2024,Diarrheal Disease,33,1
HC06747,21,12/3/2024,Food Poisoning,38,3
HC06748,1,3/2/2024,Typhoid,2,1
HC06749,7,10/12/2025,Diarrheal Disease,33,1
HC06750,10,10/11/2025,Diarrheal Disease,35,3
HC06751,21,5/20/2024,Diarrheal Disease,30,5
HC06752,25,9/27/2025,Diarrheal Disease,9,1
HC06753,6,3/30/2024,Typhoid,33,5
HC06754,18,5/14/2025,Diarrheal Disease,20,5
HC06755,9,4/3/2024,Food Poisoning,32,1
HC06756,13,10/15/2024,Typhoid,4,2
HC06757,25,11/15/2024,Diarrheal Disease,6,4
HC06758,21,11/30/2025,Diarrheal Disease,29,5
HC06759,16,8/23/2025,Diarrheal Disease,23,5
HC06760,25,9/23/2025,Typhoid,24,2
HC06761,11,9/16/2024,Food Poisoning,14,2
HC06762,4,7/29/2025,Diarrheal Disease,37,1
HC06763,15,12/22/2024,Food Poisoning,38,3
HC06764,1,12/5/2024,Diarrheal Disease,3,1
HC06765,6,3/12/2025,Food Poisoning,37,5
HC06766,14,7/30/2024,Typhoid,38,4
HC06767,13,7/7/2025,Typhoid,8,2
HC06768,1,12/1/2025,Food Poisoning,26,4
HC06769,7,3/3/2024,Diarrheal Disease,4,1
HC06770,6,3/21/2025,Food Poisoning,14,5
HC06771,10,1/25/2025,Food Poisoning,10,1
HC06772,9,12/14/2024,Typhoid,34,4
HC06773,20,2/28/2024,Diarrheal Disease,37,1
HC06774,9,12/8/2025,Typhoid,32,1
HC06775,6,11/24/2024,Diarrheal Disease,2,4
HC06776,16,3/21/2024,Food Poisoning,15,4
HC06777,14,11/22/2024,Diarrheal Disease,22,2
HC06778,6,9/23/2025,Food Poisoning,4,2
HC06779,17,9/13/2025,Diarrheal Disease,7,2
HC06780,20,1/7/2025,Food Poisoning,34,2
HC06781,11,4/3/2024,Typhoid,32,3
HC06782,8,10/1/2024,Typhoid,12,2
HC06783,24,4/17/2025,Food Poisoning,9,1
HC06784,22,7/27/2025,Food Poisoning,18,1
HC06785,25,7/9/2025,Typhoid,21,3
HC06786,9,9/13/2024,Typhoid,4,1
HC06787,14,1/27/2024,Food Poisoning,5,5
HC06788,6,9/13/2025,Food Poisoning,6,2
HC06789,10,12/29/2024,Diarrheal Disease,14,3
HC06790,23,6/2/2024,Typhoid,8,1
HC06791,19,6/15/2024,Typhoid,27,3
HC06792,19,10/8/2025,Typhoid,23,2
HC06793,1,12/17/2025,Typhoid,39,5
HC06794,12,5/4/2024,Typhoid,6,3
HC06795,9,3/22/2025,Typhoid,39,4
HC06796,14,6/28/2024,Food Poisoning,18,5
HC06797,5,12/19/2024,Diarrheal Disease,36,3
HC06798,11,7/13/2024,Food Poisoning,28,2
HC06799,4,3/1/2025,Food Poisoning,23,1
HC06800,12,6/5/2024,Typhoid,31,1
HC06801,23,6/9/2024,Diarrheal Disease,23,3
HC06802,14,11/29/2025,Typhoid,20,4
HC06803,7,1/29/2024,Typhoid,37,5
HC06804,25,6/8/2024,Food Poisoning,39,4
HC06805,23,1/17/2025,Food Poisoning,38,4
HC06806,18,1/21/2025,Food Poisoning,32,3
HC06807,26,4/3/2025,Typhoid,34,3
HC06808,24,7/1/2024,Typhoid,19,3
HC06809,3,8/18/2024,Typhoid,22,2
HC06810,24,1/19/2024,Food Poisoning,10,4
HC06811,14,11/5/2025,Diarrheal Disease,14,2
HC06812,26,4/7/2025,Diarrheal Disease,24,3
HC06813,14,5/31/2025,Typhoid,29,1
HC06814,14,1/25/2024,Typhoid,34,4
HC06815,22,10/2/2025,Typhoid,28,1
HC06816,7,10/21/2024,Typhoid,4,4
HC06817,22,8/17/2025,Typhoid,38,2
HC06818,6,7/24/2025,Food Poisoning,30,2
HC06819,18,5/9/2025,Food Poisoning,8,2
HC06820,16,10/20/2024,Food Poisoning,38,5
HC06821,21,8/29/2024,Food Poisoning,21,5
HC06822,11,10/22/2025,Typhoid,27,5
HC06823,6,11/4/2025,Typhoid,12,1
HC06824,13,7/13/2024,Typhoid,17,3
HC06825,20,11/28/2024,Food Poisoning,30,2
HC06826,6,7/9/2024,Food Poisoning,23,3
HC06827,10,11/24/2024,Diarrheal Disease,12,2
HC06828,11,7/27/2025,Food Poisoning,31,4
HC06829,16,9/23/2025,Typhoid,7,5
HC06830,2,2/20/2025,Diarrheal Disease,19,1
HC06831,21,1/12/2024,Food Poisoning,3,4
HC06832,20,3/26/2024,Food Poisoning,17,5
HC06833,14,1/25/2025,Food Poisoning,5,3
HC06834,7,5/31/2024,Typhoid,14,1
HC06835,5,8/31/2025,Diarrheal Disease,33,1
HC06836,16,4/27/2024,Food Poisoning,34,1
HC06837,12,3/12/2025,Diarrheal Disease,21,1
HC06838,9,1/24/2024,Diarrheal Disease,25,3
HC06839,10,9/16/2025,Food Poisoning,28,5
HC06840,16,10/30/2024,Food Poisoning,18,1
HC06841,9,4/7/2024,Typhoid,37,5
HC06842,3,5/22/2024,Typhoid,14,4
HC06843,8,9/3/2025,Typhoid,18,4
HC06844,22,12/5/2025,Food Poisoning,37,3
HC06845,21,6/9/2024,Diarrheal Disease,13,1
HC06846,9,1/6/2024,Typhoid,36,5
HC06847,14,1/15/2025,Diarrheal Disease,17,5
HC06848,18,1/24/2025,Diarrheal Disease,10,5
HC06849,4,10/26/2024,Diarrheal Disease,8,3
HC06850,22,3/8/2025,Diarrheal Disease,27,1
HC06851,3,5/26/2025,Diarrheal Disease,26,4
HC06852,6,2/21/2024,Typhoid,15,2
HC06853,16,11/30/2024,Food Poisoning,30,1
HC06854,13,9/18/2025,Food Poisoning,7,4
HC06855,8,4/10/2025,Diarrheal Disease,22,1
HC06856,13,4/23/2024,Food Poisoning,32,4
HC06857,8,7/30/2024,Diarrheal Disease,33,1
HC06858,3,1/3/2025,Diarrheal Disease,32,2
HC06859,6,3/11/2024,Food Poisoning,9,4
HC06860,8,9/7/2025,Food Poisoning,8,4
HC06861,8,3/26/2025,Diarrheal Disease,6,1
HC06862,13,9/21/2024,Diarrheal Disease,19,3
HC06863,11,5/20/2025,Typhoid,7,2
HC06864,2,8/21/2025,Diarrheal Disease,22,4
HC06865,15,4/23/2024,Diarrheal Disease,38,5
HC06866,10,7/5/2024,Typhoid,16,5
HC06867,9,2/28/2025,Diarrheal Disease,7,5
HC06868,10,1/19/2025,Food Poisoning,23,4
HC06869,23,1/27/2025,Diarrheal Disease,31,4
HC06870,17,7/29/2024,Typhoid,4,3
HC06871,18,1/15/2025,Typhoid,9,3
HC06872,3,11/18/2025,Typhoid,37,5
HC06873,14,9/25/2025,Typhoid,26,1
HC06874,22,2/17/2025,Typhoid,1,3
HC06875,23,6/19/2025,Food Poisoning,37,3
HC06876,13,9/4/2025,Food Poisoning,12,3
HC06877,7,7/16/2024,Diarrheal Disease,23,4
HC06878,18,1/1/2025,Food Poisoning,24,2
HC06879,24,5/12/2024,Diarrheal Disease,19,4
HC06880,2,1/13/2024,Diarrheal Disease,6,4
HC06881,23,3/2/2025,Diarrheal Disease,27,1
HC06882,24,3/2/2024,Typhoid,24,4
HC06883,18,12/7/2025,Food Poisoning,4,4
HC06884,20,8/23/2024,Typhoid,27,2
HC06885,14,9/30/2024,Food Poisoning,11,5
HC06886,23,9/30/2025,Typhoid,3,2
HC06887,20,9/2/2025,Food Poisoning,16,5
HC06888,21,7/30/2024,Food Poisoning,24,4
HC06889,23,6/20/2024,Food Poisoning,14,5
HC06890,21,9/28/2025,Diarrheal Disease,5,1
HC06891,4,4/16/2024,Typhoid,7,1
HC06892,23,6/23/2024,Food Poisoning,19,5
HC06893,20,9/27/2024,Diarrheal Disease,4,5
HC06894,7,1/26/2025,Food Poisoning,8,2
HC06895,24,2/28/2024,Food Poisoning,31,4
HC06896,20,10/10/2024,Diarrheal Disease,10,3
HC06897,20,4/6/2024,Food Poisoning,39,5
HC06898,25,8/14/2025,Typhoid,39,3
HC06899,25,12/21/2025,Food Poisoning,28,5
HC06900,11,7/16/2024,Food Poisoning,36,2
HC06901,9,11/30/2025,Diarrheal Disease,7,5
HC06902,17,9/14/2025,Typhoid,30,5
HC06903,23,6/6/2025,Typhoid,14,2
HC06904,22,1/24/2025,Diarrheal Disease,36,2
HC06905,17,4/5/2025,Diarrheal Disease,13,4
HC06906,13,1/14/2025,Typhoid,21,2
HC06907,18,10/22/2025,Typhoid,35,2
HC06908,24,10/18/2025,Typhoid,27,1
HC06909,12,7/30/2025,Diarrheal Disease,37,3
HC06910,17,7/2/2025,Food Poisoning,11,3
HC06911,20,2/1/2025,Diarrheal Disease,22,3
HC06912,26,3/8/2024,Typhoid,2,5
HC06913,22,12/27/2025,Food Poisoning,6,1
HC06914,11,7/22/2025,Diarrheal Disease,10,3
HC06915,22,12/24/2025,Typhoid,23,1
HC06916,19,11/17/2024,Diarrheal Disease,37,3
HC06917,24,6/19/2024,Food Poisoning,34,3
HC06918,4,7/25/2024,Typhoid,21,2
HC06919,22,10/28/2025,Typhoid,22,3
HC06920,11,12/30/2024,Diarrheal Disease,20,1
HC06921,15,1/1/2025,Food Poisoning,32,1
HC06922,1,2/12/2024,Typhoid,32,1
HC06923,14,4/25/2024,Typhoid,18,1
HC06924,23,10/6/2024,Typhoid,6,3
HC06925,7,11/27/2025,Food Poisoning,31,3
HC06926,18,4/3/2025,Typhoid,18,1
HC06927,19,5/7/2024,Typhoid,15,4
HC06928,24,10/2/2025,Typhoid,17,3
HC06929,15,2/17/2025,Typhoid,28,3
HC06930,18,9/27/2025,Food Poisoning,32,2
HC06931,23,6/21/2025,Diarrheal Disease,20,5
HC06932,24,8/11/2025,Diarrheal Disease,23,3
HC06933,4,6/23/2024,Typhoid,34,2
HC06934,17,1/22/2025,Typhoid,34,4
HC06935,11,3/6/2024,Diarrheal Disease,20,2
HC06936,2,2/1/2025,Typhoid,20,3
HC06937,26,12/14/2025,Typhoid,17,1
HC06938,7,8/5/2025,Diarrheal Disease,23,1
HC06939,16,4/8/2024,Typhoid,1,5
HC06940,17,1/20/2025,Food Poisoning,4,2
HC06941,9,11/3/2025,Typhoid,27,1
HC06942,20,9/21/2025,Food Poisoning,10,5
HC06943,6,9/13/2024,Food Poisoning,39,1
HC06944,12,5/31/2024,Typhoid,25,4
HC06945,21,7/8/2025,Diarrheal Disease,27,3
HC06946,23,11/2/2024,Typhoid,10,2
HC06947,19,11/7/2025,Food Poisoning,6,5
HC06948,10,11/19/2024,Typhoid,15,5
HC06949,5,2/4/2024,Diarrheal Disease,29,3
HC06950,16,10/2/2025,Food Poisoning,27,5
HC06951,6,8/26/2024,Typhoid,10,1
HC06952,22,9/16/2024,Diarrheal Disease,13,4
HC06953,1,11/28/2024,Food Poisoning,10,2
HC06954,10,11/24/2025,Typhoid,15,5
HC06955,21,1/30/2025,Diarrheal Disease,12,3
HC06956,15,11/25/2024,Food Poisoning,12,5
HC06957,15,5/1/2024,Diarrheal Disease,34,5
HC06958,13,3/18/2024,Typhoid,35,3
HC06959,23,5/7/2025,Typhoid,10,4
HC06960,22,10/2/2025,Food Poisoning,38,1
HC06961,13,1/8/2025,Typhoid,31,2
HC06962,10,4/28/2025,Food Poisoning,39,2
HC06963,6,4/18/2024,Typhoid,14,3
HC06964,10,5/19/2025,Food Poisoning,6,4
HC06965,14,9/8/2025,Food Poisoning,7,3
HC06966,1,7/5/2025,Diarrheal Disease,8,1
HC06967,18,12/23/2025,Typhoid,25,3
HC06968,8,2/17/2024,Food Poisoning,19,1
HC06969,13,4/20/2025,Food Poisoning,33,2
HC06970,22,5/12/2025,Typhoid,32,3
HC06971,10,12/23/2025,Diarrheal Disease,22,3
HC06972,4,2/19/2024,Food Poisoning,28,5
HC06973,5,7/11/2025,Diarrheal Disease,23,2
HC06974,19,7/28/2024,Typhoid,18,3
HC06975,12,6/23/2025,Diarrheal Disease,28,4
HC06976,14,9/6/2025,Food Poisoning,2,5
HC06977,26,4/20/2024,Diarrheal Disease,6,3
HC06978,15,2/14/2025,Diarrheal Disease,5,5
HC06979,21,11/14/2024,Food Poisoning,30,5
HC06980,12,1/22/2025,Diarrheal Disease,9,2
HC06981,22,10/5/2025,Diarrheal Disease,11,5
HC06982,5,10/11/2025,Typhoid,23,4
HC06983,20,4/6/2025,Food Poisoning,29,3
HC06984,22,8/23/2024,Typhoid,25,3
HC06985,3,3/6/2025,Typhoid,39,1
HC06986,22,9/7/2025,Diarrheal Disease,32,1
HC06987,18,8/24/2025,Food Poisoning,38,4
HC06988,21,9/24/2025,Diarrheal Disease,14,5
HC06989,6,8/16/2024,Food Poisoning,17,3
HC06990,8,9/7/2024,Diarrheal Disease,17,2
HC06991,2,9/11/2025,Typhoid,24,2
HC06992,3,4/20/2024,Food Poisoning,35,5
HC06993,5,8/4/2025,Diarrheal Disease,11,5
HC06994,10,6/5/2024,Typhoid,27,2
HC06995,2,9/11/2024,Diarrheal Disease,11,3
HC06996,11,8/23/2024,Typhoid,38,5
HC06997,20,9/24/2025,Typhoid,25,2
HC06998,13,3/31/2024,Food Poisoning,7,5
HC06999,5,8/6/2024,Diarrheal Disease,13,3
HC07000,26,9/10/2024,Food Poisoning,25,4
HC07001,17,6/22/2024,Diarrheal Disease,12,1
HC07002,12,12/24/2025,Diarrheal Disease,34,1
HC07003,19,8/2/2025,Diarrheal Disease,18,1
HC07004,12,8/14/2024,Diarrheal Disease,7,5
HC07005,2,9/5/2025,Diarrheal Disease,1,4
HC07006,12,11/1/2024,Diarrheal Disease,30,5
HC07007,3,7/10/2025,Food Poisoning,34,5
HC07008,13,5/16/2024,Typhoid,30,4
HC07009,23,1/4/2024,Typhoid,38,1
HC07010,25,8/28/2024,Food Poisoning,30,3
HC07011,15,6/27/2024,Diarrheal Disease,19,5
HC07012,12,12/27/2024,Food Poisoning,21,2
HC07013,4,9/4/2025,Diarrheal Disease,31,5
HC07014,14,8/20/2024,Food Poisoning,23,4
HC07015,19,7/14/2024,Diarrheal Disease,31,5
HC07016,17,9/29/2024,Food Poisoning,3,1
HC07017,14,3/1/2024,Food Poisoning,33,3
HC07018,20,2/26/2024,Food Poisoning,28,4
HC07019,18,1/15/2025,Diarrheal Disease,35,5
HC07020,18,8/13/2025,Food Poisoning,5,4
HC07021,2,2/20/2025,Diarrheal Disease,19,4
HC07022,5,12/26/2025,Diarrheal Disease,8,5
HC07023,23,11/26/2025,Typhoid,18,5
HC07024,19,9/22/2024,Food Poisoning,30,5
HC07025,4,2/5/2025,Typhoid,30,2
HC07026,12,11/18/2024,Food Poisoning,9,3
HC07027,2,11/10/2024,Diarrheal Disease,38,3
HC07028,6,10/21/2024,Food Poisoning,19,5
HC07029,12,1/10/2024,Typhoid,26,3
HC07030,20,1/31/2024,Diarrheal Disease,28,1
HC07031,5,11/11/2025,Food Poisoning,32,4
HC07032,18,5/4/2025,Diarrheal Disease,18,3
HC07033,3,3/15/2025,Food Poisoning,31,2
HC07034,2,11/17/2025,Typhoid,12,5
HC07035,20,7/27/2025,Food Poisoning,33,4
HC07036,2,7/23/2025,Food Poisoning,23,1
HC07037,18,7/3/2025,Diarrheal Disease,5,1
HC07038,18,12/11/2025,Food Poisoning,20,2
HC07039,3,3/8/2024,Typhoid,14,2
HC07040,20,5/31/2025,Typhoid,26,2
HC07041,6,5/28/2025,Food Poisoning,21,4
HC07042,24,1/22/2024,Typhoid,2,2
HC07043,17,12/4/2024,Diarrheal Disease,5,1
HC07044,6,4/2/2025,Diarrheal Disease,33,3
HC07045,16,3/26/2024,Diarrheal Disease,12,1
HC07046,14,5/11/2024,Food Poisoning,29,5
HC07047,10,8/16/2025,Food Poisoning,2,3
HC07048,15,12/11/2024,Diarrheal Disease,17,2
HC07049,7,4/23/2025,Typhoid,27,3
HC07050,15,11/22/2024,Food Poisoning,4,1
HC07051,24,12/31/2024,Typhoid,5,3
HC07052,7,6/8/2024,Typhoid,13,1
HC07053,4,11/3/2025,Diarrheal Disease,29,2
HC07054,15,10/29/2025,Typhoid,25,2
HC07055,14,7/7/2024,Typhoid,35,3
HC07056,26,11/14/2025,Diarrheal Disease,2,3
HC07057,1,5/11/2024,Typhoid,17,4
HC07058,10,2/27/2024,Typhoid,8,5
HC07059,20,10/4/2024,Diarrheal Disease,5,5
HC07060,20,9/13/2025,Food Poisoning,17,2
HC07061,20,11/12/2025,Typhoid,28,1
HC07062,12,1/26/2024,Diarrheal Disease,21,5
HC07063,1,7/31/2025,Diarrheal Disease,16,1
HC07064,26,5/31/2025,Food Poisoning,30,2
HC07065,18,4/14/2025,Typhoid,31,4
HC07066,17,3/30/2025,Food Poisoning,4,3
HC07067,6,4/15/2025,Typhoid,4,3
HC07068,18,3/9/2024,Diarrheal Disease,21,3
HC07069,1,5/22/2025,Food Poisoning,37,4
HC07070,2,10/17/2024,Typhoid,4,4
HC07071,2,10/17/2024,Food Poisoning,33,1
HC07072,24,7/25/2024,Typhoid,11,1
HC07073,21,2/17/2025,Diarrheal Disease,28,5
HC07074,5,6/30/2025,Diarrheal Disease,24,1
HC07075,23,4/22/2025,Typhoid,25,5
HC07076,6,11/22/2025,Food Poisoning,14,4
HC07077,16,7/31/2025,Diarrheal Disease,21,2
HC07078,17,3/24/2024,Food Poisoning,37,1
HC07079,11,2/26/2025,Diarrheal Disease,20,4
HC07080,25,12/13/2025,Diarrheal Disease,23,1
HC07081,8,5/14/2025,Diarrheal Disease,38,4
HC07082,23,4/6/2025,Typhoid,9,4
HC07083,9,6/7/2025,Typhoid,14,4
HC07084,20,8/3/2024,Food Poisoning,16,5
HC07085,11,5/18/2025,Typhoid,4,3
HC07086,9,7/15/2025,Typhoid,29,4
HC07087,6,4/7/2025,Food Poisoning,33,3
HC07088,22,7/24/2024,Typhoid,35,4
HC07089,8,5/12/2024,Food Poisoning,32,4
HC07090,16,5/29/2024,Typhoid,31,5
HC07091,14,10/4/2024,Food Poisoning,1,1
HC07092,22,11/29/2024,Typhoid,4,1
HC07093,18,4/9/2024,Typhoid,26,3
HC07094,4,7/1/2025,Food Poisoning,34,5
HC07095,24,5/6/2024,Diarrheal Disease,16,1
HC07096,5,3/22/2024,Food Poisoning,18,4
HC07097,14,11/8/2024,Food Poisoning,8,2
HC07098,24,10/5/2024,Diarrheal Disease,35,1
HC07099,4,3/27/2025,Diarrheal Disease,29,1
HC07100,25,6/28/2025,Typhoid,21,1
HC07101,12,8/14/2025,Diarrheal Disease,3,3
HC07102,19,4/9/2024,Food Poisoning,28,4
HC07103,4,12/9/2024,Diarrheal Disease,12,3
HC07104,6,2/15/2025,Diarrheal Disease,10,5
HC07105,6,11/17/2024,Typhoid,30,3
HC07106,9,7/23/2025,Food Poisoning,29,1
HC07107,13,12/31/2024,Food Poisoning,37,4
HC07108,20,12/20/2024,Diarrheal Disease,15,3
HC07109,17,3/6/2025,Diarrheal Disease,9,2
HC07110,13,1/23/2024,Diarrheal Disease,35,1
HC07111,22,10/3/2025,Typhoid,33,1
HC07112,16,12/9/2025,Diarrheal Disease,1,5
HC07113,10,9/3/2024,Diarrheal Disease,33,4
HC07114,2,7/5/2024,Food Poisoning,17,5
HC07115,4,5/28/2025,Food Poisoning,11,4
HC07116,18,3/30/2025,Diarrheal Disease,10,4
HC07117,19,2/15/2025,Diarrheal Disease,29,3
HC07118,17,5/7/2025,Typhoid,18,2
HC07119,11,12/19/2024,Diarrheal Disease,19,5
HC07120,13,8/2/2024,Diarrheal Disease,32,4
HC07121,24,2/2/2024,Diarrheal Disease,8,3
HC07122,13,9/24/2024,Diarrheal Disease,33,1
HC07123,11,2/26/2025,Typhoid,22,2
HC07124,24,10/3/2025,Typhoid,27,1
HC07125,11,1/2/2025,Food Poisoning,20,4
HC07126,6,5/24/2025,Food Poisoning,37,1
HC07127,17,3/17/2025,Diarrheal Disease,9,2
HC07128,24,10/3/2025,Diarrheal Disease,17,1
HC07129,5,3/1/2025,Diarrheal Disease,20,3
HC07130,18,7/28/2025,Typhoid,22,1
HC07131,15,8/28/2025,Typhoid,22,3
HC07132,20,1/30/2024,Diarrheal Disease,5,1
HC07133,19,4/5/2025,Typhoid,18,2
HC07134,17,6/22/2024,Diarrheal Disease,10,3
HC07135,25,3/24/2025,Typhoid,16,5
HC07136,23,1/14/2025,Food Poisoning,19,4
HC07137,15,1/21/2025,Diarrheal Disease,21,2
HC07138,9,9/21/2025,Typhoid,16,4
HC07139,3,11/22/2024,Typhoid,29,3
HC07140,24,4/23/2025,Food Poisoning,17,4
HC07141,12,1/21/2024,Diarrheal Disease,34,2
HC07142,16,1/6/2024,Typhoid,39,3
HC07143,8,11/13/2024,Food Poisoning,37,2
HC07144,13,5/3/2025,Diarrheal Disease,32,4
HC07145,9,11/12/2024,Food Poisoning,10,3
HC07146,10,2/3/2025,Diarrheal Disease,1,4
HC07147,12,11/8/2025,Typhoid,30,5
HC07148,9,1/4/2025,Food Poisoning,6,5
HC07149,17,7/3/2025,Diarrheal Disease,25,4
HC07150,25,9/12/2024,Typhoid,15,4
HC07151,4,4/7/2025,Food Poisoning,24,2
HC07152,24,5/29/2025,Diarrheal Disease,8,2
HC07153,11,5/13/2024,Typhoid,18,3
HC07154,22,4/14/2024,Diarrheal Disease,19,4
HC07155,14,5/4/2024,Diarrheal Disease,6,1
HC07156,15,10/25/2024,Typhoid,37,5
HC07157,7,4/7/2024,Food Poisoning,6,5
HC07158,20,11/8/2025,Diarrheal Disease,39,5
HC07159,18,3/11/2025,Food Poisoning,39,1
HC07160,17,11/15/2025,Typhoid,33,5
HC07161,22,4/11/2024,Typhoid,6,2
HC07162,9,8/14/2024,Typhoid,21,5
HC07163,18,2/4/2024,Typhoid,25,1
HC07164,23,5/11/2025,Diarrheal Disease,25,3
HC07165,4,9/11/2024,Diarrheal Disease,29,1
HC07166,23,7/4/2024,Food Poisoning,8,1
HC07167,26,6/14/2024,Food Poisoning,31,1
HC07168,4,9/18/2024,Typhoid,15,1
HC07169,14,7/4/2025,Diarrheal Disease,25,4
HC07170,23,1/8/2024,Typhoid,9,5
HC07171,26,6/1/2025,Typhoid,23,5
HC07172,25,12/7/2024,Food Poisoning,26,2
HC07173,9,11/28/2024,Diarrheal Disease,7,3
HC07174,17,2/13/2025,Food Poisoning,32,1
HC07175,26,9/15/2024,Typhoid,33,1
HC07176,23,2/6/2025,Typhoid,29,5
HC07177,17,9/24/2025,Typhoid,22,2
HC07178,8,7/12/2024,Food Poisoning,27,5
HC07179,6,10/18/2024,Food Poisoning,19,3
HC07180,7,12/7/2024,Typhoid,8,2
HC07181,11,10/28/2024,Typhoid,39,1
HC07182,19,8/4/2025,Diarrheal Disease,10,3
HC07183,12,10/17/2025,Food Poisoning,23,3
HC07184,2,5/5/2024,Typhoid,22,3
HC07185,16,6/25/2024,Food Poisoning,17,5
HC07186,24,6/23/2025,Diarrheal Disease,19,5
HC07187,7,12/25/2024,Food Poisoning,11,2
HC07188,1,2/2/2025,Diarrheal Disease,13,3
HC07189,18,1/17/2025,Typhoid,25,5
HC07190,26,5/12/2025,Diarrheal Disease,36,3
HC07191,24,2/28/2025,Food Poisoning,30,1
HC07192,2,3/14/2025,Typhoid,21,2
HC07193,12,2/2/2024,Diarrheal Disease,35,2
HC07194,21,7/31/2025,Typhoid,11,1
HC07195,22,3/8/2025,Diarrheal Disease,13,3
HC07196,7,11/4/2025,Food Poisoning,31,4
HC07197,6,12/18/2025,Typhoid,39,5
HC07198,16,9/24/2025,Typhoid,35,1
HC07199,11,12/17/2025,Diarrheal Disease,38,1
HC07200,6,12/27/2025,Typhoid,15,1
HC07201,9,4/27/2024,Typhoid,18,4
HC07202,18,2/2/2024,Food Poisoning,33,3
HC07203,19,11/17/2024,Food Poisoning,6,4
HC07204,4,9/11/2025,Diarrheal Disease,5,5
HC07205,10,2/5/2024,Food Poisoning,11,2
HC07206,20,12/8/2025,Food Poisoning,27,2
HC07207,2,10/10/2024,Food Poisoning,38,5
HC07208,24,5/3/2024,Typhoid,8,4
HC07209,20,6/6/2024,Typhoid,26,5
HC07210,5,5/26/2025,Diarrheal Disease,29,4
HC07211,12,2/23/2025,Typhoid,25,4
HC07212,11,8/25/2025,Diarrheal Disease,5,4
HC07213,9,12/15/2024,Diarrheal Disease,34,5
HC07214,21,4/16/2025,Food Poisoning,34,1
HC07215,18,2/25/2024,Typhoid,19,2
HC07216,17,7/6/2025,Diarrheal Disease,9,1
HC07217,26,11/8/2024,Diarrheal Disease,18,5
HC07218,2,6/5/2025,Food Poisoning,36,4
HC07219,23,9/13/2024,Food Poisoning,36,4
HC07220,15,3/15/2025,Food Poisoning,4,2
HC07221,6,8/8/2024,Food Poisoning,20,1
HC07222,24,8/6/2024,Food Poisoning,5,3
HC07223,12,5/18/2024,Typhoid,33,5
HC07224,17,8/25/2025,Typhoid,7,5
HC07225,12,6/13/2024,Food Poisoning,6,4
HC07226,21,3/3/2024,Food Poisoning,23,5
HC07227,26,2/21/2025,Food Poisoning,36,1
HC07228,22,2/4/2025,Food Poisoning,22,3
HC07229,23,5/3/2024,Food Poisoning,21,5
HC07230,19,9/4/2024,Food Poisoning,19,5
HC07231,1,7/3/2025,Diarrheal Disease,5,1
HC07232,26,7/13/2025,Typhoid,12,2
HC07233,3,12/3/2025,Typhoid,5,2
HC07234,16,11/24/2025,Food Poisoning,22,2
HC07235,11,4/10/2025,Food Poisoning,9,1
HC07236,13,12/17/2025,Diarrheal Disease,29,1
HC07237,19,7/3/2024,Diarrheal Disease,29,4
HC07238,20,12/28/2025,Food Poisoning,17,3
HC07239,6,10/23/2024,Typhoid,1,1
HC07240,10,7/18/2024,Diarrheal Disease,9,4
HC07241,22,6/3/2025,Typhoid,11,5
HC07242,24,8/10/2025,Food Poisoning,11,5
HC07243,4,9/7/2024,Food Poisoning,38,5
HC07244,17,8/8/2025,Typhoid,36,1
HC07245,15,11/20/2024,Food Poisoning,4,3
HC07246,6,8/14/2024,Diarrheal Disease,16,2
HC07247,25,7/28/2024,Typhoid,22,3
HC07248,26,11/24/2025,Food Poisoning,36,2
HC07249,4,2/28/2025,Typhoid,25,5
HC07250,11,5/29/2024,Diarrheal Disease,10,4
HC07251,25,5/12/2025,Food Poisoning,36,3
HC07252,14,6/15/2025,Typhoid,15,4
HC07253,23,9/23/2024,Diarrheal Disease,36,5
HC07254,20,11/20/2025,Diarrheal Disease,15,5
HC07255,10,8/21/2025,Typhoid,18,5
HC07256,12,3/27/2024,Food Poisoning,3,4
HC07257,26,2/21/2025,Diarrheal Disease,27,3
HC07258,18,10/2/2025,Food Poisoning,5,1
HC07259,25,5/12/2025,Diarrheal Disease,33,1
HC07260,20,8/13/2024,Food Poisoning,7,4
HC07261,23,11/9/2025,Food Poisoning,28,5
HC07262,26,8/5/2024,Typhoid,16,5
HC07263,17,7/9/2025,Typhoid,38,3
HC07264,18,10/15/2025,Food Poisoning,19,4
HC07265,17,12/26/2024,Typhoid,36,1
HC07266,25,6/12/2024,Diarrheal Disease,31,1
HC07267,11,8/12/2024,Food Poisoning,37,1
HC07268,26,2/2/2024,Typhoid,30,4
HC07269,11,8/3/2024,Food Poisoning,28,3
HC07270,26,2/7/2025,Typhoid,9,2
HC07271,8,9/11/2025,Typhoid,31,5
HC07272,20,1/7/2025,Typhoid,36,1
HC07273,6,5/5/2025,Diarrheal Disease,38,4
HC07274,12,3/24/2024,Food Poisoning,4,2
HC07275,7,2/26/2024,Typhoid,27,1
HC07276,16,3/21/2024,Typhoid,38,4
HC07277,24,9/27/2024,Food Poisoning,32,3
HC07278,20,5/15/2024,Typhoid,12,2
HC07279,14,4/30/2024,Food Poisoning,14,4
HC07280,4,2/2/2024,Typhoid,31,2
HC07281,23,10/21/2024,Diarrheal Disease,31,4
HC07282,8,11/22/2025,Typhoid,25,3
HC07283,24,3/22/2025,Typhoid,37,2
HC07284,5,12/27/2025,Food Poisoning,24,1
HC07285,20,10/24/2024,Food Poisoning,24,5
HC07286,25,1/1/2025,Food Poisoning,28,1
HC07287,17,4/11/2025,Diarrheal Disease,34,5
HC07288,24,7/31/2025,Typhoid,9,4
HC07289,10,6/22/2025,Diarrheal Disease,15,5
HC07290,19,2/15/2024,Typhoid,17,5
HC07291,7,6/16/2024,Food Poisoning,18,1
HC07292,2,6/18/2025,Diarrheal Disease,1,1
HC07293,23,10/29/2025,Diarrheal Disease,38,4
HC07294,6,1/17/2024,Food Poisoning,10,5
HC07295,24,8/17/2024,Typhoid,21,1
HC07296,5,9/3/2025,Food Poisoning,26,3
HC07297,9,10/9/2024,Food Poisoning,3,4
HC07298,24,9/5/2024,Typhoid,22,4
HC07299,1,9/6/2024,Diarrheal Disease,39,5
HC07300,3,11/1/2024,Diarrheal Disease,1,5
HC07301,1,8/9/2025,Diarrheal Disease,34,5
HC07302,2,11/7/2024,Typhoid,29,1
HC07303,4,9/19/2025,Food Poisoning,2,1
HC07304,9,12/2/2025,Diarrheal Disease,3,1
HC07305,10,12/5/2024,Food Poisoning,15,1
HC07306,8,9/8/2025,Food Poisoning,38,3
HC07307,26,5/11/2025,Food Poisoning,32,3
HC07308,15,7/15/2024,Food Poisoning,32,4
HC07309,11,8/21/2024,Typhoid,27,3
HC07310,5,4/3/2024,Diarrheal Disease,7,1
HC07311,21,9/29/2025,Typhoid,9,3
HC07312,26,7/19/2024,Typhoid,30,3
HC07313,15,2/18/2024,Diarrheal Disease,27,3
HC07314,5,11/30/2025,Typhoid,11,3
HC07315,3,10/19/2024,Typhoid,12,1
HC07316,9,4/8/2024,Typhoid,8,3
HC07317,24,8/9/2025,Diarrheal Disease,6,2
HC07318,5,4/5/2025,Typhoid,34,2
HC07319,2,2/14/2025,Food Poisoning,17,1
HC07320,2,10/25/2024,Diarrheal Disease,21,2
HC07321,14,3/18/2024,Food Poisoning,9,5
HC07322,19,11/20/2025,Diarrheal Disease,8,5
HC07323,7,6/7/2025,Diarrheal Disease,21,5
HC07324,16,8/23/2024,Diarrheal Disease,34,4
HC07325,17,5/20/2024,Food Poisoning,35,4
HC07326,26,5/2/2024,Typhoid,29,4
HC07327,25,1/12/2024,Diarrheal Disease,5,5
HC07328,24,8/6/2024,Typhoid,27,4
HC07329,14,10/29/2025,Typhoid,3,1
HC07330,8,10/1/2024,Food Poisoning,31,2
HC07331,9,6/17/2024,Food Poisoning,27,2
HC07332,9,6/21/2025,Diarrheal Disease,2,5
HC07333,18,5/23/2025,Diarrheal Disease,1,5
HC07334,23,11/18/2025,Food Poisoning,36,2
HC07335,16,10/21/2024,Diarrheal Disease,9,3
HC07336,1,8/23/2024,Food Poisoning,4,5
HC07337,18,10/26/2024,Diarrheal Disease,12,3
HC07338,18,12/2/2024,Typhoid,25,2
HC07339,24,3/27/2024,Diarrheal Disease,21,3
HC07340,5,10/13/2024,Diarrheal Disease,33,5
HC07341,4,2/16/2025,Food Poisoning,31,4
HC07342,8,1/19/2024,Diarrheal Disease,21,5
HC07343,10,12/21/2024,Typhoid,26,1
HC07344,12,10/19/2024,Food Poisoning,9,4
HC07345,7,1/5/2024,Food Poisoning,32,5
HC07346,6,4/1/2025,Food Poisoning,32,5
HC07347,19,9/1/2025,Food Poisoning,30,5
HC07348,23,10/24/2024,Diarrheal Disease,4,5
HC07349,24,7/26/2024,Food Poisoning,31,3
HC07350,7,11/28/2025,Typhoid,7,1
HC07351,15,8/8/2025,Typhoid,8,2
HC07352,10,7/16/2024,Diarrheal Disease,19,4
HC07353,6,2/12/2025,Food Poisoning,33,4
HC07354,16,7/11/2024,Typhoid,26,2
HC07355,17,6/3/2024,Typhoid,31,4
HC07356,3,12/18/2024,Food Poisoning,12,2
HC07357,18,11/6/2024,Food Poisoning,12,3
HC07358,16,8/11/2024,Typhoid,2,3
HC07359,24,5/19/2025,Typhoid,38,2
HC07360,22,11/14/2024,Typhoid,2,1
HC07361,10,7/22/2025,Typhoid,22,2
HC07362,8,7/19/2025,Typhoid,35,4
HC07363,16,12/23/2025,Typhoid,17,3
HC07364,21,9/25/2024,Food Poisoning,23,1
HC07365,1,8/30/2025,Typhoid,34,5
HC07366,1,12/13/2025,Food Poisoning,39,2
HC07367,9,2/17/2024,Typhoid,14,3
HC07368,12,11/15/2024,Diarrheal Disease,10,3
HC07369,19,12/1/2024,Food Poisoning,23,1
HC07370,21,5/25/2024,Diarrheal Disease,12,2
HC07371,20,9/28/2025,Diarrheal Disease,23,3
HC07372,15,4/24/2024,Typhoid,33,1
HC07373,21,10/31/2024,Food Poisoning,37,4
HC07374,16,6/9/2025,Diarrheal Disease,8,1
HC07375,6,7/22/2024,Food Poisoning,17,2
HC07376,3,3/23/2024,Diarrheal Disease,16,4
HC07377,21,10/15/2025,Typhoid,26,4
HC07378,18,8/1/2024,Typhoid,20,4
HC07379,8,12/25/2024,Typhoid,30,1
HC07380,18,8/15/2024,Food Poisoning,7,2
HC07381,23,12/16/2025,Food Poisoning,10,5
HC07382,25,11/19/2025,Typhoid,28,1
HC07383,16,8/9/2025,Food Poisoning,6,1
HC07384,25,7/29/2024,Typhoid,26,2
HC07385,3,4/7/2024,Food Poisoning,36,1
HC07386,26,9/30/2025,Diarrheal Disease,8,2
HC07387,15,10/19/2025,Diarrheal Disease,33,5
HC07388,23,5/30/2024,Diarrheal Disease,34,1
HC07389,26,3/27/2024,Typhoid,5,3
HC07390,21,4/29/2025,Food Poisoning,10,3
HC07391,8,5/7/2024,Diarrheal Disease,23,2
HC07392,12,1/15/2024,Food Poisoning,24,2
HC07393,20,5/16/2024,Food Poisoning,32,3
HC07394,16,6/10/2025,Diarrheal Disease,35,5
HC07395,10,11/12/2025,Food Poisoning,23,1
HC07396,7,10/2/2024,Food Poisoning,12,4
HC07397,1,12/18/2024,Typhoid,28,5
HC07398,16,11/4/2024,Food Poisoning,21,2
HC07399,1,9/28/2025,Diarrheal Disease,33,5
HC07400,6,3/27/2024,Food Poisoning,5,2
HC07401,9,10/14/2024,Diarrheal Disease,5,3
HC07402,4,2/15/2025,Diarrheal Disease,7,1
HC07403,14,2/14/2024,Food Poisoning,28,5
HC07404,19,11/23/2025,Typhoid,25,1
HC07405,5,6/4/2025,Diarrheal Disease,39,2
HC07406,11,11/4/2025,Typhoid,15,1
HC07407,18,3/26/2024,Food Poisoning,5,3
HC07408,19,4/10/2025,Typhoid,34,3
HC07409,23,1/15/2025,Typhoid,35,1
HC07410,25,8/11/2024,Typhoid,35,5
HC07411,11,11/16/2024,Typhoid,12,2
HC07412,4,9/8/2025,Typhoid,31,1
HC07413,24,8/15/2024,Diarrheal Disease,21,1
HC07414,5,6/1/2024,Typhoid,35,4
HC07415,8,7/27/2024,Food Poisoning,19,4
HC07416,20,1/8/2024,Food Poisoning,8,2
HC07417,8,11/28/2025,Diarrheal Disease,4,4
HC07418,13,2/17/2025,Food Poisoning,32,5
HC07419,25,5/18/2025,Food Poisoning,18,2
HC07420,25,4/15/2025,Food Poisoning,34,1
HC07421,23,10/14/2025,Food Poisoning,39,4
HC07422,17,8/8/2024,Diarrheal Disease,8,1
HC07423,18,4/26/2025,Typhoid,25,1
HC07424,10,3/23/2025,Diarrheal Disease,8,4
HC07425,24,2/22/2024,Diarrheal Disease,27,4
HC07426,20,3/30/2024,Typhoid,35,4
HC07427,6,9/8/2024,Typhoid,15,3
HC07428,11,2/7/2025,Food Poisoning,23,1
HC07429,6,7/19/2025,Typhoid,31,2
HC07430,25,1/3/2025,Food Poisoning,10,4
HC07431,20,3/14/2025,Food Poisoning,32,2
HC07432,6,1/19/2025,Diarrheal Disease,18,1
HC07433,17,7/15/2024,Typhoid,3,5
HC07434,11,5/6/2025,Diarrheal Disease,33,3
HC07435,13,3/11/2025,Diarrheal Disease,30,2
HC07436,9,3/30/2025,Diarrheal Disease,15,4
HC07437,13,3/3/2025,Food Poisoning,26,3
HC07438,25,3/5/2024,Typhoid,24,3
HC07439,10,7/30/2024,Food Poisoning,24,1
HC07440,2,12/30/2025,Typhoid,23,5
HC07441,11,5/14/2024,Diarrheal Disease,4,4
HC07442,7,2/4/2025,Typhoid,8,5
HC07443,24,9/28/2024,Food Poisoning,32,4
HC07444,5,1/16/2025,Food Poisoning,22,4
HC07445,6,7/4/2024,Food Poisoning,2,3
HC07446,1,10/19/2024,Food Poisoning,35,4
HC07447,3,7/12/2024,Diarrheal Disease,12,5
HC07448,17,1/1/2025,Typhoid,17,3
HC07449,24,6/4/2025,Typhoid,15,5
HC07450,9,11/3/2024,Food Poisoning,26,1
HC07451,13,12/8/2024,Typhoid,1,3
HC07452,10,2/21/2024,Food Poisoning,24,1
HC07453,23,5/14/2024,Food Poisoning,16,3
HC07454,16,1/31/2024,Typhoid,31,1
HC07455,22,11/26/2024,Typhoid,24,1
HC07456,8,5/20/2025,Diarrheal Disease,9,4
HC07457,16,12/1/2024,Typhoid,38,3
HC07458,5,7/9/2025,Typhoid,8,3
HC07459,21,1/20/2025,Diarrheal Disease,14,5
HC07460,9,1/22/2024,Food Poisoning,13,5
HC07461,24,1/10/2024,Diarrheal Disease,3,1
HC07462,4,6/2/2025,Diarrheal Disease,37,1
HC07463,17,1/13/2024,Diarrheal Disease,34,5
HC07464,25,10/22/2025,Food Poisoning,7,1
HC07465,16,9/3/2024,Food Poisoning,36,2
HC07466,18,2/19/2025,Diarrheal Disease,4,3
HC07467,24,10/10/2024,Typhoid,19,3
HC07468,7,12/9/2025,Diarrheal Disease,31,5
HC07469,5,6/1/2025,Food Poisoning,10,2
HC07470,12,12/6/2025,Typhoid,29,4
HC07471,22,11/27/2025,Food Poisoning,20,4
HC07472,20,1/13/2024,Diarrheal Disease,30,2
HC07473,9,8/28/2024,Typhoid,21,4
HC07474,18,8/22/2025,Typhoid,25,1
HC07475,20,6/8/2024,Diarrheal Disease,6,2
HC07476,25,2/4/2024,Diarrheal Disease,26,4
HC07477,14,3/30/2024,Diarrheal Disease,27,2
HC07478,17,2/13/2025,Diarrheal Disease,6,1
HC07479,18,1/8/2025,Typhoid,1,1
HC07480,25,3/31/2025,Diarrheal Disease,26,2
HC07481,1,2/3/2025,Typhoid,2,4
HC07482,5,10/5/2024,Food Poisoning,25,2
HC07483,9,5/22/2025,Diarrheal Disease,29,1
HC07484,25,7/8/2024,Food Poisoning,16,5
HC07485,13,10/5/2024,Typhoid,1,1
HC07486,18,12/23/2024,Typhoid,15,5
HC07487,9,1/18/2025,Food Poisoning,12,5
HC07488,18,11/13/2025,Typhoid,36,5
HC07489,23,9/5/2025,Diarrheal Disease,4,1
HC07490,19,7/13/2025,Food Poisoning,1,2
HC07491,25,5/9/2025,Diarrheal Disease,27,3
HC07492,19,9/13/2025,Diarrheal Disease,20,2
HC07493,3,7/10/2025,Food Poisoning,33,3
HC07494,2,10/15/2025,Diarrheal Disease,35,2
HC07495,19,12/21/2024,Diarrheal Disease,1,2
HC07496,4,6/18/2024,Food Poisoning,8,3
HC07497,5,5/29/2025,Diarrheal Disease,26,1
HC07498,25,7/6/2025,Typhoid,12,4
HC07499,1,9/25/2025,Typhoid,13,2
HC07500,22,4/14/2024,Typhoid,1,2
HC07501,25,4/25/2025,Food Poisoning,29,3
HC07502,6,7/24/2024,Typhoid,27,4
HC07503,5,5/21/2025,Diarrheal Disease,1,4
HC07504,1,3/21/2024,Food Poisoning,21,4
HC07505,21,11/23/2025,Typhoid,1,1
HC07506,13,11/22/2024,Diarrheal Disease,2,1
HC07507,6,3/20/2025,Diarrheal Disease,27,4
HC07508,25,5/29/2024,Typhoid,37,4
HC07509,24,6/1/2024,Diarrheal Disease,12,4
HC07510,23,2/7/2024,Food Poisoning,33,4
HC07511,26,8/23/2025,Diarrheal Disease,8,4
HC07512,26,9/5/2024,Diarrheal Disease,13,5
HC07513,12,7/4/2024,Diarrheal Disease,30,5
HC07514,24,8/20/2024,Typhoid,14,4
HC07515,9,8/5/2024,Diarrheal Disease,27,2
HC07516,15,5/27/2024,Diarrheal Disease,9,5
HC07517,8,10/8/2024,Typhoid,39,1
HC07518,1,2/3/2024,Food Poisoning,6,4
HC07519,22,9/28/2024,Typhoid,3,4
HC07520,11,10/23/2025,Typhoid,35,1
HC07521,3,8/21/2024,Typhoid,16,4
HC07522,5,5/25/2025,Diarrheal Disease,26,2
HC07523,16,4/19/2025,Food Poisoning,35,2
HC07524,9,2/5/2025,Food Poisoning,32,5
HC07525,22,3/9/2024,Diarrheal Disease,22,5
HC07526,5,7/6/2025,Typhoid,34,4
HC07527,25,1/8/2024,Typhoid,20,1
HC07528,19,5/26/2024,Food Poisoning,6,3
HC07529,24,5/30/2025,Typhoid,23,3
HC07530,10,8/31/2025,Diarrheal Disease,34,5
HC07531,8,3/21/2024,Food Poisoning,7,4
HC07532,23,8/13/2024,Diarrheal Disease,8,2
HC07533,19,4/24/2024,Food Poisoning,38,4
HC07534,18,12/22/2024,Food Poisoning,26,1
HC07535,19,1/31/2025,Typhoid,16,3
HC07536,17,8/20/2024,Food Poisoning,12,5
HC07537,16,9/26/2025,Diarrheal Disease,21,1
HC07538,10,1/1/2024,Diarrheal Disease,20,4
HC07539,6,10/11/2024,Food Poisoning,20,2
HC07540,26,12/15/2025,Typhoid,20,4
HC07541,14,10/3/2025,Typhoid,33,2
HC07542,19,11/13/2025,Diarrheal Disease,3,2
HC07543,14,9/13/2024,Food Poisoning,26,3
HC07544,4,5/20/2024,Food Poisoning,17,1
HC07545,15,3/8/2024,Food Poisoning,19,2
HC07546,18,11/8/2025,Typhoid,34,2
HC07547,14,8/20/2025,Typhoid,2,3
HC07548,11,7/13/2025,Typhoid,30,1
HC07549,4,10/21/2024,Typhoid,32,5
HC07550,4,9/17/2024,Diarrheal Disease,16,2
HC07551,24,6/7/2024,Food Poisoning,17,1
HC07552,17,5/8/2025,Typhoid,3,5
HC07553,5,8/25/2025,Typhoid,9,5
HC07554,8,8/5/2025,Diarrheal Disease,8,4
HC07555,19,6/17/2025,Food Poisoning,22,5
HC07556,17,7/16/2024,Food Poisoning,13,4
HC07557,25,5/15/2024,Food Poisoning,10,1
HC07558,17,5/1/2025,Typhoid,11,5
HC07559,23,12/30/2025,Food Poisoning,12,1
HC07560,1,10/5/2025,Typhoid,32,3
HC07561,2,12/10/2024,Diarrheal Disease,26,1
HC07562,25,8/21/2024,Diarrheal Disease,17,2
HC07563,18,5/30/2024,Typhoid,18,4
HC07564,23,4/15/2025,Food Poisoning,17,3
HC07565,5,7/19/2025,Diarrheal Disease,36,2
HC07566,13,9/21/2025,Typhoid,5,2
HC07567,26,4/7/2024,Food Poisoning,36,1
HC07568,4,7/26/2024,Typhoid,3,5
HC07569,7,4/15/2025,Food Poisoning,4,3
HC07570,20,4/5/2025,Diarrheal Disease,7,3
HC07571,25,4/27/2024,Diarrheal Disease,38,3
HC07572,3,10/23/2025,Diarrheal Disease,1,2
HC07573,11,12/20/2024,Food Poisoning,20,4
HC07574,16,3/6/2024,Food Poisoning,15,4
HC07575,7,11/2/2024,Diarrheal Disease,25,2
HC07576,11,2/28/2024,Diarrheal Disease,19,2
HC07577,13,2/6/2024,Typhoid,9,3
HC07578,1,3/15/2025,Diarrheal Disease,30,2
HC07579,5,6/26/2025,Typhoid,16,4
HC07580,11,9/8/2024,Typhoid,38,2
HC07581,8,1/31/2024,Food Poisoning,3,2
HC07582,11,1/17/2025,Diarrheal Disease,6,2
HC07583,11,7/27/2025,Food Poisoning,15,2
HC07584,16,1/20/2025,Typhoid,15,2
HC07585,5,10/8/2025,Typhoid,22,5
HC07586,23,10/9/2025,Typhoid,4,1
HC07587,12,7/11/2025,Food Poisoning,27,3
HC07588,16,9/22/2025,Typhoid,6,3
HC07589,21,12/12/2024,Food Poisoning,26,4
HC07590,25,11/1/2024,Diarrheal Disease,30,5
HC07591,26,9/30/2024,Diarrheal Disease,24,3
HC07592,6,3/19/2024,Food Poisoning,34,1
HC07593,13,9/5/2025,Food Poisoning,22,1
HC07594,1,5/13/2024,Food Poisoning,7,5
HC07595,19,1/27/2025,Diarrheal Disease,14,1
HC07596,19,9/1/2024,Food Poisoning,23,2
HC07597,15,6/30/2025,Diarrheal Disease,37,3
HC07598,3,7/15/2024,Typhoid,39,3
HC07599,13,3/16/2025,Typhoid,4,1
HC07600,5,12/28/2024,Food Poisoning,1,3
HC07601,1,1/22/2024,Typhoid,7,1
HC07602,1,1/23/2024,Typhoid,31,5
HC07603,6,11/30/2025,Diarrheal Disease,21,3
HC07604,11,5/11/2025,Diarrheal Disease,30,4
HC07605,11,6/22/2025,Typhoid,10,3
HC07606,23,11/13/2025,Food Poisoning,28,3
HC07607,8,1/9/2025,Diarrheal Disease,17,3
HC07608,21,11/17/2025,Diarrheal Disease,19,5
HC07609,23,3/9/2025,Diarrheal Disease,30,2
HC07610,17,4/19/2025,Typhoid,18,5
HC07611,12,5/24/2025,Food Poisoning,15,4
HC07612,26,6/28/2025,Diarrheal Disease,22,2
HC07613,21,1/8/2025,Food Poisoning,23,3
HC07614,16,7/25/2025,Food Poisoning,26,2
HC07615,17,8/31/2024,Typhoid,17,2
HC07616,14,4/26/2025,Diarrheal Disease,9,5
HC07617,9,5/27/2025,Typhoid,33,4
HC07618,23,7/27/2024,Typhoid,36,4
HC07619,6,10/29/2025,Food Poisoning,6,1
HC07620,8,10/11/2024,Typhoid,26,3
HC07621,21,3/4/2025,Typhoid,28,1
HC07622,7,5/5/2024,Diarrheal Disease,10,2
HC07623,15,3/23/2025,Typhoid,39,1
HC07624,14,12/9/2025,Food Poisoning,13,4
HC07625,26,11/8/2024,Food Poisoning,15,5
HC07626,18,2/18/2025,Typhoid,2,2
HC07627,21,11/28/2024,Typhoid,15,2
HC07628,20,3/23/2025,Diarrheal Disease,31,3
HC07629,3,1/23/2024,Typhoid,10,5
HC07630,8,2/18/2025,Typhoid,37,5
HC07631,15,5/12/2025,Diarrheal Disease,31,5
HC07632,21,8/12/2024,Food Poisoning,26,2
HC07633,14,7/31/2024,Typhoid,12,4
HC07634,25,4/5/2025,Food Poisoning,12,3
HC07635,25,8/5/2025,Diarrheal Disease,9,3
HC07636,9,3/8/2024,Typhoid,12,5
HC07637,17,3/20/2025,Food Poisoning,18,5
HC07638,9,11/14/2024,Diarrheal Disease,33,4
HC07639,10,12/27/2024,Typhoid,3,3
HC07640,4,3/24/2025,Typhoid,20,2
HC07641,7,7/2/2024,Typhoid,24,5
HC07642,12,7/5/2025,Diarrheal Disease,8,4
HC07643,3,2/12/2025,Food Poisoning,23,2
HC07644,3,3/13/2025,Food Poisoning,27,2
HC07645,23,3/28/2025,Food Poisoning,30,2
HC07646,19,2/1/2024,Typhoid,33,3
HC07647,19,8/28/2025,Food Poisoning,12,5
HC07648,19,10/13/2024,Diarrheal Disease,2,4
HC07649,4,3/27/2024,Typhoid,4,3
HC07650,8,9/6/2024,Diarrheal Disease,4,4
HC07651,21,2/27/2024,Typhoid,27,5
HC07652,15,1/14/2024,Diarrheal Disease,16,1
HC07653,11,11/26/2024,Typhoid,37,2
HC07654,15,5/20/2025,Typhoid,4,4
HC07655,10,6/19/2024,Food Poisoning,32,3
HC07656,9,5/3/2024,Diarrheal Disease,30,1
HC07657,11,3/7/2025,Diarrheal Disease,11,5
HC07658,26,11/17/2024,Food Poisoning,9,2
HC07659,17,7/24/2025,Typhoid,36,1
HC07660,7,4/4/2025,Diarrheal Disease,15,2
HC07661,13,7/24/2024,Diarrheal Disease,19,1
HC07662,5,11/25/2024,Food Poisoning,34,5
HC07663,11,6/27/2025,Diarrheal Disease,25,3
HC07664,6,9/17/2025,Typhoid,20,4
HC07665,14,9/12/2024,Diarrheal Disease,6,4
HC07666,9,12/8/2025,Diarrheal Disease,2,5
HC07667,3,1/27/2025,Typhoid,4,1
HC07668,9,8/30/2024,Diarrheal Disease,8,1
HC07669,22,7/20/2025,Diarrheal Disease,32,3
HC07670,19,1/17/2025,Typhoid,23,3
HC07671,5,9/17/2025,Typhoid,6,4
HC07672,25,10/18/2024,Typhoid,5,1
HC07673,11,9/24/2025,Diarrheal Disease,1,2
HC07674,23,5/16/2024,Diarrheal Disease,33,5
HC07675,2,3/25/2024,Diarrheal Disease,36,3
HC07676,9,2/20/2025,Diarrheal Disease,11,5
HC07677,2,4/28/2024,Typhoid,20,1
HC07678,21,4/15/2024,Diarrheal Disease,38,4
HC07679,10,3/1/2025,Food Poisoning,12,1
HC07680,17,7/12/2024,Diarrheal Disease,27,1
HC07681,1,1/1/2024,Food Poisoning,5,5
HC07682,7,8/11/2025,Typhoid,13,2
HC07683,2,12/12/2025,Food Poisoning,16,4
HC07684,20,12/7/2025,Food Poisoning,19,3
HC07685,9,4/17/2025,Food Poisoning,22,4
HC07686,21,8/8/2025,Typhoid,29,2
HC07687,11,12/18/2025,Food Poisoning,36,1
HC07688,8,5/6/2024,Food Poisoning,27,4
HC07689,21,5/12/2024,Diarrheal Disease,33,4
HC07690,22,12/1/2025,Food Poisoning,29,4
HC07691,23,5/10/2024,Diarrheal Disease,32,4
HC07692,14,8/3/2024,Food Poisoning,21,3
HC07693,14,12/20/2024,Typhoid,13,3
HC07694,11,1/14/2025,Food Poisoning,4,2
HC07695,14,4/13/2025,Food Poisoning,34,4
HC07696,23,2/22/2024,Food Poisoning,28,3
HC07697,22,6/19/2024,Food Poisoning,17,5
HC07698,4,1/19/2024,Diarrheal Disease,36,1
HC07699,2,3/6/2025,Typhoid,31,2
HC07700,1,10/21/2024,Food Poisoning,24,5
HC07701,6,8/13/2024,Diarrheal Disease,16,1
HC07702,26,2/3/2025,Diarrheal Disease,2,2
HC07703,4,12/11/2025,Diarrheal Disease,12,2
HC07704,15,2/20/2024,Food Poisoning,31,5
HC07705,2,3/30/2024,Food Poisoning,10,2
HC07706,5,5/2/2025,Typhoid,13,5
HC07707,4,6/24/2025,Food Poisoning,21,3
HC07708,8,1/27/2024,Food Poisoning,37,1
HC07709,26,11/19/2025,Typhoid,3,4
HC07710,23,3/19/2025,Food Poisoning,5,4
HC07711,25,8/17/2025,Diarrheal Disease,6,5
HC07712,12,7/14/2025,Diarrheal Disease,21,2
HC07713,9,5/4/2024,Typhoid,28,4
HC07714,8,7/31/2025,Typhoid,22,5
HC07715,6,6/16/2024,Food Poisoning,19,4
HC07716,26,1/11/2024,Typhoid,25,5
HC07717,22,11/2/2024,Diarrheal Disease,11,1
HC07718,17,2/5/2024,Diarrheal Disease,24,1
HC07719,1,3/30/2024,Diarrheal Disease,14,4
HC07720,26,3/5/2025,Diarrheal Disease,24,5
HC07721,19,6/17/2025,Typhoid,39,1
HC07722,3,10/23/2025,Typhoid,16,1
HC07723,6,2/3/2025,Diarrheal Disease,25,5
HC07724,8,8/18/2024,Typhoid,3,1
HC07725,10,12/10/2025,Diarrheal Disease,20,3
HC07726,20,10/13/2025,Food Poisoning,10,4
HC07727,7,2/15/2024,Typhoid,37,1
HC07728,2,3/10/2024,Typhoid,26,5
HC07729,20,6/17/2024,Typhoid,1,5
HC07730,12,11/24/2025,Typhoid,21,2
HC07731,2,8/29/2024,Food Poisoning,14,4
HC07732,5,5/2/2024,Diarrheal Disease,16,2
HC07733,7,5/26/2025,Food Poisoning,17,1
HC07734,21,4/5/2024,Diarrheal Disease,29,4
HC07735,13,5/26/2024,Diarrheal Disease,8,1
HC07736,25,8/29/2025,Food Poisoning,10,5
HC07737,23,1/9/2024,Typhoid,18,1
HC07738,5,6/9/2024,Food Poisoning,12,5
HC07739,4,4/12/2025,Food Poisoning,14,4
HC07740,11,10/28/2025,Diarrheal Disease,31,1
HC07741,12,5/29/2024,Typhoid,34,5
HC07742,11,10/22/2024,Food Poisoning,12,1
HC07743,18,9/18/2025,Diarrheal Disease,5,5
HC07744,14,12/1/2024,Food Poisoning,2,2
HC07745,6,2/26/2025,Typhoid,31,4
HC07746,3,6/13/2025,Diarrheal Disease,26,4
HC07747,2,7/6/2024,Typhoid,4,2
HC07748,9,6/14/2025,Diarrheal Disease,3,3
HC07749,22,7/18/2024,Food Poisoning,10,3
HC07750,15,4/23/2024,Food Poisoning,13,3
HC07751,9,12/4/2025,Diarrheal Disease,1,4
HC07752,11,3/7/2024,Food Poisoning,25,3
HC07753,25,2/14/2024,Typhoid,31,3
HC07754,22,3/31/2024,Food Poisoning,6,4
HC07755,3,10/5/2025,Typhoid,9,3
HC07756,18,1/5/2024,Typhoid,37,2
HC07757,20,2/5/2025,Diarrheal Disease,10,4
HC07758,1,8/19/2024,Diarrheal Disease,10,2
HC07759,6,2/10/2024,Typhoid,11,3
HC07760,17,8/8/2025,Diarrheal Disease,27,5
HC07761,1,7/31/2024,Food Poisoning,32,1
HC07762,1,1/20/2025,Typhoid,10,5
HC07763,25,4/4/2024,Diarrheal Disease,22,2
HC07764,18,12/19/2025,Food Poisoning,19,1
HC07765,6,9/9/2024,Diarrheal Disease,28,4
HC07766,8,1/28/2025,Typhoid,11,4
HC07767,18,9/25/2025,Diarrheal Disease,39,4
HC07768,22,6/25/2024,Food Poisoning,4,1
HC07769,17,1/16/2024,Diarrheal Disease,28,2
HC07770,19,11/6/2025,Diarrheal Disease,14,4
HC07771,12,6/10/2025,Food Poisoning,11,1
HC07772,16,12/24/2024,Diarrheal Disease,19,2
HC07773,7,12/28/2024,Food Poisoning,7,5
HC07774,4,1/11/2024,Typhoid,1,4
HC07775,23,10/15/2025,Typhoid,21,5
HC07776,7,3/13/2024,Typhoid,4,4
HC07777,16,6/24/2024,Food Poisoning,37,1
HC07778,3,3/13/2024,Typhoid,29,1
HC07779,13,4/27/2024,Diarrheal Disease,9,5
HC07780,21,3/24/2024,Diarrheal Disease,1,1
HC07781,11,4/17/2024,Food Poisoning,31,5
HC07782,20,7/8/2025,Typhoid,13,4
HC07783,14,12/17/2025,Diarrheal Disease,6,4
HC07784,26,10/6/2024,Diarrheal Disease,33,2
HC07785,20,7/3/2024,Food Poisoning,31,1
HC07786,17,12/2/2024,Food Poisoning,31,1
HC07787,13,10/4/2024,Food Poisoning,22,2
HC07788,1,5/15/2024,Food Poisoning,2,5
HC07789,1,8/24/2024,Typhoid,23,3
HC07790,14,11/1/2024,Food Poisoning,8,4
HC07791,25,8/20/2024,Food Poisoning,39,1
HC07792,14,5/5/2024,Diarrheal Disease,34,3
HC07793,15,3/7/2024,Food Poisoning,13,1
HC07794,24,8/25/2024,Diarrheal Disease,24,5
HC07795,3,12/28/2025,Typhoid,5,3
HC07796,17,12/22/2024,Typhoid,21,5
HC07797,16,8/4/2024,Typhoid,21,4
HC07798,18,9/11/2024,Food Poisoning,21,4
HC07799,25,11/5/2024,Diarrheal Disease,17,1
HC07800,3,7/25/2024,Typhoid,12,3
HC07801,17,8/11/2024,Food Poisoning,11,4
HC07802,8,2/19/2025,Typhoid,3,4
HC07803,23,12/21/2024,Typhoid,9,4
HC07804,18,3/7/2025,Typhoid,34,4
HC07805,26,11/24/2024,Food Poisoning,7,5
HC07806,19,8/1/2025,Typhoid,11,1
HC07807,25,12/11/2024,Typhoid,4,2
HC07808,21,7/31/2025,Typhoid,17,4
HC07809,26,1/7/2025,Typhoid,34,5
HC07810,14,8/13/2025,Food Poisoning,2,2
HC07811,10,12/25/2025,Diarrheal Disease,26,2
HC07812,18,4/20/2024,Food Poisoning,20,5
HC07813,24,2/28/2024,Typhoid,33,1
HC07814,1,9/1/2024,Diarrheal Disease,26,1
HC07815,10,4/24/2024,Typhoid,25,3
HC07816,12,11/11/2025,Typhoid,7,1
HC07817,19,10/15/2025,Diarrheal Disease,9,3
HC07818,7,9/21/2024,Typhoid,33,2
HC07819,7,5/11/2025,Diarrheal Disease,27,5
HC07820,24,5/24/2024,Typhoid,16,5
HC07821,23,11/2/2024,Typhoid,13,4
HC07822,8,10/23/2025,Food Poisoning,39,4
HC07823,22,11/22/2025,Typhoid,5,3
HC07824,14,11/25/2025,Diarrheal Disease,33,2
HC07825,3,12/16/2025,Food Poisoning,13,4
HC07826,2,1/15/2025,Food Poisoning,36,2
HC07827,6,3/27/2024,Food Poisoning,30,3
HC07828,4,10/8/2025,Typhoid,29,2
HC07829,24,2/25/2025,Food Poisoning,8,3
HC07830,4,3/27/2025,Food Poisoning,22,3
HC07831,1,2/6/2025,Food Poisoning,38,4
HC07832,19,11/3/2025,Typhoid,21,4
HC07833,19,7/30/2024,Diarrheal Disease,19,3
HC07834,20,12/21/2024,Diarrheal Disease,25,4
HC07835,4,5/22/2025,Diarrheal Disease,9,2
HC07836,7,1/11/2024,Food Poisoning,36,5
HC07837,16,1/16/2025,Diarrheal Disease,6,4
HC07838,7,7/5/2025,Diarrheal Disease,7,5
HC07839,4,11/18/2025,Food Poisoning,14,4
HC07840,19,3/25/2025,Food Poisoning,3,2
HC07841,17,1/15/2024,Food Poisoning,28,4
HC07842,7,1/15/2025,Food Poisoning,14,4
HC07843,8,11/4/2024,Food Poisoning,12,2
HC07844,20,9/17/2025,Typhoid,2,2
HC07845,20,3/20/2025,Food Poisoning,10,4
HC07846,17,10/21/2025,Diarrheal Disease,16,3
HC07847,3,2/26/2025,Typhoid,21,4
HC07848,6,6/30/2024,Diarrheal Disease,4,5
HC07849,3,1/13/2024,Diarrheal Disease,38,2
HC07850,2,9/7/2025,Food Poisoning,17,2
HC07851,16,4/21/2024,Diarrheal Disease,37,3
HC07852,18,5/29/2024,Diarrheal Disease,25,2
HC07853,8,11/20/2025,Food Poisoning,5,5
HC07854,5,1/14/2024,Typhoid,17,3
HC07855,14,10/9/2024,Diarrheal Disease,23,1
HC07856,19,6/11/2025,Food Poisoning,30,4
HC07857,21,10/22/2024,Food Poisoning,18,4
HC07858,15,5/30/2024,Diarrheal Disease,18,2
HC07859,26,10/8/2025,Food Poisoning,1,2
HC07860,3,1/9/2024,Diarrheal Disease,33,1
HC07861,26,12/14/2024,Diarrheal Disease,23,4
HC07862,8,2/2/2024,Typhoid,25,1
HC07863,13,9/4/2024,Typhoid,33,2
HC07864,26,6/2/2025,Diarrheal Disease,11,1
HC07865,17,7/31/2025,Diarrheal Disease,19,3
HC07866,3,4/25/2025,Typhoid,33,4
HC07867,12,7/7/2024,Typhoid,11,2
HC07868,22,7/13/2025,Typhoid,21,4
HC07869,9,9/18/2025,Diarrheal Disease,10,2
HC07870,9,12/18/2025,Typhoid,9,2
HC07871,18,2/21/2025,Diarrheal Disease,28,1
HC07872,16,12/7/2024,Typhoid,19,2
HC07873,26,4/29/2024,Diarrheal Disease,10,1
HC07874,23,8/23/2025,Food Poisoning,17,5
HC07875,12,5/5/2024,Typhoid,7,3
HC07876,8,6/27/2025,Food Poisoning,6,5
HC07877,15,4/6/2024,Diarrheal Disease,25,2
HC07878,17,9/11/2024,Food Poisoning,26,2
HC07879,15,5/20/2025,Diarrheal Disease,5,5
HC07880,2,2/9/2024,Food Poisoning,26,3
HC07881,8,12/7/2025,Typhoid,22,1
HC07882,14,10/6/2024,Diarrheal Disease,26,1
HC07883,14,1/2/2024,Typhoid,34,1
HC07884,5,6/29/2025,Typhoid,14,1
HC07885,8,9/14/2024,Typhoid,35,1
HC07886,10,1/13/2025,Typhoid,27,3
HC07887,9,5/25/2025,Typhoid,38,1
HC07888,12,5/13/2025,Food Poisoning,1,1
HC07889,17,7/8/2024,Food Poisoning,5,4
HC07890,16,6/30/2025,Food Poisoning,36,5
HC07891,18,10/25/2025,Food Poisoning,16,4
HC07892,13,3/30/2025,Food Poisoning,33,5
HC07893,19,3/27/2025,Food Poisoning,16,4
HC07894,24,12/18/2024,Diarrheal Disease,21,1
HC07895,6,3/11/2025,Food Poisoning,26,4
HC07896,2,1/8/2025,Diarrheal Disease,2,3
HC07897,9,8/21/2025,Typhoid,6,2
HC07898,17,10/1/2025,Diarrheal Disease,39,5
HC07899,6,11/26/2024,Diarrheal Disease,29,4
HC07900,11,5/25/2025,Diarrheal Disease,24,3
HC07901,16,6/30/2024,Food Poisoning,17,4
HC07902,15,11/5/2024,Food Poisoning,39,3
HC07903,15,8/18/2025,Typhoid,18,1
HC07904,12,4/8/2025,Diarrheal Disease,9,2
HC07905,3,5/25/2025,Typhoid,21,3
HC07906,21,9/15/2024,Typhoid,33,2
HC07907,1,6/11/2024,Typhoid,9,3
HC07908,13,11/28/2024,Diarrheal Disease,20,3
HC07909,2,5/11/2024,Diarrheal Disease,30,5
HC07910,20,10/9/2024,Typhoid,18,3
HC07911,14,1/13/2024,Food Poisoning,12,1
HC07912,1,3/20/2025,Diarrheal Disease,10,1
HC07913,6,6/18/2025,Diarrheal Disease,2,2
HC07914,19,4/1/2025,Food Poisoning,34,4
HC07915,25,12/10/2024,Diarrheal Disease,24,5
HC07916,13,8/9/2024,Diarrheal Disease,30,2
HC07917,16,2/2/2025,Typhoid,14,3
HC07918,26,8/8/2024,Diarrheal Disease,19,3
HC07919,5,9/22/2024,Typhoid,10,1
HC07920,11,7/10/2025,Diarrheal Disease,10,2
HC07921,8,3/13/2025,Diarrheal Disease,6,1
HC07922,14,8/21/2024,Typhoid,28,4
HC07923,5,12/28/2024,Diarrheal Disease,17,5
HC07924,20,6/18/2024,Diarrheal Disease,4,1
HC07925,18,1/18/2024,Food Poisoning,34,1
HC07926,2,5/30/2025,Typhoid,26,2
HC07927,6,6/27/2024,Food Poisoning,36,4
HC07928,9,8/1/2025,Food Poisoning,7,4
HC07929,9,6/27/2024,Diarrheal Disease,31,2
HC07930,12,6/15/2024,Food Poisoning,39,1
HC07931,23,7/26/2025,Food Poisoning,13,2
HC07932,4,1/20/2025,Typhoid,39,1
HC07933,20,1/11/2025,Food Poisoning,37,3
HC07934,11,9/1/2024,Typhoid,10,1
HC07935,24,8/5/2024,Typhoid,12,2
HC07936,13,3/24/2024,Diarrheal Disease,30,5
HC07937,7,8/20/2025,Diarrheal Disease,28,1
HC07938,11,2/27/2025,Food Poisoning,2,5
HC07939,21,1/15/2025,Diarrheal Disease,29,1
HC07940,23,6/1/2025,Typhoid,12,1
HC07941,21,5/14/2025,Food Poisoning,14,1
HC07942,22,3/22/2024,Typhoid,3,4
HC07943,17,5/11/2025,Food Poisoning,28,5
HC07944,8,4/16/2025,Diarrheal Disease,15,3
HC07945,6,6/8/2024,Food Poisoning,3,5
HC07946,1,4/12/2024,Diarrheal Disease,5,1
HC07947,7,7/26/2024,Diarrheal Disease,13,4
HC07948,10,8/8/2025,Food Poisoning,9,2
HC07949,19,11/19/2024,Typhoid,34,1
HC07950,2,4/6/2024,Food Poisoning,6,2
HC07951,7,9/24/2025,Food Poisoning,2,3
HC07952,15,7/2/2025,Food Poisoning,25,5
HC07953,23,4/18/2025,Typhoid,14,4
HC07954,22,12/8/2024,Food Poisoning,6,4
HC07955,17,2/27/2024,Typhoid,29,3
HC07956,2,6/30/2025,Food Poisoning,23,3
HC07957,5,6/12/2024,Diarrheal Disease,2,2
HC07958,11,12/28/2024,Typhoid,33,2
HC07959,26,1/8/2025,Food Poisoning,19,4
HC07960,12,2/21/2025,Diarrheal Disease,3,1
HC07961,2,1/31/2025,Diarrheal Disease,25,2
HC07962,2,6/12/2025,Diarrheal Disease,6,4
HC07963,3,2/21/2025,Food Poisoning,13,4
HC07964,16,11/21/2025,Typhoid,18,5
HC07965,21,9/15/2025,Diarrheal Disease,9,5
HC07966,14,5/19/2024,Typhoid,38,2
HC07967,20,1/22/2025,Typhoid,8,4
HC07968,21,6/14/2024,Food Poisoning,10,2
HC07969,5,6/25/2025,Diarrheal Disease,7,1
HC07970,18,4/30/2024,Food Poisoning,5,4
HC07971,25,8/20/2024,Diarrheal Disease,13,4
HC07972,8,7/29/2024,Diarrheal Disease,9,2
HC07973,3,2/21/2024,Food Poisoning,34,4
HC07974,25,8/15/2024,Diarrheal Disease,37,4
HC07975,22,9/20/2025,Typhoid,30,4
HC07976,23,1/22/2024,Diarrheal Disease,7,3
HC07977,1,4/30/2025,Diarrheal Disease,11,5
HC07978,20,4/24/2025,Typhoid,5,3
HC07979,9,11/2/2024,Diarrheal Disease,32,3
HC07980,26,3/24/2024,Diarrheal Disease,8,3
HC07981,21,2/23/2024,Typhoid,30,4
HC07982,2,1/24/2025,Diarrheal Disease,2,3
HC07983,24,5/4/2025,Typhoid,2,3
HC07984,26,5/8/2024,Typhoid,36,5
HC07985,20,7/9/2025,Diarrheal Disease,27,2
HC07986,20,10/7/2024,Food Poisoning,16,2
HC07987,2,4/1/2025,Food Poisoning,10,5
HC07988,23,2/19/2024,Diarrheal Disease,15,3
HC07989,24,8/1/2025,Diarrheal Disease,3,5
HC07990,23,8/26/2024,Typhoid,23,2
HC07991,3,4/11/2025,Diarrheal Disease,9,1
HC07992,1,12/6/2025,Typhoid,30,3
HC07993,15,2/8/2025,Typhoid,22,3
HC07994,3,10/27/2025,Food Poisoning,7,3
HC07995,3,11/29/2025,Typhoid,1,1
HC07996,5,7/25/2025,Food Poisoning,25,5
HC07997,12,11/15/2024,Typhoid,31,3
HC07998,19,4/15/2025,Diarrheal Disease,36,3
HC07999,1,11/22/2025,Food Poisoning,38,5
HC08000,10,8/24/2024,Typhoid,17,4
HC08001,2,3/18/2024,Food Poisoning,18,2
HC08002,6,10/5/2024,Diarrheal Disease,31,2
HC08003,23,4/5/2025,Typhoid,10,4
HC08004,24,9/23/2025,Food Poisoning,34,4
HC08005,25,7/9/2024,Typhoid,13,4
HC08006,26,6/2/2025,Food Poisoning,17,3
HC08007,7,3/27/2024,Diarrheal Disease,26,5
HC08008,21,7/18/2025,Typhoid,27,5
HC08009,10,12/26/2025,Typhoid,32,1
HC08010,10,5/25/2025,Food Poisoning,8,5
HC08011,2,8/29/2024,Typhoid,9,2
HC08012,15,3/7/2024,Food Poisoning,5,4
HC08013,11,5/22/2024,Food Poisoning,12,5
HC08014,13,6/28/2025,Diarrheal Disease,16,3
HC08015,11,1/25/2025,Typhoid,26,4
HC08016,26,11/22/2024,Diarrheal Disease,27,2
HC08017,9,5/25/2024,Typhoid,6,4
HC08018,9,7/12/2024,Food Poisoning,29,1
HC08019,10,8/22/2024,Food Poisoning,24,3
HC08020,13,9/13/2024,Food Poisoning,30,5
HC08021,26,12/28/2025,Diarrheal Disease,15,5
HC08022,2,12/26/2024,Food Poisoning,24,5
HC08023,20,7/27/2025,Typhoid,20,1
HC08024,18,1/24/2025,Diarrheal Disease,13,4
HC08025,18,6/21/2025,Typhoid,17,2
HC08026,16,7/19/2025,Food Poisoning,5,2
HC08027,21,4/11/2025,Food Poisoning,10,4
HC08028,16,3/8/2025,Typhoid,14,2
HC08029,4,6/18/2024,Typhoid,1,3
HC08030,7,8/31/2025,Diarrheal Disease,5,2
HC08031,8,2/14/2024,Typhoid,10,5
HC08032,7,10/22/2024,Food Poisoning,27,5
HC08033,21,6/25/2025,Typhoid,13,3
HC08034,19,10/1/2024,Diarrheal Disease,23,4
HC08035,4,8/16/2025,Food Poisoning,4,1
HC08036,13,1/25/2024,Typhoid,16,3
HC08037,25,7/1/2025,Typhoid,12,5
HC08038,19,1/15/2024,Diarrheal Disease,10,3
HC08039,11,5/26/2025,Typhoid,7,1
HC08040,20,10/10/2025,Typhoid,13,5
HC08041,6,12/9/2024,Food Poisoning,34,4
HC08042,26,10/3/2025,Food Poisoning,29,4
HC08043,7,7/12/2025,Food Poisoning,22,1
HC08044,3,12/11/2024,Typhoid,29,3
HC08045,2,6/3/2025,Diarrheal Disease,13,5
HC08046,6,10/14/2025,Typhoid,6,5
HC08047,1,5/31/2024,Food Poisoning,7,5
HC08048,5,4/7/2025,Diarrheal Disease,24,1
HC08049,2,5/6/2025,Food Poisoning,8,5
HC08050,9,7/26/2024,Diarrheal Disease,2,5
HC08051,11,7/10/2024,Diarrheal Disease,12,4
HC08052,9,9/25/2025,Food Poisoning,27,1
HC08053,5,10/21/2025,Food Poisoning,21,2
HC08054,6,5/29/2024,Food Poisoning,3,2
HC08055,1,8/22/2025,Diarrheal Disease,3,5
HC08056,6,10/21/2024,Food Poisoning,24,3
HC08057,16,5/21/2025,Food Poisoning,39,3
HC08058,26,4/11/2024,Food Poisoning,20,4
HC08059,11,2/9/2025,Typhoid,14,2
HC08060,20,10/23/2025,Diarrheal Disease,22,5
HC08061,1,6/19/2025,Diarrheal Disease,4,2
HC08062,3,8/2/2025,Diarrheal Disease,19,2
HC08063,12,6/8/2024,Diarrheal Disease,13,2
HC08064,14,10/1/2025,Diarrheal Disease,39,2
HC08065,21,6/16/2024,Typhoid,25,1
HC08066,7,9/5/2025,Diarrheal Disease,18,5
HC08067,16,8/10/2024,Typhoid,16,1
HC08068,18,7/22/2025,Diarrheal Disease,20,3
HC08069,24,5/22/2025,Typhoid,19,1
HC08070,19,4/21/2024,Diarrheal Disease,34,5
HC08071,3,4/19/2025,Diarrheal Disease,19,2
HC08072,3,11/8/2024,Diarrheal Disease,12,1
HC08073,6,4/5/2024,Food Poisoning,1,1
HC08074,1,4/12/2025,Food Poisoning,32,1
HC08075,18,1/11/2025,Typhoid,20,4
HC08076,8,4/26/2025,Food Poisoning,32,3
HC08077,4,8/22/2025,Food Poisoning,16,5
HC08078,2,4/3/2025,Food Poisoning,24,4
HC08079,7,7/8/2024,Food Poisoning,11,5
HC08080,2,11/4/2024,Diarrheal Disease,34,4
HC08081,22,11/29/2025,Diarrheal Disease,26,5
HC08082,18,9/11/2025,Typhoid,35,4
HC08083,4,10/8/2025,Diarrheal Disease,36,5
HC08084,16,3/9/2025,Diarrheal Disease,14,5
HC08085,3,11/2/2025,Diarrheal Disease,35,5
HC08086,12,1/23/2024,Food Poisoning,8,4
HC08087,1,1/16/2025,Typhoid,32,4
HC08088,16,3/13/2024,Diarrheal Disease,29,3
HC08089,25,1/16/2025,Food Poisoning,10,3
HC08090,10,12/18/2024,Food Poisoning,17,1
HC08091,21,11/25/2024,Typhoid,1,5
HC08092,12,11/15/2025,Food Poisoning,14,4
HC08093,25,2/24/2025,Typhoid,39,3
HC08094,24,1/21/2024,Food Poisoning,29,1
HC08095,7,12/20/2025,Diarrheal Disease,37,4
HC08096,10,10/14/2024,Diarrheal Disease,35,3
HC08097,7,3/29/2025,Typhoid,20,4
HC08098,22,6/28/2025,Diarrheal Disease,5,1
HC08099,23,3/17/2024,Diarrheal Disease,27,4
HC08100,3,12/30/2025,Diarrheal Disease,19,3
HC08101,6,5/24/2024,Food Poisoning,19,1
HC08102,20,11/24/2025,Diarrheal Disease,12,5
HC08103,19,9/2/2024,Typhoid,26,4
HC08104,16,10/11/2025,Typhoid,28,1
HC08105,9,11/21/2025,Typhoid,39,4
HC08106,11,1/13/2024,Typhoid,14,1
HC08107,16,5/30/2025,Typhoid,37,5
HC08108,9,10/18/2025,Food Poisoning,17,3
HC08109,16,6/26/2024,Food Poisoning,1,2
HC08110,1,1/27/2025,Typhoid,13,1
HC08111,4,3/7/2025,Diarrheal Disease,30,5
HC08112,23,4/5/2024,Diarrheal Disease,36,1
HC08113,8,5/21/2024,Diarrheal Disease,25,5
HC08114,20,11/14/2025,Typhoid,18,3
HC08115,4,10/4/2024,Typhoid,10,3
HC08116,10,1/4/2024,Diarrheal Disease,2,3
HC08117,12,8/6/2024,Typhoid,5,4
HC08118,9,4/3/2025,Typhoid,3,5
HC08119,26,10/25/2024,Diarrheal Disease,24,3
HC08120,20,2/28/2024,Food Poisoning,23,3
HC08121,26,5/20/2025,Food Poisoning,16,2
HC08122,13,12/14/2025,Diarrheal Disease,22,1
HC08123,19,7/5/2024,Food Poisoning,5,5
HC08124,20,6/19/2025,Diarrheal Disease,33,5
HC08125,22,8/7/2024,Diarrheal Disease,39,3
HC08126,8,6/29/2024,Diarrheal Disease,21,4
HC08127,24,1/30/2024,Food Poisoning,32,3
HC08128,17,9/3/2025,Food Poisoning,10,2
HC08129,6,2/10/2024,Food Poisoning,25,2
HC08130,13,11/16/2024,Typhoid,29,4
HC08131,19,9/13/2024,Typhoid,5,3
HC08132,12,5/15/2025,Food Poisoning,19,4
HC08133,1,7/25/2024,Food Poisoning,39,1
HC08134,6,11/15/2025,Typhoid,24,1
HC08135,8,5/2/2025,Food Poisoning,28,1
HC08136,8,11/18/2025,Diarrheal Disease,35,4
HC08137,5,12/12/2024,Typhoid,34,3
HC08138,1,2/25/2025,Food Poisoning,32,5
HC08139,3,1/20/2025,Food Poisoning,26,2
HC08140,8,3/14/2024,Food Poisoning,36,4
HC08141,12,6/11/2024,Food Poisoning,34,4
HC08142,16,11/17/2024,Food Poisoning,39,5
HC08143,20,6/30/2025,Food Poisoning,26,5
HC08144,8,10/18/2025,Food Poisoning,22,4
HC08145,11,9/22/2024,Food Poisoning,24,1
HC08146,18,10/31/2025,Typhoid,18,5
HC08147,15,11/18/2025,Typhoid,32,4
HC08148,10,1/21/2025,Typhoid,37,4
HC08149,12,11/23/2024,Typhoid,32,3
HC08150,8,8/15/2024,Food Poisoning,14,4
HC08151,1,8/13/2024,Diarrheal Disease,13,2
HC08152,1,2/6/2024,Typhoid,37,4
HC08153,20,11/23/2025,Food Poisoning,7,2
HC08154,19,11/20/2024,Food Poisoning,7,1
HC08155,25,1/17/2025,Typhoid,27,2
HC08156,6,10/28/2024,Diarrheal Disease,38,1
HC08157,6,8/13/2024,Typhoid,24,5
HC08158,21,11/21/2024,Food Poisoning,7,4
HC08159,10,10/10/2025,Typhoid,13,5
HC08160,20,11/27/2024,Food Poisoning,33,2
HC08161,8,7/22/2024,Typhoid,36,3
HC08162,15,10/7/2025,Diarrheal Disease,38,3
HC08163,16,8/10/2024,Diarrheal Disease,20,5
HC08164,17,9/24/2025,Food Poisoning,28,2
HC08165,1,7/28/2024,Food Poisoning,19,4
HC08166,23,11/17/2024,Typhoid,32,1
HC08167,2,3/6/2024,Typhoid,31,5
HC08168,13,7/24/2024,Food Poisoning,4,2
HC08169,5,3/16/2024,Food Poisoning,19,3
HC08170,20,3/23/2025,Typhoid,10,5
HC08171,19,5/5/2025,Food Poisoning,32,1
HC08172,18,11/1/2024,Typhoid,39,3
HC08173,17,8/16/2025,Diarrheal Disease,25,3
HC08174,26,5/19/2025,Diarrheal Disease,7,1
HC08175,6,9/4/2024,Diarrheal Disease,35,1
HC08176,7,1/22/2024,Diarrheal Disease,38,5
HC08177,18,11/27/2025,Typhoid,14,1
HC08178,12,9/3/2025,Food Poisoning,25,3
HC08179,8,5/22/2025,Typhoid,25,1
HC08180,15,9/28/2024,Food Poisoning,20,5
HC08181,11,6/20/2025,Diarrheal Disease,20,1
HC08182,11,6/11/2024,Food Poisoning,6,3
HC08183,15,9/15/2025,Typhoid,35,3
HC08184,19,6/15/2025,Typhoid,7,1
HC08185,9,9/15/2024,Diarrheal Disease,37,5
HC08186,7,7/4/2025,Food Poisoning,31,4
HC08187,17,11/11/2025,Food Poisoning,7,1
HC08188,11,12/7/2024,Food Poisoning,3,1
HC08189,10,8/7/2025,Typhoid,4,4
HC08190,8,7/11/2024,Diarrheal Disease,14,3
HC08191,11,9/14/2024,Diarrheal Disease,4,2
HC08192,6,10/24/2025,Diarrheal Disease,4,1
HC08193,18,10/17/2024,Typhoid,29,1
HC08194,21,7/4/2025,Diarrheal Disease,34,1
HC08195,18,10/6/2024,Diarrheal Disease,12,3
HC08196,2,6/8/2024,Food Poisoning,35,1
HC08197,10,10/18/2024,Diarrheal Disease,23,3
HC08198,1,2/14/2025,Food Poisoning,8,2
HC08199,26,4/7/2025,Food Poisoning,13,1
HC08200,2,10/26/2024,Typhoid,15,4
HC08201,14,7/3/2024,Diarrheal Disease,37,3
HC08202,13,10/5/2025,Food Poisoning,33,3
HC08203,11,11/3/2025,Typhoid,11,5
HC08204,19,6/28/2024,Food Poisoning,10,4
HC08205,7,9/21/2024,Diarrheal Disease,13,4
HC08206,14,2/9/2024,Food Poisoning,4,4
HC08207,13,10/27/2025,Food Poisoning,33,1
HC08208,10,9/4/2025,Diarrheal Disease,30,2
HC08209,7,6/17/2024,Food Poisoning,20,1
HC08210,16,2/22/2024,Diarrheal Disease,17,3
HC08211,4,2/18/2024,Diarrheal Disease,6,3
HC08212,2,8/4/2025,Typhoid,25,3
HC08213,16,4/15/2024,Typhoid,10,2
HC08214,13,11/29/2024,Food Poisoning,8,1
HC08215,3,11/7/2025,Diarrheal Disease,1,3
HC08216,24,6/28/2025,Typhoid,18,5
HC08217,24,12/13/2025,Diarrheal Disease,6,4
HC08218,16,6/18/2024,Typhoid,33,1
HC08219,2,10/21/2025,Food Poisoning,39,2
HC08220,19,2/4/2024,Typhoid,7,4
HC08221,22,11/24/2024,Typhoid,4,4
HC08222,5,12/15/2025,Food Poisoning,21,2
HC08223,7,8/8/2024,Diarrheal Disease,4,4
HC08224,23,1/11/2025,Typhoid,11,5
HC08225,20,11/29/2025,Diarrheal Disease,3,5
HC08226,14,7/30/2024,Typhoid,34,4
HC08227,20,5/14/2024,Diarrheal Disease,27,2
HC08228,13,12/3/2024,Food Poisoning,37,4
HC08229,21,7/27/2025,Typhoid,9,3
HC08230,3,12/16/2025,Food Poisoning,31,4
HC08231,7,2/16/2025,Typhoid,34,5
HC08232,16,1/27/2025,Food Poisoning,26,1
HC08233,7,4/6/2024,Food Poisoning,8,3
HC08234,16,2/3/2024,Typhoid,2,5
HC08235,6,9/30/2024,Typhoid,19,3
HC08236,17,12/19/2025,Diarrheal Disease,25,3
HC08237,24,4/9/2024,Diarrheal Disease,19,5
HC08238,10,1/22/2025,Diarrheal Disease,5,1
HC08239,23,3/31/2025,Typhoid,27,5
HC08240,21,5/28/2024,Food Poisoning,18,1
HC08241,10,4/20/2024,Food Poisoning,14,5
HC08242,26,9/9/2025,Typhoid,34,4
HC08243,5,11/8/2025,Food Poisoning,1,4
HC08244,23,8/30/2024,Food Poisoning,20,2
HC08245,9,9/13/2024,Typhoid,17,3
HC08246,3,6/26/2024,Food Poisoning,4,4
HC08247,4,1/25/2024,Diarrheal Disease,13,1
HC08248,9,7/28/2025,Diarrheal Disease,7,4
HC08249,12,7/23/2024,Typhoid,6,4
HC08250,22,8/6/2025,Food Poisoning,37,5
HC08251,24,7/21/2025,Typhoid,23,2
HC08252,18,3/20/2024,Food Poisoning,5,1
HC08253,5,7/23/2025,Diarrheal Disease,12,5
HC08254,26,6/16/2024,Diarrheal Disease,2,2
HC08255,1,12/23/2024,Food Poisoning,2,5
HC08256,21,3/19/2025,Diarrheal Disease,6,1
HC08257,5,2/26/2024,Food Poisoning,4,1
HC08258,8,4/26/2024,Typhoid,21,3
HC08259,23,11/15/2025,Diarrheal Disease,15,4
HC08260,10,1/15/2025,Food Poisoning,15,4
HC08261,24,1/21/2024,Typhoid,21,3
HC08262,22,1/11/2025,Diarrheal Disease,9,4
HC08263,4,11/8/2025,Diarrheal Disease,35,5
HC08264,2,7/7/2025,Food Poisoning,10,5
HC08265,13,2/3/2024,Typhoid,16,5
HC08266,16,1/18/2025,Diarrheal Disease,3,2
HC08267,26,8/17/2024,Typhoid,30,4
HC08268,1,3/3/2025,Diarrheal Disease,8,1
HC08269,1,12/22/2025,Typhoid,10,4
HC08270,3,7/5/2024,Food Poisoning,37,5
HC08271,13,7/13/2025,Food Poisoning,1,1
HC08272,22,7/6/2025,Typhoid,30,5
HC08273,2,4/7/2024,Diarrheal Disease,18,2
HC08274,2,10/22/2024,Food Poisoning,6,1
HC08275,9,4/16/2024,Diarrheal Disease,1,1
HC08276,21,9/22/2025,Diarrheal Disease,5,5
HC08277,19,3/21/2025,Typhoid,16,5
HC08278,1,3/27/2024,Food Poisoning,22,2
HC08279,17,1/3/2024,Food Poisoning,12,5
HC08280,6,5/10/2025,Diarrheal Disease,23,3
HC08281,23,10/1/2024,Food Poisoning,29,4
HC08282,25,3/11/2025,Food Poisoning,24,3
HC08283,10,12/9/2025,Diarrheal Disease,4,2
HC08284,19,11/13/2025,Food Poisoning,18,1
HC08285,24,7/7/2025,Typhoid,17,2
HC08286,11,11/25/2025,Typhoid,26,1
HC08287,5,1/25/2025,Food Poisoning,1,1
HC08288,14,2/11/2025,Food Poisoning,14,4
HC08289,8,11/5/2025,Diarrheal Disease,31,2
HC08290,9,6/16/2025,Food Poisoning,2,5
HC08291,25,3/2/2025,Typhoid,32,1
HC08292,9,7/6/2025,Food Poisoning,26,5
HC08293,14,10/8/2024,Typhoid,17,3
HC08294,10,4/10/2025,Diarrheal Disease,6,5
HC08295,14,9/28/2024,Typhoid,12,2
HC08296,17,6/8/2024,Typhoid,21,4
HC08297,25,11/4/2025,Diarrheal Disease,7,5
HC08298,26,7/26/2025,Food Poisoning,21,2
HC08299,7,12/21/2025,Diarrheal Disease,31,4
HC08300,1,7/24/2024,Diarrheal Disease,28,5
HC08301,18,9/22/2024,Food Poisoning,28,2
HC08302,3,8/23/2024,Diarrheal Disease,12,2
HC08303,13,3/27/2025,Diarrheal Disease,9,4
HC08304,10,6/7/2025,Food Poisoning,8,2
HC08305,22,2/11/2025,Typhoid,1,1
HC08306,10,4/11/2024,Typhoid,16,4
HC08307,25,2/25/2024,Food Poisoning,31,1
HC08308,23,2/19/2025,Diarrheal Disease,23,2
HC08309,1,6/16/2025,Food Poisoning,15,3
HC08310,5,5/6/2024,Food Poisoning,16,3
HC08311,20,5/29/2025,Diarrheal Disease,34,2
HC08312,26,12/30/2024,Diarrheal Disease,3,3
HC08313,6,7/13/2025,Diarrheal Disease,15,2
HC08314,15,8/25/2024,Typhoid,1,3
HC08315,19,7/23/2025,Diarrheal Disease,28,4
HC08316,19,7/15/2025,Food Poisoning,29,4
HC08317,11,10/22/2024,Diarrheal Disease,37,3
HC08318,9,11/22/2024,Diarrheal Disease,35,2
HC08319,5,11/9/2025,Typhoid,10,4
HC08320,16,12/6/2024,Food Poisoning,39,1
HC08321,20,4/4/2025,Food Poisoning,15,5
HC08322,2,8/24/2025,Diarrheal Disease,28,5
HC08323,17,1/23/2025,Diarrheal Disease,36,2
HC08324,4,2/21/2025,Diarrheal Disease,17,1
HC08325,15,9/9/2025,Food Poisoning,10,1
HC08326,2,12/3/2025,Diarrheal Disease,10,2
HC08327,18,9/15/2025,Diarrheal Disease,16,4
HC08328,25,5/4/2024,Typhoid,9,5
HC08329,1,5/22/2024,Diarrheal Disease,32,2
HC08330,22,9/8/2025,Typhoid,2,1
HC08331,6,7/12/2025,Food Poisoning,14,5
HC08332,19,3/24/2024,Food Poisoning,25,2
HC08333,24,3/31/2024,Typhoid,16,5
HC08334,21,12/17/2024,Food Poisoning,18,1
HC08335,16,12/26/2024,Food Poisoning,30,1
HC08336,4,6/8/2024,Food Poisoning,37,3
HC08337,26,5/26/2025,Typhoid,20,4
HC08338,3,6/26/2024,Diarrheal Disease,11,5
HC08339,9,10/31/2025,Typhoid,34,3
HC08340,22,6/6/2025,Typhoid,36,3
HC08341,13,2/21/2025,Diarrheal Disease,16,1
HC08342,24,9/11/2025,Food Poisoning,31,2
HC08343,10,3/13/2025,Diarrheal Disease,37,3
HC08344,17,1/22/2024,Diarrheal Disease,8,2
HC08345,22,8/19/2024,Diarrheal Disease,20,2
HC08346,2,9/7/2024,Typhoid,35,3
HC08347,3,8/23/2025,Diarrheal Disease,7,1
HC08348,11,6/4/2025,Diarrheal Disease,37,1
HC08349,16,2/1/2024,Diarrheal Disease,5,2
HC08350,17,8/1/2024,Food Poisoning,23,3
HC08351,11,9/5/2024,Food Poisoning,16,5
HC08352,15,6/21/2024,Typhoid,19,3
HC08353,15,7/22/2024,Typhoid,13,3
HC08354,25,7/5/2024,Typhoid,16,1
HC08355,3,11/17/2024,Food Poisoning,39,4
HC08356,15,4/4/2024,Food Poisoning,13,1
HC08357,25,3/5/2025,Diarrheal Disease,20,4
HC08358,4,8/12/2025,Diarrheal Disease,12,2
HC08359,21,6/24/2025,Typhoid,15,4
HC08360,7,4/14/2025,Typhoid,29,5
HC08361,22,6/6/2024,Typhoid,34,5
HC08362,10,4/30/2025,Diarrheal Disease,35,4
HC08363,7,12/24/2025,Diarrheal Disease,31,2
HC08364,13,12/3/2024,Food Poisoning,32,2
HC08365,22,9/10/2024,Typhoid,32,4
HC08366,14,11/10/2025,Diarrheal Disease,13,2
HC08367,8,6/30/2024,Typhoid,27,5
HC08368,25,9/21/2024,Food Poisoning,25,5
HC08369,26,1/1/2024,Typhoid,25,1
HC08370,11,1/14/2025,Diarrheal Disease,24,2
HC08371,6,12/4/2024,Diarrheal Disease,17,5
HC08372,1,12/5/2025,Food Poisoning,34,3
HC08373,16,6/21/2024,Food Poisoning,38,2
HC08374,12,10/19/2024,Food Poisoning,36,4
HC08375,5,7/26/2024,Diarrheal Disease,10,2
HC08376,5,9/19/2024,Food Poisoning,25,1
HC08377,13,8/23/2025,Food Poisoning,36,1
HC08378,24,9/22/2024,Food Poisoning,8,4
HC08379,6,7/17/2024,Diarrheal Disease,10,4
HC08380,7,9/18/2025,Typhoid,33,3
HC08381,5,12/13/2025,Food Poisoning,18,3
HC08382,1,9/2/2024,Food Poisoning,19,5
HC08383,19,10/18/2025,Diarrheal Disease,11,1
HC08384,21,1/22/2025,Food Poisoning,17,1
HC08385,4,5/12/2025,Diarrheal Disease,31,2
HC08386,18,10/22/2024,Typhoid,11,5
HC08387,9,10/23/2025,Food Poisoning,5,4
HC08388,24,7/19/2025,Food Poisoning,34,2
HC08389,25,1/7/2024,Food Poisoning,34,4
HC08390,3,1/25/2025,Food Poisoning,10,3
HC08391,13,9/18/2024,Food Poisoning,39,5
HC08392,14,4/19/2024,Food Poisoning,9,3
HC08393,14,10/3/2025,Diarrheal Disease,24,3
HC08394,24,4/28/2024,Diarrheal Disease,11,1
HC08395,23,10/7/2025,Diarrheal Disease,11,3
HC08396,18,10/27/2025,Diarrheal Disease,3,5
HC08397,23,3/20/2024,Diarrheal Disease,3,5
HC08398,19,3/3/2024,Food Poisoning,30,1
HC08399,23,10/4/2025,Typhoid,12,2
HC08400,25,1/9/2024,Food Poisoning,39,5
HC08401,4,4/10/2024,Food Poisoning,12,2
HC08402,5,12/26/2025,Food Poisoning,29,1
HC08403,4,1/9/2025,Food Poisoning,22,2
HC08404,10,6/19/2025,Diarrheal Disease,27,4
HC08405,19,5/20/2024,Food Poisoning,9,5
HC08406,13,2/1/2024,Typhoid,34,4
HC08407,1,5/24/2025,Food Poisoning,19,2
HC08408,8,4/16/2025,Food Poisoning,27,5
HC08409,23,12/10/2024,Food Poisoning,35,4
HC08410,23,12/24/2024,Typhoid,27,2
HC08411,24,3/2/2025,Typhoid,15,2
HC08412,8,8/1/2024,Food Poisoning,26,3
HC08413,10,7/17/2025,Food Poisoning,9,4
HC08414,25,9/26/2025,Typhoid,29,3
HC08415,22,6/29/2024,Food Poisoning,21,2
HC08416,13,8/27/2024,Diarrheal Disease,14,5
HC08417,7,11/12/2025,Food Poisoning,3,3
HC08418,23,4/21/2024,Typhoid,3,4
HC08419,23,5/22/2025,Typhoid,20,4
HC08420,3,9/8/2025,Diarrheal Disease,32,4
HC08421,2,12/25/2024,Diarrheal Disease,10,2
HC08422,23,4/25/2024,Typhoid,29,2
HC08423,6,4/13/2025,Diarrheal Disease,28,1
HC08424,4,9/19/2024,Food Poisoning,1,2
HC08425,20,3/30/2025,Food Poisoning,37,1
HC08426,24,4/2/2024,Food Poisoning,9,3
HC08427,20,9/15/2024,Typhoid,37,5
HC08428,19,9/10/2024,Food Poisoning,30,5
HC08429,3,9/3/2025,Typhoid,9,2
HC08430,22,10/16/2025,Typhoid,39,5
HC08431,23,8/14/2025,Diarrheal Disease,19,5
HC08432,7,2/21/2024,Food Poisoning,38,5
HC08433,10,2/14/2024,Diarrheal Disease,37,1
HC08434,11,9/11/2025,Food Poisoning,18,3
HC08435,24,1/5/2025,Diarrheal Disease,19,2
HC08436,20,3/16/2025,Diarrheal Disease,10,1
HC08437,1,10/22/2024,Diarrheal Disease,10,5
HC08438,6,2/13/2025,Food Poisoning,6,1
HC08439,20,11/27/2024,Typhoid,26,1
HC08440,22,4/30/2025,Diarrheal Disease,20,5
HC08441,20,10/11/2025,Diarrheal Disease,32,4
HC08442,23,7/7/2025,Typhoid,6,5
HC08443,13,8/10/2025,Food Poisoning,10,4
HC08444,7,8/11/2025,Food Poisoning,32,4
HC08445,6,6/30/2024,Diarrheal Disease,38,5
HC08446,14,12/23/2025,Typhoid,30,5
HC08447,2,11/5/2024,Diarrheal Disease,28,3
HC08448,4,11/11/2025,Typhoid,32,5
HC08449,8,10/23/2025,Food Poisoning,23,1
HC08450,10,8/27/2025,Typhoid,22,1
HC08451,16,10/22/2024,Typhoid,1,1
HC08452,18,5/24/2024,Typhoid,14,4
HC08453,11,8/8/2024,Typhoid,13,5
HC08454,26,10/26/2025,Typhoid,2,1
HC08455,22,9/28/2025,Typhoid,31,4
HC08456,9,2/21/2025,Diarrheal Disease,24,5
HC08457,13,1/7/2024,Typhoid,29,3
HC08458,21,10/9/2024,Typhoid,28,3
HC08459,21,5/23/2024,Food Poisoning,20,3
HC08460,20,4/25/2025,Typhoid,21,4
HC08461,20,5/8/2025,Typhoid,13,2
HC08462,24,3/7/2025,Typhoid,37,5
HC08463,3,12/13/2025,Diarrheal Disease,30,5
HC08464,17,2/25/2025,Typhoid,30,3
HC08465,14,7/21/2024,Diarrheal Disease,28,1
HC08466,15,1/25/2024,Diarrheal Disease,37,1
HC08467,17,4/2/2024,Food Poisoning,11,4
HC08468,20,1/15/2025,Food Poisoning,28,1
HC08469,16,10/23/2025,Food Poisoning,24,3
HC08470,14,4/27/2024,Food Poisoning,38,2
HC08471,20,9/21/2025,Diarrheal Disease,32,5
HC08472,13,6/20/2025,Diarrheal Disease,11,4
HC08473,2,9/30/2024,Diarrheal Disease,12,1
HC08474,24,10/2/2025,Diarrheal Disease,37,1
HC08475,11,10/31/2024,Typhoid,37,1
HC08476,22,2/3/2025,Typhoid,39,1
HC08477,8,8/14/2025,Diarrheal Disease,2,2
HC08478,16,12/2/2024,Typhoid,5,2
HC08479,20,2/22/2024,Typhoid,24,5
HC08480,26,8/11/2025,Food Poisoning,11,4
HC08481,2,11/20/2025,Typhoid,23,4
HC08482,20,8/25/2024,Food Poisoning,11,5
HC08483,19,6/23/2024,Typhoid,2,1
HC08484,23,4/9/2025,Diarrheal Disease,14,3
HC08485,16,1/4/2024,Typhoid,8,3
HC08486,16,8/28/2025,Diarrheal Disease,25,4
HC08487,4,7/23/2024,Diarrheal Disease,30,5
HC08488,5,1/1/2025,Diarrheal Disease,14,3
HC08489,23,4/3/2024,Typhoid,8,2
HC08490,22,4/10/2024,Typhoid,21,3
HC08491,19,10/30/2024,Food Poisoning,10,3
HC08492,12,9/17/2024,Typhoid,34,1
HC08493,13,9/13/2025,Food Poisoning,39,5
HC08494,26,4/1/2024,Diarrheal Disease,29,2
HC08495,1,3/11/2024,Food Poisoning,35,3
HC08496,21,2/18/2024,Food Poisoning,1,4
HC08497,18,12/31/2025,Food Poisoning,30,3
HC08498,2,1/24/2024,Food Poisoning,22,3
HC08499,16,11/10/2025,Food Poisoning,6,4
HC08500,25,3/28/2024,Diarrheal Disease,25,5
HC08501,5,10/1/2024,Food Poisoning,39,4
HC08502,16,4/21/2025,Diarrheal Disease,39,2
HC08503,8,9/14/2025,Diarrheal Disease,3,5
HC08504,1,1/3/2025,Typhoid,31,5
HC08505,8,8/21/2024,Food Poisoning,34,1
HC08506,9,4/23/2024,Typhoid,22,5
HC08507,4,12/31/2024,Food Poisoning,17,5
HC08508,22,11/29/2025,Food Poisoning,16,1
HC08509,14,3/11/2025,Diarrheal Disease,11,4
HC08510,25,1/10/2025,Food Poisoning,4,1
HC08511,4,9/18/2025,Food Poisoning,29,4
HC08512,19,3/21/2025,Diarrheal Disease,25,4
HC08513,25,1/25/2025,Diarrheal Disease,17,2
HC08514,25,5/13/2025,Typhoid,36,3
HC08515,16,4/15/2025,Typhoid,34,2
HC08516,13,12/25/2025,Food Poisoning,39,5
HC08517,4,5/2/2024,Food Poisoning,15,1
HC08518,22,2/18/2025,Food Poisoning,17,4
HC08519,14,11/29/2025,Diarrheal Disease,26,3
HC08520,20,7/6/2025,Food Poisoning,6,2
HC08521,10,8/4/2025,Diarrheal Disease,25,1
HC08522,10,6/6/2024,Typhoid,27,5
HC08523,9,1/4/2024,Diarrheal Disease,32,3
HC08524,13,9/4/2025,Diarrheal Disease,25,1
HC08525,12,4/10/2024,Typhoid,33,1
HC08526,12,2/19/2025,Food Poisoning,16,5
HC08527,26,10/22/2025,Diarrheal Disease,37,5
HC08528,4,2/7/2024,Food Poisoning,19,1
HC08529,15,8/3/2024,Food Poisoning,33,5
HC08530,3,4/27/2025,Diarrheal Disease,5,2
HC08531,22,12/5/2024,Diarrheal Disease,6,3
HC08532,5,11/29/2025,Typhoid,33,2
HC08533,6,7/3/2024,Typhoid,23,4
HC08534,25,12/23/2024,Food Poisoning,4,2
HC08535,3,11/15/2024,Diarrheal Disease,10,1
HC08536,13,6/13/2024,Food Poisoning,5,1
HC08537,23,4/1/2025,Typhoid,32,2
HC08538,17,1/18/2024,Diarrheal Disease,6,5
HC08539,26,3/17/2025,Diarrheal Disease,27,3
HC08540,11,11/13/2024,Typhoid,24,4
HC08541,3,8/21/2025,Food Poisoning,12,1
HC08542,25,7/29/2024,Food Poisoning,1,3
HC08543,4,2/23/2025,Food Poisoning,21,5
HC08544,1,4/12/2025,Food Poisoning,13,3
HC08545,22,1/18/2025,Food Poisoning,2,1
HC08546,9,7/29/2025,Food Poisoning,7,4
HC08547,5,11/23/2025,Food Poisoning,27,1
HC08548,4,10/8/2025,Typhoid,17,4
HC08549,10,11/18/2024,Food Poisoning,29,1
HC08550,3,9/21/2025,Food Poisoning,4,3
HC08551,17,5/13/2024,Food Poisoning,13,3
HC08552,25,4/23/2025,Food Poisoning,22,4
HC08553,13,11/1/2025,Food Poisoning,22,2
HC08554,25,3/29/2024,Food Poisoning,5,2
HC08555,22,2/1/2025,Typhoid,38,3
HC08556,26,12/3/2024,Typhoid,8,3
HC08557,20,5/11/2024,Food Poisoning,10,1
HC08558,11,7/8/2024,Typhoid,1,1
HC08559,1,5/20/2024,Diarrheal Disease,23,3
HC08560,6,5/6/2024,Diarrheal Disease,7,5
HC08561,21,7/19/2025,Typhoid,33,1
HC08562,10,1/3/2024,Diarrheal Disease,21,5
HC08563,3,3/18/2025,Diarrheal Disease,13,5
HC08564,16,5/21/2024,Typhoid,29,5
HC08565,5,9/17/2025,Typhoid,2,2
HC08566,6,4/18/2025,Diarrheal Disease,21,2
HC08567,3,4/10/2025,Food Poisoning,6,3
HC08568,14,12/18/2025,Diarrheal Disease,11,1
HC08569,6,2/28/2024,Diarrheal Disease,30,3
HC08570,22,1/19/2024,Diarrheal Disease,22,2
HC08571,24,4/7/2025,Typhoid,31,1
HC08572,1,12/22/2025,Typhoid,37,4
HC08573,13,3/26/2025,Typhoid,33,1
HC08574,6,9/16/2024,Diarrheal Disease,20,1
HC08575,8,4/21/2025,Typhoid,31,4
HC08576,18,9/9/2024,Diarrheal Disease,28,2
HC08577,24,10/26/2025,Diarrheal Disease,34,3
HC08578,11,11/12/2024,Typhoid,3,2
HC08579,10,7/17/2025,Food Poisoning,14,1
HC08580,9,10/23/2025,Food Poisoning,24,5
HC08581,1,1/19/2025,Food Poisoning,14,5
HC08582,2,2/9/2024,Diarrheal Disease,9,3
HC08583,3,5/20/2025,Food Poisoning,35,5
HC08584,2,5/2/2025,Diarrheal Disease,11,2
HC08585,3,10/9/2025,Diarrheal Disease,36,2
HC08586,21,5/8/2024,Diarrheal Disease,15,5
HC08587,3,2/6/2025,Food Poisoning,24,4
HC08588,16,7/22/2024,Diarrheal Disease,20,2
HC08589,1,12/14/2024,Food Poisoning,30,4
HC08590,21,5/17/2024,Diarrheal Disease,21,3
HC08591,21,10/6/2024,Diarrheal Disease,34,4
HC08592,18,8/21/2025,Diarrheal Disease,22,5
HC08593,14,10/9/2025,Typhoid,26,5
HC08594,8,4/23/2024,Diarrheal Disease,15,4
HC08595,18,8/19/2025,Diarrheal Disease,33,4
HC08596,15,12/5/2025,Typhoid,21,3
HC08597,3,8/17/2025,Diarrheal Disease,8,3
HC08598,2,6/13/2025,Typhoid,19,1
HC08599,23,1/7/2024,Food Poisoning,4,2
HC08600,1,9/23/2025,Diarrheal Disease,39,2
HC08601,4,3/11/2025,Diarrheal Disease,14,1
HC08602,7,7/13/2024,Typhoid,37,5
HC08603,1,1/10/2024,Typhoid,16,5
HC08604,8,5/5/2024,Typhoid,19,2
HC08605,12,10/12/2024,Diarrheal Disease,29,2
HC08606,18,8/16/2025,Typhoid,17,4
HC08607,2,6/13/2024,Diarrheal Disease,28,1
HC08608,25,3/30/2025,Typhoid,1,3
HC08609,21,12/13/2024,Typhoid,8,4
HC08610,7,5/13/2024,Food Poisoning,18,4
HC08611,24,12/1/2025,Diarrheal Disease,35,2
HC08612,11,12/16/2024,Diarrheal Disease,36,4
HC08613,16,11/29/2025,Food Poisoning,23,1
HC08614,16,9/1/2024,Diarrheal Disease,39,1
HC08615,25,5/29/2025,Typhoid,12,2
HC08616,14,1/9/2025,Food Poisoning,19,2
HC08617,25,5/23/2025,Typhoid,19,4
HC08618,6,7/1/2025,Food Poisoning,13,1
HC08619,15,8/28/2024,Typhoid,21,5
HC08620,9,11/23/2025,Typhoid,18,1
HC08621,23,4/23/2025,Diarrheal Disease,1,2
HC08622,21,10/19/2024,Food Poisoning,7,4
HC08623,5,4/13/2024,Food Poisoning,8,1
HC08624,22,8/16/2025,Diarrheal Disease,11,1
HC08625,26,7/5/2024,Typhoid,39,4
HC08626,25,3/7/2025,Food Poisoning,1,3
HC08627,15,7/25/2024,Food Poisoning,1,3
HC08628,5,6/22/2024,Typhoid,37,4
HC08629,3,10/6/2024,Typhoid,31,2
HC08630,1,2/15/2025,Typhoid,11,2
HC08631,3,6/30/2025,Typhoid,31,4
HC08632,16,12/31/2024,Diarrheal Disease,16,4
HC08633,24,1/21/2024,Diarrheal Disease,17,2
HC08634,6,5/13/2025,Diarrheal Disease,36,1
HC08635,10,12/11/2025,Typhoid,2,4
HC08636,9,10/10/2025,Typhoid,24,3
HC08637,18,4/17/2024,Typhoid,9,5
HC08638,13,6/10/2024,Typhoid,11,5
HC08639,2,11/8/2025,Diarrheal Disease,21,4
HC08640,9,10/28/2024,Typhoid,23,3
HC08641,5,11/26/2024,Food Poisoning,5,2
HC08642,7,11/18/2025,Typhoid,6,5
HC08643,12,11/22/2024,Typhoid,5,1
HC08644,19,11/11/2024,Typhoid,13,1
HC08645,2,3/3/2024,Typhoid,32,3
HC08646,26,2/24/2025,Food Poisoning,9,4
HC08647,8,7/11/2024,Diarrheal Disease,31,1
HC08648,1,9/23/2025,Food Poisoning,19,3
HC08649,10,1/12/2025,Food Poisoning,3,1
HC08650,2,4/8/2025,Food Poisoning,34,5
HC08651,19,4/20/2024,Typhoid,7,3
HC08652,26,5/17/2024,Food Poisoning,25,5
HC08653,5,11/20/2025,Diarrheal Disease,2,5
HC08654,25,3/23/2024,Food Poisoning,29,2
HC08655,3,9/15/2024,Diarrheal Disease,4,3
HC08656,6,6/11/2025,Typhoid,15,5
HC08657,20,12/25/2025,Typhoid,37,5
HC08658,9,11/30/2025,Food Poisoning,24,2
HC08659,19,5/11/2025,Typhoid,18,3
HC08660,16,2/7/2024,Typhoid,35,3
HC08661,17,6/29/2024,Food Poisoning,8,4
HC08662,6,6/4/2024,Food Poisoning,2,3
HC08663,22,8/17/2025,Diarrheal Disease,32,3
HC08664,12,3/6/2024,Diarrheal Disease,23,4
HC08665,21,9/24/2024,Food Poisoning,36,1
HC08666,26,10/4/2025,Food Poisoning,14,4
HC08667,9,12/3/2024,Diarrheal Disease,25,2
HC08668,24,7/2/2025,Food Poisoning,25,3
HC08669,11,8/5/2025,Food Poisoning,31,2
HC08670,21,9/18/2025,Typhoid,13,2
HC08671,11,3/22/2024,Diarrheal Disease,2,3
HC08672,15,10/28/2024,Food Poisoning,38,1
HC08673,4,7/1/2025,Diarrheal Disease,39,2
HC08674,17,6/5/2025,Food Poisoning,9,5
HC08675,11,9/3/2024,Food Poisoning,6,1
HC08676,17,1/24/2025,Food Poisoning,16,5
HC08677,22,10/16/2025,Diarrheal Disease,12,5
HC08678,16,8/13/2025,Food Poisoning,17,4
HC08679,23,7/16/2024,Diarrheal Disease,1,4
HC08680,19,10/27/2025,Typhoid,33,3
HC08681,6,4/8/2024,Diarrheal Disease,1,1
HC08682,3,3/23/2024,Food Poisoning,13,3
HC08683,22,11/28/2024,Food Poisoning,9,1
HC08684,7,3/10/2025,Diarrheal Disease,6,2
HC08685,14,7/25/2024,Diarrheal Disease,34,4
HC08686,9,10/23/2025,Food Poisoning,33,3
HC08687,4,11/7/2024,Typhoid,35,3
HC08688,26,2/6/2024,Food Poisoning,35,3
HC08689,4,6/24/2025,Food Poisoning,1,4
HC08690,4,9/25/2024,Diarrheal Disease,36,2
HC08691,1,11/20/2025,Typhoid,36,4
HC08692,13,5/19/2025,Typhoid,37,3
HC08693,6,11/3/2024,Food Poisoning,13,3
HC08694,23,11/30/2025,Diarrheal Disease,17,3
HC08695,22,5/10/2025,Food Poisoning,13,4
HC08696,4,8/9/2025,Diarrheal Disease,6,1
HC08697,8,6/9/2024,Typhoid,29,2
HC08698,5,11/22/2024,Diarrheal Disease,17,4
HC08699,18,1/14/2024,Diarrheal Disease,24,5
HC08700,8,1/12/2025,Typhoid,4,4
HC08701,22,9/1/2024,Typhoid,2,5
HC08702,5,3/28/2024,Food Poisoning,12,2
HC08703,5,2/11/2025,Food Poisoning,8,3
HC08704,8,7/26/2024,Typhoid,7,1
HC08705,15,3/29/2025,Food Poisoning,34,3
HC08706,15,4/30/2024,Typhoid,19,4
HC08707,10,1/2/2024,Food Poisoning,11,5
HC08708,9,4/1/2024,Typhoid,21,4
HC08709,11,2/3/2025,Diarrheal Disease,6,5
HC08710,12,5/2/2024,Food Poisoning,19,5
HC08711,10,12/5/2025,Food Poisoning,23,3
HC08712,7,9/28/2025,Diarrheal Disease,20,5
HC08713,8,9/29/2024,Food Poisoning,21,2
HC08714,1,12/23/2024,Food Poisoning,36,3
HC08715,23,1/5/2025,Typhoid,35,3
HC08716,20,1/29/2024,Food Poisoning,22,3
HC08717,3,10/26/2024,Typhoid,33,4
HC08718,26,2/20/2024,Diarrheal Disease,8,5
HC08719,23,5/31/2025,Food Poisoning,10,4
HC08720,15,7/7/2024,Food Poisoning,15,2
HC08721,10,6/5/2024,Food Poisoning,12,1
HC08722,15,9/6/2025,Food Poisoning,7,5
HC08723,18,6/8/2024,Food Poisoning,5,5
HC08724,25,2/4/2024,Diarrheal Disease,13,2
HC08725,18,2/11/2024,Typhoid,31,4
HC08726,5,8/20/2025,Typhoid,2,5
HC08727,14,11/4/2024,Food Poisoning,25,2
HC08728,18,4/23/2024,Food Poisoning,22,1
HC08729,12,5/10/2024,Typhoid,21,5
HC08730,21,1/25/2024,Diarrheal Disease,1,1
HC08731,9,7/23/2024,Food Poisoning,12,3
HC08732,14,6/4/2024,Food Poisoning,30,5
HC08733,8,11/14/2024,Typhoid,1,5
HC08734,11,2/23/2025,Food Poisoning,9,3
HC08735,25,6/14/2025,Typhoid,37,4
HC08736,11,9/29/2024,Typhoid,9,2
HC08737,3,10/30/2025,Typhoid,12,1
HC08738,6,6/10/2025,Diarrheal Disease,29,3
HC08739,18,6/29/2024,Typhoid,8,2
HC08740,17,6/9/2025,Typhoid,4,4
HC08741,13,6/3/2025,Diarrheal Disease,27,3
HC08742,19,9/19/2024,Diarrheal Disease,14,4
HC08743,17,3/13/2025,Typhoid,5,4
HC08744,24,2/29/2024,Typhoid,4,4
HC08745,15,5/1/2024,Food Poisoning,19,1
HC08746,4,7/11/2024,Food Poisoning,27,5
HC08747,14,12/22/2025,Typhoid,28,1
HC08748,16,4/24/2025,Diarrheal Disease,17,5
HC08749,24,4/2/2025,Diarrheal Disease,10,4
HC08750,12,6/15/2024,Typhoid,22,1
HC08751,4,8/30/2025,Diarrheal Disease,26,5
HC08752,19,8/13/2025,Typhoid,33,5
HC08753,7,10/25/2024,Food Poisoning,39,4
HC08754,13,10/15/2025,Typhoid,21,2
HC08755,2,9/20/2024,Food Poisoning,12,4
HC08756,18,6/9/2024,Diarrheal Disease,16,1
HC08757,19,6/6/2024,Typhoid,10,3
HC08758,14,9/20/2025,Food Poisoning,25,2
HC08759,16,9/8/2024,Diarrheal Disease,38,4
HC08760,1,10/13/2025,Diarrheal Disease,38,3
HC08761,3,8/18/2025,Typhoid,9,4
HC08762,5,11/18/2025,Diarrheal Disease,8,4
HC08763,10,10/15/2024,Diarrheal Disease,23,4
HC08764,3,12/1/2025,Typhoid,11,2
HC08765,9,3/17/2025,Typhoid,10,2
HC08766,18,2/9/2025,Typhoid,26,2
HC08767,23,8/18/2024,Diarrheal Disease,15,2
HC08768,6,8/24/2024,Typhoid,39,3
HC08769,11,12/7/2025,Typhoid,25,3
HC08770,17,10/23/2024,Diarrheal Disease,21,2
HC08771,13,8/28/2024,Food Poisoning,32,3
HC08772,8,1/17/2024,Typhoid,28,4
HC08773,17,2/8/2025,Typhoid,1,4
HC08774,17,6/15/2024,Food Poisoning,5,1
HC08775,7,10/17/2024,Food Poisoning,14,5
HC08776,11,8/13/2024,Diarrheal Disease,32,1
HC08777,25,11/11/2024,Food Poisoning,1,2
HC08778,17,10/12/2024,Food Poisoning,4,1
HC08779,20,1/10/2025,Food Poisoning,14,4
HC08780,9,1/4/2025,Food Poisoning,38,2
HC08781,10,6/14/2024,Diarrheal Disease,16,4
HC08782,21,6/13/2025,Diarrheal Disease,31,2
HC08783,8,9/28/2025,Food Poisoning,12,1
HC08784,4,2/28/2025,Typhoid,23,4
HC08785,8,1/24/2025,Food Poisoning,10,3
HC08786,3,12/15/2024,Diarrheal Disease,11,2
HC08787,8,5/9/2024,Typhoid,14,3
HC08788,17,1/6/2024,Typhoid,10,1
HC08789,24,7/8/2025,Typhoid,24,5
HC08790,21,2/22/2024,Typhoid,15,5
HC08791,19,11/8/2025,Typhoid,38,1
HC08792,11,10/8/2024,Typhoid,3,1
HC08793,22,5/19/2024,Food Poisoning,34,3
HC08794,26,3/3/2025,Typhoid,18,2
HC08795,23,4/7/2025,Food Poisoning,36,5
HC08796,10,10/4/2025,Diarrheal Disease,8,5
HC08797,7,3/18/2025,Food Poisoning,3,2
HC08798,9,2/17/2024,Typhoid,21,3
HC08799,13,6/23/2024,Typhoid,19,2
HC08800,10,12/13/2025,Diarrheal Disease,26,2
HC08801,14,12/29/2025,Diarrheal Disease,19,4
HC08802,13,9/8/2025,Food Poisoning,10,5
HC08803,21,10/12/2025,Diarrheal Disease,18,4
HC08804,1,8/29/2024,Diarrheal Disease,21,1
HC08805,1,11/26/2025,Typhoid,28,4
HC08806,9,4/1/2025,Food Poisoning,21,2
HC08807,8,9/27/2025,Typhoid,20,4
HC08808,20,8/21/2024,Food Poisoning,7,2
HC08809,24,7/4/2024,Typhoid,10,2
HC08810,4,9/22/2024,Diarrheal Disease,34,2
HC08811,17,10/23/2025,Food Poisoning,30,4
HC08812,25,9/14/2024,Diarrheal Disease,20,3
HC08813,11,6/19/2025,Diarrheal Disease,22,2
HC08814,24,5/17/2025,Diarrheal Disease,34,1
HC08815,24,5/26/2025,Diarrheal Disease,18,5
HC08816,6,12/30/2024,Food Poisoning,7,2
HC08817,16,10/11/2024,Diarrheal Disease,11,3
HC08818,18,10/11/2025,Diarrheal Disease,20,3
HC08819,17,9/10/2024,Food Poisoning,34,2
HC08820,16,9/11/2024,Food Poisoning,8,1
HC08821,14,9/17/2025,Diarrheal Disease,9,4
HC08822,9,12/10/2024,Diarrheal Disease,15,3
HC08823,15,10/27/2025,Diarrheal Disease,30,4
HC08824,20,11/18/2025,Typhoid,21,3
HC08825,18,10/7/2024,Food Poisoning,18,5
HC08826,8,9/25/2024,Diarrheal Disease,34,4
HC08827,5,10/6/2025,Typhoid,26,4
HC08828,22,12/15/2025,Typhoid,37,2
HC08829,12,1/21/2025,Typhoid,16,5
HC08830,5,5/20/2024,Typhoid,32,4
HC08831,2,8/5/2024,Typhoid,29,3
HC08832,21,11/28/2025,Food Poisoning,28,3
HC08833,22,4/30/2025,Diarrheal Disease,24,4
HC08834,26,10/21/2025,Typhoid,10,3
HC08835,2,2/12/2024,Typhoid,34,1
HC08836,9,2/7/2025,Typhoid,14,2
HC08837,11,10/30/2025,Food Poisoning,6,2
HC08838,5,6/26/2024,Typhoid,37,3
HC08839,5,11/11/2025,Food Poisoning,36,5
HC08840,10,5/28/2025,Food Poisoning,12,4
HC08841,4,3/11/2025,Food Poisoning,37,2
HC08842,23,6/19/2025,Diarrheal Disease,22,3
HC08843,16,1/8/2025,Diarrheal Disease,15,3
HC08844,10,10/23/2025,Diarrheal Disease,28,4
HC08845,13,7/5/2025,Diarrheal Disease,5,1
HC08846,17,12/29/2024,Typhoid,30,1
HC08847,15,7/22/2024,Diarrheal Disease,6,2
HC08848,13,8/15/2024,Diarrheal Disease,3,1
HC08849,8,12/11/2025,Food Poisoning,8,2
HC08850,6,8/5/2025,Food Poisoning,22,5
HC08851,17,4/3/2024,Diarrheal Disease,31,4
HC08852,5,4/22/2025,Diarrheal Disease,21,1
HC08853,11,12/18/2025,Diarrheal Disease,2,1
HC08854,6,5/31/2024,Diarrheal Disease,34,1
HC08855,1,3/15/2024,Food Poisoning,21,1
HC08856,3,4/1/2025,Food Poisoning,18,3
HC08857,9,11/12/2024,Diarrheal Disease,22,2
HC08858,21,1/30/2024,Typhoid,9,3
HC08859,22,4/8/2024,Typhoid,34,1
HC08860,17,10/31/2025,Food Poisoning,21,5
HC08861,17,6/12/2024,Food Poisoning,11,5
HC08862,9,6/9/2024,Food Poisoning,21,1
HC08863,15,8/18/2024,Typhoid,19,3
HC08864,11,8/9/2024,Typhoid,3,3
HC08865,16,8/4/2025,Food Poisoning,9,1
HC08866,24,10/21/2024,Food Poisoning,2,5
HC08867,22,10/24/2025,Food Poisoning,1,2
HC08868,17,11/7/2024,Food Poisoning,29,1
HC08869,4,9/17/2025,Food Poisoning,22,4
HC08870,14,3/9/2024,Diarrheal Disease,29,1
HC08871,21,10/5/2024,Diarrheal Disease,4,2
HC08872,12,3/23/2024,Food Poisoning,22,1
HC08873,18,11/4/2025,Diarrheal Disease,35,5
HC08874,1,5/23/2024,Typhoid,34,4
HC08875,9,3/30/2025,Food Poisoning,5,3
HC08876,12,11/9/2025,Food Poisoning,21,2
HC08877,3,12/29/2025,Typhoid,30,2
HC08878,22,1/31/2024,Diarrheal Disease,13,1
HC08879,23,5/3/2024,Food Poisoning,26,2
HC08880,13,1/27/2025,Typhoid,7,5
HC08881,9,8/12/2024,Food Poisoning,25,1
HC08882,3,8/17/2024,Typhoid,18,3
HC08883,11,7/24/2025,Diarrheal Disease,28,4
HC08884,6,9/13/2024,Diarrheal Disease,38,2
HC08885,13,9/14/2025,Diarrheal Disease,32,2
HC08886,4,4/26/2025,Food Poisoning,10,4
HC08887,20,9/4/2025,Typhoid,7,4
HC08888,6,10/3/2024,Typhoid,7,2
HC08889,6,5/10/2025,Typhoid,28,1
HC08890,5,4/11/2025,Diarrheal Disease,13,1
HC08891,6,3/7/2024,Typhoid,35,5
HC08892,21,12/16/2024,Typhoid,4,3
HC08893,15,12/29/2024,Diarrheal Disease,28,1
HC08894,13,12/22/2024,Typhoid,4,5
HC08895,6,3/5/2024,Diarrheal Disease,21,2
HC08896,8,7/18/2024,Diarrheal Disease,7,5
HC08897,4,7/18/2025,Diarrheal Disease,22,5
HC08898,16,1/25/2024,Diarrheal Disease,35,1
HC08899,7,9/30/2024,Typhoid,20,2
HC08900,12,9/7/2025,Diarrheal Disease,8,5
HC08901,22,4/12/2025,Diarrheal Disease,17,3
HC08902,15,5/13/2024,Food Poisoning,6,4
HC08903,20,6/9/2024,Diarrheal Disease,3,4
HC08904,1,5/18/2024,Food Poisoning,27,4
HC08905,22,3/31/2024,Typhoid,2,5
HC08906,21,2/17/2024,Diarrheal Disease,9,4
HC08907,5,6/5/2025,Diarrheal Disease,16,5
HC08908,24,6/8/2025,Typhoid,19,3
HC08909,6,5/31/2025,Diarrheal Disease,14,5
HC08910,21,6/21/2024,Typhoid,2,5
HC08911,22,9/3/2024,Food Poisoning,24,3
HC08912,18,5/28/2024,Food Poisoning,23,1
HC08913,4,11/4/2025,Food Poisoning,2,2
HC08914,6,3/23/2024,Typhoid,6,1
HC08915,2,8/16/2025,Food Poisoning,4,5
HC08916,17,7/21/2025,Food Poisoning,14,2
HC08917,6,6/13/2024,Food Poisoning,6,2
HC08918,13,11/10/2025,Diarrheal Disease,38,4
HC08919,24,11/21/2025,Food Poisoning,12,1
HC08920,21,8/6/2024,Typhoid,24,2
HC08921,4,3/3/2024,Diarrheal Disease,3,4
HC08922,1,12/1/2024,Food Poisoning,30,3
HC08923,16,8/15/2024,Diarrheal Disease,20,2
HC08924,25,10/27/2025,Typhoid,27,2
HC08925,21,6/6/2024,Food Poisoning,9,2
HC08926,5,7/7/2025,Food Poisoning,37,3
HC08927,12,9/12/2024,Diarrheal Disease,5,2
HC08928,17,3/21/2024,Food Poisoning,29,1
HC08929,19,9/29/2025,Diarrheal Disease,28,3
HC08930,7,9/27/2025,Diarrheal Disease,11,2
HC08931,17,12/4/2024,Diarrheal Disease,26,1
HC08932,4,6/19/2025,Food Poisoning,25,4
HC08933,8,2/11/2024,Diarrheal Disease,14,4
HC08934,1,4/27/2025,Typhoid,17,4
HC08935,21,7/9/2024,Typhoid,24,2
HC08936,18,8/21/2024,Food Poisoning,25,2
HC08937,6,4/29/2025,Diarrheal Disease,11,5
HC08938,26,4/13/2025,Diarrheal Disease,23,4
HC08939,12,8/9/2025,Typhoid,6,1
HC08940,8,8/20/2024,Typhoid,7,5
HC08941,20,1/30/2025,Food Poisoning,15,4
HC08942,26,11/28/2024,Food Poisoning,31,1
HC08943,14,7/16/2025,Food Poisoning,27,5
HC08944,6,11/28/2025,Diarrheal Disease,39,1
HC08945,14,10/28/2025,Food Poisoning,12,5
HC08946,10,12/7/2025,Food Poisoning,35,4
HC08947,21,1/6/2024,Diarrheal Disease,27,2
HC08948,26,2/17/2024,Typhoid,1,5
HC08949,8,7/6/2025,Food Poisoning,1,5
HC08950,4,11/28/2024,Typhoid,31,2
HC08951,23,5/24/2024,Food Poisoning,2,5
HC08952,15,9/21/2025,Typhoid,25,2
HC08953,9,6/19/2024,Diarrheal Disease,31,1
HC08954,7,6/30/2024,Diarrheal Disease,8,3
HC08955,7,10/24/2025,Diarrheal Disease,22,1
HC08956,6,9/14/2025,Diarrheal Disease,11,2
HC08957,14,8/27/2024,Diarrheal Disease,12,3
HC08958,3,6/17/2025,Diarrheal Disease,26,4
HC08959,11,9/15/2024,Food Poisoning,17,3
HC08960,14,6/27/2024,Diarrheal Disease,35,3
HC08961,8,5/18/2024,Diarrheal Disease,29,1
HC08962,7,6/25/2025,Food Poisoning,35,5
HC08963,6,10/6/2024,Food Poisoning,15,1
HC08964,7,10/3/2025,Diarrheal Disease,12,3
HC08965,26,8/7/2025,Typhoid,30,2
HC08966,8,10/18/2025,Diarrheal Disease,39,3
HC08967,19,8/22/2024,Food Poisoning,39,2
HC08968,19,1/28/2024,Typhoid,16,2
HC08969,26,2/12/2024,Typhoid,21,4
HC08970,3,11/23/2025,Typhoid,38,3
HC08971,24,7/3/2024,Diarrheal Disease,21,3
HC08972,24,12/30/2024,Food Poisoning,26,2
HC08973,7,3/3/2025,Typhoid,8,2
HC08974,26,1/2/2025,Diarrheal Disease,22,1
HC08975,12,9/14/2024,Food Poisoning,1,4
HC08976,19,1/6/2024,Diarrheal Disease,35,2
HC08977,13,7/8/2024,Diarrheal Disease,15,4
HC08978,25,9/30/2025,Food Poisoning,12,1
HC08979,6,2/27/2025,Food Poisoning,2,1
HC08980,18,10/25/2025,Diarrheal Disease,33,5
HC08981,17,8/11/2025,Typhoid,24,2
HC08982,25,1/13/2025,Food Poisoning,11,5
HC08983,6,11/17/2024,Diarrheal Disease,6,2
HC08984,6,4/10/2024,Diarrheal Disease,29,4
HC08985,20,8/20/2024,Food Poisoning,32,4
HC08986,17,8/9/2025,Diarrheal Disease,8,2
HC08987,17,5/20/2025,Food Poisoning,36,5
HC08988,19,12/1/2024,Typhoid,15,2
HC08989,10,11/2/2024,Diarrheal Disease,38,2
HC08990,9,7/19/2024,Diarrheal Disease,28,1
HC08991,4,11/18/2024,Diarrheal Disease,33,5
HC08992,19,9/26/2024,Food Poisoning,37,5
HC08993,26,2/21/2024,Diarrheal Disease,25,2
HC08994,7,11/7/2024,Typhoid,30,5
HC08995,15,11/15/2025,Diarrheal Disease,11,1
HC08996,8,4/6/2024,Typhoid,35,5
HC08997,20,5/29/2024,Diarrheal Disease,9,1
HC08998,19,1/5/2024,Diarrheal Disease,36,2
HC08999,8,10/23/2024,Food Poisoning,29,5
HC09000,6,7/29/2025,Food Poisoning,29,5
HC09001,22,4/19/2024,Food Poisoning,29,3
HC09002,22,6/3/2024,Food Poisoning,2,3
HC09003,15,3/17/2025,Typhoid,20,3
HC09004,19,5/20/2024,Diarrheal Disease,1,3
HC09005,20,5/14/2024,Food Poisoning,11,3
HC09006,8,11/18/2024,Food Poisoning,36,3
HC09007,18,6/20/2024,Food Poisoning,27,3
HC09008,17,8/16/2024,Food Poisoning,1,5
HC09009,9,2/24/2024,Diarrheal Disease,22,2
HC09010,24,10/19/2025,Food Poisoning,34,5
HC09011,23,6/24/2024,Diarrheal Disease,33,4
HC09012,12,4/1/2024,Food Poisoning,23,1
HC09013,19,8/16/2025,Food Poisoning,24,2
HC09014,7,1/12/2024,Typhoid,9,1
HC09015,1,2/25/2024,Food Poisoning,25,5
HC09016,1,3/11/2024,Diarrheal Disease,25,5
HC09017,26,7/31/2025,Typhoid,30,2
HC09018,3,8/6/2025,Typhoid,26,3
HC09019,8,12/7/2024,Diarrheal Disease,10,5
HC09020,10,1/15/2025,Food Poisoning,11,3
HC09021,3,7/19/2024,Food Poisoning,27,3
HC09022,12,10/25/2024,Typhoid,14,5
HC09023,19,10/1/2024,Diarrheal Disease,11,1
HC09024,26,1/30/2024,Food Poisoning,28,1
HC09025,20,5/19/2024,Typhoid,24,1
HC09026,6,2/8/2025,Diarrheal Disease,39,2
HC09027,5,1/30/2025,Food Poisoning,18,3
HC09028,12,7/26/2024,Food Poisoning,13,3
HC09029,5,10/13/2025,Food Poisoning,30,3
HC09030,26,9/25/2025,Diarrheal Disease,19,5
HC09031,5,7/8/2024,Food Poisoning,16,3
HC09032,17,11/15/2024,Food Poisoning,22,3
HC09033,10,6/21/2024,Typhoid,32,3
HC09034,9,11/22/2025,Diarrheal Disease,20,3
HC09035,18,3/24/2025,Food Poisoning,8,4
HC09036,21,9/30/2024,Food Poisoning,24,1
HC09037,13,1/24/2024,Typhoid,27,2
HC09038,9,3/17/2025,Diarrheal Disease,37,5
HC09039,9,12/11/2025,Diarrheal Disease,23,5
HC09040,21,4/19/2025,Food Poisoning,28,4
HC09041,25,8/31/2024,Diarrheal Disease,2,3
HC09042,3,5/2/2024,Diarrheal Disease,2,2
HC09043,8,8/7/2024,Food Poisoning,27,2
HC09044,21,6/6/2024,Typhoid,7,5
HC09045,14,1/29/2024,Food Poisoning,27,5
HC09046,21,9/9/2024,Food Poisoning,12,1
HC09047,8,3/1/2024,Food Poisoning,33,2
HC09048,8,2/28/2025,Typhoid,1,4
HC09049,2,11/22/2024,Food Poisoning,22,1
HC09050,15,6/2/2025,Typhoid,20,2
HC09051,4,5/11/2024,Typhoid,28,3
HC09052,7,1/31/2025,Food Poisoning,3,3
HC09053,8,8/28/2024,Diarrheal Disease,38,5
HC09054,16,3/25/2025,Food Poisoning,1,1
HC09055,15,2/12/2024,Food Poisoning,5,4
HC09056,6,2/8/2025,Diarrheal Disease,3,4
HC09057,20,5/15/2025,Typhoid,2,4
HC09058,23,9/12/2024,Diarrheal Disease,3,3
HC09059,3,6/5/2024,Food Poisoning,35,3
HC09060,3,8/16/2025,Food Poisoning,30,5
HC09061,26,3/31/2025,Typhoid,5,1
HC09062,16,10/4/2025,Diarrheal Disease,36,2
HC09063,18,3/3/2025,Typhoid,32,5
HC09064,16,8/19/2024,Diarrheal Disease,18,4
HC09065,24,8/21/2025,Food Poisoning,34,5
HC09066,12,10/19/2025,Diarrheal Disease,14,5
HC09067,16,4/8/2025,Diarrheal Disease,34,1
HC09068,13,12/23/2025,Diarrheal Disease,8,5
HC09069,16,10/1/2025,Diarrheal Disease,29,4
HC09070,23,2/15/2024,Diarrheal Disease,10,3
HC09071,13,12/20/2024,Diarrheal Disease,28,5
HC09072,13,6/7/2024,Typhoid,28,4
HC09073,24,7/27/2025,Diarrheal Disease,11,4
HC09074,1,5/6/2025,Diarrheal Disease,12,5
HC09075,15,11/8/2024,Diarrheal Disease,25,3
HC09076,12,1/8/2024,Diarrheal Disease,26,4
HC09077,11,5/31/2025,Typhoid,30,4
HC09078,7,11/13/2025,Typhoid,37,5
HC09079,22,1/16/2024,Food Poisoning,35,1
HC09080,7,11/23/2025,Typhoid,22,5
HC09081,9,11/4/2025,Diarrheal Disease,34,2
HC09082,1,7/14/2025,Typhoid,26,1
HC09083,11,8/28/2024,Food Poisoning,14,3
HC09084,18,3/8/2025,Typhoid,21,2
HC09085,4,12/18/2024,Typhoid,15,5
HC09086,10,5/25/2025,Typhoid,37,5
HC09087,15,6/19/2024,Food Poisoning,8,3
HC09088,16,5/25/2025,Food Poisoning,3,5
HC09089,4,6/7/2024,Diarrheal Disease,37,2
HC09090,22,3/8/2024,Diarrheal Disease,18,4
HC09091,10,2/1/2024,Food Poisoning,24,5
HC09092,19,1/29/2025,Food Poisoning,7,3
HC09093,19,3/20/2024,Food Poisoning,37,5
HC09094,23,7/12/2025,Typhoid,23,4
HC09095,14,8/11/2024,Food Poisoning,22,5
HC09096,11,12/5/2025,Food Poisoning,15,5
HC09097,21,7/15/2025,Food Poisoning,4,5
HC09098,2,2/10/2024,Food Poisoning,21,1
HC09099,5,12/17/2025,Diarrheal Disease,32,4
HC09100,1,11/21/2024,Typhoid,30,4
HC09101,4,2/12/2025,Food Poisoning,28,5
HC09102,17,12/10/2024,Diarrheal Disease,7,5
HC09103,19,3/16/2024,Food Poisoning,34,5
HC09104,10,12/25/2024,Food Poisoning,10,2
HC09105,11,6/26/2025,Food Poisoning,24,3
HC09106,6,6/14/2024,Food Poisoning,2,2
HC09107,1,7/29/2024,Diarrheal Disease,4,3
HC09108,23,9/1/2025,Food Poisoning,4,1
HC09109,25,9/28/2024,Typhoid,28,4
HC09110,15,8/10/2025,Food Poisoning,1,4
HC09111,9,3/1/2024,Diarrheal Disease,6,5
HC09112,15,1/19/2024,Food Poisoning,12,3
HC09113,6,5/25/2024,Diarrheal Disease,38,1
HC09114,13,3/9/2024,Diarrheal Disease,24,5
HC09115,16,7/11/2024,Diarrheal Disease,23,1
HC09116,20,12/21/2025,Food Poisoning,32,3
HC09117,15,8/27/2024,Diarrheal Disease,34,4
HC09118,10,3/7/2025,Typhoid,15,3
HC09119,26,9/13/2025,Diarrheal Disease,25,2
HC09120,25,9/23/2024,Diarrheal Disease,25,4
HC09121,11,6/9/2024,Typhoid,20,1
HC09122,10,2/16/2025,Food Poisoning,12,1
HC09123,5,2/5/2025,Diarrheal Disease,5,5
HC09124,2,1/6/2024,Typhoid,5,2
HC09125,1,8/30/2025,Typhoid,2,1
HC09126,2,4/9/2024,Food Poisoning,31,5
HC09127,4,4/20/2025,Typhoid,39,4
HC09128,6,7/17/2024,Diarrheal Disease,14,1
HC09129,7,8/22/2025,Diarrheal Disease,27,2
HC09130,17,3/16/2024,Diarrheal Disease,2,4
HC09131,7,7/25/2024,Typhoid,18,1
HC09132,26,12/23/2025,Diarrheal Disease,16,2
HC09133,2,1/1/2024,Typhoid,33,3
HC09134,25,9/19/2025,Typhoid,32,2
HC09135,14,1/17/2025,Typhoid,29,3
HC09136,4,8/31/2025,Diarrheal Disease,19,3
HC09137,25,5/5/2024,Food Poisoning,34,3
HC09138,19,4/17/2024,Food Poisoning,23,1
HC09139,14,10/25/2025,Food Poisoning,17,3
HC09140,14,1/20/2024,Typhoid,3,2
HC09141,22,2/25/2024,Food Poisoning,11,3
HC09142,23,9/25/2025,Typhoid,13,1
HC09143,11,4/27/2025,Typhoid,35,4
HC09144,18,9/3/2025,Food Poisoning,24,1
HC09145,18,2/29/2024,Typhoid,4,1
HC09146,7,1/31/2024,Diarrheal Disease,19,2
HC09147,22,3/17/2024,Diarrheal Disease,5,3
HC09148,24,8/16/2025,Food Poisoning,13,5
HC09149,10,7/7/2025,Diarrheal Disease,5,1
HC09150,3,4/18/2024,Diarrheal Disease,1,2
HC09151,20,5/27/2025,Food Poisoning,23,2
HC09152,9,6/24/2025,Typhoid,4,1
HC09153,15,2/7/2024,Typhoid,34,4
HC09154,17,11/19/2025,Food Poisoning,8,1
HC09155,19,2/2/2024,Diarrheal Disease,37,4
HC09156,25,6/13/2024,Food Poisoning,1,4
HC09157,17,2/26/2024,Typhoid,16,3
HC09158,20,8/4/2025,Food Poisoning,29,2
HC09159,3,9/19/2024,Food Poisoning,12,1
HC09160,14,7/17/2025,Typhoid,28,2
HC09161,22,10/17/2024,Food Poisoning,20,1
HC09162,2,11/13/2025,Typhoid,13,5
HC09163,24,5/31/2024,Food Poisoning,16,2
HC09164,2,8/8/2024,Diarrheal Disease,14,2
HC09165,17,10/24/2025,Diarrheal Disease,11,2
HC09166,2,10/15/2025,Typhoid,6,3
HC09167,8,8/26/2025,Typhoid,24,1
HC09168,21,7/6/2024,Diarrheal Disease,29,1
HC09169,25,8/24/2024,Diarrheal Disease,8,5
HC09170,25,12/18/2024,Diarrheal Disease,39,2
HC09171,24,6/16/2025,Food Poisoning,14,5
HC09172,26,6/23/2024,Diarrheal Disease,6,2
HC09173,18,6/30/2024,Food Poisoning,39,4
HC09174,2,4/15/2024,Food Poisoning,32,4
HC09175,3,9/18/2025,Diarrheal Disease,18,2
HC09176,10,3/3/2024,Typhoid,22,1
HC09177,23,5/6/2025,Food Poisoning,38,5
HC09178,4,1/24/2025,Diarrheal Disease,36,4
HC09179,10,3/9/2024,Typhoid,35,4
HC09180,23,11/17/2024,Food Poisoning,32,4
HC09181,2,7/17/2024,Typhoid,11,4
HC09182,11,11/28/2024,Diarrheal Disease,29,4
HC09183,5,6/27/2024,Food Poisoning,18,1
HC09184,11,6/18/2024,Diarrheal Disease,18,4
HC09185,4,4/14/2024,Diarrheal Disease,33,4
HC09186,14,12/28/2024,Diarrheal Disease,10,5
HC09187,20,2/17/2024,Diarrheal Disease,27,5
HC09188,4,3/26/2025,Food Poisoning,3,5
HC09189,11,4/10/2025,Food Poisoning,4,3
HC09190,10,4/9/2024,Typhoid,5,3
HC09191,14,4/8/2025,Diarrheal Disease,4,3
HC09192,15,1/13/2025,Typhoid,24,4
HC09193,14,11/15/2025,Diarrheal Disease,9,3
HC09194,9,9/27/2025,Typhoid,14,2
HC09195,18,5/22/2024,Diarrheal Disease,33,4
HC09196,5,1/15/2025,Diarrheal Disease,22,4
HC09197,18,2/16/2024,Typhoid,4,2
HC09198,20,4/23/2025,Food Poisoning,35,3
HC09199,14,11/3/2025,Food Poisoning,38,3
HC09200,24,11/27/2025,Typhoid,8,4
HC09201,5,7/29/2024,Typhoid,3,5
HC09202,20,12/23/2025,Typhoid,38,1
HC09203,18,4/30/2025,Diarrheal Disease,5,3
HC09204,7,8/9/2024,Food Poisoning,13,2
HC09205,8,4/17/2024,Typhoid,20,2
HC09206,18,2/28/2025,Typhoid,11,1
HC09207,26,5/13/2025,Food Poisoning,38,2
HC09208,12,3/26/2024,Typhoid,5,2
HC09209,10,12/3/2024,Food Poisoning,33,2
HC09210,1,5/27/2024,Diarrheal Disease,27,1
HC09211,15,11/17/2025,Diarrheal Disease,6,4
HC09212,1,10/30/2025,Typhoid,33,4
HC09213,15,4/14/2024,Typhoid,32,3
HC09214,16,9/7/2024,Food Poisoning,27,2
HC09215,18,10/30/2025,Typhoid,15,2
HC09216,3,10/17/2025,Diarrheal Disease,29,4
HC09217,17,2/11/2024,Diarrheal Disease,3,2
HC09218,7,4/20/2025,Diarrheal Disease,2,5
HC09219,2,10/13/2024,Typhoid,1,2
HC09220,11,3/27/2025,Food Poisoning,10,4
HC09221,11,4/24/2024,Diarrheal Disease,13,3
HC09222,25,1/12/2025,Diarrheal Disease,20,4
HC09223,25,3/2/2024,Food Poisoning,8,1
HC09224,10,2/11/2025,Typhoid,24,5
HC09225,11,4/3/2024,Food Poisoning,14,4
HC09226,3,6/17/2025,Typhoid,23,2
HC09227,24,1/23/2025,Diarrheal Disease,35,4
HC09228,20,1/31/2024,Diarrheal Disease,7,2
HC09229,7,6/26/2025,Diarrheal Disease,30,4
HC09230,23,12/18/2024,Typhoid,2,3
HC09231,4,12/22/2024,Diarrheal Disease,13,2
HC09232,2,5/10/2024,Diarrheal Disease,10,5
HC09233,24,5/4/2024,Typhoid,27,4
HC09234,10,4/27/2024,Typhoid,20,1
HC09235,21,3/6/2025,Diarrheal Disease,11,4
HC09236,4,7/28/2024,Food Poisoning,34,3
HC09237,19,1/16/2024,Food Poisoning,14,3
HC09238,24,10/21/2024,Diarrheal Disease,30,2
HC09239,6,1/1/2025,Diarrheal Disease,12,5
HC09240,11,7/2/2024,Diarrheal Disease,17,1
HC09241,22,8/10/2025,Typhoid,21,4
HC09242,7,10/26/2024,Diarrheal Disease,31,3
HC09243,17,2/17/2024,Typhoid,38,1
HC09244,25,4/22/2025,Typhoid,15,2
HC09245,24,2/18/2024,Diarrheal Disease,17,3
HC09246,15,11/21/2025,Diarrheal Disease,24,4
HC09247,17,8/7/2024,Typhoid,24,4
HC09248,23,9/30/2025,Diarrheal Disease,1,4
HC09249,26,3/2/2025,Food Poisoning,8,1
HC09250,21,2/4/2024,Typhoid,36,5
HC09251,4,5/27/2024,Diarrheal Disease,18,2
HC09252,25,11/16/2024,Food Poisoning,30,5
HC09253,9,4/9/2024,Typhoid,39,1
HC09254,18,2/21/2025,Typhoid,29,5
HC09255,13,5/7/2025,Typhoid,23,1
HC09256,12,9/4/2024,Food Poisoning,25,3
HC09257,8,3/4/2025,Typhoid,4,5
HC09258,11,4/30/2025,Typhoid,14,3
HC09259,25,11/21/2024,Diarrheal Disease,13,4
HC09260,8,8/21/2024,Typhoid,21,3
HC09261,10,1/14/2025,Diarrheal Disease,27,2
HC09262,9,3/30/2025,Food Poisoning,6,2
HC09263,2,8/9/2025,Typhoid,22,2
HC09264,25,6/10/2024,Food Poisoning,3,4
HC09265,25,8/10/2025,Typhoid,38,5
HC09266,1,12/26/2025,Food Poisoning,30,3
HC09267,10,8/25/2024,Diarrheal Disease,16,5
HC09268,26,9/24/2025,Typhoid,37,5
HC09269,26,4/14/2025,Typhoid,5,2
HC09270,15,4/19/2025,Typhoid,11,4
HC09271,22,2/24/2024,Typhoid,4,5
HC09272,18,11/27/2024,Typhoid,31,1
HC09273,17,10/18/2025,Typhoid,15,3
HC09274,17,12/23/2024,Food Poisoning,39,2
HC09275,13,6/18/2024,Diarrheal Disease,25,4
HC09276,2,5/16/2024,Food Poisoning,5,2
HC09277,13,7/23/2024,Diarrheal Disease,31,3
HC09278,15,12/27/2025,Typhoid,36,4
HC09279,11,6/18/2024,Food Poisoning,22,4
HC09280,26,1/1/2025,Typhoid,18,5
HC09281,13,2/12/2025,Food Poisoning,39,5
HC09282,5,6/27/2025,Diarrheal Disease,28,5
HC09283,8,10/30/2024,Typhoid,30,3
HC09284,7,1/13/2025,Food Poisoning,26,5
HC09285,20,2/4/2025,Typhoid,28,4
HC09286,1,4/24/2025,Typhoid,15,5
HC09287,15,10/30/2024,Food Poisoning,1,1
HC09288,12,1/26/2024,Food Poisoning,5,3
HC09289,1,8/18/2025,Food Poisoning,13,1
HC09290,18,11/23/2024,Typhoid,8,2
HC09291,26,3/16/2024,Diarrheal Disease,32,4
HC09292,15,3/27/2025,Diarrheal Disease,7,3
HC09293,8,6/4/2024,Typhoid,12,5
HC09294,10,10/21/2025,Diarrheal Disease,24,1
HC09295,22,2/14/2024,Food Poisoning,17,1
HC09296,9,5/28/2024,Food Poisoning,9,4
HC09297,2,9/5/2024,Typhoid,38,2
HC09298,26,8/7/2025,Diarrheal Disease,12,2
HC09299,7,8/10/2025,Food Poisoning,11,2
HC09300,10,12/6/2025,Food Poisoning,17,4
HC09301,24,5/21/2025,Typhoid,2,1
HC09302,2,12/11/2025,Food Poisoning,3,3
HC09303,3,3/27/2024,Food Poisoning,26,4
HC09304,13,7/31/2025,Food Poisoning,15,5
HC09305,6,8/7/2024,Diarrheal Disease,9,2
HC09306,18,2/5/2025,Food Poisoning,30,2
HC09307,26,11/19/2025,Typhoid,7,4
HC09308,24,7/24/2024,Diarrheal Disease,8,1
HC09309,12,11/2/2025,Food Poisoning,16,3
HC09310,6,2/13/2025,Food Poisoning,1,4
HC09311,19,8/20/2025,Typhoid,12,5
HC09312,16,7/5/2024,Diarrheal Disease,36,4
HC09313,19,1/3/2024,Diarrheal Disease,27,3
HC09314,15,10/26/2024,Typhoid,4,4
HC09315,6,8/25/2025,Typhoid,21,2
HC09316,4,7/19/2025,Food Poisoning,24,2
HC09317,7,1/17/2025,Typhoid,7,2
HC09318,19,8/2/2024,Food Poisoning,3,5
HC09319,9,4/12/2024,Diarrheal Disease,26,1
HC09320,24,3/17/2025,Typhoid,29,4
HC09321,8,5/29/2024,Diarrheal Disease,38,4
HC09322,21,8/22/2025,Diarrheal Disease,39,1
HC09323,6,9/21/2025,Food Poisoning,37,2
HC09324,13,5/3/2025,Diarrheal Disease,36,5
HC09325,21,7/30/2025,Typhoid,3,4
HC09326,9,8/18/2025,Typhoid,8,4
HC09327,11,7/18/2025,Diarrheal Disease,7,2
HC09328,3,3/5/2025,Diarrheal Disease,20,1
HC09329,9,3/15/2025,Food Poisoning,31,3
HC09330,6,12/31/2024,Typhoid,33,1
HC09331,11,6/5/2025,Diarrheal Disease,15,5
HC09332,15,12/30/2025,Food Poisoning,15,2
HC09333,15,3/31/2025,Typhoid,23,3
HC09334,2,11/2/2024,Diarrheal Disease,16,4
HC09335,9,3/26/2025,Diarrheal Disease,2,2
HC09336,17,1/10/2024,Food Poisoning,15,5
HC09337,8,12/27/2025,Diarrheal Disease,20,5
HC09338,8,7/1/2024,Diarrheal Disease,33,5
HC09339,26,2/10/2025,Diarrheal Disease,30,2
HC09340,24,1/6/2025,Food Poisoning,32,4
HC09341,10,3/28/2025,Food Poisoning,28,4
HC09342,23,1/21/2024,Diarrheal Disease,27,1
HC09343,8,3/22/2025,Typhoid,16,1
HC09344,15,6/8/2024,Diarrheal Disease,9,2
HC09345,10,5/19/2025,Diarrheal Disease,13,1
HC09346,17,3/31/2025,Diarrheal Disease,33,3
HC09347,10,6/2/2025,Diarrheal Disease,16,5
HC09348,24,7/30/2025,Food Poisoning,15,4
HC09349,19,1/25/2024,Food Poisoning,32,4
HC09350,12,5/21/2025,Food Poisoning,10,3
HC09351,25,4/27/2024,Typhoid,21,5
HC09352,25,8/26/2024,Food Poisoning,27,5
HC09353,23,10/17/2024,Food Poisoning,9,3
HC09354,18,10/9/2024,Diarrheal Disease,8,4
HC09355,15,6/27/2025,Diarrheal Disease,32,4
HC09356,14,11/5/2025,Typhoid,20,2
HC09357,18,8/20/2025,Food Poisoning,19,5
HC09358,18,8/3/2025,Diarrheal Disease,13,1
HC09359,17,2/11/2025,Typhoid,13,2
HC09360,23,12/8/2024,Food Poisoning,17,3
HC09361,17,8/11/2025,Diarrheal Disease,5,1
HC09362,16,8/11/2024,Typhoid,2,4
HC09363,2,1/23/2025,Typhoid,39,1
HC09364,21,11/5/2025,Typhoid,3,3
HC09365,6,8/27/2025,Diarrheal Disease,32,5
HC09366,6,7/11/2025,Diarrheal Disease,35,3
HC09367,17,8/3/2024,Food Poisoning,39,3
HC09368,15,7/17/2024,Food Poisoning,17,3
HC09369,14,10/7/2024,Typhoid,25,2
HC09370,5,8/27/2025,Typhoid,33,2
HC09371,4,5/24/2025,Typhoid,5,2
HC09372,9,9/5/2025,Diarrheal Disease,17,4
HC09373,5,5/17/2024,Food Poisoning,27,5
HC09374,17,5/31/2025,Diarrheal Disease,22,2
HC09375,16,8/25/2024,Typhoid,6,2
HC09376,14,8/4/2024,Typhoid,4,3
HC09377,8,5/21/2025,Diarrheal Disease,6,2
HC09378,2,3/19/2025,Typhoid,10,4
HC09379,22,7/8/2024,Food Poisoning,30,5
HC09380,23,4/27/2025,Typhoid,10,5
HC09381,5,7/5/2024,Typhoid,25,2
HC09382,26,6/10/2024,Typhoid,19,4
HC09383,5,10/11/2025,Food Poisoning,31,5
HC09384,8,1/31/2025,Diarrheal Disease,28,2
HC09385,15,5/18/2024,Typhoid,32,1
HC09386,3,6/24/2024,Food Poisoning,4,1
HC09387,5,12/8/2025,Diarrheal Disease,21,1
HC09388,5,9/17/2024,Food Poisoning,7,2
HC09389,2,3/12/2024,Diarrheal Disease,17,2
HC09390,7,3/8/2025,Food Poisoning,6,2
HC09391,1,3/15/2025,Diarrheal Disease,19,5
HC09392,19,2/4/2025,Typhoid,11,5
HC09393,1,1/27/2025,Typhoid,27,4
HC09394,3,6/23/2025,Food Poisoning,7,4
HC09395,4,4/17/2024,Food Poisoning,5,2
HC09396,12,9/1/2025,Food Poisoning,21,5
HC09397,9,3/20/2024,Diarrheal Disease,2,1
HC09398,11,2/4/2024,Food Poisoning,25,2
HC09399,2,12/13/2025,Food Poisoning,12,5
HC09400,21,8/2/2024,Food Poisoning,9,5
HC09401,14,7/15/2024,Typhoid,33,4
HC09402,6,8/22/2024,Food Poisoning,10,1
HC09403,15,1/28/2024,Food Poisoning,15,3
HC09404,1,8/29/2024,Diarrheal Disease,27,2
HC09405,8,6/10/2025,Food Poisoning,7,5
HC09406,23,12/21/2024,Food Poisoning,19,4
HC09407,14,3/15/2024,Food Poisoning,23,3
HC09408,12,9/30/2025,Typhoid,20,2
HC09409,11,7/9/2024,Typhoid,22,2
HC09410,3,9/23/2024,Typhoid,24,3
HC09411,23,9/9/2024,Diarrheal Disease,28,3
HC09412,2,2/18/2024,Diarrheal Disease,6,3
HC09413,2,2/20/2025,Typhoid,6,2
HC09414,20,4/29/2025,Diarrheal Disease,35,1
HC09415,26,1/30/2025,Food Poisoning,28,3
HC09416,6,5/8/2025,Typhoid,18,2
HC09417,22,7/1/2024,Diarrheal Disease,21,4
HC09418,8,1/28/2024,Diarrheal Disease,33,2
HC09419,3,8/2/2025,Food Poisoning,1,5
HC09420,21,4/21/2025,Typhoid,36,1
HC09421,13,6/20/2024,Diarrheal Disease,35,2
HC09422,20,5/16/2025,Diarrheal Disease,10,5
HC09423,4,6/10/2025,Food Poisoning,32,5
HC09424,22,9/5/2025,Diarrheal Disease,30,2
HC09425,24,1/21/2025,Typhoid,23,2
HC09426,6,3/31/2025,Typhoid,38,2
HC09427,9,3/9/2025,Typhoid,38,3
HC09428,10,7/13/2025,Food Poisoning,38,3
HC09429,13,6/17/2024,Diarrheal Disease,18,3
HC09430,6,2/17/2025,Typhoid,21,4
HC09431,16,11/30/2024,Diarrheal Disease,11,5
HC09432,26,12/25/2024,Diarrheal Disease,25,3
HC09433,7,12/29/2024,Diarrheal Disease,27,2
HC09434,2,7/16/2025,Food Poisoning,33,2
HC09435,12,1/16/2024,Diarrheal Disease,9,5
HC09436,21,10/3/2025,Food Poisoning,29,5
HC09437,9,5/12/2024,Typhoid,39,3
HC09438,24,7/18/2025,Diarrheal Disease,8,2
HC09439,12,12/29/2025,Diarrheal Disease,34,3
HC09440,3,2/13/2025,Typhoid,20,5
HC09441,8,12/5/2025,Typhoid,33,2
HC09442,9,12/26/2025,Food Poisoning,9,4
HC09443,14,11/22/2025,Typhoid,14,4
HC09444,13,1/14/2025,Food Poisoning,21,1
HC09445,4,3/10/2025,Typhoid,36,1
HC09446,19,8/2/2024,Typhoid,36,4
HC09447,7,12/16/2025,Food Poisoning,26,3
HC09448,13,5/13/2025,Food Poisoning,35,3
HC09449,10,8/17/2024,Diarrheal Disease,32,5
HC09450,21,8/10/2024,Food Poisoning,24,1
HC09451,2,11/23/2024,Diarrheal Disease,28,4
HC09452,16,9/18/2024,Typhoid,24,1
HC09453,14,9/30/2025,Food Poisoning,21,3
HC09454,26,8/27/2025,Typhoid,16,2
HC09455,19,1/5/2024,Food Poisoning,19,1
HC09456,5,12/28/2024,Typhoid,32,5
HC09457,4,11/16/2025,Typhoid,29,3
HC09458,21,1/30/2024,Typhoid,35,5
HC09459,3,4/23/2024,Diarrheal Disease,28,2
HC09460,23,6/17/2025,Typhoid,6,4
HC09461,13,2/8/2024,Typhoid,25,5
HC09462,5,1/11/2025,Diarrheal Disease,36,3
HC09463,22,2/13/2025,Food Poisoning,11,2
HC09464,25,5/6/2024,Food Poisoning,6,4
HC09465,25,1/9/2025,Food Poisoning,24,4
HC09466,18,6/10/2025,Typhoid,29,1
HC09467,23,6/14/2024,Diarrheal Disease,33,4
HC09468,14,1/5/2025,Food Poisoning,18,4
HC09469,18,4/23/2024,Typhoid,20,3
HC09470,26,9/27/2025,Diarrheal Disease,18,1
HC09471,2,11/25/2025,Typhoid,20,5
HC09472,10,6/4/2024,Typhoid,29,4
HC09473,2,1/30/2025,Diarrheal Disease,34,3
HC09474,4,10/17/2025,Diarrheal Disease,2,5
HC09475,5,1/20/2025,Food Poisoning,5,1
HC09476,19,5/1/2024,Diarrheal Disease,25,5
HC09477,15,1/8/2024,Typhoid,1,2
HC09478,19,9/10/2025,Diarrheal Disease,12,4
HC09479,7,8/2/2025,Diarrheal Disease,27,3
HC09480,9,2/19/2024,Food Poisoning,10,3
HC09481,25,1/30/2025,Typhoid,7,5
HC09482,4,4/23/2024,Food Poisoning,34,4
HC09483,18,11/17/2024,Typhoid,20,1
HC09484,24,3/2/2024,Typhoid,2,4
HC09485,12,10/19/2025,Food Poisoning,26,4
HC09486,15,2/5/2024,Food Poisoning,29,1
HC09487,2,3/12/2024,Diarrheal Disease,24,1
HC09488,7,2/28/2025,Typhoid,18,2
HC09489,14,9/18/2024,Diarrheal Disease,38,2
HC09490,2,1/2/2025,Typhoid,19,3
HC09491,24,10/9/2025,Diarrheal Disease,8,2
HC09492,5,11/7/2025,Typhoid,27,5
HC09493,22,10/3/2024,Typhoid,21,1
HC09494,24,12/17/2025,Typhoid,22,4
HC09495,13,2/11/2025,Diarrheal Disease,8,3
HC09496,15,10/11/2025,Typhoid,25,1
HC09497,20,11/13/2024,Food Poisoning,24,5
HC09498,23,8/26/2025,Food Poisoning,14,3
HC09499,13,6/6/2024,Typhoid,38,1
HC09500,13,12/7/2024,Diarrheal Disease,27,2
HC09501,20,3/23/2025,Diarrheal Disease,6,2
HC09502,4,3/3/2024,Diarrheal Disease,25,1
HC09503,23,11/15/2024,Diarrheal Disease,1,1
HC09504,15,6/30/2025,Typhoid,13,5
HC09505,7,9/3/2025,Typhoid,22,1
HC09506,8,12/30/2024,Food Poisoning,31,5
HC09507,3,7/30/2025,Diarrheal Disease,9,1
HC09508,5,3/18/2024,Typhoid,15,1
HC09509,1,7/19/2024,Food Poisoning,30,1
HC09510,8,10/9/2025,Typhoid,31,4
HC09511,24,5/1/2025,Diarrheal Disease,16,3
HC09512,23,10/25/2025,Food Poisoning,9,4
HC09513,1,5/29/2024,Food Poisoning,11,1
HC09514,25,2/15/2025,Diarrheal Disease,22,3
HC09515,16,1/14/2025,Typhoid,16,4
HC09516,11,3/12/2025,Diarrheal Disease,38,3
HC09517,7,10/21/2024,Diarrheal Disease,33,2
HC09518,10,2/10/2024,Food Poisoning,35,3
HC09519,17,10/15/2024,Diarrheal Disease,26,5
HC09520,14,10/8/2025,Food Poisoning,20,5
HC09521,1,10/25/2025,Food Poisoning,9,5
HC09522,3,9/22/2024,Diarrheal Disease,34,4
HC09523,11,3/24/2025,Typhoid,13,3
HC09524,11,3/17/2024,Typhoid,26,1
HC09525,22,2/11/2025,Diarrheal Disease,2,4
HC09526,18,2/28/2025,Food Poisoning,8,2
HC09527,16,5/2/2024,Typhoid,28,3
HC09528,15,9/23/2024,Food Poisoning,4,1
HC09529,13,12/6/2025,Diarrheal Disease,34,1
HC09530,5,3/6/2025,Diarrheal Disease,14,2
HC09531,18,5/17/2025,Food Poisoning,7,5
HC09532,11,5/16/2024,Diarrheal Disease,32,2
HC09533,23,1/10/2024,Diarrheal Disease,23,5
HC09534,6,11/13/2025,Diarrheal Disease,21,3
HC09535,19,6/12/2025,Typhoid,28,2
HC09536,20,8/14/2024,Diarrheal Disease,26,1
HC09537,6,6/7/2024,Typhoid,15,1
HC09538,17,9/25/2024,Food Poisoning,13,1
HC09539,23,3/3/2024,Typhoid,30,3
HC09540,10,10/23/2024,Food Poisoning,14,2
HC09541,9,4/9/2025,Food Poisoning,26,5
HC09542,18,10/14/2025,Diarrheal Disease,17,4
HC09543,3,6/23/2024,Diarrheal Disease,6,4
HC09544,8,6/9/2025,Food Poisoning,7,1
HC09545,1,2/10/2024,Food Poisoning,15,4
HC09546,1,7/16/2024,Food Poisoning,27,4
HC09547,9,10/22/2024,Diarrheal Disease,8,3
HC09548,26,9/26/2025,Food Poisoning,26,2
HC09549,19,9/11/2024,Diarrheal Disease,10,5
HC09550,19,1/2/2025,Typhoid,37,3
HC09551,24,9/17/2025,Diarrheal Disease,7,1
HC09552,23,12/4/2024,Food Poisoning,20,1
HC09553,14,1/9/2024,Diarrheal Disease,36,2
HC09554,6,2/22/2025,Typhoid,38,4
HC09555,13,12/31/2024,Typhoid,24,4
HC09556,6,11/10/2025,Food Poisoning,6,4
HC09557,13,11/20/2024,Food Poisoning,38,3
HC09558,14,3/1/2025,Food Poisoning,16,3
HC09559,18,4/20/2024,Food Poisoning,4,5
HC09560,25,4/28/2025,Food Poisoning,33,5
HC09561,10,12/1/2024,Diarrheal Disease,15,3
HC09562,3,2/11/2024,Typhoid,10,2
HC09563,21,6/3/2025,Typhoid,12,5
HC09564,10,4/5/2024,Typhoid,3,5
HC09565,24,4/20/2025,Diarrheal Disease,7,1
HC09566,4,12/26/2024,Food Poisoning,12,2
HC09567,2,6/17/2024,Typhoid,27,1
HC09568,23,3/12/2024,Typhoid,26,1
HC09569,15,1/10/2024,Diarrheal Disease,19,1
HC09570,17,11/2/2024,Diarrheal Disease,31,4
HC09571,13,3/4/2025,Food Poisoning,26,4
HC09572,12,9/10/2025,Typhoid,36,2
HC09573,23,2/24/2024,Diarrheal Disease,20,1
HC09574,13,3/15/2025,Food Poisoning,18,1
HC09575,21,11/2/2025,Food Poisoning,39,2
HC09576,17,10/17/2024,Food Poisoning,17,1
HC09577,1,5/30/2024,Food Poisoning,30,5
HC09578,2,10/17/2025,Food Poisoning,24,2
HC09579,25,9/4/2025,Food Poisoning,29,3
HC09580,13,10/3/2025,Typhoid,34,3
HC09581,16,10/5/2025,Typhoid,34,3
HC09582,25,6/25/2025,Food Poisoning,38,3
HC09583,10,7/13/2024,Diarrheal Disease,31,1
HC09584,23,5/19/2025,Food Poisoning,18,2
HC09585,12,7/25/2024,Food Poisoning,14,4
HC09586,19,7/11/2025,Typhoid,35,1
HC09587,5,3/6/2024,Typhoid,37,1
HC09588,20,5/21/2024,Diarrheal Disease,12,5
HC09589,20,1/9/2025,Typhoid,15,1
HC09590,3,2/7/2024,Diarrheal Disease,21,4
HC09591,26,8/12/2025,Food Poisoning,26,1
HC09592,1,3/4/2025,Food Poisoning,14,5
HC09593,4,11/10/2025,Typhoid,3,4
HC09594,18,1/17/2024,Diarrheal Disease,32,3
HC09595,14,11/4/2024,Typhoid,12,1
HC09596,10,6/4/2024,Food Poisoning,6,3
HC09597,12,5/17/2024,Food Poisoning,35,4
HC09598,16,10/2/2025,Food Poisoning,7,2
HC09599,6,11/8/2025,Typhoid,21,2
HC09600,5,1/2/2025,Food Poisoning,16,2
HC09601,9,2/8/2025,Diarrheal Disease,34,5
HC09602,25,11/16/2025,Food Poisoning,20,3
HC09603,4,11/16/2024,Diarrheal Disease,15,2
HC09604,25,11/9/2024,Diarrheal Disease,8,4
HC09605,9,8/2/2024,Typhoid,37,5
HC09606,23,2/28/2024,Food Poisoning,36,2
HC09607,17,9/12/2024,Diarrheal Disease,11,2
HC09608,25,8/31/2025,Food Poisoning,25,2
HC09609,16,7/22/2024,Food Poisoning,26,3
HC09610,17,7/28/2024,Food Poisoning,32,2
HC09611,1,4/6/2024,Typhoid,20,4
HC09612,21,5/4/2024,Typhoid,3,2
HC09613,16,3/24/2024,Typhoid,28,3
HC09614,6,4/16/2025,Diarrheal Disease,13,4
HC09615,14,10/23/2024,Food Poisoning,39,4
HC09616,11,9/7/2025,Diarrheal Disease,27,4
HC09617,23,4/6/2025,Diarrheal Disease,27,3
HC09618,24,5/27/2024,Typhoid,10,4
HC09619,19,10/22/2025,Food Poisoning,9,3
HC09620,12,4/29/2025,Typhoid,9,1
HC09621,21,10/9/2024,Food Poisoning,7,2
HC09622,6,12/30/2025,Food Poisoning,25,3
HC09623,5,10/30/2024,Food Poisoning,12,4
HC09624,2,3/18/2024,Typhoid,20,4
HC09625,4,12/3/2024,Diarrheal Disease,12,4
HC09626,2,9/21/2025,Typhoid,29,4
HC09627,13,12/17/2024,Diarrheal Disease,20,2
HC09628,19,1/25/2024,Typhoid,30,5
HC09629,4,3/11/2025,Food Poisoning,26,2
HC09630,5,11/24/2025,Typhoid,18,2
HC09631,17,1/22/2025,Diarrheal Disease,36,2
HC09632,11,9/9/2024,Food Poisoning,29,2
HC09633,5,3/2/2024,Typhoid,23,4
HC09634,25,6/12/2025,Food Poisoning,17,3
HC09635,19,4/18/2024,Food Poisoning,38,2
HC09636,20,4/5/2024,Typhoid,39,5
HC09637,12,12/31/2024,Diarrheal Disease,25,2
HC09638,11,12/22/2024,Typhoid,20,4
HC09639,11,9/15/2025,Diarrheal Disease,24,3
HC09640,5,12/25/2025,Typhoid,29,4
HC09641,24,9/10/2024,Food Poisoning,25,3
HC09642,13,3/14/2025,Diarrheal Disease,34,2
HC09643,24,7/8/2024,Food Poisoning,18,1
HC09644,12,1/29/2024,Typhoid,27,2
HC09645,16,6/27/2025,Diarrheal Disease,7,4
HC09646,20,1/11/2025,Food Poisoning,23,3
HC09647,18,5/1/2025,Typhoid,39,2
HC09648,12,11/25/2024,Diarrheal Disease,29,1
HC09649,18,11/15/2025,Diarrheal Disease,38,1
HC09650,10,7/9/2024,Typhoid,16,2
HC09651,22,1/3/2024,Diarrheal Disease,22,3
HC09652,13,7/6/2024,Food Poisoning,29,1
HC09653,19,3/8/2024,Food Poisoning,28,2
HC09654,23,9/23/2024,Diarrheal Disease,8,4
HC09655,26,7/10/2024,Food Poisoning,32,3
HC09656,11,12/2/2025,Diarrheal Disease,16,2
HC09657,26,8/24/2025,Food Poisoning,9,5
HC09658,20,8/19/2024,Typhoid,12,2
HC09659,3,8/5/2024,Food Poisoning,6,4
HC09660,26,2/11/2025,Diarrheal Disease,9,1
HC09661,15,3/18/2025,Diarrheal Disease,18,1
HC09662,18,5/31/2025,Diarrheal Disease,17,4
HC09663,3,8/9/2024,Food Poisoning,6,3
HC09664,14,1/7/2025,Typhoid,33,5
HC09665,7,9/17/2025,Typhoid,32,3
HC09666,7,11/20/2024,Diarrheal Disease,4,5
HC09667,20,7/14/2025,Food Poisoning,25,5
HC09668,5,4/4/2024,Diarrheal Disease,34,4
HC09669,26,7/30/2024,Diarrheal Disease,6,1
HC09670,4,1/30/2024,Food Poisoning,33,2
HC09671,17,3/27/2025,Diarrheal Disease,39,4
HC09672,16,9/13/2024,Typhoid,6,2
HC09673,10,12/2/2024,Typhoid,20,5
HC09674,8,3/2/2025,Typhoid,21,5
HC09675,11,7/12/2025,Typhoid,8,2
HC09676,23,6/11/2024,Food Poisoning,4,3
HC09677,9,2/26/2025,Food Poisoning,28,1
HC09678,21,1/30/2024,Typhoid,17,1
HC09679,8,12/25/2025,Food Poisoning,26,5
HC09680,13,8/15/2025,Typhoid,16,3
HC09681,8,6/25/2025,Diarrheal Disease,11,2
HC09682,14,1/25/2024,Diarrheal Disease,22,5
HC09683,24,8/22/2024,Diarrheal Disease,12,4
HC09684,10,1/19/2025,Typhoid,8,4
HC09685,26,4/15/2024,Diarrheal Disease,2,5
HC09686,21,10/15/2024,Food Poisoning,36,1
HC09687,24,7/27/2024,Typhoid,3,1
HC09688,1,4/15/2024,Diarrheal Disease,20,1
HC09689,11,1/21/2025,Typhoid,34,1
HC09690,10,10/19/2024,Food Poisoning,3,5
HC09691,3,9/27/2025,Typhoid,3,2
HC09692,14,2/13/2024,Typhoid,38,5
HC09693,24,5/19/2025,Diarrheal Disease,37,5
HC09694,16,9/13/2025,Food Poisoning,31,5
HC09695,2,11/25/2025,Food Poisoning,39,3
HC09696,16,12/18/2025,Typhoid,37,3
HC09697,13,11/16/2025,Diarrheal Disease,10,2
HC09698,22,6/9/2025,Food Poisoning,9,5
HC09699,11,6/12/2024,Diarrheal Disease,19,1
HC09700,14,5/20/2025,Food Poisoning,7,3
HC09701,22,12/7/2024,Diarrheal Disease,24,4
HC09702,20,12/30/2025,Food Poisoning,29,5
HC09703,22,7/18/2025,Typhoid,37,2
HC09704,24,4/28/2025,Diarrheal Disease,14,3
HC09705,2,1/20/2025,Typhoid,29,1
HC09706,3,3/27/2024,Food Poisoning,9,3
HC09707,8,12/12/2024,Typhoid,6,2
HC09708,6,5/1/2025,Food Poisoning,11,2
HC09709,9,6/15/2024,Diarrheal Disease,3,2
HC09710,22,2/9/2025,Typhoid,30,2
HC09711,8,10/15/2025,Diarrheal Disease,1,2
HC09712,7,12/6/2025,Diarrheal Disease,10,3
HC09713,15,7/29/2025,Typhoid,35,5
HC09714,16,9/17/2025,Diarrheal Disease,13,2
HC09715,22,7/29/2024,Diarrheal Disease,31,1
HC09716,2,9/18/2024,Typhoid,38,5
HC09717,3,8/10/2025,Food Poisoning,35,1
HC09718,4,3/14/2025,Food Poisoning,1,4
HC09719,11,4/6/2025,Typhoid,32,2
HC09720,3,8/31/2025,Typhoid,14,4
HC09721,8,8/18/2024,Typhoid,30,2
HC09722,7,4/23/2024,Typhoid,32,1
HC09723,18,7/11/2024,Food Poisoning,37,2
HC09724,14,12/12/2025,Typhoid,1,1
HC09725,13,2/24/2024,Food Poisoning,15,5
HC09726,2,1/14/2025,Food Poisoning,25,1
HC09727,15,11/25/2025,Diarrheal Disease,11,5
HC09728,4,3/27/2024,Diarrheal Disease,17,4
HC09729,15,7/30/2024,Typhoid,2,5
HC09730,12,10/14/2024,Food Poisoning,1,4
HC09731,2,3/25/2025,Diarrheal Disease,34,5
HC09732,21,9/24/2024,Food Poisoning,9,3
HC09733,22,9/11/2025,Typhoid,20,1
HC09734,7,2/2/2025,Typhoid,12,4
HC09735,4,7/1/2024,Typhoid,27,4
HC09736,25,8/23/2025,Typhoid,22,1
HC09737,19,11/2/2025,Typhoid,12,4
HC09738,24,1/12/2024,Diarrheal Disease,34,4
HC09739,21,9/4/2024,Diarrheal Disease,36,3
HC09740,20,5/27/2025,Food Poisoning,6,5
HC09741,18,8/25/2024,Food Poisoning,27,2
HC09742,3,12/9/2025,Food Poisoning,33,4
HC09743,24,5/5/2025,Typhoid,6,1
HC09744,5,6/11/2025,Typhoid,25,5
HC09745,3,4/29/2025,Food Poisoning,18,4
HC09746,17,7/6/2025,Food Poisoning,14,4
HC09747,17,1/2/2024,Typhoid,2,5
HC09748,1,11/3/2024,Food Poisoning,14,1
HC09749,2,2/10/2024,Typhoid,37,2
HC09750,9,4/17/2025,Typhoid,19,4
HC09751,2,1/4/2024,Typhoid,11,4
HC09752,13,6/8/2025,Typhoid,18,3
HC09753,16,5/27/2025,Diarrheal Disease,15,5
HC09754,26,7/6/2025,Diarrheal Disease,30,4
HC09755,26,1/30/2025,Diarrheal Disease,21,1
HC09756,8,4/20/2024,Typhoid,29,3
HC09757,15,8/6/2024,Food Poisoning,1,4
HC09758,22,12/21/2024,Typhoid,18,4
HC09759,24,2/1/2025,Diarrheal Disease,20,4
HC09760,17,4/23/2025,Typhoid,30,5
HC09761,10,12/9/2025,Diarrheal Disease,28,1
HC09762,9,9/13/2024,Food Poisoning,30,4
HC09763,12,6/30/2024,Food Poisoning,11,4
HC09764,17,9/18/2024,Food Poisoning,32,1
HC09765,2,8/13/2024,Typhoid,24,5
HC09766,15,9/28/2024,Typhoid,39,1
HC09767,12,7/26/2025,Typhoid,37,5
HC09768,26,1/8/2025,Diarrheal Disease,12,3
HC09769,4,2/21/2024,Diarrheal Disease,27,3
HC09770,22,4/25/2025,Diarrheal Disease,18,3
HC09771,19,3/8/2025,Typhoid,32,5
HC09772,17,2/19/2025,Food Poisoning,9,4
HC09773,7,1/22/2025,Diarrheal Disease,9,1
HC09774,25,8/1/2025,Diarrheal Disease,32,2
HC09775,2,1/7/2025,Typhoid,29,1
HC09776,6,12/3/2024,Typhoid,21,1
HC09777,17,2/16/2025,Diarrheal Disease,23,5
HC09778,25,1/11/2024,Diarrheal Disease,18,1
HC09779,23,8/4/2024,Food Poisoning,24,4
HC09780,12,12/1/2024,Typhoid,24,3
HC09781,11,2/17/2025,Diarrheal Disease,9,4
HC09782,6,4/6/2025,Typhoid,25,3
HC09783,7,3/10/2025,Typhoid,19,3
HC09784,18,9/3/2025,Diarrheal Disease,7,3
HC09785,26,11/25/2024,Typhoid,8,4
HC09786,6,4/10/2025,Typhoid,3,4
HC09787,7,2/25/2025,Typhoid,21,1
HC09788,8,4/9/2025,Diarrheal Disease,18,5
HC09789,18,7/17/2024,Food Poisoning,17,3
HC09790,22,10/9/2025,Food Poisoning,23,5
HC09791,6,8/18/2025,Food Poisoning,3,5
HC09792,5,7/25/2025,Typhoid,9,4
HC09793,2,5/9/2024,Typhoid,7,1
HC09794,20,9/11/2025,Food Poisoning,38,2
HC09795,6,7/16/2025,Food Poisoning,12,4
HC09796,9,5/7/2024,Typhoid,29,3
HC09797,15,4/6/2025,Food Poisoning,9,2
HC09798,15,8/8/2025,Food Poisoning,29,5
HC09799,2,11/1/2025,Typhoid,1,5
HC09800,7,9/14/2025,Typhoid,34,2
HC09801,23,6/21/2024,Typhoid,11,2
HC09802,3,5/25/2025,Typhoid,16,1
HC09803,21,2/25/2024,Food Poisoning,34,2
HC09804,23,6/22/2024,Food Poisoning,38,3
HC09805,15,10/20/2024,Diarrheal Disease,35,2
HC09806,5,7/20/2024,Food Poisoning,12,3
HC09807,18,8/29/2025,Food Poisoning,29,1
HC09808,14,11/18/2024,Food Poisoning,8,2
HC09809,20,12/13/2025,Typhoid,31,5
HC09810,26,2/24/2024,Typhoid,5,3
HC09811,11,4/14/2025,Diarrheal Disease,21,2
HC09812,20,9/25/2025,Diarrheal Disease,25,5
HC09813,9,2/21/2025,Diarrheal Disease,15,5
HC09814,14,10/8/2025,Food Poisoning,6,2
HC09815,25,1/5/2024,Typhoid,20,3
HC09816,9,1/5/2025,Diarrheal Disease,13,3
HC09817,15,2/24/2025,Food Poisoning,11,5
HC09818,22,8/17/2024,Typhoid,34,1
HC09819,14,1/15/2024,Diarrheal Disease,24,4
HC09820,11,10/29/2024,Typhoid,35,2
HC09821,17,8/6/2024,Diarrheal Disease,20,1
HC09822,15,8/15/2025,Food Poisoning,24,2
HC09823,9,4/10/2025,Food Poisoning,13,5
HC09824,16,10/26/2025,Food Poisoning,32,5
HC09825,9,12/10/2025,Food Poisoning,38,4
HC09826,22,2/1/2024,Diarrheal Disease,24,3
HC09827,23,8/10/2025,Food Poisoning,33,1
HC09828,8,5/11/2025,Typhoid,15,1
HC09829,10,6/12/2025,Diarrheal Disease,20,3
HC09830,19,2/14/2024,Typhoid,38,4
HC09831,11,8/22/2025,Diarrheal Disease,24,4
HC09832,20,7/12/2025,Food Poisoning,8,4
HC09833,20,3/14/2025,Food Poisoning,19,1
HC09834,8,4/8/2025,Typhoid,16,2
HC09835,22,6/8/2024,Diarrheal Disease,5,1
HC09836,20,4/13/2025,Typhoid,19,1
HC09837,11,3/26/2025,Typhoid,18,2
HC09838,22,2/4/2024,Food Poisoning,20,3
HC09839,15,7/15/2024,Food Poisoning,29,4
HC09840,12,12/15/2025,Diarrheal Disease,5,3
HC09841,2,5/24/2024,Food Poisoning,26,4
HC09842,21,5/7/2024,Food Poisoning,34,5
HC09843,8,7/20/2024,Food Poisoning,29,1
HC09844,21,11/29/2024,Diarrheal Disease,25,5
HC09845,11,2/3/2024,Diarrheal Disease,27,1
HC09846,6,1/25/2024,Typhoid,17,3
HC09847,11,1/28/2025,Typhoid,22,2
HC09848,14,4/11/2024,Food Poisoning,31,4
HC09849,20,12/2/2024,Diarrheal Disease,32,5
HC09850,21,2/24/2024,Food Poisoning,28,3
HC09851,26,1/19/2025,Typhoid,3,3
HC09852,19,1/7/2025,Food Poisoning,12,3
HC09853,4,8/14/2024,Diarrheal Disease,14,4
HC09854,18,7/25/2025,Food Poisoning,29,2
HC09855,4,12/2/2024,Food Poisoning,31,1
HC09856,25,4/2/2025,Typhoid,12,5
HC09857,12,9/11/2024,Diarrheal Disease,14,4
HC09858,18,4/16/2024,Food Poisoning,18,3
HC09859,17,9/7/2024,Typhoid,22,2
HC09860,21,5/8/2025,Food Poisoning,32,5
HC09861,5,10/1/2024,Food Poisoning,17,4
HC09862,3,7/8/2024,Typhoid,26,5
HC09863,25,1/16/2025,Typhoid,5,3
HC09864,7,2/5/2024,Diarrheal Disease,38,1
HC09865,18,7/26/2025,Typhoid,26,1
HC09866,6,3/29/2024,Food Poisoning,17,5
HC09867,4,12/1/2024,Diarrheal Disease,7,2
HC09868,16,9/25/2024,Typhoid,21,2
HC09869,26,4/7/2025,Diarrheal Disease,31,3
HC09870,5,8/14/2025,Typhoid,17,4
HC09871,9,7/5/2024,Food Poisoning,30,4
HC09872,13,12/23/2024,Typhoid,2,2
HC09873,21,6/4/2025,Diarrheal Disease,31,5
HC09874,2,3/27/2024,Diarrheal Disease,11,3
HC09875,26,11/7/2024,Food Poisoning,9,5
HC09876,14,6/14/2024,Diarrheal Disease,3,4
HC09877,2,1/19/2024,Diarrheal Disease,27,3
HC09878,6,2/25/2024,Typhoid,6,1
HC09879,9,5/17/2025,Food Poisoning,31,5
HC09880,19,5/22/2024,Typhoid,35,3
HC09881,5,12/25/2024,Food Poisoning,4,2
HC09882,23,10/16/2025,Typhoid,4,5
HC09883,4,4/6/2025,Typhoid,12,3
HC09884,13,11/26/2024,Diarrheal Disease,29,1
HC09885,17,6/5/2024,Food Poisoning,34,2
HC09886,14,12/30/2024,Food Poisoning,31,1
HC09887,22,11/3/2024,Diarrheal Disease,18,1
HC09888,13,9/20/2024,Typhoid,13,3
HC09889,16,9/20/2025,Typhoid,13,4
HC09890,7,11/15/2025,Diarrheal Disease,9,1
HC09891,14,2/18/2025,Food Poisoning,25,1
HC09892,17,11/2/2025,Food Poisoning,22,5
HC09893,22,8/20/2025,Diarrheal Disease,3,3
HC09894,10,1/16/2024,Diarrheal Disease,29,1
HC09895,5,1/12/2025,Typhoid,32,4
HC09896,17,1/19/2024,Food Poisoning,4,4
HC09897,3,1/31/2025,Food Poisoning,35,5
HC09898,11,9/18/2025,Diarrheal Disease,13,2
HC09899,26,10/4/2024,Typhoid,20,3
HC09900,20,8/7/2024,Typhoid,1,2
HC09901,24,1/11/2024,Diarrheal Disease,31,5
HC09902,13,12/12/2025,Diarrheal Disease,33,4
HC09903,5,2/19/2024,Food Poisoning,28,2
HC09904,25,9/14/2025,Diarrheal Disease,25,2
HC09905,4,2/23/2024,Food Poisoning,39,4
HC09906,11,7/17/2024,Typhoid,22,1
HC09907,22,8/10/2025,Food Poisoning,34,2
HC09908,20,1/22/2024,Typhoid,17,5
HC09909,22,7/3/2025,Food Poisoning,18,4
HC09910,4,6/14/2024,Food Poisoning,24,2
HC09911,21,6/12/2024,Food Poisoning,1,2
HC09912,1,6/1/2024,Food Poisoning,10,2
HC09913,26,11/1/2024,Food Poisoning,8,1
HC09914,14,2/2/2024,Typhoid,36,1
HC09915,3,4/14/2024,Diarrheal Disease,18,1
HC09916,15,11/11/2025,Diarrheal Disease,35,2
HC09917,1,10/26/2025,Typhoid,23,2
HC09918,23,3/15/2025,Typhoid,19,4
HC09919,10,8/9/2025,Typhoid,31,3
HC09920,26,9/16/2025,Typhoid,19,1
HC09921,18,11/24/2024,Diarrheal Disease,8,4
HC09922,6,11/23/2024,Diarrheal Disease,1,4
HC09923,21,3/13/2024,Diarrheal Disease,23,3
HC09924,11,10/13/2024,Diarrheal Disease,33,1
HC09925,9,9/25/2025,Food Poisoning,7,1
HC09926,20,12/30/2025,Typhoid,8,1
HC09927,11,2/26/2024,Typhoid,39,4
HC09928,5,10/14/2024,Food Poisoning,38,4
HC09929,6,7/16/2024,Typhoid,36,3
HC09930,21,5/3/2024,Diarrheal Disease,14,4
HC09931,10,3/4/2024,Diarrheal Disease,10,5
HC09932,22,2/1/2025,Typhoid,16,4
HC09933,2,9/21/2025,Diarrheal Disease,29,1
HC09934,1,2/17/2024,Typhoid,8,3
HC09935,13,11/2/2024,Food Poisoning,5,4
HC09936,26,11/27/2024,Food Poisoning,7,1
HC09937,19,4/25/2025,Typhoid,24,2
HC09938,8,11/26/2024,Food Poisoning,9,4
HC09939,16,2/20/2024,Food Poisoning,36,2
HC09940,22,9/28/2024,Typhoid,2,4
HC09941,17,1/5/2024,Food Poisoning,24,2
HC09942,5,7/7/2025,Diarrheal Disease,8,2
HC09943,21,12/4/2025,Food Poisoning,8,5
HC09944,12,10/15/2025,Typhoid,1,2
HC09945,1,10/7/2024,Typhoid,22,1
HC09946,4,6/8/2025,Diarrheal Disease,8,1
HC09947,6,2/15/2024,Diarrheal Disease,37,3
HC09948,7,5/12/2024,Diarrheal Disease,9,3
HC09949,3,2/10/2025,Diarrheal Disease,16,5
HC09950,20,1/8/2025,Food Poisoning,16,4
HC09951,11,2/21/2025,Diarrheal Disease,28,2
HC09952,25,7/1/2024,Diarrheal Disease,38,1
HC09953,9,1/21/2025,Typhoid,3,3
HC09954,15,6/16/2024,Diarrheal Disease,25,4
HC09955,13,2/21/2025,Diarrheal Disease,6,2
HC09956,22,2/27/2025,Diarrheal Disease,3,2
HC09957,12,4/14/2024,Typhoid,11,1
HC09958,18,4/12/2024,Food Poisoning,16,2
HC09959,6,8/18/2025,Typhoid,12,5
HC09960,23,12/18/2025,Food Poisoning,39,3
HC09961,11,10/3/2024,Diarrheal Disease,34,5
HC09962,16,7/20/2025,Typhoid,30,2
HC09963,24,6/10/2024,Food Poisoning,37,5
HC09964,26,3/22/2024,Food Poisoning,38,3
HC09965,17,7/14/2025,Food Poisoning,18,4
HC09966,6,1/23/2024,Food Poisoning,9,4
HC09967,6,11/27/2024,Typhoid,20,5
HC09968,10,5/25/2025,Food Poisoning,21,4
HC09969,13,9/22/2024,Typhoid,35,4
HC09970,20,2/27/2025,Typhoid,22,4
HC09971,1,1/17/2024,Food Poisoning,5,5
HC09972,12,10/28/2024,Diarrheal Disease,13,4
HC09973,11,6/26/2025,Food Poisoning,4,1
HC09974,25,7/8/2025,Typhoid,18,3
HC09975,16,6/4/2024,Diarrheal Disease,35,1
HC09976,21,7/22/2025,Food Poisoning,8,2
HC09977,6,6/27/2025,Food Poisoning,18,4
HC09978,10,7/15/2024,Diarrheal Disease,27,2
HC09979,13,5/29/2024,Food Poisoning,14,3
HC09980,13,10/14/2025,Typhoid,17,1
HC09981,5,2/22/2024,Food Poisoning,19,4
HC09982,5,1/19/2025,Food Poisoning,3,3
HC09983,15,1/10/2024,Diarrheal Disease,25,1
HC09984,17,12/10/2024,Food Poisoning,6,3
HC09985,5,2/12/2025,Diarrheal Disease,33,5
HC09986,16,11/7/2025,Diarrheal Disease,3,4
HC09987,22,7/17/2024,Food Poisoning,22,5
HC09988,15,2/17/2024,Diarrheal Disease,10,4
HC09989,4,11/16/2025,Typhoid,33,3
HC09990,2,1/14/2024,Typhoid,31,2
HC09991,8,12/14/2024,Diarrheal Disease,3,4
HC09992,20,1/20/2024,Food Poisoning,9,1
HC09993,3,5/29/2025,Diarrheal Disease,5,3
HC09994,4,10/5/2025,Food Poisoning,22,3
HC09995,19,2/11/2025,Food Poisoning,19,1
HC09996,23,2/27/2025,Diarrheal Disease,6,3
HC09997,25,5/27/2024,Diarrheal Disease,5,5
HC09998,16,7/22/2025,Food Poisoning,22,3
HC09999,19,7/17/2025,Typhoid,30,3
HC10000,19,6/18/2025,Diarrheal Disease,30,5
HC10001,16,7/13/2024,Diarrheal Disease,12,5
HC10002,9,9/1/2025,Food Poisoning,10,3
HC10003,23,4/27/2025,Typhoid,32,4
HC10004,3,3/15/2025,Diarrheal Disease,18,2
HC10005,3,1/20/2025,Typhoid,10,4
HC10006,21,4/5/2025,Food Poisoning,13,3
HC10007,21,8/21/2025,Typhoid,29,4
HC10008,22,3/8/2025,Diarrheal Disease,37,4
HC10009,12,7/10/2024,Diarrheal Disease,6,2
HC10010,24,6/27/2025,Food Poisoning,29,3
HC10011,23,9/28/2025,Typhoid,20,5
HC10012,7,12/2/2025,Diarrheal Disease,22,4
HC10013,15,5/31/2024,Diarrheal Disease,6,3
HC10014,4,12/14/2024,Diarrheal Disease,17,4
HC10015,25,5/17/2025,Typhoid,20,5
HC10016,10,4/17/2025,Food Poisoning,26,3
HC10017,3,2/26/2024,Typhoid,26,5
HC10018,22,4/29/2024,Food Poisoning,18,3
HC10019,13,6/4/2024,Food Poisoning,38,1
HC10020,18,1/19/2024,Diarrheal Disease,20,1
HC10021,24,5/31/2025,Food Poisoning,17,4
HC10022,8,2/26/2024,Food Poisoning,9,3
HC10023,24,1/19/2024,Food Poisoning,30,4
HC10024,17,5/8/2024,Typhoid,26,1
HC10025,8,10/23/2024,Diarrheal Disease,15,4
HC10026,23,2/10/2024,Food Poisoning,34,3
HC10027,19,5/18/2024,Diarrheal Disease,37,4
HC10028,10,8/29/2025,Typhoid,28,4
HC10029,22,10/9/2024,Food Poisoning,2,1
HC10030,8,2/29/2024,Food Poisoning,11,3
HC10031,2,2/19/2024,Food Poisoning,17,5
HC10032,5,5/28/2024,Typhoid,36,5
HC10033,8,1/12/2025,Food Poisoning,35,2
HC10034,10,11/16/2025,Food Poisoning,12,1
HC10035,16,1/22/2024,Diarrheal Disease,8,1
HC10036,3,12/5/2024,Typhoid,3,5
HC10037,21,7/30/2024,Typhoid,36,3
HC10038,13,10/2/2024,Food Poisoning,6,3
HC10039,1,7/11/2025,Diarrheal Disease,5,5
HC10040,17,10/28/2025,Typhoid,30,1
HC10041,6,8/16/2024,Typhoid,30,4
HC10042,14,2/29/2024,Food Poisoning,19,5
HC10043,4,8/29/2024,Diarrheal Disease,24,1
HC10044,7,4/23/2024,Typhoid,25,2
HC10045,1,10/18/2024,Food Poisoning,21,3
HC10046,19,2/1/2025,Typhoid,27,5
HC10047,16,9/10/2024,Diarrheal Disease,37,1
HC10048,5,2/26/2024,Typhoid,17,5
HC10049,18,5/8/2025,Food Poisoning,33,4
HC10050,23,6/10/2024,Typhoid,13,1
HC10051,26,1/3/2024,Typhoid,5,3
HC10052,7,7/1/2024,Food Poisoning,14,5
HC10053,18,1/23/2024,Diarrheal Disease,32,3
HC10054,26,5/2/2025,Typhoid,30,4
HC10055,25,3/9/2024,Food Poisoning,32,3
HC10056,20,12/24/2025,Diarrheal Disease,4,1
HC10057,7,8/6/2024,Typhoid,23,3
HC10058,12,10/16/2025,Food Poisoning,23,5
HC10059,17,10/14/2024,Diarrheal Disease,28,5
HC10060,26,12/15/2025,Typhoid,13,4
HC10061,19,6/17/2025,Typhoid,38,3
HC10062,1,6/6/2024,Typhoid,18,1
HC10063,10,1/9/2024,Food Poisoning,18,5
HC10064,5,6/21/2024,Food Poisoning,29,4
HC10065,7,10/19/2025,Typhoid,11,3
HC10066,11,7/17/2025,Food Poisoning,27,2
HC10067,8,6/20/2025,Diarrheal Disease,12,5
HC10068,3,3/22/2025,Typhoid,35,1
HC10069,12,6/19/2025,Diarrheal Disease,22,3
HC10070,2,8/2/2025,Food Poisoning,12,2
HC10071,4,6/2/2025,Typhoid,38,1
HC10072,23,2/18/2025,Food Poisoning,20,3
HC10073,14,9/5/2025,Diarrheal Disease,28,2
HC10074,9,5/8/2025,Diarrheal Disease,34,2
HC10075,26,9/2/2024,Typhoid,35,1
HC10076,14,3/17/2024,Typhoid,14,1
HC10077,16,8/11/2025,Food Poisoning,14,2
HC10078,4,1/14/2025,Diarrheal Disease,22,4
HC10079,9,7/19/2025,Typhoid,29,2
HC10080,17,11/30/2025,Typhoid,11,1
HC10081,8,4/6/2025,Typhoid,23,5
HC10082,3,11/23/2024,Diarrheal Disease,10,3
HC10083,2,4/7/2025,Diarrheal Disease,26,3
HC10084,3,8/24/2025,Diarrheal Disease,29,3
HC10085,1,11/24/2025,Diarrheal Disease,25,5
HC10086,22,10/26/2024,Typhoid,27,3
HC10087,23,9/9/2025,Food Poisoning,5,2
HC10088,8,6/2/2025,Diarrheal Disease,24,3
HC10089,3,2/2/2025,Typhoid,30,2
HC10090,8,8/6/2024,Typhoid,7,1
HC10091,11,7/10/2024,Food Poisoning,3,2
HC10092,8,9/9/2024,Food Poisoning,18,4
HC10093,12,8/3/2025,Typhoid,39,1
HC10094,14,8/8/2024,Typhoid,36,5
HC10095,6,1/6/2024,Food Poisoning,32,3
HC10096,1,12/27/2024,Diarrheal Disease,35,3
HC10097,17,6/18/2025,Diarrheal Disease,20,2
HC10098,14,12/21/2024,Diarrheal Disease,11,5
HC10099,6,10/20/2024,Diarrheal Disease,18,5
HC10100,26,10/18/2024,Food Poisoning,27,5
HC10101,3,9/1/2024,Typhoid,11,4
HC10102,11,11/27/2025,Diarrheal Disease,8,5
HC10103,26,2/28/2024,Diarrheal Disease,8,4
HC10104,25,11/2/2025,Diarrheal Disease,8,4
HC10105,9,5/27/2024,Diarrheal Disease,39,2
HC10106,21,3/6/2024,Food Poisoning,33,2
HC10107,8,1/9/2024,Diarrheal Disease,32,2
HC10108,12,3/1/2025,Typhoid,29,5
HC10109,26,6/12/2024,Food Poisoning,37,4
HC10110,13,11/13/2024,Food Poisoning,25,2
HC10111,21,12/17/2024,Food Poisoning,2,5
HC10112,13,7/9/2025,Typhoid,9,1
HC10113,17,6/14/2025,Typhoid,6,4
HC10114,16,4/3/2025,Typhoid,39,5
HC10115,26,8/29/2025,Typhoid,5,3
HC10116,7,4/30/2025,Food Poisoning,31,1
HC10117,17,1/23/2024,Diarrheal Disease,30,2
HC10118,14,2/6/2024,Diarrheal Disease,32,2
HC10119,5,12/24/2024,Diarrheal Disease,31,2
HC10120,7,8/16/2025,Diarrheal Disease,16,3
HC10121,4,5/20/2025,Food Poisoning,3,2
HC10122,3,5/13/2025,Diarrheal Disease,29,1
HC10123,18,1/3/2024,Typhoid,35,3
HC10124,12,2/16/2024,Typhoid,9,4
HC10125,10,6/28/2025,Diarrheal Disease,27,1
HC10126,20,8/15/2025,Food Poisoning,25,3
HC10127,8,12/8/2025,Typhoid,28,5
HC10128,7,7/13/2024,Typhoid,31,4
HC10129,3,2/24/2025,Diarrheal Disease,23,4
HC10130,7,3/31/2025,Food Poisoning,29,4
HC10131,21,12/18/2024,Typhoid,14,2
HC10132,14,4/3/2024,Food Poisoning,36,2
HC10133,15,7/25/2025,Typhoid,37,5
HC10134,20,7/2/2025,Typhoid,35,1
HC10135,25,1/24/2025,Food Poisoning,30,3
HC10136,10,3/28/2025,Food Poisoning,13,3
HC10137,4,8/15/2025,Diarrheal Disease,10,3
HC10138,10,12/25/2025,Diarrheal Disease,38,5
HC10139,22,7/23/2025,Food Poisoning,15,1
HC10140,19,12/31/2024,Typhoid,32,4
HC10141,25,9/8/2024,Diarrheal Disease,12,5
HC10142,20,5/16/2025,Food Poisoning,3,4
HC10143,25,9/15/2024,Typhoid,1,3
HC10144,22,3/27/2024,Food Poisoning,25,5
HC10145,21,10/3/2025,Diarrheal Disease,5,2
HC10146,12,1/25/2025,Diarrheal Disease,7,4
HC10147,2,9/6/2024,Food Poisoning,16,4
HC10148,9,9/22/2025,Diarrheal Disease,14,4
HC10149,2,11/18/2025,Food Poisoning,9,2
HC10150,2,9/24/2024,Food Poisoning,8,1
HC10151,6,11/9/2025,Food Poisoning,37,1
HC10152,17,5/12/2024,Typhoid,13,4
HC10153,19,7/31/2024,Typhoid,33,5
HC10154,14,9/18/2025,Diarrheal Disease,39,2
HC10155,2,12/27/2025,Food Poisoning,29,4
HC10156,24,5/18/2025,Diarrheal Disease,32,2
HC10157,22,11/6/2024,Diarrheal Disease,26,2
HC10158,4,6/6/2024,Diarrheal Disease,2,2
HC10159,2,8/26/2025,Food Poisoning,4,1
HC10160,2,11/21/2025,Diarrheal Disease,8,1
HC10161,21,1/25/2025,Diarrheal Disease,36,2
HC10162,3,12/27/2025,Diarrheal Disease,6,1
HC10163,2,1/18/2024,Typhoid,12,3
HC10164,5,6/26/2024,Food Poisoning,36,4
HC10165,23,9/9/2024,Food Poisoning,35,4
HC10166,17,1/7/2024,Food Poisoning,16,3
HC10167,23,4/16/2025,Diarrheal Disease,15,2
HC10168,18,11/2/2024,Typhoid,37,4
HC10169,20,5/19/2025,Typhoid,25,3
HC10170,8,6/7/2025,Diarrheal Disease,32,3
HC10171,24,7/31/2025,Typhoid,33,5
HC10172,5,7/23/2025,Diarrheal Disease,6,5
HC10173,8,9/7/2024,Diarrheal Disease,37,1
HC10174,7,1/13/2024,Typhoid,3,2
HC10175,18,1/16/2024,Food Poisoning,21,2
HC10176,16,7/5/2024,Food Poisoning,18,5
HC10177,26,5/12/2025,Typhoid,35,4
HC10178,20,4/4/2024,Food Poisoning,17,1
HC10179,17,4/10/2024,Food Poisoning,17,5
HC10180,13,12/13/2025,Diarrheal Disease,18,4
HC10181,12,3/8/2025,Diarrheal Disease,4,3
HC10182,16,3/13/2024,Typhoid,4,5
HC10183,20,3/11/2024,Typhoid,23,5
HC10184,4,2/5/2025,Typhoid,35,4
HC10185,13,6/29/2025,Typhoid,22,2
HC10186,9,6/26/2024,Food Poisoning,35,5
HC10187,26,11/29/2025,Typhoid,37,4
HC10188,26,6/17/2025,Diarrheal Disease,27,3
HC10189,1,11/22/2025,Food Poisoning,24,5
HC10190,15,5/9/2025,Typhoid,28,2
HC10191,15,1/26/2024,Food Poisoning,18,5
HC10192,22,4/25/2025,Typhoid,38,2
HC10193,13,12/30/2025,Diarrheal Disease,26,2
HC10194,16,6/19/2025,Food Poisoning,25,2
HC10195,21,10/21/2024,Diarrheal Disease,38,2
HC10196,9,9/22/2025,Diarrheal Disease,31,2
HC10197,3,4/5/2025,Typhoid,1,2
HC10198,23,3/6/2025,Food Poisoning,12,5
HC10199,20,4/29/2025,Typhoid,8,5
HC10200,5,7/23/2024,Typhoid,21,4
HC10201,8,2/27/2024,Diarrheal Disease,17,2
HC10202,22,2/2/2024,Diarrheal Disease,36,5
HC10203,18,2/26/2025,Typhoid,22,1
HC10204,13,5/26/2024,Diarrheal Disease,35,3
HC10205,14,5/15/2025,Food Poisoning,30,2
HC10206,21,7/6/2025,Diarrheal Disease,33,3
HC10207,9,2/25/2024,Food Poisoning,10,3
HC10208,12,4/10/2025,Food Poisoning,19,4
HC10209,12,7/27/2025,Food Poisoning,25,5
HC10210,8,4/18/2024,Typhoid,14,2
HC10211,16,8/18/2025,Diarrheal Disease,31,1
HC10212,6,12/2/2024,Food Poisoning,10,4
HC10213,6,8/19/2024,Food Poisoning,27,4
HC10214,5,4/1/2024,Typhoid,33,5
HC10215,12,1/28/2024,Food Poisoning,8,3
HC10216,25,8/16/2025,Diarrheal Disease,10,2
HC10217,6,5/15/2024,Typhoid,3,2
HC10218,19,1/20/2024,Diarrheal Disease,32,3
HC10219,24,6/21/2024,Food Poisoning,12,1
HC10220,3,11/28/2025,Diarrheal Disease,6,2
HC10221,14,4/11/2024,Diarrheal Disease,6,4
HC10222,8,12/30/2025,Typhoid,4,2
HC10223,10,12/23/2024,Diarrheal Disease,36,3
HC10224,3,7/2/2025,Diarrheal Disease,10,4
HC10225,18,8/3/2024,Food Poisoning,3,1
HC10226,17,6/9/2024,Diarrheal Disease,3,1
HC10227,15,8/16/2025,Typhoid,13,3
HC10228,16,9/27/2024,Typhoid,1,4
HC10229,1,6/17/2025,Typhoid,27,3
HC10230,17,1/18/2025,Food Poisoning,6,2
HC10231,10,10/10/2025,Diarrheal Disease,2,1
HC10232,20,8/9/2025,Typhoid,11,1
HC10233,13,5/12/2025,Diarrheal Disease,19,2
HC10234,11,10/22/2024,Diarrheal Disease,27,3
HC10235,22,11/23/2024,Diarrheal Disease,9,4
HC10236,4,7/19/2025,Typhoid,30,2
HC10237,1,6/11/2024,Diarrheal Disease,36,5
HC10238,2,9/13/2025,Typhoid,20,3
HC10239,16,1/31/2024,Diarrheal Disease,39,3
HC10240,23,5/5/2024,Diarrheal Disease,13,4
HC10241,16,9/25/2024,Diarrheal Disease,2,5
HC10242,25,1/9/2024,Typhoid,5,1
HC10243,10,1/25/2024,Food Poisoning,28,2
HC10244,8,4/2/2025,Diarrheal Disease,36,5
HC10245,23,6/16/2025,Typhoid,8,4
HC10246,2,3/17/2025,Diarrheal Disease,25,5
HC10247,20,10/2/2025,Food Poisoning,9,2
HC10248,6,12/26/2025,Typhoid,7,1
HC10249,16,9/12/2025,Diarrheal Disease,23,1
HC10250,12,12/5/2024,Typhoid,2,5
HC10251,3,6/30/2025,Diarrheal Disease,17,1
HC10252,9,12/17/2024,Typhoid,21,1
HC10253,14,11/12/2025,Typhoid,18,4
HC10254,22,10/4/2024,Typhoid,4,4
HC10255,20,5/11/2025,Diarrheal Disease,20,3
HC10256,14,5/27/2025,Typhoid,25,5
HC10257,7,10/28/2025,Typhoid,13,4
HC10258,16,8/13/2024,Typhoid,21,5
HC10259,5,10/28/2025,Food Poisoning,9,2
HC10260,13,11/22/2024,Food Poisoning,33,4
HC10261,26,9/23/2025,Typhoid,15,1
HC10262,14,2/29/2024,Food Poisoning,38,4
HC10263,16,9/22/2024,Typhoid,7,3
HC10264,26,11/11/2024,Food Poisoning,18,2
HC10265,8,5/5/2025,Food Poisoning,18,3
HC10266,21,12/7/2025,Food Poisoning,14,1
HC10267,11,2/11/2024,Diarrheal Disease,6,3
HC10268,4,7/3/2024,Food Poisoning,12,1
HC10269,24,9/8/2024,Typhoid,7,4
HC10270,21,5/30/2024,Diarrheal Disease,14,5
HC10271,24,12/12/2024,Typhoid,38,5
HC10272,18,12/13/2024,Diarrheal Disease,30,1
HC10273,24,3/20/2025,Food Poisoning,1,5
HC10274,18,3/28/2024,Food Poisoning,21,1
HC10275,26,12/2/2025,Food Poisoning,32,2
HC10276,24,3/5/2025,Food Poisoning,35,3
HC10277,24,12/22/2025,Food Poisoning,32,3
HC10278,4,2/3/2024,Typhoid,20,5
HC10279,7,7/24/2024,Diarrheal Disease,38,3
HC10280,15,10/3/2024,Diarrheal Disease,29,2
HC10281,10,6/13/2025,Diarrheal Disease,15,2
HC10282,19,11/2/2025,Diarrheal Disease,16,1
HC10283,11,10/11/2024,Diarrheal Disease,7,3
HC10284,11,1/20/2025,Diarrheal Disease,19,1
HC10285,5,3/22/2025,Food Poisoning,25,1
HC10286,1,12/15/2025,Typhoid,5,1
HC10287,8,11/19/2024,Food Poisoning,38,5
HC10288,16,2/9/2025,Typhoid,7,2
HC10289,6,11/10/2025,Typhoid,15,5
HC10290,12,1/10/2025,Diarrheal Disease,20,4
HC10291,16,9/14/2025,Food Poisoning,15,4
HC10292,23,3/31/2025,Food Poisoning,35,3
HC10293,16,7/15/2024,Diarrheal Disease,27,3
HC10294,5,4/6/2024,Diarrheal Disease,17,4
HC10295,9,8/12/2025,Food Poisoning,34,3
HC10296,17,1/27/2024,Food Poisoning,26,5
HC10297,4,11/27/2025,Typhoid,28,3
HC10298,23,1/31/2024,Diarrheal Disease,15,1
HC10299,14,11/21/2025,Typhoid,5,5
HC10300,21,5/31/2025,Diarrheal Disease,37,4
HC10301,18,1/15/2025,Food Poisoning,20,2
HC10302,22,5/29/2025,Typhoid,19,3
HC10303,3,9/6/2025,Typhoid,15,3
HC10304,4,8/9/2024,Diarrheal Disease,21,3
HC10305,26,12/18/2024,Typhoid,37,3
HC10306,19,6/23/2025,Food Poisoning,2,5
HC10307,21,6/4/2025,Typhoid,20,3
HC10308,18,3/24/2024,Diarrheal Disease,9,4
HC10309,11,6/26/2024,Diarrheal Disease,34,4
HC10310,4,9/22/2025,Food Poisoning,18,2
HC10311,4,3/19/2024,Typhoid,25,4
HC10312,22,4/5/2024,Typhoid,22,2
HC10313,12,11/29/2025,Diarrheal Disease,13,2
HC10314,3,5/14/2025,Typhoid,2,5
HC10315,15,6/3/2025,Diarrheal Disease,30,1
HC10316,18,6/24/2025,Diarrheal Disease,30,5
HC10317,3,8/14/2024,Typhoid,23,1
HC10318,21,10/10/2025,Diarrheal Disease,8,5
HC10319,17,2/23/2024,Typhoid,36,1
HC10320,10,3/16/2024,Diarrheal Disease,7,1
HC10321,13,5/20/2025,Diarrheal Disease,16,1
HC10322,23,5/13/2024,Food Poisoning,32,3
HC10323,17,8/25/2025,Food Poisoning,8,4
HC10324,8,1/3/2024,Typhoid,7,1
HC10325,3,12/16/2025,Typhoid,28,3
HC10326,12,8/16/2025,Diarrheal Disease,30,3
HC10327,17,4/4/2024,Food Poisoning,31,5
HC10328,14,8/8/2025,Typhoid,29,5
HC10329,14,1/21/2024,Diarrheal Disease,1,5
HC10330,1,10/4/2025,Food Poisoning,25,4
HC10331,5,2/19/2025,Diarrheal Disease,12,5
HC10332,2,3/27/2025,Diarrheal Disease,30,3
HC10333,20,11/3/2025,Diarrheal Disease,33,2
HC10334,25,5/10/2025,Diarrheal Disease,26,2
HC10335,16,8/13/2024,Diarrheal Disease,38,1
HC10336,2,5/24/2024,Food Poisoning,25,3
HC10337,19,7/25/2024,Food Poisoning,20,5
HC10338,14,3/31/2024,Typhoid,22,5
HC10339,5,6/12/2025,Typhoid,16,4
HC10340,8,11/7/2025,Typhoid,3,3
HC10341,23,3/9/2024,Diarrheal Disease,28,5
HC10342,11,1/8/2024,Food Poisoning,3,1
HC10343,21,3/4/2024,Food Poisoning,10,5
HC10344,22,5/23/2025,Food Poisoning,24,2
HC10345,23,4/13/2025,Typhoid,18,3
HC10346,21,9/16/2024,Typhoid,37,3
HC10347,13,5/7/2024,Diarrheal Disease,27,3
HC10348,25,5/19/2025,Diarrheal Disease,30,5
HC10349,23,7/14/2024,Food Poisoning,25,3
HC10350,14,5/12/2024,Diarrheal Disease,29,3
HC10351,11,6/23/2025,Food Poisoning,28,4
HC10352,25,6/13/2025,Typhoid,35,1
HC10353,7,6/18/2025,Food Poisoning,36,3
HC10354,25,10/28/2024,Food Poisoning,38,4
HC10355,17,10/23/2025,Diarrheal Disease,38,4
HC10356,20,11/4/2024,Typhoid,38,1
HC10357,12,1/20/2024,Typhoid,1,4
HC10358,8,6/22/2024,Diarrheal Disease,28,2
HC10359,12,12/17/2024,Food Poisoning,35,1
HC10360,4,8/30/2024,Typhoid,23,5
HC10361,14,10/7/2024,Diarrheal Disease,21,5
HC10362,20,5/15/2025,Typhoid,17,1
HC10363,17,3/17/2024,Typhoid,6,3
HC10364,4,1/11/2024,Food Poisoning,31,3
HC10365,8,2/14/2024,Diarrheal Disease,1,4
HC10366,20,4/10/2025,Food Poisoning,8,2
HC10367,22,9/11/2025,Food Poisoning,8,5
HC10368,14,4/20/2024,Diarrheal Disease,35,3
HC10369,17,10/3/2025,Food Poisoning,31,3
HC10370,20,1/31/2024,Food Poisoning,14,2
HC10371,3,6/20/2024,Diarrheal Disease,6,3
HC10372,5,6/21/2024,Typhoid,8,4
HC10373,12,9/13/2024,Food Poisoning,24,5
HC10374,2,11/18/2024,Food Poisoning,33,1
HC10375,25,4/4/2025,Typhoid,6,4
HC10376,2,7/25/2025,Typhoid,29,1
HC10377,15,8/14/2024,Food Poisoning,6,5
HC10378,4,7/12/2025,Diarrheal Disease,1,1
HC10379,24,2/22/2024,Typhoid,18,5
HC10380,9,6/2/2024,Typhoid,13,5
HC10381,20,12/19/2025,Typhoid,2,5
HC10382,18,11/14/2024,Food Poisoning,20,5
HC10383,9,4/13/2024,Food Poisoning,11,2
HC10384,10,7/15/2024,Food Poisoning,11,2
HC10385,24,7/5/2024,Food Poisoning,15,4
HC10386,10,4/25/2025,Typhoid,33,2
HC10387,17,1/26/2024,Diarrheal Disease,26,5
HC10388,15,2/15/2024,Food Poisoning,11,1
HC10389,3,9/8/2025,Food Poisoning,19,4
HC10390,15,11/7/2025,Food Poisoning,26,1
HC10391,4,12/24/2024,Typhoid,26,4
HC10392,1,9/22/2025,Diarrheal Disease,18,5
HC10393,11,9/28/2025,Diarrheal Disease,4,1
HC10394,4,1/15/2024,Food Poisoning,34,4
HC10395,22,8/20/2024,Diarrheal Disease,36,5
HC10396,26,11/20/2024,Typhoid,5,5
HC10397,17,1/4/2025,Typhoid,23,1
HC10398,8,2/18/2024,Food Poisoning,26,4
HC10399,17,3/3/2024,Typhoid,25,3
HC10400,23,8/14/2025,Typhoid,23,1
HC10401,7,10/8/2024,Diarrheal Disease,36,4
HC10402,6,10/1/2024,Diarrheal Disease,3,5
HC10403,10,8/27/2024,Diarrheal Disease,4,3
HC10404,16,9/20/2024,Food Poisoning,38,1
HC10405,17,8/29/2024,Typhoid,15,4
HC10406,18,8/6/2025,Typhoid,16,4
HC10407,18,3/20/2024,Food Poisoning,16,4
HC10408,18,1/14/2025,Diarrheal Disease,3,4
HC10409,1,1/3/2025,Typhoid,9,4
HC10410,3,8/21/2024,Food Poisoning,4,1
HC10411,22,8/18/2025,Food Poisoning,18,3
HC10412,3,2/12/2024,Diarrheal Disease,17,4
HC10413,23,4/13/2025,Food Poisoning,9,5
HC10414,17,5/28/2025,Typhoid,29,4
HC10415,7,6/16/2025,Food Poisoning,15,1
HC10416,20,5/25/2025,Typhoid,39,5
HC10417,14,6/1/2025,Food Poisoning,7,2
HC10418,11,11/21/2025,Diarrheal Disease,28,3
HC10419,9,9/19/2025,Diarrheal Disease,4,5
HC10420,2,12/3/2025,Food Poisoning,29,3
HC10421,10,5/8/2025,Food Poisoning,20,1
HC10422,9,5/5/2024,Typhoid,3,3
HC10423,3,12/25/2024,Diarrheal Disease,39,4
HC10424,15,7/20/2025,Food Poisoning,35,5
HC10425,10,9/16/2025,Typhoid,7,3
HC10426,2,5/24/2024,Diarrheal Disease,27,3
HC10427,12,6/1/2024,Typhoid,39,2
HC10428,14,6/18/2025,Diarrheal Disease,8,4
HC10429,21,8/2/2024,Food Poisoning,22,4
HC10430,11,8/6/2025,Food Poisoning,17,2
HC10431,25,8/21/2024,Typhoid,14,5
HC10432,18,8/14/2025,Food Poisoning,23,2
HC10433,5,1/2/2025,Diarrheal Disease,36,5
HC10434,11,10/1/2024,Typhoid,12,3
HC10435,12,11/23/2025,Diarrheal Disease,38,5
HC10436,5,10/10/2025,Typhoid,19,4
HC10437,4,2/12/2025,Food Poisoning,26,1
HC10438,2,11/3/2024,Typhoid,13,3
HC10439,12,11/16/2025,Typhoid,39,1
HC10440,4,10/18/2024,Food Poisoning,18,3
HC10441,5,11/17/2025,Food Poisoning,1,1
HC10442,21,8/10/2025,Typhoid,21,2
HC10443,10,10/22/2024,Food Poisoning,12,3
HC10444,20,3/12/2025,Food Poisoning,26,3
HC10445,23,8/5/2025,Typhoid,14,2
HC10446,14,7/21/2024,Diarrheal Disease,14,4
HC10447,3,4/1/2024,Food Poisoning,14,3
HC10448,9,7/22/2025,Typhoid,28,4
HC10449,6,8/2/2024,Diarrheal Disease,8,1
HC10450,13,8/27/2025,Typhoid,19,3
HC10451,6,10/3/2024,Diarrheal Disease,16,3
HC10452,15,3/19/2025,Typhoid,11,1
HC10453,1,3/25/2025,Diarrheal Disease,22,1
HC10454,19,11/28/2025,Food Poisoning,18,4
HC10455,13,4/23/2024,Diarrheal Disease,36,4
HC10456,23,4/17/2024,Food Poisoning,21,5
HC10457,4,2/8/2024,Diarrheal Disease,35,4
HC10458,10,4/11/2025,Typhoid,31,1
HC10459,10,7/8/2024,Diarrheal Disease,9,2
HC10460,11,9/19/2024,Diarrheal Disease,39,4
HC10461,2,6/13/2024,Food Poisoning,31,3
HC10462,16,10/17/2025,Diarrheal Disease,34,2
HC10463,12,1/2/2025,Typhoid,8,3
HC10464,24,8/7/2024,Diarrheal Disease,30,5
HC10465,3,5/28/2024,Typhoid,29,1
HC10466,8,10/5/2024,Typhoid,20,2
HC10467,20,3/8/2025,Typhoid,26,4
HC10468,17,5/31/2024,Typhoid,10,4
HC10469,10,3/7/2024,Diarrheal Disease,11,4
HC10470,26,2/20/2024,Diarrheal Disease,22,2
HC10471,19,8/16/2024,Food Poisoning,2,2
HC10472,3,9/27/2025,Diarrheal Disease,12,1
HC10473,16,7/13/2025,Typhoid,4,5
HC10474,23,11/12/2024,Food Poisoning,17,3
HC10475,24,10/25/2024,Typhoid,30,4
HC10476,24,12/6/2025,Typhoid,22,2
HC10477,25,10/21/2025,Food Poisoning,1,1
HC10478,12,12/27/2024,Typhoid,6,3
HC10479,19,6/28/2025,Food Poisoning,26,1
HC10480,11,10/30/2025,Diarrheal Disease,6,3
HC10481,24,5/31/2024,Diarrheal Disease,10,5
HC10482,15,1/31/2025,Typhoid,8,5
HC10483,4,2/9/2024,Food Poisoning,5,5
HC10484,12,1/27/2025,Typhoid,5,1
HC10485,17,3/27/2025,Typhoid,33,2
HC10486,11,6/21/2025,Food Poisoning,28,1
HC10487,25,1/23/2024,Diarrheal Disease,23,3
HC10488,7,8/25/2025,Typhoid,38,1
HC10489,14,7/24/2025,Typhoid,26,5
HC10490,12,5/20/2025,Typhoid,25,4
HC10491,8,6/28/2024,Food Poisoning,5,2
HC10492,7,9/22/2025,Food Poisoning,18,4
HC10493,21,7/20/2024,Diarrheal Disease,21,1
HC10494,22,2/4/2025,Diarrheal Disease,34,1
HC10495,14,8/31/2025,Food Poisoning,33,1
HC10496,8,6/29/2025,Diarrheal Disease,11,4
HC10497,24,3/9/2025,Diarrheal Disease,15,5
HC10498,25,9/28/2025,Food Poisoning,33,3
HC10499,10,1/29/2025,Typhoid,28,4
HC10500,6,11/27/2024,Typhoid,33,4
HC10501,3,10/31/2024,Food Poisoning,14,3
HC10502,9,1/11/2024,Typhoid,36,4
HC10503,15,2/19/2024,Typhoid,30,4
HC10504,21,2/2/2025,Diarrheal Disease,4,4
HC10505,2,10/16/2024,Typhoid,6,1
HC10506,4,6/6/2025,Food Poisoning,30,2
HC10507,13,5/22/2024,Diarrheal Disease,11,1
HC10508,1,4/1/2024,Diarrheal Disease,33,3
HC10509,10,9/1/2025,Diarrheal Disease,33,2
HC10510,8,11/24/2025,Diarrheal Disease,17,1
HC10511,9,3/16/2025,Diarrheal Disease,20,4
HC10512,26,4/8/2024,Food Poisoning,32,3
HC10513,8,8/2/2025,Diarrheal Disease,6,3
HC10514,3,3/1/2025,Diarrheal Disease,15,5
HC10515,22,12/21/2024,Food Poisoning,25,1
HC10516,21,6/20/2025,Diarrheal Disease,14,4
HC10517,7,8/20/2025,Diarrheal Disease,35,5
HC10518,10,5/13/2024,Typhoid,20,4
HC10519,21,5/6/2024,Diarrheal Disease,32,2
HC10520,22,4/3/2025,Food Poisoning,25,2
HC10521,4,11/25/2025,Diarrheal Disease,28,4
HC10522,2,4/27/2024,Typhoid,5,3
HC10523,8,11/28/2024,Food Poisoning,12,4
HC10524,15,3/30/2024,Diarrheal Disease,6,5
HC10525,4,9/21/2024,Food Poisoning,10,5
HC10526,22,10/27/2024,Diarrheal Disease,33,3
HC10527,12,1/30/2025,Food Poisoning,36,4
HC10528,1,2/22/2025,Food Poisoning,33,3
HC10529,26,9/21/2025,Typhoid,5,5
HC10530,21,10/23/2025,Typhoid,29,4
HC10531,18,12/23/2024,Food Poisoning,18,1
HC10532,4,12/28/2025,Diarrheal Disease,38,3
HC10533,17,3/26/2024,Food Poisoning,29,2
HC10534,8,4/11/2025,Typhoid,33,1
HC10535,18,7/2/2024,Typhoid,14,4
HC10536,19,8/21/2025,Diarrheal Disease,36,4
HC10537,25,7/12/2025,Diarrheal Disease,35,5
HC10538,6,8/20/2025,Typhoid,15,2
HC10539,7,1/30/2024,Typhoid,24,1
HC10540,13,3/5/2025,Typhoid,35,1
HC10541,25,12/23/2025,Typhoid,22,5
HC10542,5,5/20/2025,Diarrheal Disease,22,4
HC10543,25,12/1/2024,Typhoid,26,5
HC10544,1,8/27/2024,Food Poisoning,24,5
HC10545,4,12/25/2025,Diarrheal Disease,8,2
HC10546,3,4/14/2024,Typhoid,32,2
HC10547,10,8/19/2024,Typhoid,20,5
HC10548,10,7/22/2025,Diarrheal Disease,16,3
HC10549,23,11/24/2025,Diarrheal Disease,10,5
HC10550,19,12/30/2025,Food Poisoning,4,3
HC10551,23,9/4/2025,Typhoid,14,2
HC10552,18,10/13/2025,Diarrheal Disease,16,5
HC10553,7,8/6/2024,Food Poisoning,24,1
HC10554,4,6/30/2025,Typhoid,34,1
HC10555,13,8/9/2024,Diarrheal Disease,34,4
HC10556,20,6/14/2025,Typhoid,18,4
HC10557,15,12/27/2025,Typhoid,39,4
HC10558,22,3/31/2024,Diarrheal Disease,27,4
HC10559,17,5/4/2025,Typhoid,14,1
HC10560,19,6/21/2024,Diarrheal Disease,17,4
HC10561,13,4/8/2025,Typhoid,24,3
HC10562,12,1/21/2024,Food Poisoning,3,2
HC10563,9,4/24/2025,Diarrheal Disease,36,3
HC10564,21,3/14/2024,Food Poisoning,27,2
HC10565,19,9/15/2024,Food Poisoning,12,5
HC10566,26,11/5/2024,Food Poisoning,37,2
HC10567,3,6/24/2025,Food Poisoning,34,1
HC10568,25,3/28/2024,Food Poisoning,15,1
HC10569,25,9/30/2025,Food Poisoning,17,3
HC10570,2,5/22/2024,Diarrheal Disease,3,4
HC10571,22,8/5/2025,Typhoid,10,3
HC10572,2,8/3/2024,Food Poisoning,7,4
HC10573,7,5/5/2024,Diarrheal Disease,24,1
HC10574,3,7/30/2024,Diarrheal Disease,18,2
HC10575,1,4/15/2025,Typhoid,27,4
HC10576,18,8/25/2024,Diarrheal Disease,27,1
HC10577,15,9/14/2024,Diarrheal Disease,2,1
HC10578,14,10/9/2024,Food Poisoning,34,4
HC10579,19,12/8/2025,Typhoid,11,1
HC10580,13,8/19/2025,Food Poisoning,19,5
HC10581,6,1/11/2024,Typhoid,25,5
HC10582,22,10/5/2024,Typhoid,20,5
HC10583,12,11/4/2024,Typhoid,8,4
HC10584,25,6/10/2025,Typhoid,30,1
HC10585,22,12/10/2024,Typhoid,12,5
HC10586,2,3/25/2025,Typhoid,5,3
HC10587,6,5/23/2024,Diarrheal Disease,2,1
HC10588,6,1/3/2025,Typhoid,13,1
HC10589,3,4/23/2025,Typhoid,28,1
HC10590,15,12/26/2025,Food Poisoning,15,5
HC10591,18,12/15/2024,Typhoid,7,3
HC10592,12,11/4/2024,Food Poisoning,38,1
HC10593,23,12/19/2025,Food Poisoning,37,1
HC10594,11,9/27/2025,Food Poisoning,25,3
HC10595,6,12/17/2024,Diarrheal Disease,8,1
HC10596,10,8/21/2024,Food Poisoning,16,1
HC10597,26,10/23/2025,Typhoid,33,4
HC10598,6,6/10/2025,Food Poisoning,3,4
HC10599,20,7/22/2025,Typhoid,7,4
HC10600,20,2/12/2024,Diarrheal Disease,23,3
HC10601,15,4/25/2024,Food Poisoning,16,4
HC10602,3,3/3/2024,Diarrheal Disease,21,4
HC10603,23,8/3/2024,Typhoid,36,4
HC10604,8,9/7/2025,Food Poisoning,28,4
HC10605,9,5/9/2024,Diarrheal Disease,34,4
HC10606,2,9/28/2024,Typhoid,11,3
HC10607,3,7/5/2025,Typhoid,31,5
HC10608,14,6/3/2024,Diarrheal Disease,28,4
HC10609,7,7/13/2024,Typhoid,28,2
HC10610,19,2/2/2024,Food Poisoning,11,2
HC10611,8,5/11/2024,Diarrheal Disease,16,4
HC10612,21,3/16/2024,Food Poisoning,25,5
HC10613,7,6/16/2025,Food Poisoning,35,3
HC10614,17,11/21/2025,Diarrheal Disease,26,1
HC10615,16,8/1/2025,Diarrheal Disease,33,3
HC10616,14,10/31/2025,Typhoid,30,5
HC10617,11,2/6/2024,Diarrheal Disease,14,4
HC10618,12,7/21/2025,Typhoid,9,4
HC10619,25,9/30/2025,Typhoid,35,3
HC10620,25,8/13/2025,Typhoid,13,5
HC10621,6,11/12/2025,Diarrheal Disease,36,2
HC10622,15,2/27/2024,Diarrheal Disease,3,3
HC10623,26,9/3/2024,Diarrheal Disease,38,5
HC10624,23,3/2/2025,Typhoid,3,2
HC10625,10,8/17/2025,Typhoid,15,2
HC10626,23,12/6/2025,Typhoid,24,3
HC10627,19,1/24/2024,Typhoid,28,1
HC10628,26,10/25/2025,Diarrheal Disease,4,3
HC10629,2,6/20/2024,Food Poisoning,36,2
HC10630,20,8/2/2025,Diarrheal Disease,21,2
HC10631,18,8/18/2025,Diarrheal Disease,29,1
HC10632,10,1/5/2024,Typhoid,3,3
HC10633,7,9/29/2024,Typhoid,10,1
HC10634,16,7/3/2024,Typhoid,2,3
HC10635,17,5/25/2024,Food Poisoning,23,4
HC10636,19,11/8/2025,Food Poisoning,13,2
HC10637,6,5/9/2025,Typhoid,35,4
HC10638,7,2/15/2024,Food Poisoning,30,1
HC10639,23,5/2/2025,Diarrheal Disease,2,3
HC10640,3,5/26/2025,Diarrheal Disease,24,1
HC10641,17,7/19/2024,Food Poisoning,1,3
HC10642,7,1/6/2024,Typhoid,4,5
HC10643,20,10/1/2024,Diarrheal Disease,39,1
HC10644,7,8/10/2024,Food Poisoning,34,3
HC10645,10,4/13/2025,Typhoid,38,5
HC10646,16,11/12/2025,Typhoid,16,1
HC10647,5,11/11/2024,Typhoid,18,3
HC10648,24,1/11/2024,Diarrheal Disease,27,1
HC10649,19,2/5/2024,Diarrheal Disease,36,5
HC10650,12,4/12/2024,Diarrheal Disease,25,1
HC10651,11,12/2/2025,Food Poisoning,16,3
HC10652,21,9/5/2024,Diarrheal Disease,2,5
HC10653,20,6/10/2025,Diarrheal Disease,17,2
HC10654,20,4/19/2024,Diarrheal Disease,24,5
HC10655,12,8/13/2024,Diarrheal Disease,34,2
HC10656,17,1/14/2024,Diarrheal Disease,22,2
HC10657,22,7/25/2024,Diarrheal Disease,1,2
HC10658,20,1/10/2024,Food Poisoning,18,4
HC10659,17,6/15/2025,Food Poisoning,14,2
HC10660,24,11/28/2025,Food Poisoning,11,1
HC10661,17,11/20/2025,Food Poisoning,30,3
HC10662,6,4/26/2025,Typhoid,22,1
HC10663,6,3/24/2025,Typhoid,13,1
HC10664,16,10/10/2024,Typhoid,37,1
HC10665,16,7/4/2024,Food Poisoning,12,1
HC10666,12,3/8/2025,Diarrheal Disease,29,2
HC10667,8,12/8/2025,Diarrheal Disease,17,1
HC10668,14,3/4/2024,Typhoid,28,5
HC10669,17,3/31/2024,Food Poisoning,33,3
HC10670,21,1/29/2024,Typhoid,16,2
HC10671,24,6/3/2024,Diarrheal Disease,25,2
HC10672,13,3/17/2025,Diarrheal Disease,35,5
HC10673,4,6/23/2025,Typhoid,21,5
HC10674,2,6/23/2025,Typhoid,5,4
HC10675,24,11/7/2025,Diarrheal Disease,33,3
HC10676,9,1/12/2025,Food Poisoning,39,3
HC10677,3,5/7/2024,Food Poisoning,31,2
HC10678,11,8/1/2024,Food Poisoning,8,3
HC10679,8,6/11/2025,Diarrheal Disease,8,5
HC10680,22,4/18/2024,Typhoid,18,5
HC10681,4,11/19/2024,Typhoid,7,5
HC10682,17,9/22/2024,Diarrheal Disease,12,1
HC10683,26,3/8/2024,Typhoid,2,4
HC10684,24,11/1/2025,Food Poisoning,13,4
HC10685,3,6/8/2024,Typhoid,7,5
HC10686,10,4/2/2024,Food Poisoning,16,4
HC10687,20,2/1/2024,Food Poisoning,25,5
HC10688,9,7/7/2025,Typhoid,25,5
HC10689,7,10/8/2025,Typhoid,38,1
HC10690,25,6/7/2025,Typhoid,26,5
HC10691,26,10/12/2025,Diarrheal Disease,37,1
HC10692,3,10/30/2025,Food Poisoning,19,5
HC10693,20,9/11/2025,Food Poisoning,28,1
HC10694,5,6/14/2024,Food Poisoning,22,4
HC10695,9,1/13/2025,Typhoid,29,2
HC10696,23,11/13/2024,Typhoid,9,2
HC10697,22,3/11/2024,Diarrheal Disease,37,2
HC10698,13,9/10/2024,Diarrheal Disease,7,3
HC10699,1,5/2/2025,Typhoid,11,5
HC10700,2,8/24/2025,Typhoid,36,2
HC10701,2,7/19/2025,Diarrheal Disease,25,1
HC10702,7,3/23/2024,Food Poisoning,24,1
HC10703,13,12/13/2024,Diarrheal Disease,15,2
HC10704,6,6/15/2025,Typhoid,18,2
HC10705,19,4/24/2024,Diarrheal Disease,26,4
HC10706,10,7/23/2025,Typhoid,24,3
HC10707,17,2/4/2025,Diarrheal Disease,14,1
HC10708,21,2/21/2025,Typhoid,14,5
HC10709,2,5/6/2024,Diarrheal Disease,34,5
HC10710,19,4/26/2024,Food Poisoning,16,3
HC10711,22,5/7/2024,Food Poisoning,3,4
HC10712,6,9/14/2024,Typhoid,2,3
HC10713,3,2/4/2024,Diarrheal Disease,30,1
HC10714,23,4/27/2024,Diarrheal Disease,37,1
HC10715,2,4/8/2025,Diarrheal Disease,7,1
HC10716,11,11/25/2024,Typhoid,7,5
HC10717,14,12/15/2024,Diarrheal Disease,3,3
HC10718,20,7/2/2025,Typhoid,35,2
HC10719,26,5/29/2025,Typhoid,39,3
HC10720,24,3/20/2025,Typhoid,3,1
HC10721,16,10/11/2025,Typhoid,5,4
HC10722,11,11/2/2024,Diarrheal Disease,20,4
HC10723,20,7/1/2025,Diarrheal Disease,23,5
HC10724,8,1/5/2025,Food Poisoning,22,3
HC10725,21,6/25/2025,Typhoid,38,5
HC10726,21,7/29/2024,Food Poisoning,16,3
HC10727,24,7/10/2024,Typhoid,3,5
HC10728,1,9/22/2024,Typhoid,4,5
HC10729,6,4/18/2025,Typhoid,35,2
HC10730,17,6/5/2024,Diarrheal Disease,6,3
HC10731,5,1/9/2025,Diarrheal Disease,12,1
HC10732,18,3/2/2024,Typhoid,9,5
HC10733,3,4/2/2025,Typhoid,3,3
HC10734,9,2/25/2025,Typhoid,34,5
HC10735,4,5/28/2025,Diarrheal Disease,20,1
HC10736,8,9/25/2025,Typhoid,20,2
HC10737,1,11/4/2024,Typhoid,7,1
HC10738,23,5/10/2024,Typhoid,25,1
HC10739,4,7/28/2024,Food Poisoning,21,3
HC10740,17,7/4/2025,Typhoid,24,4
HC10741,1,8/30/2024,Typhoid,20,3
HC10742,26,4/13/2025,Diarrheal Disease,36,1
HC10743,7,7/29/2024,Diarrheal Disease,18,3
HC10744,10,1/7/2025,Diarrheal Disease,18,3
HC10745,4,12/15/2025,Diarrheal Disease,34,5
HC10746,12,6/2/2025,Food Poisoning,21,4
HC10747,9,6/23/2025,Food Poisoning,9,3
HC10748,7,7/10/2025,Typhoid,21,1
HC10749,25,11/17/2024,Food Poisoning,4,5
HC10750,21,3/15/2025,Diarrheal Disease,15,5
HC10751,18,5/3/2025,Diarrheal Disease,23,4
HC10752,21,8/28/2025,Typhoid,17,5
HC10753,6,7/4/2025,Typhoid,10,2
HC10754,4,2/16/2024,Food Poisoning,39,1
HC10755,12,11/12/2024,Food Poisoning,9,4
HC10756,13,1/24/2025,Typhoid,7,5
HC10757,7,6/5/2025,Typhoid,37,1
HC10758,9,12/7/2025,Food Poisoning,5,2
HC10759,25,6/26/2025,Diarrheal Disease,23,2
HC10760,14,7/13/2024,Food Poisoning,2,1
HC10761,25,4/20/2024,Food Poisoning,37,4
HC10762,20,6/30/2024,Food Poisoning,36,4
HC10763,8,3/7/2024,Typhoid,38,4
HC10764,20,10/17/2024,Diarrheal Disease,19,1
HC10765,22,2/15/2024,Food Poisoning,30,4
HC10766,18,5/13/2024,Diarrheal Disease,34,2
HC10767,12,10/17/2024,Diarrheal Disease,34,3
HC10768,14,10/16/2024,Food Poisoning,8,5
HC10769,5,9/11/2025,Typhoid,34,2
HC10770,17,4/7/2024,Food Poisoning,24,3
HC10771,13,3/11/2024,Food Poisoning,12,3
HC10772,19,6/28/2024,Diarrheal Disease,27,4
HC10773,16,10/24/2024,Diarrheal Disease,3,3
HC10774,16,4/16/2024,Typhoid,32,1
HC10775,21,9/14/2024,Food Poisoning,19,5
HC10776,13,1/15/2024,Food Poisoning,21,2
HC10777,23,6/17/2024,Food Poisoning,36,2
HC10778,2,8/2/2024,Typhoid,37,5
HC10779,23,10/16/2025,Diarrheal Disease,37,4
HC10780,25,7/3/2025,Diarrheal Disease,14,3
HC10781,17,8/27/2025,Typhoid,2,3
HC10782,7,1/10/2024,Food Poisoning,11,2
HC10783,16,8/11/2025,Diarrheal Disease,26,2
HC10784,7,3/4/2024,Food Poisoning,36,4
HC10785,14,12/27/2025,Food Poisoning,30,2
HC10786,6,8/16/2025,Food Poisoning,27,1
HC10787,21,6/11/2024,Diarrheal Disease,32,3
HC10788,21,12/24/2025,Diarrheal Disease,24,5
HC10789,4,10/20/2024,Diarrheal Disease,36,3
HC10790,14,8/3/2025,Food Poisoning,38,2
HC10791,22,4/21/2024,Diarrheal Disease,29,5
HC10792,16,5/24/2024,Diarrheal Disease,34,4
HC10793,23,10/13/2025,Diarrheal Disease,17,2
HC10794,20,12/20/2024,Typhoid,17,3
HC10795,14,5/5/2024,Typhoid,33,5
HC10796,16,1/13/2025,Diarrheal Disease,37,2
HC10797,3,2/23/2025,Typhoid,39,3
HC10798,12,3/14/2024,Typhoid,17,5
HC10799,5,1/19/2025,Food Poisoning,13,1
HC10800,23,2/24/2025,Diarrheal Disease,20,3
HC10801,23,1/25/2024,Diarrheal Disease,13,2
HC10802,9,7/6/2024,Diarrheal Disease,5,2
HC10803,12,11/19/2025,Diarrheal Disease,13,2
HC10804,20,8/17/2024,Typhoid,35,2
HC10805,22,5/6/2025,Diarrheal Disease,5,3
HC10806,24,5/4/2025,Food Poisoning,22,3
HC10807,26,1/3/2025,Food Poisoning,2,1
HC10808,26,8/5/2025,Food Poisoning,2,4
HC10809,22,9/21/2024,Typhoid,28,5
HC10810,12,1/31/2024,Diarrheal Disease,4,4
HC10811,16,12/26/2024,Diarrheal Disease,3,3
HC10812,17,9/29/2024,Food Poisoning,21,2
HC10813,18,4/11/2025,Typhoid,22,3
HC10814,1,11/5/2025,Food Poisoning,6,1
HC10815,23,4/6/2024,Food Poisoning,25,4
HC10816,23,12/11/2025,Food Poisoning,3,1
HC10817,19,10/7/2024,Typhoid,24,2
HC10818,25,12/27/2024,Food Poisoning,34,1
HC10819,26,9/9/2025,Food Poisoning,17,3
HC10820,17,1/9/2024,Typhoid,1,4
HC10821,19,11/4/2025,Typhoid,25,4
HC10822,23,9/24/2024,Typhoid,4,3
HC10823,24,8/8/2025,Diarrheal Disease,14,5
HC10824,15,6/23/2024,Food Poisoning,15,1
HC10825,12,10/11/2024,Food Poisoning,3,4
HC10826,18,1/26/2025,Diarrheal Disease,6,3
HC10827,7,2/7/2025,Diarrheal Disease,26,2
HC10828,17,3/8/2024,Diarrheal Disease,29,4
HC10829,21,5/4/2024,Diarrheal Disease,30,3
HC10830,14,11/11/2024,Diarrheal Disease,30,2
HC10831,12,5/1/2025,Diarrheal Disease,9,2
HC10832,25,7/18/2025,Typhoid,13,5
HC10833,5,5/15/2024,Typhoid,23,3
HC10834,24,8/21/2025,Typhoid,2,3
HC10835,24,9/2/2024,Diarrheal Disease,33,2
HC10836,9,12/23/2025,Diarrheal Disease,38,2
HC10837,23,1/6/2025,Diarrheal Disease,8,5
HC10838,18,9/3/2025,Food Poisoning,23,3
HC10839,11,2/25/2025,Food Poisoning,37,5
HC10840,5,9/26/2024,Diarrheal Disease,13,5
HC10841,9,4/24/2025,Food Poisoning,39,5
HC10842,13,2/11/2024,Food Poisoning,37,3
HC10843,16,4/1/2025,Diarrheal Disease,12,2
HC10844,9,3/20/2025,Diarrheal Disease,3,5
HC10845,24,4/12/2024,Diarrheal Disease,9,5
HC10846,8,9/23/2025,Food Poisoning,30,1
HC10847,26,8/31/2024,Diarrheal Disease,4,3
HC10848,10,2/10/2025,Typhoid,33,5
HC10849,23,2/19/2025,Diarrheal Disease,1,3
HC10850,16,12/6/2025,Diarrheal Disease,8,2
HC10851,26,4/1/2024,Typhoid,19,5
HC10852,19,10/14/2024,Typhoid,13,3
HC10853,3,4/24/2025,Food Poisoning,26,2
HC10854,24,4/13/2024,Food Poisoning,29,5
HC10855,3,5/14/2024,Diarrheal Disease,33,3
HC10856,4,5/27/2025,Diarrheal Disease,37,2
HC10857,15,12/27/2024,Diarrheal Disease,8,5
HC10858,13,2/4/2024,Food Poisoning,6,4
HC10859,13,7/15/2025,Diarrheal Disease,32,2
HC10860,22,3/20/2025,Food Poisoning,8,1
HC10861,8,5/16/2024,Diarrheal Disease,27,1
HC10862,6,1/14/2024,Food Poisoning,32,1
HC10863,24,7/8/2024,Food Poisoning,27,3
HC10864,1,8/27/2024,Typhoid,3,2
HC10865,21,8/8/2024,Food Poisoning,26,5
HC10866,9,6/18/2024,Diarrheal Disease,19,2
HC10867,5,1/30/2025,Diarrheal Disease,5,5
HC10868,6,1/9/2025,Food Poisoning,18,1
HC10869,8,6/17/2025,Diarrheal Disease,19,1
HC10870,1,3/7/2024,Diarrheal Disease,23,1
HC10871,23,2/21/2024,Diarrheal Disease,24,4
HC10872,25,3/19/2024,Typhoid,8,2
HC10873,22,12/20/2024,Typhoid,11,4
HC10874,26,12/26/2024,Food Poisoning,8,4
HC10875,23,4/1/2025,Typhoid,24,1
HC10876,26,3/10/2025,Food Poisoning,34,4
HC10877,1,1/31/2025,Typhoid,2,3
HC10878,10,2/20/2025,Typhoid,3,1
HC10879,19,1/22/2024,Typhoid,18,5
HC10880,12,5/5/2025,Typhoid,2,2
HC10881,5,4/4/2024,Diarrheal Disease,26,4
HC10882,26,9/29/2024,Diarrheal Disease,2,2
HC10883,26,2/25/2025,Food Poisoning,7,3
HC10884,4,4/21/2025,Typhoid,6,5
HC10885,20,5/2/2025,Typhoid,27,2
HC10886,26,12/11/2025,Diarrheal Disease,36,3
HC10887,26,2/27/2025,Diarrheal Disease,31,5
HC10888,25,2/25/2025,Typhoid,12,5
HC10889,1,12/24/2024,Diarrheal Disease,24,1
HC10890,9,12/22/2024,Typhoid,10,5
HC10891,13,10/5/2024,Typhoid,12,4
HC10892,15,12/14/2024,Food Poisoning,11,5
HC10893,16,11/10/2024,Diarrheal Disease,36,5
HC10894,22,2/24/2024,Typhoid,38,5
HC10895,26,12/21/2025,Food Poisoning,8,4
HC10896,4,10/25/2025,Food Poisoning,15,5
HC10897,16,12/13/2024,Typhoid,38,4
HC10898,3,4/22/2024,Typhoid,13,2
HC10899,26,11/10/2024,Typhoid,20,1
HC10900,26,7/7/2025,Food Poisoning,23,1
HC10901,13,9/21/2025,Food Poisoning,10,1
HC10902,14,1/2/2025,Typhoid,9,3
HC10903,17,9/27/2025,Typhoid,2,4
HC10904,18,5/1/2024,Diarrheal Disease,39,1
HC10905,2,1/21/2025,Typhoid,12,2
HC10906,12,2/15/2025,Typhoid,20,2
HC10907,11,11/7/2024,Food Poisoning,13,5
HC10908,8,11/18/2024,Typhoid,12,5
HC10909,12,8/13/2024,Diarrheal Disease,27,3
HC10910,25,4/7/2024,Food Poisoning,10,1
HC10911,24,11/13/2025,Typhoid,1,2
HC10912,15,9/16/2024,Food Poisoning,17,5
HC10913,6,4/14/2024,Diarrheal Disease,9,5
HC10914,1,9/13/2025,Food Poisoning,22,4
HC10915,22,1/12/2025,Diarrheal Disease,25,3
HC10916,5,1/7/2025,Food Poisoning,36,1
HC10917,3,2/12/2024,Food Poisoning,39,5
HC10918,16,6/1/2024,Typhoid,17,3
HC10919,11,12/30/2024,Food Poisoning,17,5
HC10920,14,9/19/2024,Food Poisoning,16,4
HC10921,25,10/29/2024,Food Poisoning,5,2
HC10922,20,6/21/2024,Diarrheal Disease,25,2
HC10923,7,12/6/2024,Food Poisoning,10,3
HC10924,11,6/6/2025,Food Poisoning,30,3
HC10925,21,2/7/2025,Diarrheal Disease,9,3
HC10926,21,6/7/2025,Diarrheal Disease,25,2
HC10927,14,4/12/2024,Diarrheal Disease,12,1
HC10928,9,2/22/2025,Typhoid,31,2
HC10929,7,7/15/2024,Food Poisoning,30,3
HC10930,16,2/20/2025,Diarrheal Disease,28,1
HC10931,1,8/15/2025,Diarrheal Disease,15,5
HC10932,17,5/19/2024,Diarrheal Disease,23,4
HC10933,21,2/15/2024,Typhoid,11,2
HC10934,23,6/12/2024,Diarrheal Disease,33,1
HC10935,19,8/31/2025,Typhoid,25,1
HC10936,12,4/15/2024,Diarrheal Disease,12,3
HC10937,1,6/19/2024,Food Poisoning,1,3
HC10938,18,5/30/2025,Typhoid,30,3
HC10939,3,2/1/2024,Diarrheal Disease,7,5
HC10940,6,8/27/2025,Food Poisoning,22,1
HC10941,10,8/13/2025,Diarrheal Disease,37,5
HC10942,11,5/3/2024,Typhoid,25,5
HC10943,10,4/21/2024,Diarrheal Disease,30,3
HC10944,14,11/7/2025,Typhoid,5,1
HC10945,1,5/2/2025,Food Poisoning,32,1
HC10946,5,1/6/2024,Typhoid,30,5
HC10947,1,12/24/2025,Typhoid,29,1
HC10948,11,1/26/2025,Food Poisoning,23,4
HC10949,7,6/2/2024,Diarrheal Disease,29,5
HC10950,19,3/18/2024,Diarrheal Disease,17,4
HC10951,2,9/10/2024,Typhoid,7,4
HC10952,19,1/3/2024,Diarrheal Disease,31,5
HC10953,12,4/24/2024,Food Poisoning,1,4
HC10954,19,7/31/2025,Food Poisoning,14,1
HC10955,4,10/12/2025,Typhoid,8,4
HC10956,9,6/29/2025,Typhoid,18,2
HC10957,26,3/30/2025,Diarrheal Disease,35,4
HC10958,10,11/21/2025,Food Poisoning,19,2
HC10959,18,9/8/2025,Typhoid,32,2
HC10960,23,9/12/2024,Typhoid,35,3
HC10961,23,5/10/2025,Food Poisoning,3,1
HC10962,8,4/10/2025,Food Poisoning,23,4
HC10963,23,5/10/2024,Food Poisoning,38,3
HC10964,12,6/7/2025,Diarrheal Disease,21,5
HC10965,20,8/17/2025,Diarrheal Disease,1,2
HC10966,26,1/31/2024,Typhoid,3,4
HC10967,7,4/11/2024,Diarrheal Disease,9,2
HC10968,8,5/12/2024,Diarrheal Disease,37,5
HC10969,1,8/9/2025,Diarrheal Disease,30,1
HC10970,18,5/18/2024,Typhoid,6,4
HC10971,22,7/19/2024,Diarrheal Disease,29,2
HC10972,2,8/20/2025,Typhoid,19,4
HC10973,20,1/6/2024,Diarrheal Disease,6,1
HC10974,11,8/24/2024,Food Poisoning,7,1
HC10975,18,5/3/2025,Food Poisoning,2,5
HC10976,1,1/13/2024,Food Poisoning,28,3
HC10977,19,7/6/2025,Food Poisoning,18,4
HC10978,26,4/18/2024,Typhoid,2,1
HC10979,20,1/26/2025,Typhoid,32,2
HC10980,4,10/15/2024,Diarrheal Disease,36,5
HC10981,5,9/25/2024,Food Poisoning,36,3
HC10982,8,2/18/2024,Diarrheal Disease,20,2
HC10983,7,3/27/2025,Food Poisoning,33,5
HC10984,2,2/21/2024,Diarrheal Disease,4,2
HC10985,4,8/19/2024,Typhoid,22,4
HC10986,11,4/15/2025,Typhoid,18,3
HC10987,17,3/6/2024,Food Poisoning,12,2
HC10988,18,1/31/2025,Typhoid,36,3
HC10989,13,7/27/2025,Food Poisoning,5,4
HC10990,20,1/19/2024,Food Poisoning,29,4
HC10991,3,10/22/2024,Food Poisoning,29,2
HC10992,8,1/5/2025,Diarrheal Disease,13,4
HC10993,17,9/14/2024,Food Poisoning,10,3
HC10994,4,10/19/2024,Diarrheal Disease,34,1
HC10995,20,12/22/2024,Food Poisoning,25,5
HC10996,2,10/4/2025,Diarrheal Disease,29,2
HC10997,1,4/13/2024,Typhoid,28,2
HC10998,17,12/7/2025,Typhoid,5,3
HC10999,24,10/30/2024,Food Poisoning,33,4
HC11000,8,8/19/2025,Diarrheal Disease,14,5
HC11001,1,7/11/2024,Food Poisoning,26,3
HC11002,8,12/18/2025,Food Poisoning,11,4
HC11003,20,12/25/2024,Typhoid,33,4
HC11004,8,4/23/2024,Diarrheal Disease,7,4
HC11005,26,11/4/2025,Typhoid,9,5
HC11006,10,1/20/2024,Typhoid,39,1
HC11007,15,9/28/2025,Diarrheal Disease,35,3
HC11008,3,1/22/2025,Typhoid,23,2
HC11009,1,6/23/2024,Food Poisoning,30,1
HC11010,11,6/9/2024,Food Poisoning,22,3
HC11011,16,1/26/2024,Food Poisoning,21,1
HC11012,4,12/28/2025,Food Poisoning,13,1
HC11013,26,6/9/2025,Typhoid,14,5
HC11014,14,2/4/2024,Typhoid,14,4
HC11015,7,7/13/2024,Food Poisoning,2,3
HC11016,8,9/16/2024,Food Poisoning,20,2
HC11017,7,10/3/2025,Food Poisoning,26,4
HC11018,20,4/22/2025,Diarrheal Disease,32,4
HC11019,18,2/23/2024,Typhoid,37,4
HC11020,13,12/12/2024,Typhoid,38,4
HC11021,23,8/10/2025,Food Poisoning,11,3
HC11022,18,5/29/2024,Typhoid,15,2
HC11023,17,4/6/2025,Food Poisoning,37,2
HC11024,18,5/8/2024,Diarrheal Disease,8,3
HC11025,6,8/17/2024,Typhoid,3,4
HC11026,10,12/23/2025,Diarrheal Disease,3,5
HC11027,2,9/5/2024,Typhoid,14,5
HC11028,12,10/26/2024,Diarrheal Disease,38,3
HC11029,3,7/19/2024,Typhoid,23,1
HC11030,11,9/27/2025,Diarrheal Disease,14,3
HC11031,21,8/3/2024,Typhoid,13,5
HC11032,6,12/21/2024,Typhoid,6,1
HC11033,8,7/1/2025,Diarrheal Disease,19,5
HC11034,8,1/22/2025,Typhoid,24,5
HC11035,26,1/22/2024,Diarrheal Disease,18,4
HC11036,24,11/13/2025,Diarrheal Disease,27,2
HC11037,2,4/12/2025,Diarrheal Disease,36,2
HC11038,12,12/15/2024,Food Poisoning,1,3
HC11039,11,10/27/2024,Diarrheal Disease,7,5
HC11040,11,6/14/2024,Food Poisoning,37,3
HC11041,25,11/3/2024,Food Poisoning,36,2
HC11042,16,2/25/2025,Diarrheal Disease,19,5
HC11043,5,1/24/2025,Typhoid,10,1
HC11044,21,3/7/2025,Typhoid,9,1
HC11045,10,3/29/2025,Food Poisoning,34,5
HC11046,5,4/20/2024,Typhoid,22,3
HC11047,23,8/17/2025,Typhoid,13,5
HC11048,5,3/23/2024,Diarrheal Disease,16,1
HC11049,7,8/12/2025,Typhoid,17,1
HC11050,14,9/25/2024,Typhoid,39,2
HC11051,13,9/10/2025,Food Poisoning,13,5
HC11052,26,10/29/2024,Typhoid,25,3
HC11053,14,10/26/2025,Food Poisoning,9,4
HC11054,9,3/22/2025,Diarrheal Disease,12,3
HC11055,7,2/21/2024,Food Poisoning,23,4
HC11056,24,7/19/2025,Diarrheal Disease,15,2
HC11057,9,11/29/2024,Diarrheal Disease,12,4
HC11058,24,8/18/2025,Diarrheal Disease,21,3
HC11059,2,1/12/2025,Diarrheal Disease,38,3
HC11060,10,9/23/2024,Food Poisoning,15,2
HC11061,24,4/14/2024,Typhoid,15,3
HC11062,5,11/15/2025,Typhoid,29,4
HC11063,17,10/20/2024,Food Poisoning,32,4
HC11064,16,4/23/2024,Food Poisoning,6,3
HC11065,15,6/10/2024,Food Poisoning,39,5
HC11066,19,7/12/2025,Food Poisoning,18,4
HC11067,26,6/22/2024,Typhoid,26,3
HC11068,4,9/18/2025,Food Poisoning,28,3
HC11069,25,11/12/2025,Diarrheal Disease,36,3
HC11070,12,4/23/2024,Typhoid,5,5
HC11071,15,6/17/2024,Diarrheal Disease,24,2
HC11072,8,11/8/2024,Diarrheal Disease,35,2
HC11073,5,3/13/2025,Food Poisoning,12,4
HC11074,11,12/7/2025,Diarrheal Disease,8,3
HC11075,6,3/3/2024,Diarrheal Disease,6,4
HC11076,20,4/29/2024,Typhoid,19,3
HC11077,2,2/6/2025,Typhoid,13,3
HC11078,21,9/11/2025,Food Poisoning,25,2
HC11079,3,9/5/2025,Food Poisoning,33,1
HC11080,3,10/10/2024,Diarrheal Disease,20,5
HC11081,21,12/13/2024,Typhoid,11,1
HC11082,13,1/10/2024,Food Poisoning,35,1
HC11083,16,5/12/2024,Diarrheal Disease,29,5
HC11084,26,2/15/2024,Typhoid,27,2
HC11085,26,4/4/2024,Food Poisoning,37,1
HC11086,3,2/28/2024,Typhoid,22,5
HC11087,17,3/29/2025,Diarrheal Disease,7,4
HC11088,4,6/13/2025,Food Poisoning,23,2
HC11089,5,9/13/2025,Diarrheal Disease,36,1
HC11090,24,2/1/2025,Diarrheal Disease,25,2
HC11091,5,8/8/2025,Diarrheal Disease,27,4
HC11092,3,10/15/2024,Typhoid,36,5
HC11093,18,9/19/2024,Diarrheal Disease,18,2
HC11094,26,10/24/2025,Diarrheal Disease,9,2
HC11095,23,3/28/2025,Diarrheal Disease,18,2
HC11096,3,1/21/2025,Diarrheal Disease,19,2
HC11097,14,3/4/2024,Diarrheal Disease,24,4
HC11098,2,9/24/2025,Diarrheal Disease,11,4
HC11099,11,4/9/2024,Food Poisoning,8,5
HC11100,1,6/4/2024,Typhoid,20,3
HC11101,25,10/1/2025,Diarrheal Disease,37,2
HC11102,22,12/7/2025,Food Poisoning,16,5
HC11103,16,4/20/2025,Food Poisoning,35,2
HC11104,21,10/1/2025,Food Poisoning,39,5
HC11105,25,10/18/2025,Food Poisoning,2,3
HC11106,4,9/4/2024,Typhoid,33,2
HC11107,14,3/15/2025,Food Poisoning,18,3
HC11108,22,5/27/2024,Diarrheal Disease,25,1
HC11109,19,1/20/2025,Typhoid,5,5
HC11110,26,2/1/2024,Typhoid,36,2
HC11111,8,8/9/2025,Diarrheal Disease,31,3
HC11112,15,4/1/2025,Food Poisoning,24,1
HC11113,3,3/9/2025,Typhoid,5,4
HC11114,15,6/30/2025,Diarrheal Disease,35,4
HC11115,13,3/10/2025,Food Poisoning,29,2
HC11116,1,2/1/2024,Food Poisoning,17,2
HC11117,25,7/31/2025,Food Poisoning,35,1
HC11118,18,7/9/2024,Diarrheal Disease,24,1
HC11119,5,4/7/2025,Diarrheal Disease,4,1
HC11120,5,12/29/2024,Food Poisoning,12,4
HC11121,3,5/8/2024,Diarrheal Disease,12,4
HC11122,13,1/5/2025,Typhoid,17,2
HC11123,15,10/1/2025,Typhoid,21,2
HC11124,4,11/13/2025,Food Poisoning,18,2
HC11125,6,12/26/2025,Food Poisoning,35,2
HC11126,10,7/9/2025,Food Poisoning,21,4
HC11127,2,10/22/2024,Typhoid,8,1
HC11128,18,7/15/2025,Typhoid,6,4
HC11129,3,10/23/2025,Food Poisoning,34,2
HC11130,7,10/3/2024,Typhoid,32,1
HC11131,14,6/10/2025,Food Poisoning,13,2
HC11132,2,11/23/2024,Typhoid,10,1
HC11133,21,8/9/2024,Food Poisoning,30,3
HC11134,4,7/5/2024,Diarrheal Disease,24,2
HC11135,10,10/26/2024,Diarrheal Disease,2,5
HC11136,10,1/17/2024,Diarrheal Disease,8,5
HC11137,12,12/11/2024,Food Poisoning,17,3
HC11138,26,10/4/2025,Diarrheal Disease,14,5
HC11139,10,8/26/2025,Typhoid,3,5
HC11140,5,4/4/2024,Typhoid,19,3
HC11141,8,8/25/2024,Typhoid,11,1
HC11142,2,4/2/2025,Food Poisoning,22,3
HC11143,10,4/17/2025,Diarrheal Disease,37,2
HC11144,11,3/19/2024,Food Poisoning,5,2
HC11145,12,1/8/2025,Food Poisoning,28,1
HC11146,10,12/11/2025,Diarrheal Disease,35,3
HC11147,9,11/26/2024,Diarrheal Disease,7,4
HC11148,7,6/6/2025,Diarrheal Disease,9,1
HC11149,5,9/23/2024,Food Poisoning,35,3
HC11150,26,3/20/2024,Diarrheal Disease,28,5
HC11151,15,7/11/2024,Typhoid,34,4
HC11152,8,4/17/2024,Diarrheal Disease,39,1
HC11153,22,6/27/2025,Typhoid,29,4
HC11154,10,11/27/2025,Food Poisoning,4,4
HC11155,9,9/16/2024,Food Poisoning,19,4
HC11156,6,8/5/2024,Food Poisoning,9,4
HC11157,14,1/14/2025,Diarrheal Disease,12,3
HC11158,26,2/14/2025,Food Poisoning,33,1
HC11159,6,4/15/2024,Typhoid,30,2
HC11160,16,7/26/2025,Food Poisoning,25,2
HC11161,17,9/27/2025,Typhoid,7,5
HC11162,3,11/26/2024,Diarrheal Disease,30,3
HC11163,10,3/16/2024,Diarrheal Disease,31,3
HC11164,6,9/23/2025,Food Poisoning,15,5
HC11165,20,9/26/2024,Typhoid,35,4
HC11166,26,1/19/2024,Typhoid,1,3
HC11167,20,10/18/2025,Food Poisoning,11,1
HC11168,12,10/9/2024,Diarrheal Disease,39,4
HC11169,13,2/18/2024,Typhoid,4,1
HC11170,20,4/22/2024,Diarrheal Disease,17,2
HC11171,23,8/19/2025,Typhoid,22,1
HC11172,22,11/13/2024,Diarrheal Disease,12,1
HC11173,16,7/2/2024,Typhoid,1,3
HC11174,7,6/18/2025,Diarrheal Disease,12,3
HC11175,3,9/30/2025,Typhoid,25,4
HC11176,8,2/9/2024,Diarrheal Disease,3,1
HC11177,3,7/30/2024,Typhoid,17,1
HC11178,2,5/12/2025,Typhoid,21,5
HC11179,26,5/7/2025,Food Poisoning,24,1
HC11180,22,4/20/2024,Diarrheal Disease,25,4
HC11181,15,2/20/2024,Food Poisoning,24,1
HC11182,14,4/4/2025,Diarrheal Disease,27,4
HC11183,6,10/22/2025,Food Poisoning,35,3
HC11184,26,5/11/2024,Diarrheal Disease,3,4
HC11185,26,12/4/2025,Diarrheal Disease,14,4
HC11186,16,5/15/2025,Diarrheal Disease,17,4
HC11187,2,2/12/2025,Diarrheal Disease,17,4
HC11188,1,9/4/2025,Diarrheal Disease,27,2
HC11189,6,5/29/2024,Typhoid,31,2
HC11190,10,8/7/2024,Food Poisoning,5,2
HC11191,15,10/2/2025,Food Poisoning,25,2
HC11192,15,11/30/2024,Food Poisoning,9,2
HC11193,18,11/19/2024,Diarrheal Disease,22,4
HC11194,23,2/27/2025,Food Poisoning,29,5
HC11195,21,11/21/2024,Food Poisoning,23,4
HC11196,1,9/15/2025,Food Poisoning,18,3
HC11197,23,6/7/2024,Food Poisoning,26,1
HC11198,23,8/5/2024,Food Poisoning,24,1
HC11199,23,7/4/2025,Food Poisoning,1,3
HC11200,9,10/26/2024,Food Poisoning,28,4
HC11201,17,5/27/2025,Typhoid,31,5
HC11202,24,5/1/2025,Diarrheal Disease,14,4
HC11203,24,5/19/2025,Typhoid,23,5
HC11204,18,12/18/2025,Typhoid,22,3
HC11205,9,9/16/2024,Food Poisoning,39,5
HC11206,8,10/10/2025,Food Poisoning,21,2
HC11207,8,7/28/2025,Diarrheal Disease,21,4
HC11208,6,1/17/2024,Typhoid,39,1
HC11209,14,5/6/2025,Food Poisoning,22,1
HC11210,8,6/20/2025,Food Poisoning,1,1
HC11211,17,3/25/2025,Food Poisoning,17,2
HC11212,3,11/28/2024,Diarrheal Disease,4,1
HC11213,20,3/3/2025,Typhoid,30,5
HC11214,17,9/7/2025,Food Poisoning,33,5
HC11215,10,12/30/2024,Food Poisoning,7,4
HC11216,9,8/8/2024,Typhoid,19,1
HC11217,22,9/8/2024,Typhoid,8,2
HC11218,16,2/13/2025,Food Poisoning,35,2
HC11219,25,5/7/2024,Food Poisoning,6,1
HC11220,2,9/21/2024,Diarrheal Disease,31,2
HC11221,8,2/26/2024,Diarrheal Disease,26,5
HC11222,8,8/25/2024,Diarrheal Disease,38,2
HC11223,3,5/10/2025,Typhoid,20,1
HC11224,12,8/23/2024,Diarrheal Disease,27,2
HC11225,17,6/1/2025,Diarrheal Disease,35,5
HC11226,23,1/5/2025,Typhoid,9,2
HC11227,5,1/21/2025,Diarrheal Disease,21,5
HC11228,21,2/3/2024,Diarrheal Disease,21,5
HC11229,10,11/18/2024,Diarrheal Disease,26,2
HC11230,11,6/22/2025,Food Poisoning,15,4
HC11231,26,6/8/2025,Diarrheal Disease,4,1
HC11232,5,4/13/2025,Diarrheal Disease,38,3
HC11233,12,4/7/2025,Food Poisoning,12,2
HC11234,25,4/12/2024,Food Poisoning,2,4
HC11235,25,4/20/2025,Diarrheal Disease,39,5
HC11236,19,10/3/2024,Typhoid,39,3
HC11237,2,8/4/2025,Food Poisoning,16,5
HC11238,23,7/14/2025,Typhoid,8,3
HC11239,10,5/20/2025,Diarrheal Disease,11,2
HC11240,14,12/17/2024,Typhoid,16,5
HC11241,22,8/22/2025,Typhoid,38,3
HC11242,12,7/2/2025,Diarrheal Disease,4,3
HC11243,8,9/28/2024,Diarrheal Disease,25,4
HC11244,22,12/13/2024,Typhoid,18,4
HC11245,23,1/5/2024,Food Poisoning,2,1
HC11246,18,11/13/2025,Typhoid,26,3
HC11247,23,10/24/2024,Diarrheal Disease,8,2
HC11248,17,12/24/2024,Food Poisoning,13,5
HC11249,9,4/10/2024,Food Poisoning,28,2
HC11250,3,2/10/2024,Typhoid,23,4
HC11251,8,10/3/2024,Diarrheal Disease,2,2
HC11252,23,11/27/2024,Typhoid,30,1
HC11253,11,5/4/2025,Food Poisoning,13,1
HC11254,1,8/19/2025,Diarrheal Disease,24,4
HC11255,14,7/4/2025,Typhoid,21,1
HC11256,25,9/18/2025,Diarrheal Disease,19,1
HC11257,14,10/6/2024,Diarrheal Disease,21,3
HC11258,20,10/13/2025,Diarrheal Disease,29,5
HC11259,22,11/18/2024,Typhoid,28,5
HC11260,6,5/4/2025,Food Poisoning,36,2
HC11261,15,1/21/2024,Food Poisoning,7,5
HC11262,14,8/6/2024,Food Poisoning,13,4
HC11263,15,1/19/2024,Diarrheal Disease,24,1
HC11264,22,8/29/2024,Diarrheal Disease,9,5
HC11265,10,6/7/2025,Diarrheal Disease,6,2
HC11266,22,12/7/2025,Diarrheal Disease,34,4
HC11267,1,9/19/2024,Diarrheal Disease,9,4
HC11268,2,10/29/2024,Typhoid,36,5
HC11269,1,9/19/2025,Food Poisoning,23,1
HC11270,8,2/20/2025,Typhoid,25,2
HC11271,11,11/23/2024,Typhoid,3,3
HC11272,3,3/27/2025,Food Poisoning,14,5
HC11273,5,4/18/2025,Diarrheal Disease,2,2
HC11274,25,11/11/2025,Typhoid,38,3
HC11275,3,1/21/2025,Typhoid,26,2
HC11276,8,10/27/2024,Typhoid,20,4
HC11277,13,5/14/2025,Food Poisoning,7,3
HC11278,1,10/9/2024,Typhoid,2,2
HC11279,19,4/13/2024,Diarrheal Disease,34,5
HC11280,9,8/19/2024,Food Poisoning,5,2
HC11281,2,12/8/2024,Diarrheal Disease,39,5
HC11282,9,1/29/2024,Typhoid,10,5
HC11283,6,6/23/2025,Typhoid,5,5
HC11284,12,6/11/2025,Food Poisoning,1,5
HC11285,20,1/2/2025,Food Poisoning,33,5
HC11286,5,2/1/2024,Diarrheal Disease,26,2
HC11287,19,3/31/2024,Food Poisoning,23,4
HC11288,9,10/23/2025,Diarrheal Disease,30,4
HC11289,17,8/15/2024,Diarrheal Disease,34,1
HC11290,20,2/1/2024,Food Poisoning,38,1
HC11291,13,11/14/2025,Typhoid,12,4
HC11292,13,9/4/2024,Food Poisoning,13,4
HC11293,10,11/25/2024,Diarrheal Disease,22,5
HC11294,16,10/30/2024,Typhoid,21,3
HC11295,16,2/3/2025,Diarrheal Disease,29,3
HC11296,5,11/17/2024,Typhoid,5,1
HC11297,20,6/7/2025,Diarrheal Disease,8,4
HC11298,10,12/23/2025,Diarrheal Disease,17,2
HC11299,9,12/4/2025,Diarrheal Disease,37,1
HC11300,19,12/26/2025,Diarrheal Disease,6,4
HC11301,3,3/6/2024,Typhoid,16,1
HC11302,2,9/1/2025,Diarrheal Disease,23,1
HC11303,11,4/9/2024,Diarrheal Disease,23,1
HC11304,16,5/16/2024,Diarrheal Disease,8,4
HC11305,22,12/16/2025,Typhoid,25,3
HC11306,24,3/28/2025,Diarrheal Disease,23,5
HC11307,14,6/19/2024,Food Poisoning,38,3
HC11308,14,2/23/2024,Food Poisoning,13,1
HC11309,18,10/4/2025,Diarrheal Disease,16,2
HC11310,16,2/1/2024,Typhoid,19,1
HC11311,18,4/22/2024,Food Poisoning,32,5
HC11312,16,6/14/2025,Diarrheal Disease,12,1
HC11313,2,9/9/2024,Typhoid,20,2
HC11314,21,8/12/2025,Diarrheal Disease,3,4
HC11315,3,3/5/2025,Typhoid,22,5
HC11316,7,1/5/2024,Diarrheal Disease,4,1
HC11317,24,8/7/2024,Diarrheal Disease,10,2
HC11318,9,7/26/2024,Typhoid,30,5
HC11319,8,8/11/2024,Food Poisoning,2,4
HC11320,18,4/10/2024,Diarrheal Disease,37,4
HC11321,26,1/4/2024,Food Poisoning,18,1
HC11322,5,11/20/2024,Food Poisoning,6,3
HC11323,4,2/23/2025,Typhoid,10,5
HC11324,25,11/23/2025,Diarrheal Disease,5,3
HC11325,8,3/11/2025,Typhoid,4,3
HC11326,4,1/14/2025,Typhoid,19,1
HC11327,12,10/23/2025,Food Poisoning,27,4
HC11328,25,8/15/2025,Diarrheal Disease,2,3
HC11329,9,12/9/2024,Diarrheal Disease,17,1
HC11330,11,1/3/2024,Typhoid,35,3
HC11331,19,6/17/2025,Diarrheal Disease,20,1
HC11332,10,6/26/2025,Diarrheal Disease,34,4
HC11333,3,12/25/2025,Typhoid,22,3
HC11334,18,7/5/2025,Typhoid,34,1
HC11335,2,6/26/2025,Food Poisoning,17,4
HC11336,22,7/16/2024,Typhoid,39,1
HC11337,6,2/26/2025,Food Poisoning,31,2
HC11338,23,10/20/2024,Food Poisoning,30,4
HC11339,14,11/12/2025,Food Poisoning,20,3
HC11340,19,4/7/2024,Typhoid,16,4
HC11341,19,10/13/2024,Typhoid,38,2
HC11342,3,4/18/2025,Diarrheal Disease,13,4
HC11343,24,11/16/2025,Typhoid,3,2
HC11344,12,12/18/2024,Diarrheal Disease,14,5
HC11345,2,10/22/2024,Typhoid,1,4
HC11346,25,7/16/2024,Food Poisoning,26,2
HC11347,1,9/6/2025,Food Poisoning,6,1
HC11348,5,3/22/2024,Food Poisoning,26,2
HC11349,19,10/11/2025,Diarrheal Disease,38,4
HC11350,4,10/30/2024,Food Poisoning,38,3
HC11351,11,9/23/2024,Typhoid,36,2
HC11352,13,12/3/2025,Food Poisoning,33,3
HC11353,1,2/2/2024,Food Poisoning,12,4
HC11354,18,3/14/2024,Typhoid,8,1
HC11355,18,1/6/2025,Typhoid,38,2
HC11356,26,9/3/2025,Diarrheal Disease,31,4
HC11357,9,9/21/2025,Typhoid,34,2
HC11358,2,12/21/2025,Food Poisoning,30,3
HC11359,11,4/25/2024,Food Poisoning,15,5
HC11360,9,4/8/2025,Diarrheal Disease,27,5
HC11361,26,5/14/2025,Typhoid,39,2
HC11362,10,6/18/2025,Typhoid,16,1
HC11363,1,1/11/2025,Typhoid,23,1
HC11364,10,6/21/2025,Diarrheal Disease,15,1
HC11365,4,11/24/2025,Typhoid,38,2
HC11366,16,6/14/2025,Food Poisoning,32,4
HC11367,13,4/15/2024,Diarrheal Disease,30,2
HC11368,2,7/30/2024,Typhoid,5,2
HC11369,3,9/25/2025,Diarrheal Disease,8,4
HC11370,7,7/1/2025,Food Poisoning,21,5
HC11371,14,4/18/2024,Typhoid,1,2
HC11372,15,9/20/2024,Food Poisoning,23,3
HC11373,8,5/26/2024,Typhoid,19,2
HC11374,14,9/6/2025,Typhoid,21,1
HC11375,21,2/3/2024,Food Poisoning,2,2
HC11376,2,1/9/2025,Typhoid,33,4
HC11377,13,9/19/2025,Diarrheal Disease,2,5
HC11378,14,10/26/2025,Food Poisoning,10,3
HC11379,3,8/19/2024,Food Poisoning,29,4
HC11380,22,8/23/2025,Diarrheal Disease,29,3
HC11381,2,6/21/2025,Diarrheal Disease,22,1
HC11382,14,7/13/2025,Typhoid,35,5
HC11383,14,7/4/2025,Diarrheal Disease,27,2
HC11384,24,6/29/2024,Typhoid,20,3
HC11385,15,1/14/2025,Food Poisoning,21,1
HC11386,2,11/19/2024,Food Poisoning,9,2
HC11387,12,2/20/2024,Diarrheal Disease,34,5
HC11388,18,3/29/2025,Typhoid,37,1
HC11389,17,7/28/2025,Food Poisoning,13,1
HC11390,24,3/24/2025,Typhoid,39,2
HC11391,21,1/19/2024,Typhoid,27,1
HC11392,16,1/24/2024,Food Poisoning,15,4
HC11393,20,1/18/2024,Typhoid,12,1
HC11394,25,4/5/2024,Diarrheal Disease,13,4
HC11395,8,11/11/2025,Food Poisoning,32,3
HC11396,21,8/31/2025,Diarrheal Disease,9,2
HC11397,4,10/5/2024,Food Poisoning,35,3
HC11398,4,2/18/2024,Food Poisoning,23,4
HC11399,14,3/5/2024,Typhoid,10,3
HC11400,9,2/21/2025,Typhoid,13,5
HC11401,25,12/16/2024,Typhoid,4,5
HC11402,16,10/4/2024,Food Poisoning,26,1
HC11403,13,2/5/2024,Food Poisoning,4,3
HC11404,25,2/26/2025,Food Poisoning,18,4
HC11405,9,6/11/2024,Diarrheal Disease,24,3
HC11406,18,2/5/2025,Food Poisoning,22,2
HC11407,8,2/24/2025,Diarrheal Disease,9,2
HC11408,10,12/30/2024,Diarrheal Disease,4,4
HC11409,16,8/19/2025,Typhoid,1,4
HC11410,6,11/15/2024,Typhoid,31,3
HC11411,16,12/28/2025,Diarrheal Disease,38,1
HC11412,7,7/16/2024,Diarrheal Disease,15,5
HC11413,7,10/9/2024,Food Poisoning,19,2
HC11414,18,10/24/2024,Food Poisoning,1,1
HC11415,13,9/7/2024,Typhoid,27,5
HC11416,12,4/29/2024,Food Poisoning,15,2
HC11417,7,11/9/2025,Typhoid,1,3
HC11418,11,6/15/2024,Food Poisoning,22,5
HC11419,23,5/30/2024,Typhoid,38,3
HC11420,18,8/30/2025,Food Poisoning,5,2
HC11421,4,12/12/2025,Food Poisoning,10,1
HC11422,7,10/29/2024,Food Poisoning,24,5
HC11423,16,9/8/2025,Diarrheal Disease,31,1
HC11424,12,11/6/2024,Diarrheal Disease,29,3
HC11425,15,7/16/2024,Food Poisoning,13,4
HC11426,24,3/8/2024,Diarrheal Disease,38,2
HC11427,20,1/20/2024,Typhoid,37,4
HC11428,21,9/6/2025,Typhoid,15,5
HC11429,2,3/28/2024,Food Poisoning,32,2
HC11430,10,12/19/2024,Typhoid,20,2
HC11431,23,8/23/2024,Food Poisoning,37,2
HC11432,25,2/18/2025,Diarrheal Disease,38,2
HC11433,1,9/24/2024,Diarrheal Disease,14,4
HC11434,12,5/4/2025,Diarrheal Disease,32,1
HC11435,11,2/13/2024,Diarrheal Disease,19,4
HC11436,8,11/14/2025,Typhoid,23,4
HC11437,8,12/6/2024,Food Poisoning,36,5
HC11438,19,11/4/2024,Diarrheal Disease,17,3
HC11439,22,12/17/2024,Food Poisoning,27,5
HC11440,25,3/27/2025,Typhoid,22,1
HC11441,22,6/9/2025,Typhoid,1,2
HC11442,23,12/15/2024,Food Poisoning,28,1
HC11443,22,2/5/2024,Food Poisoning,11,3
HC11444,14,10/26/2025,Diarrheal Disease,29,4
HC11445,20,7/20/2025,Diarrheal Disease,10,2
HC11446,24,2/4/2025,Typhoid,31,3
HC11447,1,10/7/2024,Typhoid,35,4
HC11448,22,7/12/2025,Diarrheal Disease,26,5
HC11449,7,7/11/2024,Typhoid,6,1
HC11450,8,8/31/2025,Typhoid,38,2
HC11451,16,6/10/2024,Diarrheal Disease,1,3
HC11452,15,5/27/2024,Typhoid,16,4
HC11453,12,4/18/2025,Food Poisoning,37,1
HC11454,13,1/20/2024,Food Poisoning,32,1
HC11455,21,11/14/2024,Food Poisoning,1,4
HC11456,15,8/23/2025,Typhoid,24,2
HC11457,23,11/29/2025,Diarrheal Disease,17,4
HC11458,3,12/16/2025,Typhoid,37,5
HC11459,18,3/21/2025,Diarrheal Disease,27,2
HC11460,22,12/5/2025,Diarrheal Disease,8,1
HC11461,7,4/20/2024,Diarrheal Disease,31,2
HC11462,25,12/31/2025,Typhoid,1,4
HC11463,12,6/4/2025,Diarrheal Disease,5,2
HC11464,10,9/20/2024,Food Poisoning,37,2
HC11465,23,11/25/2024,Diarrheal Disease,20,5
HC11466,14,2/18/2024,Diarrheal Disease,9,3
HC11467,13,3/29/2025,Diarrheal Disease,29,5
HC11468,16,1/28/2024,Typhoid,29,4
HC11469,10,10/19/2025,Typhoid,33,4
HC11470,22,3/12/2025,Typhoid,32,1
HC11471,7,4/4/2024,Typhoid,30,5
HC11472,6,6/22/2024,Typhoid,32,3
HC11473,19,5/4/2024,Typhoid,12,1
HC11474,16,11/26/2024,Typhoid,26,1
HC11475,3,1/16/2025,Typhoid,29,3
HC11476,22,11/8/2024,Typhoid,8,4
HC11477,7,2/22/2025,Typhoid,37,3
HC11478,19,5/30/2025,Typhoid,24,1
HC11479,21,4/4/2025,Food Poisoning,26,5
HC11480,16,4/24/2024,Diarrheal Disease,20,1
HC11481,14,8/26/2025,Food Poisoning,10,3
HC11482,11,5/6/2025,Food Poisoning,30,1
HC11483,8,3/28/2024,Diarrheal Disease,37,5
HC11484,22,12/23/2025,Typhoid,37,5
HC11485,8,9/19/2025,Food Poisoning,28,1
HC11486,2,7/6/2025,Food Poisoning,1,3
HC11487,7,4/11/2024,Typhoid,10,4
HC11488,13,6/2/2025,Food Poisoning,27,1
HC11489,20,6/12/2024,Typhoid,38,3
HC11490,11,6/4/2025,Diarrheal Disease,16,5
HC11491,23,1/26/2024,Diarrheal Disease,34,2
HC11492,19,8/25/2024,Food Poisoning,23,5
HC11493,4,7/22/2024,Typhoid,35,1
HC11494,2,4/3/2024,Food Poisoning,23,2
HC11495,16,11/28/2024,Diarrheal Disease,11,2
HC11496,7,5/17/2024,Food Poisoning,15,5
HC11497,16,9/14/2024,Diarrheal Disease,19,4
HC11498,18,9/15/2024,Diarrheal Disease,35,4
HC11499,3,9/18/2024,Diarrheal Disease,31,3
HC11500,25,6/11/2024,Typhoid,31,3
HC11501,19,3/27/2025,Typhoid,24,2
HC11502,25,8/14/2025,Food Poisoning,37,2
HC11503,15,7/12/2025,Typhoid,4,5
HC11504,13,11/14/2024,Typhoid,32,2
HC11505,14,12/6/2024,Diarrheal Disease,12,1
HC11506,6,1/13/2025,Typhoid,4,4
HC11507,17,5/13/2024,Typhoid,13,3
HC11508,4,2/5/2024,Food Poisoning,15,2
HC11509,26,10/5/2024,Diarrheal Disease,32,2
HC11510,16,3/16/2025,Food Poisoning,8,2
HC11511,17,2/3/2024,Diarrheal Disease,15,2
HC11512,3,1/1/2025,Food Poisoning,3,1
HC11513,26,3/28/2025,Food Poisoning,24,1
HC11514,12,8/7/2024,Food Poisoning,1,4
HC11515,8,10/28/2025,Typhoid,5,1
HC11516,25,2/26/2025,Food Poisoning,2,5
HC11517,2,3/4/2025,Food Poisoning,10,3
HC11518,5,3/31/2025,Typhoid,23,1
HC11519,11,7/10/2025,Typhoid,23,1
HC11520,22,9/21/2024,Diarrheal Disease,25,3
HC11521,10,12/8/2024,Typhoid,16,3
HC11522,23,7/22/2025,Typhoid,2,2
HC11523,4,3/26/2024,Food Poisoning,25,5
HC11524,14,10/4/2025,Diarrheal Disease,13,5
HC11525,13,3/11/2024,Food Poisoning,12,2
HC11526,14,4/17/2024,Typhoid,39,4
HC11527,21,8/16/2024,Food Poisoning,12,2
HC11528,13,5/11/2024,Food Poisoning,30,5
HC11529,5,11/12/2025,Typhoid,38,5
HC11530,26,1/28/2024,Diarrheal Disease,28,5
HC11531,20,6/19/2024,Diarrheal Disease,14,1
HC11532,19,10/25/2024,Diarrheal Disease,7,4
HC11533,16,1/5/2025,Food Poisoning,17,4
HC11534,16,5/16/2024,Typhoid,27,2
HC11535,7,8/4/2025,Food Poisoning,30,4
HC11536,5,7/12/2024,Diarrheal Disease,37,3
HC11537,14,2/1/2024,Food Poisoning,38,3
HC11538,21,10/27/2025,Typhoid,5,4
HC11539,10,7/31/2024,Typhoid,25,3
HC11540,9,11/1/2025,Food Poisoning,1,4
HC11541,7,3/20/2025,Food Poisoning,20,4
HC11542,14,3/2/2024,Diarrheal Disease,2,2
HC11543,1,9/11/2024,Diarrheal Disease,26,5
HC11544,12,4/3/2025,Typhoid,9,5
HC11545,19,9/4/2024,Diarrheal Disease,8,4
HC11546,3,6/7/2024,Typhoid,18,3
HC11547,12,2/15/2024,Food Poisoning,7,1
HC11548,25,2/9/2024,Typhoid,30,4
HC11549,24,2/1/2024,Typhoid,10,5
HC11550,9,2/26/2024,Food Poisoning,28,4
HC11551,19,3/1/2024,Diarrheal Disease,21,4
HC11552,18,10/3/2025,Typhoid,38,1
HC11553,22,6/1/2024,Food Poisoning,10,1
HC11554,23,4/10/2024,Diarrheal Disease,39,5
HC11555,15,4/27/2024,Typhoid,28,5
HC11556,6,2/6/2024,Food Poisoning,21,4
HC11557,4,7/12/2025,Diarrheal Disease,14,3
HC11558,21,12/20/2024,Food Poisoning,8,5
HC11559,8,10/18/2024,Diarrheal Disease,32,1
HC11560,16,1/8/2024,Diarrheal Disease,21,3
HC11561,16,4/20/2025,Diarrheal Disease,11,2
HC11562,23,12/19/2025,Food Poisoning,34,4
HC11563,16,12/16/2024,Food Poisoning,21,1
HC11564,10,1/23/2024,Diarrheal Disease,22,4
HC11565,16,7/23/2024,Typhoid,38,3
HC11566,25,5/10/2024,Diarrheal Disease,3,4
HC11567,4,11/9/2024,Food Poisoning,28,5
HC11568,19,5/28/2025,Food Poisoning,28,1
HC11569,4,3/28/2024,Typhoid,35,2
HC11570,10,5/26/2024,Food Poisoning,26,1
HC11571,15,7/24/2024,Typhoid,19,5
HC11572,24,10/19/2024,Typhoid,36,5
HC11573,1,12/11/2025,Diarrheal Disease,33,4
HC11574,10,6/22/2025,Typhoid,12,4
HC11575,25,11/5/2024,Typhoid,31,3
HC11576,4,4/25/2024,Food Poisoning,10,3
HC11577,16,6/16/2025,Diarrheal Disease,10,2
HC11578,11,12/18/2025,Diarrheal Disease,30,3
HC11579,15,1/29/2025,Typhoid,14,1
HC11580,23,4/20/2024,Diarrheal Disease,39,5
HC11581,24,10/24/2024,Typhoid,27,5
HC11582,18,2/25/2025,Typhoid,31,2
HC11583,15,2/22/2025,Diarrheal Disease,34,3
HC11584,8,1/31/2025,Typhoid,25,4
HC11585,20,2/16/2025,Diarrheal Disease,3,2
HC11586,19,5/25/2025,Typhoid,27,1
HC11587,22,10/5/2024,Food Poisoning,3,5
HC11588,8,12/5/2024,Diarrheal Disease,16,3
HC11589,11,7/2/2024,Diarrheal Disease,16,2
HC11590,26,3/22/2024,Typhoid,6,1
HC11591,2,7/7/2024,Typhoid,2,1
HC11592,16,12/31/2025,Food Poisoning,28,5
HC11593,5,7/21/2024,Diarrheal Disease,10,5
HC11594,26,6/26/2025,Food Poisoning,4,1
HC11595,7,12/24/2025,Diarrheal Disease,37,2
HC11596,21,8/2/2025,Typhoid,8,5
HC11597,16,3/6/2024,Typhoid,38,4
HC11598,10,1/20/2024,Diarrheal Disease,15,3
HC11599,20,3/26/2024,Typhoid,18,4
HC11600,10,6/16/2025,Food Poisoning,30,4
HC11601,11,12/7/2025,Typhoid,35,2
HC11602,3,1/21/2024,Typhoid,37,5
HC11603,1,8/14/2025,Diarrheal Disease,32,4
HC11604,14,1/29/2025,Diarrheal Disease,20,1
HC11605,22,1/16/2024,Typhoid,21,3
HC11606,14,2/25/2024,Food Poisoning,27,4
HC11607,1,10/22/2024,Typhoid,13,5
HC11608,26,11/30/2024,Diarrheal Disease,8,2
HC11609,5,6/5/2025,Typhoid,8,1
HC11610,18,4/3/2024,Typhoid,12,5
HC11611,21,9/1/2024,Food Poisoning,7,2
HC11612,19,4/29/2024,Diarrheal Disease,17,4
HC11613,13,9/28/2024,Typhoid,23,4
HC11614,25,1/26/2024,Food Poisoning,30,4
HC11615,25,12/20/2025,Diarrheal Disease,19,4
HC11616,9,2/13/2024,Diarrheal Disease,39,1
HC11617,4,3/19/2025,Typhoid,28,1
HC11618,17,3/4/2024,Food Poisoning,13,1
HC11619,3,12/1/2024,Typhoid,12,4
HC11620,21,5/9/2024,Diarrheal Disease,2,5
HC11621,14,9/11/2025,Food Poisoning,20,2
HC11622,20,5/31/2024,Typhoid,25,2
HC11623,13,3/14/2025,Food Poisoning,24,4
HC11624,13,6/6/2024,Diarrheal Disease,4,3
HC11625,26,4/28/2024,Typhoid,11,5
HC11626,8,4/23/2024,Food Poisoning,35,2
HC11627,21,11/27/2025,Typhoid,29,1
HC11628,25,1/2/2024,Diarrheal Disease,13,3
HC11629,9,5/31/2025,Food Poisoning,14,2
HC11630,8,6/22/2025,Food Poisoning,19,1
HC11631,4,10/4/2024,Diarrheal Disease,7,5
HC11632,20,1/21/2024,Diarrheal Disease,38,5
HC11633,14,5/3/2024,Diarrheal Disease,9,2
HC11634,4,4/4/2024,Food Poisoning,33,4
HC11635,6,2/17/2024,Food Poisoning,24,3
HC11636,10,7/18/2025,Typhoid,32,4
HC11637,14,2/1/2024,Typhoid,38,4
HC11638,6,4/22/2025,Typhoid,16,4
HC11639,15,7/6/2025,Food Poisoning,8,4
HC11640,18,7/13/2024,Typhoid,14,5
HC11641,19,7/20/2024,Typhoid,23,5
HC11642,6,8/9/2025,Typhoid,5,4
HC11643,8,2/14/2024,Food Poisoning,24,2
HC11644,15,2/8/2024,Food Poisoning,21,4
HC11645,12,2/14/2025,Food Poisoning,1,1
HC11646,10,4/7/2025,Typhoid,2,5
HC11647,11,6/4/2025,Typhoid,29,3
HC11648,11,12/1/2025,Food Poisoning,19,3
HC11649,3,11/20/2024,Typhoid,19,1
HC11650,4,12/19/2025,Typhoid,39,3
HC11651,25,6/7/2025,Typhoid,23,4
HC11652,25,4/21/2024,Diarrheal Disease,5,1
HC11653,10,10/12/2025,Food Poisoning,25,1
HC11654,9,10/29/2024,Food Poisoning,38,3
HC11655,1,5/29/2025,Food Poisoning,33,1
HC11656,10,7/24/2024,Diarrheal Disease,26,2
HC11657,8,2/7/2024,Diarrheal Disease,29,5
HC11658,4,3/19/2024,Diarrheal Disease,36,3
HC11659,16,5/8/2024,Food Poisoning,5,4
HC11660,7,12/27/2025,Typhoid,15,3
HC11661,25,3/27/2024,Diarrheal Disease,29,1
HC11662,15,1/25/2024,Diarrheal Disease,29,1
HC11663,2,6/8/2024,Diarrheal Disease,29,1
HC11664,10,4/14/2025,Diarrheal Disease,11,4
HC11665,25,11/6/2024,Typhoid,5,1
HC11666,22,3/31/2025,Typhoid,36,2
HC11667,4,12/9/2024,Typhoid,18,4
HC11668,21,4/14/2024,Typhoid,37,3
HC11669,8,9/12/2025,Typhoid,11,3
HC11670,10,2/23/2024,Food Poisoning,34,2
HC11671,11,5/13/2025,Diarrheal Disease,18,5
HC11672,17,3/15/2025,Food Poisoning,22,4
HC11673,19,11/22/2024,Diarrheal Disease,35,2
HC11674,18,10/2/2025,Typhoid,13,1
HC11675,18,12/20/2025,Typhoid,38,4
HC11676,11,4/12/2025,Diarrheal Disease,27,5
HC11677,7,7/22/2024,Diarrheal Disease,21,5
HC11678,24,11/26/2024,Typhoid,26,4
HC11679,14,11/11/2025,Food Poisoning,3,2
HC11680,14,8/12/2024,Typhoid,39,1
HC11681,23,5/26/2025,Diarrheal Disease,3,3
HC11682,14,12/23/2025,Food Poisoning,15,4
HC11683,20,4/19/2025,Food Poisoning,1,1
HC11684,23,3/4/2025,Food Poisoning,33,4
HC11685,12,1/21/2024,Food Poisoning,33,1
HC11686,18,3/2/2025,Typhoid,36,3
HC11687,17,2/15/2025,Food Poisoning,2,3
HC11688,22,8/16/2025,Typhoid,29,4
HC11689,26,1/17/2025,Food Poisoning,11,2
HC11690,19,1/19/2024,Food Poisoning,30,3
HC11691,25,12/12/2025,Typhoid,4,1
HC11692,3,11/17/2024,Typhoid,9,3
HC11693,9,8/15/2025,Food Poisoning,24,1
HC11694,5,1/30/2024,Typhoid,12,3
HC11695,1,1/25/2024,Diarrheal Disease,31,3
HC11696,25,10/15/2024,Food Poisoning,16,5
HC11697,13,7/10/2025,Typhoid,33,1
HC11698,2,6/19/2024,Typhoid,4,2
HC11699,9,7/26/2025,Diarrheal Disease,26,2
HC11700,15,2/28/2024,Typhoid,3,2
HC11701,20,6/7/2024,Typhoid,28,2
HC11702,1,4/3/2024,Food Poisoning,4,1
HC11703,26,8/19/2024,Diarrheal Disease,19,1
HC11704,22,11/23/2025,Typhoid,3,4
HC11705,6,3/19/2025,Diarrheal Disease,21,4
HC11706,7,9/5/2024,Diarrheal Disease,37,3
HC11707,25,12/6/2025,Food Poisoning,23,3
HC11708,15,3/21/2025,Food Poisoning,10,2
HC11709,17,11/6/2025,Typhoid,27,1
HC11710,8,7/31/2024,Typhoid,37,2
HC11711,21,9/21/2024,Food Poisoning,29,3
HC11712,17,9/17/2025,Typhoid,24,4
HC11713,17,2/14/2025,Diarrheal Disease,4,5
HC11714,3,10/25/2025,Food Poisoning,15,5
HC11715,13,12/6/2024,Food Poisoning,26,4
HC11716,15,5/23/2024,Diarrheal Disease,1,4
HC11717,11,1/7/2025,Typhoid,4,1
HC11718,10,3/20/2024,Diarrheal Disease,26,3
HC11719,6,3/9/2024,Typhoid,25,3
HC11720,2,5/8/2025,Typhoid,38,3
HC11721,1,12/17/2024,Typhoid,27,5
HC11722,20,6/7/2024,Typhoid,1,5
HC11723,23,11/29/2024,Diarrheal Disease,33,1
HC11724,19,11/8/2024,Diarrheal Disease,15,4
HC11725,20,3/12/2025,Typhoid,29,3
HC11726,16,6/21/2025,Diarrheal Disease,35,2
HC11727,1,12/6/2024,Food Poisoning,31,3
HC11728,7,2/15/2024,Food Poisoning,18,2
HC11729,18,5/26/2025,Typhoid,25,2
HC11730,26,8/31/2024,Food Poisoning,20,4
HC11731,10,7/28/2025,Food Poisoning,6,4
HC11732,18,2/25/2024,Food Poisoning,6,5
HC11733,1,3/6/2025,Diarrheal Disease,38,1
HC11734,8,4/11/2025,Diarrheal Disease,14,1
HC11735,10,9/25/2024,Food Poisoning,9,1
HC11736,23,6/25/2025,Diarrheal Disease,35,3
HC11737,11,8/9/2024,Food Poisoning,16,3
HC11738,12,4/29/2024,Diarrheal Disease,37,2
HC11739,22,9/8/2024,Typhoid,30,3
HC11740,6,3/18/2025,Diarrheal Disease,10,3
HC11741,15,5/5/2024,Typhoid,13,2
HC11742,7,11/21/2024,Diarrheal Disease,11,2
HC11743,22,12/23/2025,Typhoid,7,2
HC11744,4,9/17/2024,Food Poisoning,37,3
HC11745,2,10/3/2024,Typhoid,16,3
HC11746,16,3/2/2025,Diarrheal Disease,8,3
HC11747,10,7/9/2025,Food Poisoning,30,4
HC11748,14,8/15/2025,Food Poisoning,21,3
HC11749,21,12/28/2024,Food Poisoning,13,3
HC11750,18,12/18/2024,Food Poisoning,20,3
HC11751,12,3/7/2024,Food Poisoning,16,4
HC11752,14,1/17/2025,Diarrheal Disease,7,5
HC11753,16,3/29/2024,Diarrheal Disease,21,1
HC11754,12,8/22/2024,Food Poisoning,37,1
HC11755,3,10/13/2024,Diarrheal Disease,26,1
HC11756,22,12/2/2025,Typhoid,15,3
HC11757,23,7/10/2024,Diarrheal Disease,21,5
HC11758,6,11/8/2025,Diarrheal Disease,16,3
HC11759,20,4/21/2025,Food Poisoning,10,1
HC11760,15,1/12/2024,Diarrheal Disease,3,5
HC11761,10,9/8/2025,Typhoid,2,2
HC11762,4,7/4/2025,Food Poisoning,38,1
HC11763,19,10/18/2024,Diarrheal Disease,18,2
HC11764,26,1/3/2025,Typhoid,25,3
HC11765,14,3/23/2024,Food Poisoning,23,4
HC11766,3,3/11/2024,Food Poisoning,35,3
HC11767,12,11/17/2024,Diarrheal Disease,3,5
HC11768,5,10/2/2024,Food Poisoning,17,4
HC11769,2,4/25/2024,Diarrheal Disease,28,2
HC11770,6,2/12/2025,Food Poisoning,19,5
HC11771,21,1/21/2025,Diarrheal Disease,13,2
HC11772,20,2/26/2024,Diarrheal Disease,25,3
HC11773,2,7/7/2024,Diarrheal Disease,28,3
HC11774,15,2/26/2025,Food Poisoning,6,1
HC11775,8,7/19/2025,Food Poisoning,36,3
HC11776,1,6/28/2025,Typhoid,29,3
HC11777,12,1/18/2025,Diarrheal Disease,28,4
HC11778,25,8/4/2024,Food Poisoning,20,2
HC11779,15,1/19/2025,Diarrheal Disease,2,5
HC11780,11,1/28/2024,Typhoid,26,4
HC11781,2,9/6/2024,Typhoid,29,1
HC11782,11,4/1/2024,Diarrheal Disease,25,2
HC11783,15,9/27/2025,Food Poisoning,12,3
HC11784,26,7/21/2025,Diarrheal Disease,23,2
HC11785,8,1/5/2025,Diarrheal Disease,5,1
HC11786,3,12/19/2024,Typhoid,30,4
HC11787,13,8/13/2025,Food Poisoning,7,3
HC11788,20,11/4/2025,Typhoid,23,4
HC11789,23,7/26/2024,Typhoid,1,2
HC11790,11,6/13/2025,Diarrheal Disease,11,4
HC11791,16,7/26/2025,Diarrheal Disease,2,1
HC11792,25,1/27/2024,Food Poisoning,5,4
HC11793,24,1/29/2025,Diarrheal Disease,18,1
HC11794,22,4/20/2025,Food Poisoning,33,5
HC11795,22,9/18/2025,Food Poisoning,17,4
HC11796,4,5/30/2024,Diarrheal Disease,1,3
HC11797,10,10/29/2025,Diarrheal Disease,25,2
HC11798,8,10/20/2024,Typhoid,31,3
HC11799,16,1/14/2025,Typhoid,4,2
HC11800,9,4/8/2024,Diarrheal Disease,27,4
HC11801,22,6/27/2025,Typhoid,26,2
HC11802,1,10/9/2025,Diarrheal Disease,19,2
HC11803,4,9/13/2024,Diarrheal Disease,9,5
HC11804,8,12/6/2025,Food Poisoning,22,2
HC11805,17,4/10/2024,Diarrheal Disease,26,5
HC11806,16,3/17/2025,Diarrheal Disease,21,3
HC11807,12,12/24/2025,Typhoid,16,3
HC11808,15,8/21/2024,Diarrheal Disease,36,4
HC11809,22,1/7/2025,Typhoid,3,2
HC11810,24,12/1/2025,Typhoid,1,1
HC11811,25,6/4/2024,Typhoid,13,3
HC11812,26,11/19/2025,Typhoid,8,3
HC11813,13,6/19/2025,Food Poisoning,38,1
HC11814,20,10/5/2024,Typhoid,33,2
HC11815,9,1/30/2024,Typhoid,10,4
HC11816,10,2/18/2025,Food Poisoning,1,3
HC11817,13,6/27/2025,Food Poisoning,22,5
HC11818,19,2/23/2025,Food Poisoning,6,1
HC11819,3,2/25/2024,Typhoid,6,3
HC11820,9,12/20/2025,Diarrheal Disease,9,5
HC11821,13,7/3/2024,Diarrheal Disease,23,2
HC11822,16,3/9/2024,Typhoid,34,3
HC11823,1,8/17/2025,Typhoid,2,3
HC11824,8,2/21/2024,Typhoid,27,3
HC11825,3,12/7/2024,Typhoid,1,1
HC11826,23,10/28/2025,Food Poisoning,3,5
HC11827,26,9/26/2024,Food Poisoning,24,2
HC11828,19,2/13/2025,Food Poisoning,39,2
HC11829,8,1/25/2025,Food Poisoning,8,4
HC11830,2,8/21/2024,Diarrheal Disease,25,1
HC11831,8,9/4/2024,Typhoid,6,1
HC11832,15,12/6/2024,Food Poisoning,23,1
HC11833,23,5/15/2024,Food Poisoning,12,3
HC11834,1,7/10/2024,Food Poisoning,3,3
HC11835,6,11/16/2024,Typhoid,37,1
HC11836,11,11/28/2024,Diarrheal Disease,14,3
HC11837,9,1/6/2025,Diarrheal Disease,36,5
HC11838,9,12/25/2025,Typhoid,6,1
HC11839,1,2/3/2025,Typhoid,27,2
HC11840,5,6/18/2025,Food Poisoning,12,2
HC11841,1,8/10/2024,Food Poisoning,5,5
HC11842,4,3/18/2025,Typhoid,24,1
HC11843,16,2/15/2025,Diarrheal Disease,12,3
HC11844,1,12/11/2025,Food Poisoning,36,1
HC11845,24,3/24/2024,Typhoid,34,5
HC11846,9,6/24/2024,Typhoid,34,4
HC11847,11,7/4/2024,Typhoid,17,4
HC11848,1,1/30/2024,Typhoid,38,4
HC11849,10,12/22/2025,Diarrheal Disease,7,1
HC11850,15,1/27/2024,Typhoid,34,4
HC11851,3,7/27/2024,Diarrheal Disease,37,1
HC11852,17,2/24/2025,Diarrheal Disease,7,5
HC11853,1,5/6/2025,Diarrheal Disease,34,2
HC11854,16,5/8/2024,Typhoid,8,4
HC11855,22,2/3/2025,Food Poisoning,19,1
HC11856,10,2/18/2024,Diarrheal Disease,15,4
HC11857,1,8/19/2024,Diarrheal Disease,31,4
HC11858,19,7/5/2024,Food Poisoning,19,2
HC11859,3,4/15/2024,Typhoid,32,3
HC11860,10,1/14/2024,Diarrheal Disease,5,1
HC11861,19,10/9/2024,Food Poisoning,22,3
HC11862,1,5/13/2024,Typhoid,14,5
HC11863,26,10/30/2025,Typhoid,10,3
HC11864,18,1/3/2025,Food Poisoning,25,3
HC11865,22,10/23/2025,Food Poisoning,22,5
HC11866,26,10/22/2024,Diarrheal Disease,27,4
HC11867,23,9/28/2024,Food Poisoning,31,1
HC11868,7,12/1/2025,Typhoid,25,5
HC11869,16,12/20/2024,Typhoid,23,5
HC11870,18,3/11/2024,Food Poisoning,20,1
HC11871,16,6/12/2025,Food Poisoning,38,3
HC11872,13,9/10/2025,Food Poisoning,2,1
HC11873,19,2/2/2025,Diarrheal Disease,19,4
HC11874,21,8/30/2024,Typhoid,6,2
HC11875,21,5/19/2024,Typhoid,39,5
HC11876,3,2/15/2025,Diarrheal Disease,2,2
HC11877,15,1/3/2024,Food Poisoning,26,5
HC11878,15,12/8/2024,Food Poisoning,38,2
HC11879,15,8/1/2025,Typhoid,14,3
HC11880,2,12/5/2024,Food Poisoning,23,5
HC11881,14,4/18/2025,Food Poisoning,26,2
HC11882,10,5/4/2024,Diarrheal Disease,35,1
HC11883,22,9/1/2024,Food Poisoning,2,3
HC11884,5,1/28/2025,Food Poisoning,5,5
HC11885,9,5/1/2024,Food Poisoning,4,4
HC11886,18,5/3/2025,Typhoid,7,1
HC11887,10,11/12/2024,Food Poisoning,4,4
HC11888,10,8/6/2025,Typhoid,6,1
HC11889,4,5/3/2024,Food Poisoning,36,1
HC11890,19,5/28/2024,Diarrheal Disease,28,1
HC11891,3,5/1/2025,Food Poisoning,15,1
HC11892,2,9/8/2025,Typhoid,32,4
HC11893,25,10/15/2024,Typhoid,9,1
HC11894,19,2/18/2024,Food Poisoning,6,1
HC11895,4,3/21/2025,Diarrheal Disease,23,2
HC11896,19,1/8/2024,Diarrheal Disease,34,4
HC11897,9,11/9/2025,Typhoid,38,4
HC11898,14,5/16/2025,Food Poisoning,22,3
HC11899,26,6/11/2025,Diarrheal Disease,31,1
HC11900,23,5/27/2025,Diarrheal Disease,23,3
HC11901,14,1/1/2024,Food Poisoning,21,4
HC11902,6,7/15/2025,Diarrheal Disease,22,4
HC11903,14,7/11/2025,Typhoid,13,1
HC11904,1,9/9/2024,Diarrheal Disease,13,2
HC11905,17,4/27/2024,Typhoid,17,2
HC11906,15,12/1/2025,Diarrheal Disease,37,2
HC11907,11,1/10/2025,Food Poisoning,1,4
HC11908,26,12/31/2025,Typhoid,32,5
HC11909,6,7/17/2025,Diarrheal Disease,27,1
HC11910,24,8/25/2024,Food Poisoning,3,1
HC11911,13,7/2/2025,Diarrheal Disease,14,2
HC11912,24,11/20/2025,Food Poisoning,30,4
HC11913,4,7/19/2024,Diarrheal Disease,6,5
HC11914,5,5/9/2024,Typhoid,8,4
HC11915,3,3/7/2024,Typhoid,25,2
HC11916,23,10/1/2025,Typhoid,25,5
HC11917,24,4/26/2024,Food Poisoning,25,4
HC11918,1,10/17/2024,Food Poisoning,24,5
HC11919,4,3/26/2024,Typhoid,9,5
HC11920,18,7/15/2024,Food Poisoning,22,5
HC11921,26,1/27/2024,Diarrheal Disease,17,1
HC11922,5,5/6/2025,Food Poisoning,37,4
HC11923,3,6/29/2024,Food Poisoning,31,1
HC11924,22,7/2/2024,Typhoid,6,5
HC11925,25,11/11/2025,Typhoid,28,5
HC11926,5,4/22/2024,Diarrheal Disease,2,1
HC11927,13,4/23/2024,Typhoid,4,4
HC11928,4,1/1/2024,Typhoid,37,3
HC11929,17,4/3/2024,Typhoid,2,4
HC11930,9,9/21/2025,Diarrheal Disease,36,2
HC11931,8,3/5/2025,Diarrheal Disease,34,2
HC11932,26,2/9/2024,Diarrheal Disease,37,2
HC11933,1,4/14/2025,Diarrheal Disease,23,3
HC11934,9,3/1/2025,Food Poisoning,9,1
HC11935,12,4/8/2025,Diarrheal Disease,23,4
HC11936,20,1/3/2024,Typhoid,2,1
HC11937,20,8/9/2024,Typhoid,23,3
HC11938,13,10/20/2025,Diarrheal Disease,34,1
HC11939,12,6/9/2025,Food Poisoning,27,2
HC11940,9,7/10/2024,Diarrheal Disease,8,4
HC11941,10,1/25/2024,Food Poisoning,32,1
HC11942,21,4/16/2024,Food Poisoning,32,1
HC11943,17,8/7/2024,Typhoid,17,2
HC11944,25,12/16/2025,Diarrheal Disease,20,1
HC11945,3,12/27/2025,Diarrheal Disease,27,4
HC11946,17,11/29/2025,Food Poisoning,27,4
HC11947,3,8/24/2024,Food Poisoning,35,2
HC11948,24,2/15/2025,Diarrheal Disease,25,3
HC11949,2,2/2/2024,Diarrheal Disease,19,4
HC11950,10,7/3/2024,Diarrheal Disease,25,5
HC11951,26,7/9/2025,Food Poisoning,24,3
HC11952,5,12/26/2024,Diarrheal Disease,25,4
HC11953,5,6/8/2025,Food Poisoning,24,1
HC11954,6,2/21/2025,Typhoid,6,4
HC11955,24,8/26/2025,Food Poisoning,31,3
HC11956,11,1/29/2025,Food Poisoning,27,5
HC11957,13,10/9/2024,Food Poisoning,27,3
HC11958,9,12/20/2025,Typhoid,31,4
HC11959,12,8/22/2025,Diarrheal Disease,24,2
HC11960,4,10/21/2025,Typhoid,20,4
HC11961,18,1/26/2024,Diarrheal Disease,39,3
HC11962,15,6/4/2024,Typhoid,13,3
HC11963,1,4/4/2024,Diarrheal Disease,19,2
HC11964,3,11/4/2024,Typhoid,7,3
HC11965,7,11/8/2025,Typhoid,24,2
HC11966,20,9/24/2025,Typhoid,24,4
HC11967,14,12/5/2025,Typhoid,2,5
HC11968,13,10/10/2024,Food Poisoning,36,4
HC11969,5,3/10/2024,Food Poisoning,3,3
HC11970,2,7/30/2024,Typhoid,17,1
HC11971,11,7/2/2025,Food Poisoning,4,1
HC11972,12,2/26/2024,Diarrheal Disease,20,1
HC11973,4,5/4/2025,Food Poisoning,19,3
HC11974,3,4/29/2025,Food Poisoning,5,1
HC11975,17,2/16/2025,Typhoid,21,2
HC11976,3,12/2/2024,Typhoid,22,4
HC11977,10,7/26/2024,Diarrheal Disease,23,4
HC11978,17,12/26/2024,Diarrheal Disease,11,2
HC11979,9,3/22/2025,Food Poisoning,28,5
HC11980,21,7/19/2024,Diarrheal Disease,31,2
HC11981,26,11/5/2024,Diarrheal Disease,35,4
HC11982,6,5/13/2024,Typhoid,18,2
HC11983,26,2/6/2024,Food Poisoning,10,2
HC11984,23,12/8/2025,Typhoid,27,2
HC11985,16,1/7/2025,Diarrheal Disease,6,4
HC11986,8,4/10/2024,Diarrheal Disease,4,5
HC11987,24,8/23/2025,Typhoid,25,4
HC11988,16,11/16/2024,Diarrheal Disease,16,4
HC11989,1,6/19/2025,Typhoid,18,1
HC11990,5,7/8/2024,Food Poisoning,2,5
HC11991,24,4/14/2025,Food Poisoning,17,3
HC11992,20,6/5/2025,Food Poisoning,21,5
HC11993,24,4/9/2025,Diarrheal Disease,4,1
HC11994,1,12/18/2025,Diarrheal Disease,34,4
HC11995,4,1/19/2024,Typhoid,21,1
HC11996,25,3/9/2024,Typhoid,13,5
HC11997,10,5/9/2024,Food Poisoning,9,2
HC11998,7,12/14/2024,Food Poisoning,16,2
HC11999,1,11/6/2025,Typhoid,6,1
HC12000,8,12/17/2025,Diarrheal Disease,7,4
HC12001,4,1/30/2025,Diarrheal Disease,12,4
HC12002,23,12/10/2024,Typhoid,36,2
HC12003,1,5/30/2024,Food Poisoning,24,5
HC12004,6,8/3/2025,Diarrheal Disease,15,5
HC12005,13,4/11/2025,Food Poisoning,6,5
HC12006,24,8/27/2025,Diarrheal Disease,37,4
HC12007,13,11/12/2024,Food Poisoning,8,5
HC12008,13,11/9/2024,Typhoid,39,1
HC12009,24,6/22/2024,Food Poisoning,10,5
HC12010,21,4/2/2024,Typhoid,23,5
HC12011,18,2/10/2025,Food Poisoning,6,1
HC12012,18,8/22/2025,Diarrheal Disease,21,4
HC12013,23,2/15/2025,Diarrheal Disease,32,3
HC12014,23,4/9/2024,Typhoid,7,2
HC12015,17,2/13/2024,Diarrheal Disease,27,3
HC12016,15,11/26/2024,Diarrheal Disease,25,1
HC12017,21,5/1/2024,Food Poisoning,14,1
HC12018,7,7/30/2025,Diarrheal Disease,26,4
HC12019,17,9/17/2025,Typhoid,34,5
HC12020,18,12/18/2025,Typhoid,6,2
HC12021,24,10/4/2024,Typhoid,9,4
HC12022,19,1/4/2024,Diarrheal Disease,7,1
HC12023,20,5/3/2025,Diarrheal Disease,4,2
HC12024,9,2/3/2024,Typhoid,2,5
HC12025,11,4/26/2024,Typhoid,35,5
HC12026,20,9/26/2025,Typhoid,18,2
HC12027,9,5/2/2025,Typhoid,1,2
HC12028,8,8/16/2024,Diarrheal Disease,28,2
HC12029,26,3/1/2024,Diarrheal Disease,9,4
HC12030,10,11/18/2025,Diarrheal Disease,12,4
HC12031,7,7/13/2025,Food Poisoning,31,5
HC12032,26,8/15/2024,Diarrheal Disease,36,5
HC12033,24,8/19/2025,Food Poisoning,22,2
HC12034,8,6/2/2024,Diarrheal Disease,13,3
HC12035,14,11/29/2025,Typhoid,19,5
HC12036,24,10/30/2025,Diarrheal Disease,30,1
HC12037,14,10/8/2025,Typhoid,19,2
HC12038,2,10/18/2025,Typhoid,22,1
HC12039,16,4/16/2024,Food Poisoning,30,5
HC12040,7,1/16/2025,Diarrheal Disease,24,5
HC12041,8,8/28/2024,Typhoid,17,4
HC12042,19,10/17/2024,Typhoid,30,3
HC12043,12,5/29/2025,Typhoid,7,3
HC12044,1,10/4/2024,Typhoid,26,1
HC12045,15,12/25/2025,Typhoid,22,5
HC12046,10,8/19/2025,Food Poisoning,29,2
HC12047,7,3/22/2024,Food Poisoning,10,1
HC12048,17,4/26/2024,Typhoid,30,5
HC12049,14,7/13/2025,Typhoid,1,5
HC12050,16,3/23/2025,Typhoid,27,1
HC12051,4,6/2/2024,Food Poisoning,11,2
HC12052,10,4/9/2024,Diarrheal Disease,15,3
HC12053,4,6/26/2024,Diarrheal Disease,23,2
HC12054,18,8/31/2024,Food Poisoning,6,1
HC12055,23,1/3/2024,Food Poisoning,3,1
HC12056,7,1/18/2025,Diarrheal Disease,14,3
HC12057,5,1/11/2024,Food Poisoning,26,1
HC12058,6,9/13/2024,Food Poisoning,4,4
HC12059,23,11/28/2025,Diarrheal Disease,30,1
HC12060,26,12/22/2024,Typhoid,1,5
HC12061,2,5/5/2024,Food Poisoning,30,2
HC12062,5,3/31/2025,Diarrheal Disease,3,1
HC12063,1,5/28/2025,Food Poisoning,23,2
HC12064,6,8/6/2024,Typhoid,32,5
HC12065,25,12/12/2025,Typhoid,14,1
HC12066,16,3/17/2024,Food Poisoning,3,1
HC12067,24,11/23/2024,Food Poisoning,10,4
HC12068,5,2/13/2025,Food Poisoning,20,4
HC12069,14,2/25/2024,Diarrheal Disease,38,4
HC12070,22,8/12/2024,Diarrheal Disease,21,4
HC12071,2,10/31/2024,Typhoid,10,4
HC12072,24,7/20/2024,Food Poisoning,26,5
HC12073,26,11/4/2024,Food Poisoning,28,2
HC12074,15,7/25/2024,Typhoid,37,1
HC12075,21,8/14/2024,Typhoid,16,1
HC12076,2,12/9/2024,Diarrheal Disease,37,3
HC12077,25,5/9/2025,Diarrheal Disease,38,2
HC12078,17,12/14/2024,Food Poisoning,24,2
HC12079,3,5/30/2024,Typhoid,27,4
HC12080,25,3/23/2025,Typhoid,18,4
HC12081,13,7/28/2024,Food Poisoning,4,1
HC12082,2,11/20/2024,Typhoid,32,1
HC12083,26,1/27/2024,Food Poisoning,35,5
HC12084,25,6/16/2025,Typhoid,37,3
HC12085,19,11/25/2025,Food Poisoning,20,1
HC12086,23,8/19/2025,Diarrheal Disease,22,5
HC12087,5,9/2/2024,Typhoid,33,3
HC12088,20,12/11/2025,Typhoid,1,5
HC12089,16,3/8/2025,Typhoid,25,2
HC12090,6,5/2/2024,Typhoid,18,1
HC12091,13,7/8/2024,Food Poisoning,37,2
HC12092,17,3/2/2025,Typhoid,22,4
HC12093,3,2/2/2025,Diarrheal Disease,27,4
HC12094,7,11/8/2024,Typhoid,15,1
HC12095,18,6/23/2025,Typhoid,26,4
HC12096,4,4/17/2025,Typhoid,21,4
HC12097,6,9/23/2025,Food Poisoning,26,1
HC12098,3,9/11/2024,Typhoid,28,4
HC12099,9,5/11/2025,Typhoid,36,1
HC12100,11,1/19/2025,Food Poisoning,32,3
HC12101,4,2/12/2024,Typhoid,26,1
HC12102,19,11/18/2025,Typhoid,10,3
HC12103,12,2/10/2025,Diarrheal Disease,39,3
HC12104,10,4/6/2024,Food Poisoning,21,5
HC12105,9,11/1/2025,Typhoid,16,1
HC12106,15,5/8/2024,Typhoid,39,5
HC12107,15,7/20/2024,Diarrheal Disease,37,4
HC12108,11,1/30/2024,Diarrheal Disease,13,3
HC12109,7,9/16/2024,Diarrheal Disease,19,3
HC12110,16,4/29/2025,Typhoid,39,4
HC12111,1,3/30/2024,Food Poisoning,35,5
HC12112,4,1/14/2025,Typhoid,26,2
HC12113,5,2/15/2024,Food Poisoning,29,3
HC12114,11,7/6/2024,Typhoid,6,3
HC12115,14,10/8/2024,Food Poisoning,1,4
HC12116,13,1/4/2025,Food Poisoning,26,2
HC12117,11,4/21/2025,Diarrheal Disease,33,3
HC12118,24,9/20/2024,Food Poisoning,1,4
HC12119,19,10/4/2025,Typhoid,28,3
HC12120,8,3/7/2024,Typhoid,22,1
HC12121,16,7/12/2025,Typhoid,17,3
HC12122,7,3/18/2024,Diarrheal Disease,2,3
HC12123,8,7/17/2024,Food Poisoning,33,3
HC12124,11,11/13/2024,Typhoid,32,1
HC12125,23,12/7/2025,Food Poisoning,12,5
HC12126,22,8/4/2024,Typhoid,38,5
HC12127,8,3/13/2025,Diarrheal Disease,38,4
HC12128,17,9/20/2024,Food Poisoning,34,4
HC12129,8,1/5/2024,Diarrheal Disease,3,4
HC12130,19,4/17/2024,Typhoid,2,1
HC12131,25,11/13/2024,Diarrheal Disease,19,3
HC12132,21,1/28/2024,Typhoid,19,4
HC12133,17,3/1/2024,Typhoid,20,4
HC12134,7,10/4/2024,Food Poisoning,28,1
HC12135,4,3/27/2024,Diarrheal Disease,12,1
HC12136,19,12/18/2025,Food Poisoning,12,1
HC12137,16,7/10/2025,Food Poisoning,39,5
HC12138,20,4/22/2024,Food Poisoning,26,3
HC12139,1,1/18/2024,Typhoid,12,5
HC12140,16,11/22/2025,Typhoid,14,5
HC12141,6,7/18/2024,Diarrheal Disease,28,2
HC12142,1,1/11/2025,Diarrheal Disease,10,2
HC12143,23,1/9/2024,Food Poisoning,20,2
HC12144,5,12/2/2025,Food Poisoning,36,2
HC12145,10,6/18/2025,Diarrheal Disease,1,4
HC12146,6,11/1/2024,Food Poisoning,25,4
HC12147,18,2/6/2024,Food Poisoning,26,4
HC12148,14,3/25/2025,Diarrheal Disease,12,3
HC12149,24,5/21/2024,Food Poisoning,37,5
HC12150,8,12/12/2025,Food Poisoning,28,2
HC12151,8,6/9/2024,Typhoid,12,4
HC12152,3,1/16/2024,Food Poisoning,26,2
HC12153,5,2/25/2025,Diarrheal Disease,15,2
HC12154,2,1/27/2025,Diarrheal Disease,11,5
HC12155,6,1/29/2024,Food Poisoning,16,1
HC12156,19,11/11/2025,Food Poisoning,10,2
HC12157,18,4/27/2024,Typhoid,25,1
HC12158,26,8/12/2025,Food Poisoning,14,2
HC12159,26,11/24/2024,Food Poisoning,14,3
HC12160,18,12/17/2025,Diarrheal Disease,32,3
HC12161,18,2/20/2025,Diarrheal Disease,26,2
HC12162,1,7/16/2025,Typhoid,6,4
HC12163,7,9/9/2025,Typhoid,33,2
HC12164,13,3/12/2025,Food Poisoning,18,2
HC12165,21,1/27/2024,Food Poisoning,28,2
HC12166,20,10/19/2025,Diarrheal Disease,38,4
HC12167,23,8/23/2025,Food Poisoning,14,4
HC12168,24,9/12/2025,Food Poisoning,26,3
HC12169,7,11/20/2025,Diarrheal Disease,7,4
HC12170,25,10/4/2025,Diarrheal Disease,3,4
HC12171,10,11/16/2024,Typhoid,39,2
HC12172,17,10/21/2025,Diarrheal Disease,4,4
HC12173,3,4/14/2025,Diarrheal Disease,10,1
HC12174,20,5/5/2024,Typhoid,4,2
HC12175,25,12/14/2025,Typhoid,32,1
HC12176,4,3/26/2024,Food Poisoning,7,2
HC12177,6,6/21/2024,Food Poisoning,30,3
HC12178,9,1/1/2025,Diarrheal Disease,22,1
HC12179,21,4/24/2024,Diarrheal Disease,3,1
HC12180,3,7/27/2025,Food Poisoning,3,3
HC12181,1,7/6/2025,Typhoid,38,2
HC12182,13,5/18/2025,Diarrheal Disease,5,3
HC12183,23,10/3/2025,Typhoid,18,3
HC12184,15,7/5/2024,Food Poisoning,9,3
HC12185,22,8/16/2024,Food Poisoning,23,5
HC12186,24,5/14/2025,Diarrheal Disease,27,1
HC12187,24,7/11/2024,Diarrheal Disease,7,1
HC12188,23,2/6/2025,Food Poisoning,6,1
HC12189,4,3/18/2024,Food Poisoning,18,3
HC12190,5,6/4/2024,Diarrheal Disease,39,2
HC12191,17,1/15/2024,Typhoid,39,3
HC12192,15,1/9/2025,Typhoid,29,5
HC12193,12,8/23/2024,Diarrheal Disease,8,4
HC12194,16,1/5/2024,Food Poisoning,9,2
HC12195,12,3/5/2025,Typhoid,23,1
HC12196,2,1/16/2025,Typhoid,26,1
HC12197,4,12/21/2025,Typhoid,4,1
HC12198,21,8/24/2024,Food Poisoning,36,4
HC12199,26,11/7/2024,Diarrheal Disease,21,1
HC12200,14,7/15/2024,Food Poisoning,12,3
HC12201,24,6/29/2025,Typhoid,23,2
HC12202,15,11/16/2024,Diarrheal Disease,15,1
HC12203,9,11/21/2025,Food Poisoning,38,2
HC12204,9,3/27/2025,Typhoid,12,2
HC12205,19,2/4/2024,Diarrheal Disease,10,3
HC12206,24,3/22/2025,Typhoid,36,1
HC12207,8,5/19/2025,Typhoid,10,3
HC12208,7,6/6/2025,Typhoid,1,3
HC12209,5,9/11/2025,Typhoid,11,4
HC12210,14,10/16/2024,Typhoid,4,2
HC12211,21,7/2/2024,Typhoid,37,1
HC12212,17,4/8/2024,Typhoid,24,4
HC12213,11,2/20/2025,Food Poisoning,27,4
HC12214,3,12/28/2024,Typhoid,17,4
HC12215,4,3/21/2025,Diarrheal Disease,24,4
HC12216,24,10/9/2025,Diarrheal Disease,30,3
HC12217,26,11/25/2025,Diarrheal Disease,12,1
HC12218,16,7/17/2024,Food Poisoning,24,2
HC12219,12,11/5/2024,Diarrheal Disease,30,1
HC12220,6,2/2/2025,Food Poisoning,7,2
HC12221,15,10/5/2024,Typhoid,1,2
HC12222,17,4/15/2025,Diarrheal Disease,37,4
HC12223,22,9/10/2025,Food Poisoning,3,2
HC12224,21,12/20/2024,Diarrheal Disease,6,4
HC12225,24,11/11/2024,Food Poisoning,29,1
HC12226,2,5/10/2024,Typhoid,5,4
HC12227,17,3/9/2024,Food Poisoning,4,1
HC12228,12,1/31/2025,Diarrheal Disease,17,5
HC12229,26,8/9/2025,Diarrheal Disease,15,4
HC12230,9,1/21/2024,Food Poisoning,3,2
HC12231,7,5/7/2024,Typhoid,17,2
HC12232,12,7/1/2025,Typhoid,37,2
HC12233,9,8/4/2025,Food Poisoning,14,2
HC12234,1,9/27/2025,Diarrheal Disease,22,2
HC12235,8,3/19/2025,Diarrheal Disease,7,4
HC12236,9,10/4/2024,Diarrheal Disease,37,3
HC12237,15,3/5/2025,Food Poisoning,8,4
HC12238,23,2/1/2025,Diarrheal Disease,36,1
HC12239,4,10/23/2025,Food Poisoning,6,5
HC12240,15,10/28/2024,Diarrheal Disease,19,4
HC12241,3,12/27/2024,Food Poisoning,5,1
HC12242,8,7/10/2025,Food Poisoning,8,5
HC12243,6,1/23/2024,Diarrheal Disease,32,4
HC12244,15,6/7/2025,Food Poisoning,2,3
HC12245,11,9/14/2024,Food Poisoning,12,5
HC12246,1,9/22/2025,Diarrheal Disease,24,2
HC12247,1,7/14/2024,Diarrheal Disease,8,1
HC12248,26,7/16/2025,Typhoid,15,3
HC12249,17,3/18/2024,Diarrheal Disease,4,5
HC12250,6,11/3/2024,Food Poisoning,23,5
HC12251,26,1/19/2025,Typhoid,17,4
HC12252,26,1/3/2025,Typhoid,26,3
HC12253,14,4/21/2024,Food Poisoning,6,3
HC12254,16,3/2/2024,Food Poisoning,27,4
HC12255,7,7/9/2024,Typhoid,25,5
HC12256,8,11/25/2024,Diarrheal Disease,32,5
HC12257,6,8/6/2025,Diarrheal Disease,21,5
HC12258,14,11/21/2025,Food Poisoning,16,4
HC12259,6,11/20/2024,Diarrheal Disease,6,5
HC12260,17,1/25/2024,Typhoid,24,4
HC12261,11,11/10/2025,Typhoid,36,4
HC12262,8,9/3/2024,Diarrheal Disease,29,2
HC12263,2,3/3/2024,Food Poisoning,31,2
HC12264,21,11/20/2024,Food Poisoning,10,2
HC12265,8,11/20/2024,Food Poisoning,39,5
HC12266,7,3/5/2025,Diarrheal Disease,21,5
HC12267,5,9/5/2024,Diarrheal Disease,29,4
HC12268,21,7/27/2024,Food Poisoning,35,2
HC12269,6,4/29/2024,Typhoid,2,1
HC12270,24,5/4/2025,Food Poisoning,27,5
HC12271,6,5/8/2025,Typhoid,21,5
HC12272,2,12/3/2024,Diarrheal Disease,17,4
HC12273,21,4/18/2024,Diarrheal Disease,1,3
HC12274,22,1/19/2025,Diarrheal Disease,9,1
HC12275,7,8/5/2024,Diarrheal Disease,33,1
HC12276,16,5/15/2025,Food Poisoning,38,4
HC12277,16,2/27/2024,Food Poisoning,35,3
HC12278,9,10/21/2025,Diarrheal Disease,37,3
HC12279,20,2/8/2025,Typhoid,18,2
HC12280,20,11/7/2024,Typhoid,25,4
HC12281,24,3/14/2025,Typhoid,6,3
HC12282,14,5/30/2024,Food Poisoning,39,4
HC12283,16,2/29/2024,Typhoid,39,5
HC12284,12,9/26/2024,Food Poisoning,39,1
HC12285,1,11/25/2024,Typhoid,3,2
HC12286,21,7/3/2024,Typhoid,10,3
HC12287,3,6/4/2025,Diarrheal Disease,21,1
HC12288,11,8/31/2025,Typhoid,31,1
HC12289,17,1/5/2025,Typhoid,33,3
HC12290,21,8/2/2025,Food Poisoning,8,2
HC12291,20,1/28/2025,Diarrheal Disease,38,4
HC12292,1,8/28/2024,Typhoid,29,2
HC12293,21,7/13/2025,Food Poisoning,12,3
HC12294,16,8/13/2024,Diarrheal Disease,38,1
HC12295,2,5/7/2024,Diarrheal Disease,27,5
HC12296,4,10/25/2024,Diarrheal Disease,31,3
HC12297,2,4/6/2025,Food Poisoning,2,4
HC12298,9,8/26/2024,Food Poisoning,12,5
HC12299,21,3/7/2025,Food Poisoning,15,4
HC12300,25,11/28/2025,Food Poisoning,18,5
HC12301,11,8/17/2024,Food Poisoning,9,5
HC12302,21,12/7/2025,Typhoid,8,3
HC12303,17,2/15/2024,Food Poisoning,37,3
HC12304,22,5/4/2024,Typhoid,8,2
HC12305,4,9/17/2025,Typhoid,16,1
HC12306,20,11/24/2024,Typhoid,5,2
HC12307,18,7/19/2025,Diarrheal Disease,15,1
HC12308,15,11/12/2025,Food Poisoning,5,5
HC12309,6,12/20/2024,Typhoid,11,4
HC12310,18,3/15/2024,Typhoid,39,4
HC12311,6,4/22/2024,Food Poisoning,29,3
HC12312,23,6/8/2024,Typhoid,2,4
HC12313,3,8/16/2024,Typhoid,5,2
HC12314,22,10/6/2025,Typhoid,7,5
HC12315,12,1/1/2025,Food Poisoning,14,3
HC12316,3,12/27/2024,Typhoid,34,1
HC12317,12,10/27/2025,Diarrheal Disease,10,1
HC12318,18,12/17/2024,Food Poisoning,8,5
HC12319,9,12/21/2024,Typhoid,20,4
HC12320,23,12/7/2024,Diarrheal Disease,13,2
HC12321,6,1/6/2025,Typhoid,29,1
HC12322,12,5/24/2025,Typhoid,39,4
HC12323,10,3/29/2024,Typhoid,26,3
HC12324,22,6/26/2025,Food Poisoning,31,2
HC12325,1,5/27/2025,Diarrheal Disease,4,1
HC12326,11,12/20/2025,Food Poisoning,27,5
HC12327,8,9/1/2025,Diarrheal Disease,14,5
HC12328,13,10/31/2024,Typhoid,6,1
HC12329,2,2/18/2025,Typhoid,10,4
HC12330,13,8/9/2025,Food Poisoning,27,3
HC12331,2,12/28/2025,Diarrheal Disease,12,1
HC12332,17,6/21/2024,Typhoid,39,1
HC12333,12,1/20/2024,Diarrheal Disease,17,4
HC12334,7,5/4/2024,Food Poisoning,6,5
HC12335,3,2/2/2024,Diarrheal Disease,37,4
HC12336,20,4/7/2024,Diarrheal Disease,18,3
HC12337,17,12/30/2025,Food Poisoning,1,1
HC12338,21,9/30/2024,Typhoid,11,2
HC12339,19,2/22/2024,Diarrheal Disease,21,3
HC12340,23,8/29/2025,Diarrheal Disease,1,3
HC12341,21,6/24/2025,Typhoid,32,2
HC12342,4,8/17/2024,Diarrheal Disease,37,1
HC12343,3,12/15/2024,Food Poisoning,16,5
HC12344,4,1/1/2025,Diarrheal Disease,29,4
HC12345,4,6/1/2025,Diarrheal Disease,7,1
HC12346,20,10/10/2025,Food Poisoning,37,5
HC12347,13,12/29/2025,Food Poisoning,36,3
HC12348,23,11/24/2025,Food Poisoning,25,5
HC12349,3,1/5/2024,Food Poisoning,27,5
HC12350,12,3/12/2024,Food Poisoning,20,4
HC12351,16,9/20/2024,Typhoid,33,2
HC12352,21,12/1/2024,Diarrheal Disease,26,2
HC12353,8,7/25/2025,Food Poisoning,12,3
HC12354,18,2/13/2024,Food Poisoning,35,2
HC12355,11,12/29/2024,Typhoid,19,3
HC12356,7,9/16/2025,Food Poisoning,19,5
HC12357,4,10/29/2024,Typhoid,3,5
HC12358,14,5/14/2024,Food Poisoning,4,1
HC12359,2,10/28/2024,Food Poisoning,29,1
HC12360,3,10/16/2025,Diarrheal Disease,15,3
HC12361,5,6/20/2025,Typhoid,8,5
HC12362,11,7/28/2025,Diarrheal Disease,22,1
HC12363,2,8/12/2024,Typhoid,23,4
HC12364,26,6/13/2025,Typhoid,1,1
HC12365,11,2/9/2024,Typhoid,34,3
HC12366,13,6/21/2024,Food Poisoning,13,5
HC12367,10,2/10/2024,Food Poisoning,28,3
HC12368,3,12/7/2024,Diarrheal Disease,9,3
HC12369,25,11/23/2025,Typhoid,36,1
HC12370,7,5/24/2024,Diarrheal Disease,25,5
HC12371,23,3/20/2024,Diarrheal Disease,18,4
HC12372,22,6/3/2025,Diarrheal Disease,12,1
HC12373,2,10/10/2024,Typhoid,35,4
HC12374,14,6/7/2025,Food Poisoning,13,3
HC12375,10,8/24/2024,Typhoid,13,5
HC12376,21,4/13/2025,Diarrheal Disease,25,5
HC12377,15,8/25/2025,Food Poisoning,9,4
HC12378,18,5/13/2025,Diarrheal Disease,14,2
HC12379,4,7/18/2025,Diarrheal Disease,4,4
HC12380,26,8/2/2025,Diarrheal Disease,21,3
HC12381,7,3/9/2025,Diarrheal Disease,23,2
HC12382,23,12/21/2024,Typhoid,24,2
HC12383,20,6/4/2025,Food Poisoning,10,2
HC12384,1,9/23/2025,Diarrheal Disease,5,5
HC12385,20,9/1/2024,Diarrheal Disease,17,2
HC12386,19,5/5/2025,Diarrheal Disease,19,4
HC12387,14,11/18/2024,Typhoid,18,5
HC12388,13,7/23/2024,Food Poisoning,13,4
HC12389,9,2/1/2024,Typhoid,21,1
HC12390,1,10/13/2024,Food Poisoning,5,1
HC12391,19,1/13/2024,Diarrheal Disease,10,4
HC12392,14,8/25/2025,Typhoid,5,2
HC12393,1,12/8/2024,Food Poisoning,5,4
HC12394,13,2/14/2025,Diarrheal Disease,12,4
HC12395,12,9/1/2024,Food Poisoning,4,3
HC12396,16,10/14/2025,Diarrheal Disease,17,2
HC12397,22,6/30/2024,Diarrheal Disease,1,3
HC12398,19,8/25/2025,Diarrheal Disease,4,1
HC12399,5,6/28/2024,Typhoid,15,5
HC12400,8,9/2/2024,Typhoid,30,5
HC12401,23,6/8/2024,Food Poisoning,7,3
HC12402,26,4/10/2024,Food Poisoning,39,1
HC12403,24,1/8/2024,Food Poisoning,27,1
HC12404,3,2/19/2025,Food Poisoning,8,1
HC12405,15,4/29/2025,Diarrheal Disease,8,5
HC12406,15,9/4/2024,Diarrheal Disease,15,2
HC12407,11,2/20/2025,Food Poisoning,7,4
HC12408,10,8/15/2025,Typhoid,1,4
HC12409,22,1/14/2024,Typhoid,17,5
HC12410,14,4/23/2024,Typhoid,24,3
HC12411,11,2/22/2025,Diarrheal Disease,3,3
HC12412,24,12/4/2025,Typhoid,5,5
HC12413,2,1/10/2024,Diarrheal Disease,33,2
HC12414,20,9/6/2025,Typhoid,17,3
HC12415,9,8/8/2025,Typhoid,2,1
HC12416,3,1/20/2025,Food Poisoning,3,4
HC12417,12,5/16/2024,Diarrheal Disease,18,2
HC12418,11,1/8/2025,Typhoid,30,2
HC12419,13,1/7/2025,Typhoid,24,1
HC12420,22,3/5/2024,Food Poisoning,16,3
HC12421,14,9/4/2024,Diarrheal Disease,5,4
HC12422,23,12/15/2025,Diarrheal Disease,10,5
HC12423,7,11/21/2025,Food Poisoning,13,4
HC12424,24,1/24/2025,Typhoid,15,5
HC12425,23,11/17/2025,Typhoid,14,3
HC12426,21,4/5/2024,Food Poisoning,4,4
HC12427,4,11/24/2025,Typhoid,13,2
HC12428,4,3/13/2025,Diarrheal Disease,4,4
HC12429,23,5/3/2025,Diarrheal Disease,8,1
HC12430,19,2/8/2024,Diarrheal Disease,22,3
HC12431,12,4/21/2024,Diarrheal Disease,5,3
HC12432,3,9/21/2025,Typhoid,18,1
HC12433,20,6/25/2024,Food Poisoning,6,2
HC12434,5,6/15/2024,Typhoid,12,3
HC12435,22,2/17/2025,Food Poisoning,27,5
HC12436,2,4/19/2024,Food Poisoning,1,4
HC12437,16,3/11/2024,Diarrheal Disease,15,2
HC12438,3,12/19/2024,Typhoid,32,2
HC12439,25,9/10/2025,Typhoid,23,1
HC12440,24,10/1/2024,Diarrheal Disease,24,1
HC12441,26,8/31/2025,Food Poisoning,22,1
HC12442,14,3/29/2025,Food Poisoning,37,4
HC12443,22,2/13/2025,Diarrheal Disease,29,2
HC12444,1,4/21/2024,Diarrheal Disease,27,1
HC12445,5,3/15/2024,Diarrheal Disease,21,5
HC12446,1,12/15/2024,Diarrheal Disease,7,3
HC12447,6,9/26/2024,Diarrheal Disease,34,3
HC12448,25,6/10/2024,Typhoid,1,5
HC12449,19,6/14/2024,Food Poisoning,39,3
HC12450,24,9/12/2024,Typhoid,22,3
HC12451,25,1/20/2024,Typhoid,21,1
HC12452,20,4/17/2025,Food Poisoning,12,4
HC12453,16,5/30/2025,Food Poisoning,14,4
HC12454,22,9/3/2025,Typhoid,9,2
HC12455,12,1/1/2025,Food Poisoning,27,4
HC12456,19,7/23/2025,Typhoid,26,2
HC12457,17,10/14/2024,Food Poisoning,14,5
HC12458,10,6/14/2024,Food Poisoning,20,2
HC12459,25,10/9/2025,Typhoid,19,3
HC12460,17,5/8/2025,Diarrheal Disease,21,5
HC12461,23,2/14/2024,Food Poisoning,17,5
HC12462,10,10/14/2025,Diarrheal Disease,12,4
HC12463,1,3/9/2024,Typhoid,7,3
HC12464,3,3/17/2024,Food Poisoning,35,5
HC12465,22,5/2/2024,Diarrheal Disease,33,3
HC12466,9,10/7/2025,Food Poisoning,39,3
HC12467,24,4/13/2025,Diarrheal Disease,29,3
HC12468,16,10/11/2024,Food Poisoning,21,5
HC12469,13,10/1/2024,Typhoid,1,1
HC12470,14,11/16/2025,Diarrheal Disease,16,4
HC12471,24,4/10/2025,Food Poisoning,15,1
HC12472,26,7/1/2024,Diarrheal Disease,10,2
HC12473,18,4/22/2024,Diarrheal Disease,2,2
HC12474,14,5/9/2024,Typhoid,11,1
HC12475,16,9/18/2024,Diarrheal Disease,15,5
HC12476,2,5/17/2024,Typhoid,6,1
HC12477,7,3/2/2024,Diarrheal Disease,21,4
HC12478,1,7/15/2025,Diarrheal Disease,27,2
HC12479,12,5/9/2024,Typhoid,31,1
HC12480,16,10/15/2024,Food Poisoning,1,2
HC12481,13,5/11/2025,Diarrheal Disease,14,1
HC12482,24,9/27/2025,Food Poisoning,32,1
HC12483,8,1/2/2025,Diarrheal Disease,8,2
HC12484,22,7/10/2025,Food Poisoning,27,2
HC12485,2,5/22/2024,Typhoid,29,1
HC12486,2,2/1/2025,Food Poisoning,32,2
HC12487,24,7/24/2025,Diarrheal Disease,10,4
HC12488,7,3/5/2025,Diarrheal Disease,13,5
HC12489,12,8/25/2024,Diarrheal Disease,7,3
HC12490,19,4/10/2024,Diarrheal Disease,35,5
HC12491,12,6/15/2024,Typhoid,6,2
HC12492,13,7/4/2024,Diarrheal Disease,29,4
HC12493,4,3/10/2024,Typhoid,11,5
HC12494,25,5/23/2024,Typhoid,20,3
HC12495,11,8/21/2025,Diarrheal Disease,23,1
HC12496,15,4/6/2025,Food Poisoning,9,5
HC12497,14,12/8/2024,Diarrheal Disease,25,2
HC12498,5,5/7/2025,Food Poisoning,2,1
HC12499,22,3/23/2025,Typhoid,31,3
HC12500,24,8/5/2025,Food Poisoning,6,5
HC12501,20,7/25/2024,Diarrheal Disease,25,4
HC12502,10,6/21/2025,Typhoid,7,5
HC12503,26,11/3/2024,Food Poisoning,25,5
HC12504,20,11/11/2025,Diarrheal Disease,32,3
HC12505,21,11/19/2024,Diarrheal Disease,14,3
HC12506,14,8/8/2024,Diarrheal Disease,5,5
HC12507,9,1/16/2024,Diarrheal Disease,18,2
HC12508,15,6/23/2024,Typhoid,24,5
HC12509,20,4/13/2024,Typhoid,31,5
HC12510,5,5/14/2025,Diarrheal Disease,6,4
HC12511,5,10/19/2025,Diarrheal Disease,7,4
HC12512,15,1/10/2024,Food Poisoning,20,2
HC12513,17,2/24/2024,Typhoid,2,2
HC12514,12,6/12/2024,Food Poisoning,2,2
HC12515,23,12/28/2025,Typhoid,1,4
HC12516,5,6/24/2024,Diarrheal Disease,34,1
HC12517,25,12/13/2025,Typhoid,2,5
HC12518,3,6/12/2025,Diarrheal Disease,20,4
HC12519,25,12/5/2024,Food Poisoning,30,1
HC12520,13,12/6/2025,Food Poisoning,30,2
HC12521,13,6/6/2025,Typhoid,4,4
HC12522,13,2/25/2025,Food Poisoning,2,1
HC12523,16,7/8/2024,Typhoid,30,2
HC12524,9,12/7/2024,Diarrheal Disease,6,3
HC12525,13,2/23/2024,Typhoid,10,5
HC12526,24,10/19/2024,Food Poisoning,12,3
HC12527,16,2/27/2024,Food Poisoning,1,2
HC12528,24,1/7/2025,Diarrheal Disease,39,4
HC12529,10,11/6/2024,Diarrheal Disease,32,4
HC12530,21,11/13/2025,Typhoid,2,2
HC12531,4,1/27/2025,Food Poisoning,11,2
HC12532,2,1/5/2024,Diarrheal Disease,34,3
HC12533,15,10/13/2025,Food Poisoning,6,5
HC12534,2,11/27/2025,Diarrheal Disease,6,3
HC12535,22,9/18/2025,Typhoid,8,5
HC12536,5,10/23/2025,Diarrheal Disease,14,2
HC12537,16,8/29/2025,Food Poisoning,6,5
HC12538,14,10/2/2025,Typhoid,38,1
HC12539,25,10/5/2024,Food Poisoning,8,4
HC12540,19,3/23/2024,Food Poisoning,17,2
HC12541,6,11/16/2025,Typhoid,26,3
HC12542,15,5/14/2025,Food Poisoning,19,1
HC12543,7,3/31/2025,Diarrheal Disease,33,5
HC12544,9,3/12/2025,Typhoid,28,5
HC12545,26,4/1/2024,Typhoid,31,5
HC12546,16,5/19/2024,Diarrheal Disease,14,4
HC12547,1,11/25/2025,Typhoid,3,5
HC12548,16,9/13/2025,Diarrheal Disease,10,4
HC12549,1,1/11/2024,Diarrheal Disease,8,3
HC12550,18,1/15/2025,Typhoid,21,1
HC12551,14,4/28/2024,Diarrheal Disease,13,2
HC12552,7,9/16/2025,Typhoid,5,3
HC12553,24,6/9/2025,Typhoid,4,5
HC12554,18,1/31/2025,Diarrheal Disease,24,1
HC12555,14,9/13/2024,Food Poisoning,21,3
HC12556,15,2/6/2025,Typhoid,17,2
HC12557,12,7/27/2024,Typhoid,24,2
HC12558,6,4/6/2025,Diarrheal Disease,22,1
HC12559,7,6/29/2025,Diarrheal Disease,32,2
HC12560,16,9/25/2025,Typhoid,30,2
HC12561,2,2/12/2024,Food Poisoning,36,3
HC12562,13,4/26/2025,Food Poisoning,2,1
HC12563,3,11/15/2024,Diarrheal Disease,18,4
HC12564,11,11/9/2024,Food Poisoning,32,3
HC12565,18,9/10/2025,Typhoid,27,1
HC12566,20,12/2/2025,Diarrheal Disease,2,3
HC12567,3,5/13/2025,Typhoid,19,2
HC12568,18,9/28/2025,Food Poisoning,31,2
HC12569,10,9/23/2025,Diarrheal Disease,7,3
HC12570,21,5/3/2025,Diarrheal Disease,10,5
HC12571,2,3/10/2024,Food Poisoning,12,2
HC12572,1,3/28/2025,Typhoid,4,4
HC12573,21,5/31/2025,Typhoid,3,1
HC12574,16,5/23/2024,Typhoid,1,1
HC12575,25,11/30/2024,Diarrheal Disease,20,2
HC12576,22,1/18/2025,Typhoid,32,4
HC12577,7,10/28/2025,Diarrheal Disease,32,2
HC12578,8,11/12/2025,Typhoid,4,2
HC12579,5,11/20/2025,Typhoid,29,4
HC12580,6,7/18/2025,Food Poisoning,11,1
HC12581,21,12/3/2025,Typhoid,30,5
HC12582,22,6/5/2024,Typhoid,33,1
HC12583,16,9/19/2025,Typhoid,5,5
HC12584,19,7/21/2025,Food Poisoning,31,3
HC12585,12,6/28/2025,Typhoid,29,1
HC12586,25,10/21/2025,Typhoid,21,2
HC12587,22,8/17/2025,Diarrheal Disease,29,1
HC12588,10,11/22/2025,Diarrheal Disease,32,4
HC12589,13,9/2/2025,Typhoid,17,1
HC12590,11,1/15/2025,Diarrheal Disease,6,5
HC12591,25,3/26/2025,Typhoid,3,1
HC12592,12,2/17/2025,Diarrheal Disease,34,5
HC12593,11,5/25/2025,Typhoid,24,4
HC12594,16,11/20/2024,Diarrheal Disease,35,3
HC12595,5,4/8/2024,Food Poisoning,13,5
HC12596,25,8/17/2024,Typhoid,1,4
HC12597,21,11/10/2024,Diarrheal Disease,3,1
HC12598,2,11/13/2024,Food Poisoning,3,2
HC12599,20,11/7/2024,Food Poisoning,37,2
HC12600,4,9/1/2024,Food Poisoning,27,3
HC12601,14,2/9/2024,Typhoid,3,2
HC12602,4,7/20/2024,Food Poisoning,11,4
HC12603,19,11/20/2024,Typhoid,24,2
HC12604,23,10/21/2025,Diarrheal Disease,8,4
HC12605,1,11/19/2025,Diarrheal Disease,38,2
HC12606,24,1/23/2025,Food Poisoning,2,3
HC12607,23,2/8/2024,Typhoid,6,1
HC12608,18,4/5/2025,Typhoid,3,5
HC12609,21,3/6/2025,Diarrheal Disease,22,3
HC12610,6,6/26/2025,Typhoid,19,4
HC12611,9,10/16/2025,Food Poisoning,19,2
HC12612,11,9/25/2025,Food Poisoning,6,4
HC12613,7,2/11/2024,Food Poisoning,20,1
HC12614,3,7/7/2025,Diarrheal Disease,12,5
HC12615,5,7/20/2025,Typhoid,32,4
HC12616,20,10/14/2025,Typhoid,24,4
HC12617,14,9/14/2024,Diarrheal Disease,13,2
HC12618,13,5/7/2025,Diarrheal Disease,28,1
HC12619,24,6/15/2024,Diarrheal Disease,32,5
HC12620,8,8/13/2025,Diarrheal Disease,2,2
HC12621,20,4/5/2024,Typhoid,1,2
HC12622,1,11/16/2025,Diarrheal Disease,24,5
HC12623,4,1/12/2024,Food Poisoning,24,5
HC12624,22,2/13/2024,Typhoid,29,4
HC12625,14,3/11/2025,Diarrheal Disease,33,5
HC12626,13,11/30/2025,Food Poisoning,7,3
HC12627,14,6/26/2025,Typhoid,24,5
HC12628,4,9/20/2024,Diarrheal Disease,37,1
HC12629,12,9/3/2024,Diarrheal Disease,18,5
HC12630,20,3/30/2025,Food Poisoning,24,1
HC12631,20,1/4/2024,Diarrheal Disease,17,4
HC12632,8,9/30/2025,Food Poisoning,5,2
HC12633,5,8/26/2025,Diarrheal Disease,20,4
HC12634,20,6/8/2025,Diarrheal Disease,3,5
HC12635,23,12/15/2024,Diarrheal Disease,4,4
HC12636,2,10/13/2024,Diarrheal Disease,8,3
HC12637,3,8/9/2025,Typhoid,13,3
HC12638,24,2/10/2025,Diarrheal Disease,12,4
HC12639,15,11/3/2024,Food Poisoning,37,5
HC12640,18,11/16/2025,Diarrheal Disease,24,4
HC12641,16,9/14/2024,Typhoid,13,2
HC12642,18,7/4/2024,Diarrheal Disease,29,4
HC12643,26,9/21/2024,Food Poisoning,27,1
HC12644,1,6/19/2024,Typhoid,19,2
HC12645,24,1/9/2025,Diarrheal Disease,32,3
HC12646,5,2/4/2024,Diarrheal Disease,16,1
HC12647,12,1/15/2024,Typhoid,31,2
HC12648,23,10/17/2024,Food Poisoning,4,5
HC12649,20,6/17/2025,Diarrheal Disease,38,2
HC12650,4,8/13/2025,Typhoid,15,2
HC12651,9,10/2/2025,Typhoid,4,4
HC12652,18,10/12/2025,Diarrheal Disease,6,3
HC12653,14,6/7/2025,Food Poisoning,1,2
HC12654,14,9/1/2025,Typhoid,24,5
HC12655,19,2/7/2025,Diarrheal Disease,36,4
HC12656,10,10/10/2024,Diarrheal Disease,9,1
HC12657,9,1/19/2025,Food Poisoning,31,4
HC12658,3,10/17/2025,Typhoid,28,2
HC12659,5,6/1/2025,Food Poisoning,1,1
HC12660,19,7/21/2025,Food Poisoning,13,3
HC12661,2,11/25/2024,Diarrheal Disease,31,2
HC12662,21,12/29/2025,Food Poisoning,16,5
HC12663,17,10/20/2025,Typhoid,23,4
HC12664,12,6/10/2025,Typhoid,13,4
HC12665,12,8/18/2025,Diarrheal Disease,28,3
HC12666,22,1/20/2025,Food Poisoning,31,5
HC12667,4,11/14/2025,Typhoid,22,5
HC12668,21,3/3/2024,Diarrheal Disease,31,4
HC12669,16,10/19/2025,Food Poisoning,22,3
HC12670,9,1/26/2025,Diarrheal Disease,36,2
HC12671,16,2/15/2024,Typhoid,10,1
HC12672,11,5/17/2024,Food Poisoning,1,1
HC12673,2,10/26/2024,Typhoid,3,3
HC12674,7,9/4/2025,Typhoid,16,3
HC12675,19,9/7/2025,Food Poisoning,19,1
HC12676,7,11/11/2024,Food Poisoning,26,4
HC12677,16,4/22/2024,Diarrheal Disease,22,4
HC12678,17,8/10/2024,Typhoid,1,4
HC12679,17,8/23/2024,Food Poisoning,6,4
HC12680,14,12/8/2025,Typhoid,17,4
HC12681,11,11/11/2024,Typhoid,33,2
HC12682,21,12/20/2025,Food Poisoning,35,1
HC12683,5,11/28/2025,Typhoid,22,1
HC12684,13,1/30/2025,Typhoid,25,3
HC12685,18,5/25/2024,Typhoid,11,2
HC12686,16,3/2/2025,Food Poisoning,33,5
HC12687,8,8/5/2024,Food Poisoning,16,3
HC12688,22,1/2/2025,Diarrheal Disease,3,4
HC12689,21,1/10/2025,Typhoid,8,1
HC12690,10,1/28/2025,Typhoid,38,4
HC12691,25,7/16/2024,Typhoid,17,3
HC12692,2,5/31/2025,Typhoid,28,1
HC12693,11,8/20/2024,Diarrheal Disease,17,3
HC12694,23,10/13/2025,Diarrheal Disease,33,4
HC12695,7,6/29/2024,Diarrheal Disease,1,1
HC12696,21,2/9/2025,Food Poisoning,1,1
HC12697,4,1/19/2025,Diarrheal Disease,22,4
HC12698,6,2/26/2024,Typhoid,15,1
HC12699,7,5/30/2025,Diarrheal Disease,11,5
HC12700,5,11/18/2025,Food Poisoning,30,4
HC12701,24,1/31/2025,Food Poisoning,38,2
HC12702,20,8/15/2025,Typhoid,24,1
HC12703,12,8/2/2024,Food Poisoning,24,2
HC12704,3,3/11/2024,Typhoid,17,1
HC12705,20,10/2/2025,Diarrheal Disease,30,3
HC12706,4,12/5/2025,Typhoid,8,5
HC12707,19,3/15/2025,Diarrheal Disease,12,5
HC12708,2,12/15/2025,Diarrheal Disease,30,3
HC12709,8,6/28/2024,Food Poisoning,8,2
HC12710,1,6/17/2025,Typhoid,14,5
HC12711,10,9/11/2024,Food Poisoning,23,4
HC12712,11,8/17/2025,Food Poisoning,11,5
HC12713,10,6/8/2025,Diarrheal Disease,9,5
HC12714,21,1/11/2025,Diarrheal Disease,36,5
HC12715,9,9/11/2024,Diarrheal Disease,1,3
HC12716,25,4/3/2024,Typhoid,11,3
HC12717,8,4/15/2025,Food Poisoning,35,2
HC12718,26,4/20/2024,Diarrheal Disease,30,3
HC12719,19,12/13/2024,Food Poisoning,37,4
HC12720,22,1/10/2024,Food Poisoning,9,4
HC12721,13,3/7/2025,Typhoid,34,3
HC12722,14,2/5/2025,Typhoid,4,5
HC12723,22,4/26/2025,Typhoid,12,1
HC12724,4,10/25/2025,Diarrheal Disease,4,1
HC12725,11,5/12/2025,Typhoid,28,1
HC12726,9,1/9/2024,Diarrheal Disease,8,2
HC12727,26,7/18/2025,Typhoid,29,5
HC12728,7,5/21/2025,Typhoid,11,4
HC12729,8,3/1/2025,Food Poisoning,28,5
HC12730,4,5/23/2025,Diarrheal Disease,8,5
HC12731,8,8/17/2024,Typhoid,6,5
HC12732,24,8/22/2024,Typhoid,32,2
HC12733,17,2/23/2024,Diarrheal Disease,12,2
HC12734,11,11/16/2025,Typhoid,36,2
HC12735,21,9/20/2025,Diarrheal Disease,25,3
HC12736,21,5/13/2025,Diarrheal Disease,4,1
HC12737,19,3/3/2024,Diarrheal Disease,15,5
HC12738,23,11/30/2024,Diarrheal Disease,1,3
HC12739,26,3/31/2024,Food Poisoning,25,5
HC12740,5,2/14/2025,Typhoid,21,2
HC12741,17,11/11/2025,Diarrheal Disease,7,2
HC12742,25,1/17/2024,Diarrheal Disease,10,5
HC12743,18,5/19/2024,Food Poisoning,38,1
HC12744,23,3/24/2025,Food Poisoning,12,1
HC12745,8,7/13/2025,Typhoid,12,3
HC12746,2,10/8/2025,Food Poisoning,7,2
HC12747,19,10/13/2024,Diarrheal Disease,34,5
HC12748,26,5/30/2024,Typhoid,16,2
HC12749,21,10/7/2025,Food Poisoning,17,1
HC12750,7,3/6/2024,Food Poisoning,17,4
HC12751,16,6/5/2024,Food Poisoning,5,3
HC12752,16,5/31/2025,Typhoid,25,1
HC12753,14,11/1/2024,Food Poisoning,28,3
HC12754,15,9/13/2025,Typhoid,25,2
HC12755,25,9/2/2024,Typhoid,37,4
HC12756,1,11/28/2024,Typhoid,12,3
HC12757,26,12/22/2024,Food Poisoning,35,3
HC12758,24,9/11/2024,Diarrheal Disease,1,3
HC12759,6,1/25/2025,Diarrheal Disease,26,3
HC12760,25,1/5/2024,Food Poisoning,35,3
HC12761,22,4/11/2025,Diarrheal Disease,11,1
HC12762,2,2/6/2025,Typhoid,35,1
HC12763,16,1/15/2025,Diarrheal Disease,27,3
HC12764,10,1/23/2024,Diarrheal Disease,31,4
HC12765,25,5/1/2025,Diarrheal Disease,29,4
HC12766,1,11/29/2025,Food Poisoning,34,1
HC12767,18,2/19/2025,Food Poisoning,39,2
HC12768,7,7/11/2024,Typhoid,14,3
HC12769,23,4/24/2024,Diarrheal Disease,37,1
HC12770,11,4/21/2025,Typhoid,18,1
HC12771,13,7/19/2025,Food Poisoning,14,3
HC12772,4,12/4/2024,Typhoid,31,2
HC12773,6,10/13/2024,Diarrheal Disease,10,4
HC12774,16,12/17/2025,Food Poisoning,9,4
HC12775,13,2/26/2025,Food Poisoning,24,2
HC12776,19,12/31/2024,Typhoid,33,5
HC12777,8,12/16/2024,Food Poisoning,24,4
HC12778,16,1/16/2025,Food Poisoning,33,1
HC12779,4,10/27/2024,Diarrheal Disease,3,5
HC12780,2,6/8/2025,Typhoid,22,3
HC12781,26,11/28/2024,Food Poisoning,11,5
HC12782,11,6/13/2024,Diarrheal Disease,16,4
HC12783,5,8/9/2025,Typhoid,29,1
HC12784,14,9/15/2024,Typhoid,11,2
HC12785,6,10/24/2025,Typhoid,10,3
HC12786,24,7/5/2025,Typhoid,16,5
HC12787,3,8/2/2025,Diarrheal Disease,27,1
HC12788,18,4/19/2024,Food Poisoning,11,1
HC12789,12,9/27/2025,Typhoid,28,2
HC12790,7,5/25/2024,Diarrheal Disease,30,3
HC12791,16,1/8/2024,Diarrheal Disease,5,3
HC12792,25,2/11/2025,Diarrheal Disease,22,1
HC12793,25,3/2/2025,Food Poisoning,5,3
HC12794,7,6/7/2025,Food Poisoning,22,4
HC12795,13,11/8/2025,Food Poisoning,11,5
HC12796,24,5/29/2024,Food Poisoning,39,3
HC12797,20,7/15/2024,Typhoid,6,5
HC12798,26,12/10/2024,Diarrheal Disease,4,3
HC12799,17,3/12/2025,Food Poisoning,25,4
HC12800,16,7/10/2025,Typhoid,36,1
HC12801,22,10/7/2025,Diarrheal Disease,16,3
HC12802,16,8/15/2025,Diarrheal Disease,25,5
HC12803,16,8/10/2024,Diarrheal Disease,22,3
HC12804,12,5/28/2025,Typhoid,6,2
HC12805,7,3/30/2025,Typhoid,17,2
HC12806,13,3/16/2024,Diarrheal Disease,29,3
HC12807,14,1/12/2025,Food Poisoning,18,2
HC12808,1,8/2/2024,Diarrheal Disease,17,5
HC12809,22,1/19/2024,Typhoid,33,5
HC12810,25,11/4/2025,Food Poisoning,12,5
HC12811,17,7/14/2024,Diarrheal Disease,34,4
HC12812,24,2/10/2025,Diarrheal Disease,25,4
HC12813,8,9/2/2024,Food Poisoning,14,3
HC12814,19,2/6/2025,Typhoid,9,5
HC12815,24,1/7/2024,Diarrheal Disease,20,3
HC12816,26,3/25/2024,Typhoid,33,4
HC12817,7,3/24/2025,Food Poisoning,17,3
HC12818,22,7/20/2024,Food Poisoning,30,3
HC12819,21,6/14/2024,Food Poisoning,14,5
HC12820,13,2/9/2024,Typhoid,19,3
HC12821,24,8/29/2024,Food Poisoning,20,1
HC12822,19,11/19/2024,Food Poisoning,9,2
HC12823,18,5/29/2024,Diarrheal Disease,4,2
HC12824,16,12/19/2024,Typhoid,32,1
HC12825,16,10/27/2024,Diarrheal Disease,30,3
HC12826,16,10/20/2024,Food Poisoning,39,1
HC12827,6,8/4/2025,Diarrheal Disease,30,3
HC12828,22,12/20/2024,Food Poisoning,21,5
HC12829,9,5/26/2024,Typhoid,39,4
HC12830,23,4/1/2025,Diarrheal Disease,22,1
HC12831,20,9/7/2025,Diarrheal Disease,20,1
HC12832,22,9/12/2024,Typhoid,29,1
HC12833,21,10/13/2024,Food Poisoning,26,2
HC12834,10,7/27/2025,Food Poisoning,13,4
HC12835,8,9/25/2024,Food Poisoning,25,1
HC12836,19,6/4/2024,Diarrheal Disease,32,4
HC12837,23,6/8/2024,Typhoid,25,1
HC12838,1,4/5/2025,Food Poisoning,19,1
HC12839,18,3/11/2024,Typhoid,10,4
HC12840,10,2/25/2024,Food Poisoning,23,1
HC12841,19,4/30/2024,Food Poisoning,27,2
HC12842,3,4/3/2024,Diarrheal Disease,28,5
HC12843,21,3/3/2024,Typhoid,1,4
HC12844,9,12/24/2025,Diarrheal Disease,1,2
HC12845,26,11/26/2025,Food Poisoning,32,5
HC12846,6,3/23/2025,Diarrheal Disease,10,1
HC12847,9,7/1/2025,Food Poisoning,21,3
HC12848,17,1/9/2024,Diarrheal Disease,38,1
HC12849,20,11/8/2024,Diarrheal Disease,4,5
HC12850,3,9/17/2024,Food Poisoning,13,5
HC12851,24,12/24/2024,Typhoid,4,5
HC12852,18,7/22/2024,Typhoid,9,2
HC12853,26,3/13/2025,Food Poisoning,25,5
HC12854,8,11/3/2025,Typhoid,12,5
HC12855,20,5/6/2025,Diarrheal Disease,27,5
HC12856,14,7/29/2024,Diarrheal Disease,31,5
HC12857,5,12/7/2025,Food Poisoning,19,4
HC12858,7,6/26/2024,Diarrheal Disease,27,2
HC12859,13,11/9/2024,Typhoid,20,3
HC12860,24,5/19/2025,Food Poisoning,18,4
HC12861,9,3/1/2024,Food Poisoning,7,2
HC12862,15,2/14/2025,Diarrheal Disease,38,1
HC12863,17,10/31/2024,Food Poisoning,7,2
HC12864,7,8/5/2024,Diarrheal Disease,5,3
HC12865,6,1/29/2024,Typhoid,31,3
HC12866,2,4/22/2024,Diarrheal Disease,35,4
HC12867,16,7/10/2024,Typhoid,35,4
HC12868,26,4/13/2025,Typhoid,16,1
HC12869,26,9/1/2024,Food Poisoning,3,4
HC12870,22,6/23/2025,Typhoid,35,4
HC12871,10,12/24/2025,Typhoid,27,2
HC12872,17,5/7/2025,Typhoid,26,2
HC12873,13,4/16/2024,Food Poisoning,11,3
HC12874,13,1/20/2024,Food Poisoning,17,4
HC12875,2,9/3/2024,Food Poisoning,6,5
HC12876,19,4/10/2024,Food Poisoning,25,1
HC12877,15,11/29/2024,Diarrheal Disease,34,2
HC12878,5,1/2/2024,Food Poisoning,20,1
HC12879,10,2/2/2024,Typhoid,25,5
HC12880,18,6/13/2024,Typhoid,36,5
HC12881,9,2/2/2025,Diarrheal Disease,38,4
HC12882,11,11/1/2024,Diarrheal Disease,24,2
HC12883,9,11/28/2025,Typhoid,31,5
HC12884,26,12/27/2024,Diarrheal Disease,2,3
HC12885,23,5/7/2024,Diarrheal Disease,17,4
HC12886,1,5/10/2025,Diarrheal Disease,18,4
HC12887,3,7/15/2025,Food Poisoning,6,3
HC12888,6,7/12/2025,Typhoid,36,4
HC12889,19,2/3/2025,Typhoid,31,5
HC12890,3,10/9/2024,Food Poisoning,10,4
HC12891,14,4/25/2024,Food Poisoning,29,5
HC12892,3,7/16/2024,Food Poisoning,6,5
HC12893,18,7/26/2024,Food Poisoning,19,5
HC12894,9,12/21/2024,Diarrheal Disease,2,3
HC12895,26,7/22/2024,Typhoid,21,1
HC12896,13,3/17/2025,Food Poisoning,2,1
HC12897,25,5/2/2024,Typhoid,32,5
HC12898,2,7/19/2024,Diarrheal Disease,32,5
HC12899,3,5/29/2024,Typhoid,32,3
HC12900,8,6/4/2025,Diarrheal Disease,24,4
HC12901,25,12/29/2024,Diarrheal Disease,15,2
HC12902,6,10/11/2025,Food Poisoning,27,4
HC12903,20,10/28/2025,Typhoid,19,4
HC12904,18,4/30/2024,Food Poisoning,17,5
HC12905,5,3/12/2024,Food Poisoning,6,1
HC12906,5,10/5/2025,Diarrheal Disease,35,2
HC12907,5,11/11/2025,Food Poisoning,10,3
HC12908,9,3/31/2025,Food Poisoning,19,4
HC12909,9,7/26/2025,Food Poisoning,5,4
HC12910,17,5/5/2025,Typhoid,8,5
HC12911,18,5/22/2024,Typhoid,9,4
HC12912,24,7/27/2024,Typhoid,32,4
HC12913,26,6/16/2024,Food Poisoning,9,1
HC12914,17,2/15/2025,Typhoid,3,3
HC12915,19,6/29/2025,Typhoid,13,1
HC12916,19,8/20/2025,Diarrheal Disease,29,2
HC12917,15,3/14/2024,Diarrheal Disease,33,1
HC12918,2,10/22/2024,Typhoid,12,5
HC12919,16,4/5/2025,Food Poisoning,39,4
HC12920,15,2/11/2025,Diarrheal Disease,10,5
HC12921,14,1/1/2025,Food Poisoning,36,3
HC12922,23,9/29/2024,Diarrheal Disease,29,5
HC12923,10,8/17/2024,Typhoid,34,5
HC12924,5,8/24/2024,Typhoid,19,2
HC12925,6,1/7/2025,Diarrheal Disease,7,4
HC12926,15,4/26/2024,Food Poisoning,30,1
HC12927,11,8/18/2024,Typhoid,13,5
HC12928,18,3/20/2024,Food Poisoning,18,1
HC12929,15,7/2/2024,Typhoid,7,4
HC12930,21,8/23/2024,Food Poisoning,35,5
HC12931,5,5/16/2024,Typhoid,38,1
HC12932,2,1/15/2025,Diarrheal Disease,38,2
HC12933,4,9/8/2025,Diarrheal Disease,6,5
HC12934,22,4/23/2025,Food Poisoning,36,2
HC12935,18,8/16/2024,Typhoid,18,5
HC12936,24,11/27/2025,Typhoid,7,2
HC12937,8,1/22/2024,Food Poisoning,14,5
HC12938,13,10/26/2025,Diarrheal Disease,23,3
HC12939,9,6/30/2025,Typhoid,6,4
HC12940,23,7/14/2024,Food Poisoning,15,5
HC12941,22,2/5/2024,Diarrheal Disease,12,1
HC12942,2,9/13/2025,Typhoid,23,5
HC12943,21,5/3/2025,Diarrheal Disease,12,2
HC12944,17,11/8/2024,Food Poisoning,25,2
HC12945,10,3/24/2024,Food Poisoning,36,2
HC12946,25,4/6/2024,Diarrheal Disease,7,3
HC12947,14,7/20/2025,Diarrheal Disease,37,2
HC12948,3,2/24/2025,Food Poisoning,21,5
HC12949,22,7/5/2025,Typhoid,1,2
HC12950,24,8/8/2024,Food Poisoning,36,1
HC12951,11,4/2/2025,Typhoid,36,2
HC12952,24,10/6/2025,Typhoid,3,2
HC12953,26,12/10/2025,Typhoid,32,3
HC12954,26,10/16/2025,Food Poisoning,35,3
HC12955,12,3/24/2024,Typhoid,23,3
HC12956,5,1/8/2024,Food Poisoning,26,1
HC12957,7,8/26/2024,Diarrheal Disease,2,3
HC12958,11,5/4/2024,Food Poisoning,20,5
HC12959,15,12/12/2025,Diarrheal Disease,5,3
HC12960,18,3/26/2025,Diarrheal Disease,30,1
HC12961,3,5/8/2025,Diarrheal Disease,26,3
HC12962,6,1/5/2024,Typhoid,26,1
HC12963,4,6/10/2024,Typhoid,32,4
HC12964,7,9/29/2024,Typhoid,16,2
HC12965,24,5/2/2025,Diarrheal Disease,10,5
HC12966,17,1/9/2024,Food Poisoning,35,1
HC12967,18,5/6/2024,Food Poisoning,14,2
HC12968,21,10/20/2024,Diarrheal Disease,2,4
HC12969,14,6/1/2024,Typhoid,31,1
HC12970,9,12/3/2024,Typhoid,9,2
HC12971,23,7/11/2025,Food Poisoning,4,3
HC12972,5,3/24/2025,Typhoid,37,4
HC12973,6,7/28/2024,Diarrheal Disease,31,4
HC12974,24,8/19/2025,Food Poisoning,19,1
HC12975,14,4/21/2024,Food Poisoning,19,2
HC12976,18,12/26/2024,Typhoid,26,5
HC12977,3,11/7/2025,Food Poisoning,13,5
HC12978,13,6/14/2024,Food Poisoning,29,2
HC12979,9,10/8/2025,Food Poisoning,20,5
HC12980,11,10/4/2025,Food Poisoning,32,5
HC12981,19,8/5/2024,Typhoid,8,2
HC12982,23,5/17/2025,Food Poisoning,20,5
HC12983,22,9/29/2024,Diarrheal Disease,4,1
HC12984,8,6/16/2024,Food Poisoning,21,5
HC12985,23,10/25/2024,Food Poisoning,7,3
HC12986,22,6/12/2025,Typhoid,14,4
HC12987,6,1/1/2024,Food Poisoning,8,2
HC12988,15,4/18/2025,Food Poisoning,33,4
HC12989,8,5/17/2024,Food Poisoning,32,2
HC12990,21,4/20/2025,Food Poisoning,24,3
HC12991,15,3/18/2025,Diarrheal Disease,39,2
HC12992,2,4/23/2024,Typhoid,24,4
HC12993,25,8/1/2024,Diarrheal Disease,7,2
HC12994,24,11/28/2025,Typhoid,30,5
HC12995,14,1/4/2025,Food Poisoning,9,2
HC12996,3,4/27/2024,Diarrheal Disease,37,5
HC12997,17,3/31/2025,Typhoid,4,5
HC12998,26,12/13/2024,Food Poisoning,32,1
HC12999,6,10/23/2025,Typhoid,7,5
HC13000,16,1/20/2024,Typhoid,28,2
HC13001,24,11/21/2025,Food Poisoning,35,1
HC13002,22,7/6/2024,Diarrheal Disease,1,3
HC13003,4,2/8/2024,Food Poisoning,39,4
HC13004,6,4/1/2025,Food Poisoning,14,3
HC13005,14,5/13/2024,Food Poisoning,28,2
HC13006,14,3/15/2024,Food Poisoning,32,5
HC13007,3,6/27/2024,Food Poisoning,19,1
HC13008,5,1/11/2024,Diarrheal Disease,32,5
HC13009,6,5/16/2024,Typhoid,23,5
HC13010,5,5/25/2024,Typhoid,36,2
HC13011,16,2/3/2025,Food Poisoning,30,3
HC13012,22,11/13/2025,Food Poisoning,37,3
HC13013,25,2/15/2024,Typhoid,34,1
HC13014,10,4/9/2025,Typhoid,32,5
HC13015,19,4/16/2025,Typhoid,5,3
HC13016,12,7/25/2025,Diarrheal Disease,38,1
HC13017,21,11/4/2024,Typhoid,13,3
HC13018,16,11/26/2024,Diarrheal Disease,31,1
HC13019,21,10/1/2025,Food Poisoning,37,1
HC13020,25,8/10/2024,Food Poisoning,20,3
HC13021,6,8/9/2024,Food Poisoning,8,2
HC13022,21,5/31/2024,Food Poisoning,29,1
HC13023,8,8/12/2025,Typhoid,25,1
HC13024,11,4/12/2024,Diarrheal Disease,18,4
HC13025,5,12/22/2024,Typhoid,28,2
HC13026,11,9/13/2024,Typhoid,30,3
HC13027,26,9/17/2024,Diarrheal Disease,37,5
HC13028,18,6/24/2025,Typhoid,4,2
HC13029,16,7/14/2024,Typhoid,32,1
HC13030,5,1/27/2025,Typhoid,10,4
HC13031,15,7/22/2024,Food Poisoning,10,4
HC13032,17,3/28/2024,Diarrheal Disease,25,2
HC13033,19,3/4/2024,Diarrheal Disease,13,3
HC13034,3,9/17/2025,Typhoid,16,5
HC13035,3,5/22/2025,Diarrheal Disease,6,3
HC13036,12,7/5/2025,Typhoid,27,3
HC13037,16,4/22/2025,Typhoid,32,4
HC13038,23,4/7/2024,Food Poisoning,8,4
HC13039,15,1/17/2025,Diarrheal Disease,8,4
HC13040,13,6/11/2024,Food Poisoning,34,5
HC13041,1,3/5/2025,Typhoid,14,4
HC13042,25,2/22/2025,Diarrheal Disease,19,3
HC13043,19,12/18/2025,Typhoid,29,3
HC13044,5,2/25/2024,Food Poisoning,37,5
HC13045,20,10/14/2024,Typhoid,29,2
HC13046,8,4/25/2025,Food Poisoning,29,1
HC13047,8,10/2/2024,Diarrheal Disease,18,3
HC13048,18,7/14/2025,Diarrheal Disease,10,3
HC13049,4,1/18/2024,Typhoid,12,1
HC13050,6,6/6/2024,Typhoid,28,1
HC13051,22,2/16/2025,Food Poisoning,33,4
HC13052,7,7/6/2024,Typhoid,1,2
HC13053,8,12/17/2024,Food Poisoning,29,1
HC13054,26,11/15/2025,Typhoid,35,2
HC13055,19,8/1/2024,Typhoid,36,1
HC13056,7,5/25/2024,Typhoid,31,2
HC13057,14,12/6/2025,Typhoid,2,3
HC13058,7,9/19/2025,Food Poisoning,26,1
HC13059,1,12/26/2025,Diarrheal Disease,9,2
HC13060,23,8/28/2024,Food Poisoning,9,1
HC13061,17,2/15/2025,Diarrheal Disease,18,1
HC13062,16,1/5/2024,Diarrheal Disease,7,4
HC13063,18,7/5/2024,Food Poisoning,25,4
HC13064,10,6/20/2024,Typhoid,4,5
HC13065,22,11/1/2024,Typhoid,23,5
HC13066,16,1/23/2024,Food Poisoning,35,2
HC13067,16,2/28/2024,Typhoid,30,2
HC13068,2,2/24/2024,Food Poisoning,35,2
HC13069,11,3/14/2024,Typhoid,31,2
HC13070,2,8/14/2024,Diarrheal Disease,20,2
HC13071,6,3/31/2024,Food Poisoning,25,3
HC13072,1,7/9/2024,Diarrheal Disease,29,4
HC13073,5,12/4/2025,Food Poisoning,22,4
HC13074,26,6/7/2025,Typhoid,32,2
HC13075,8,5/31/2025,Food Poisoning,14,5
HC13076,4,5/29/2025,Diarrheal Disease,16,3
HC13077,21,1/28/2025,Typhoid,39,2
HC13078,2,4/5/2025,Diarrheal Disease,21,3
HC13079,19,3/28/2025,Typhoid,35,4
HC13080,14,2/21/2024,Diarrheal Disease,12,4
HC13081,22,10/20/2024,Diarrheal Disease,24,4
HC13082,2,12/12/2025,Typhoid,21,3
HC13083,21,11/10/2024,Food Poisoning,27,5
HC13084,17,11/25/2024,Typhoid,27,4
HC13085,7,4/25/2024,Diarrheal Disease,21,5
HC13086,5,1/31/2024,Diarrheal Disease,29,1
HC13087,26,2/19/2024,Diarrheal Disease,16,3
HC13088,5,7/12/2024,Food Poisoning,38,1
HC13089,9,3/1/2025,Food Poisoning,9,1
HC13090,20,5/4/2025,Typhoid,31,1
HC13091,18,1/16/2024,Diarrheal Disease,19,2
HC13092,16,9/30/2024,Food Poisoning,4,4
HC13093,7,5/28/2025,Food Poisoning,24,4
HC13094,14,11/8/2024,Typhoid,21,3
HC13095,12,3/19/2024,Typhoid,22,1
HC13096,7,6/20/2024,Food Poisoning,5,5
HC13097,25,11/11/2024,Diarrheal Disease,8,3
HC13098,6,7/3/2025,Food Poisoning,5,2
HC13099,17,12/20/2025,Diarrheal Disease,15,3
HC13100,23,3/26/2024,Food Poisoning,16,4
HC13101,1,1/12/2024,Diarrheal Disease,22,3
HC13102,2,5/21/2024,Diarrheal Disease,37,2
HC13103,20,9/18/2024,Typhoid,1,5
HC13104,10,5/17/2024,Diarrheal Disease,11,5
HC13105,22,9/1/2024,Food Poisoning,10,5
HC13106,24,7/8/2025,Diarrheal Disease,8,1
HC13107,2,6/28/2024,Diarrheal Disease,5,4
HC13108,14,3/31/2024,Food Poisoning,1,3
HC13109,19,6/19/2024,Typhoid,13,3
HC13110,23,3/31/2024,Diarrheal Disease,22,5
HC13111,7,8/12/2025,Food Poisoning,6,1
HC13112,2,6/23/2025,Food Poisoning,16,1
HC13113,26,6/16/2024,Typhoid,12,4
HC13114,14,10/25/2024,Food Poisoning,30,3
HC13115,11,9/18/2025,Diarrheal Disease,1,2
HC13116,24,6/21/2025,Typhoid,31,1
HC13117,8,12/20/2025,Diarrheal Disease,26,2
HC13118,18,8/6/2025,Typhoid,34,1
HC13119,9,8/26/2024,Diarrheal Disease,29,1
HC13120,2,12/17/2024,Food Poisoning,35,3
HC13121,8,9/24/2024,Diarrheal Disease,15,2
HC13122,3,11/22/2024,Diarrheal Disease,17,5
HC13123,23,10/15/2025,Diarrheal Disease,2,4
HC13124,7,10/24/2024,Food Poisoning,13,3
HC13125,24,7/12/2025,Typhoid,35,5
HC13126,6,11/1/2025,Diarrheal Disease,13,4
HC13127,10,9/25/2025,Diarrheal Disease,31,4
HC13128,14,9/6/2024,Food Poisoning,28,4
HC13129,25,12/1/2024,Diarrheal Disease,3,2
HC13130,18,11/10/2025,Food Poisoning,26,5
HC13131,10,6/27/2024,Food Poisoning,30,3
HC13132,17,1/24/2025,Typhoid,17,2
HC13133,13,3/1/2025,Food Poisoning,23,4
HC13134,10,5/19/2024,Typhoid,20,5
HC13135,7,5/13/2024,Typhoid,16,1
HC13136,14,12/16/2024,Typhoid,19,4
HC13137,18,6/4/2025,Diarrheal Disease,20,4
HC13138,17,3/16/2025,Food Poisoning,32,5
HC13139,9,12/22/2024,Typhoid,25,4
HC13140,2,4/21/2024,Typhoid,35,5
HC13141,26,3/11/2024,Food Poisoning,38,5
HC13142,25,5/4/2025,Diarrheal Disease,32,2
HC13143,12,10/1/2025,Diarrheal Disease,39,1
HC13144,3,12/30/2024,Food Poisoning,12,1
HC13145,17,1/13/2024,Typhoid,30,4
HC13146,19,7/22/2025,Diarrheal Disease,30,4
HC13147,20,5/11/2025,Diarrheal Disease,7,2
HC13148,19,8/12/2025,Diarrheal Disease,2,1
HC13149,8,6/5/2024,Diarrheal Disease,38,1
HC13150,2,12/23/2025,Typhoid,21,2
HC13151,19,10/12/2024,Diarrheal Disease,19,4
HC13152,13,9/4/2025,Diarrheal Disease,3,3
HC13153,10,2/18/2025,Diarrheal Disease,27,3
HC13154,16,9/29/2024,Food Poisoning,24,3
HC13155,2,5/28/2024,Food Poisoning,2,4
HC13156,10,6/16/2025,Food Poisoning,22,3
HC13157,20,4/3/2025,Diarrheal Disease,19,2
HC13158,20,2/6/2025,Diarrheal Disease,15,2
HC13159,21,11/20/2025,Diarrheal Disease,10,1
HC13160,13,8/19/2025,Typhoid,30,4
HC13161,3,5/16/2024,Diarrheal Disease,14,1
HC13162,25,10/4/2025,Food Poisoning,14,1
HC13163,9,1/14/2024,Typhoid,32,2
HC13164,9,11/1/2024,Food Poisoning,14,4
HC13165,3,11/17/2025,Typhoid,15,2
HC13166,2,11/2/2025,Typhoid,31,3
HC13167,12,1/3/2024,Typhoid,9,2
HC13168,14,1/30/2025,Typhoid,25,5
HC13169,11,6/1/2024,Diarrheal Disease,26,2
HC13170,20,11/16/2025,Typhoid,26,1
HC13171,7,10/5/2024,Typhoid,39,3
HC13172,11,5/3/2024,Diarrheal Disease,16,2
HC13173,2,11/13/2025,Food Poisoning,28,2
HC13174,8,7/8/2024,Food Poisoning,6,3
HC13175,13,3/18/2024,Typhoid,30,1
HC13176,20,6/9/2025,Diarrheal Disease,22,5
HC13177,21,6/1/2024,Typhoid,2,2
HC13178,20,3/8/2024,Diarrheal Disease,1,3
HC13179,8,9/5/2024,Typhoid,14,5
HC13180,9,11/19/2024,Diarrheal Disease,4,3
HC13181,1,11/10/2024,Food Poisoning,37,2
HC13182,3,11/11/2024,Diarrheal Disease,27,1
HC13183,16,11/6/2025,Diarrheal Disease,17,1
HC13184,1,6/10/2025,Diarrheal Disease,27,2
HC13185,22,11/9/2025,Food Poisoning,15,5
HC13186,18,12/9/2024,Diarrheal Disease,20,2
HC13187,11,5/9/2025,Food Poisoning,8,5
HC13188,18,9/12/2025,Diarrheal Disease,6,1
HC13189,4,7/5/2024,Diarrheal Disease,4,5
HC13190,21,1/22/2025,Diarrheal Disease,10,4
HC13191,17,4/10/2024,Typhoid,34,3
HC13192,24,12/23/2025,Diarrheal Disease,11,4
HC13193,8,10/21/2024,Food Poisoning,6,5
HC13194,8,4/1/2024,Food Poisoning,21,1
HC13195,22,11/16/2025,Food Poisoning,12,1
HC13196,9,9/10/2025,Diarrheal Disease,4,5
HC13197,3,9/24/2024,Diarrheal Disease,16,5
HC13198,6,8/1/2025,Typhoid,2,4
HC13199,20,9/4/2024,Food Poisoning,30,4
HC13200,4,12/30/2024,Diarrheal Disease,10,4
HC13201,19,3/29/2024,Food Poisoning,15,2
HC13202,9,8/5/2024,Diarrheal Disease,36,4
HC13203,17,4/22/2024,Food Poisoning,11,5
HC13204,16,11/27/2025,Food Poisoning,22,1
HC13205,5,3/13/2025,Food Poisoning,8,2
HC13206,11,4/6/2024,Typhoid,4,1
HC13207,5,5/16/2025,Food Poisoning,26,4
HC13208,17,2/20/2025,Typhoid,1,1
HC13209,2,1/15/2024,Food Poisoning,21,1
HC13210,4,4/11/2024,Diarrheal Disease,12,5
HC13211,12,8/26/2025,Food Poisoning,30,5
HC13212,21,8/19/2024,Food Poisoning,8,2
HC13213,2,2/28/2024,Diarrheal Disease,6,5
HC13214,24,5/15/2024,Food Poisoning,33,4
HC13215,6,3/3/2024,Diarrheal Disease,38,2
HC13216,14,5/5/2024,Typhoid,2,5
HC13217,3,10/14/2025,Typhoid,11,4
HC13218,20,10/21/2025,Food Poisoning,13,1
HC13219,20,5/3/2024,Diarrheal Disease,26,1
HC13220,12,9/11/2025,Food Poisoning,7,2
HC13221,17,9/24/2024,Diarrheal Disease,28,4
HC13222,26,4/29/2025,Diarrheal Disease,38,3
HC13223,10,12/17/2025,Diarrheal Disease,22,3
HC13224,23,6/24/2025,Food Poisoning,24,5
HC13225,16,9/2/2025,Food Poisoning,17,3
HC13226,14,8/7/2024,Typhoid,35,2
HC13227,25,2/21/2025,Diarrheal Disease,23,2
HC13228,19,2/19/2024,Food Poisoning,35,5
HC13229,10,11/1/2024,Typhoid,3,4
HC13230,24,10/25/2024,Food Poisoning,3,3
HC13231,7,4/4/2024,Typhoid,32,3
HC13232,13,8/29/2024,Typhoid,15,1
HC13233,20,12/21/2024,Diarrheal Disease,37,4
HC13234,2,11/5/2025,Diarrheal Disease,34,4
HC13235,4,8/20/2025,Typhoid,19,5
HC13236,11,5/31/2025,Food Poisoning,7,2
HC13237,16,2/9/2024,Food Poisoning,12,2
HC13238,17,11/22/2024,Diarrheal Disease,9,5
HC13239,25,5/8/2025,Food Poisoning,37,1
HC13240,9,8/17/2024,Food Poisoning,10,4
HC13241,7,8/11/2024,Food Poisoning,10,4
HC13242,17,5/24/2024,Diarrheal Disease,18,5
HC13243,18,7/21/2025,Food Poisoning,24,1
HC13244,20,6/28/2025,Typhoid,38,4
HC13245,15,8/21/2024,Typhoid,17,1
HC13246,25,3/24/2025,Food Poisoning,19,5
HC13247,15,4/8/2024,Diarrheal Disease,8,2
HC13248,12,10/13/2025,Food Poisoning,7,2
HC13249,3,6/28/2024,Diarrheal Disease,4,5
HC13250,18,7/13/2025,Food Poisoning,29,2
HC13251,11,6/5/2024,Food Poisoning,27,2
HC13252,16,9/24/2024,Food Poisoning,34,5
HC13253,1,8/20/2025,Typhoid,1,1
HC13254,26,11/28/2025,Typhoid,13,2
HC13255,16,6/12/2024,Food Poisoning,1,3
HC13256,1,6/14/2024,Typhoid,10,2
HC13257,24,3/5/2025,Food Poisoning,36,2
HC13258,20,8/28/2025,Food Poisoning,31,4
HC13259,24,8/20/2024,Diarrheal Disease,31,4
HC13260,1,6/25/2025,Diarrheal Disease,37,4
HC13261,19,12/15/2024,Food Poisoning,24,4
HC13262,11,1/17/2024,Typhoid,37,4
HC13263,26,5/12/2025,Typhoid,17,5
HC13264,5,9/21/2024,Food Poisoning,8,5
HC13265,5,4/14/2025,Food Poisoning,4,4
HC13266,14,7/5/2024,Diarrheal Disease,2,4
HC13267,15,12/26/2025,Typhoid,34,1
HC13268,10,7/25/2025,Food Poisoning,27,5
HC13269,8,11/27/2025,Typhoid,35,1
HC13270,2,7/7/2024,Typhoid,21,1
HC13271,6,11/13/2025,Diarrheal Disease,27,3
HC13272,13,7/16/2024,Typhoid,23,1
HC13273,10,12/18/2025,Food Poisoning,37,4
HC13274,26,1/21/2024,Typhoid,30,5
HC13275,17,8/25/2025,Food Poisoning,39,3
HC13276,3,8/29/2025,Diarrheal Disease,7,4
HC13277,1,7/20/2024,Typhoid,26,1
HC13278,21,9/6/2025,Diarrheal Disease,19,1
HC13279,22,3/13/2024,Diarrheal Disease,5,3
HC13280,26,1/22/2025,Food Poisoning,12,4
HC13281,10,2/15/2024,Typhoid,26,1
HC13282,17,4/26/2024,Food Poisoning,30,4
HC13283,21,3/22/2025,Diarrheal Disease,17,2
HC13284,19,12/1/2025,Food Poisoning,25,2
HC13285,17,11/28/2024,Typhoid,32,4
HC13286,20,8/21/2025,Typhoid,15,1
HC13287,21,1/20/2024,Typhoid,19,2
HC13288,20,3/24/2024,Diarrheal Disease,9,5
HC13289,5,11/11/2024,Diarrheal Disease,4,1
HC13290,22,9/29/2024,Food Poisoning,6,5
HC13291,25,8/30/2024,Diarrheal Disease,38,4
HC13292,19,5/1/2024,Diarrheal Disease,37,5
HC13293,7,3/16/2024,Diarrheal Disease,35,1
HC13294,3,3/7/2024,Food Poisoning,12,5
HC13295,13,5/15/2024,Food Poisoning,2,5
HC13296,13,2/23/2024,Diarrheal Disease,7,5
HC13297,21,9/29/2024,Diarrheal Disease,27,3
HC13298,4,2/12/2024,Food Poisoning,10,2
HC13299,26,12/19/2025,Food Poisoning,36,1
HC13300,1,11/25/2024,Food Poisoning,13,2
HC13301,4,3/28/2025,Diarrheal Disease,24,5
HC13302,16,2/25/2025,Diarrheal Disease,20,4
HC13303,8,9/3/2024,Diarrheal Disease,35,5
HC13304,14,12/16/2024,Typhoid,39,1
HC13305,20,11/17/2024,Food Poisoning,2,2
HC13306,23,12/29/2025,Diarrheal Disease,5,4
HC13307,17,7/27/2024,Diarrheal Disease,23,4
HC13308,8,10/27/2025,Food Poisoning,25,2
HC13309,9,7/3/2025,Diarrheal Disease,22,1
HC13310,6,8/28/2024,Food Poisoning,33,4
HC13311,2,8/9/2025,Diarrheal Disease,6,4
HC13312,18,8/5/2025,Food Poisoning,25,5
HC13313,19,1/12/2024,Typhoid,38,1
HC13314,7,9/21/2025,Typhoid,26,3
HC13315,23,3/12/2025,Typhoid,10,2
HC13316,24,1/24/2025,Typhoid,18,3
HC13317,21,3/14/2024,Typhoid,15,3
HC13318,7,4/9/2024,Typhoid,1,4
HC13319,8,5/20/2025,Food Poisoning,11,2
HC13320,25,4/1/2025,Food Poisoning,21,3
HC13321,6,10/10/2025,Food Poisoning,19,4
HC13322,15,3/31/2024,Diarrheal Disease,33,2
HC13323,18,9/26/2024,Typhoid,19,1
HC13324,6,5/15/2024,Typhoid,21,1
HC13325,17,9/18/2025,Diarrheal Disease,38,1
HC13326,17,8/18/2025,Food Poisoning,12,2
HC13327,5,11/19/2025,Food Poisoning,34,2
HC13328,21,6/24/2025,Diarrheal Disease,2,3
HC13329,6,1/16/2024,Diarrheal Disease,21,3
HC13330,19,9/12/2025,Diarrheal Disease,16,3
HC13331,8,3/31/2025,Diarrheal Disease,29,5
HC13332,9,8/20/2024,Diarrheal Disease,37,3
HC13333,12,5/10/2024,Typhoid,36,5
HC13334,22,1/30/2025,Typhoid,10,5
HC13335,12,10/14/2025,Food Poisoning,20,5
HC13336,12,12/18/2025,Typhoid,5,5
HC13337,12,9/2/2025,Diarrheal Disease,3,5
HC13338,1,6/30/2025,Food Poisoning,21,1
HC13339,16,2/26/2025,Diarrheal Disease,3,3
HC13340,11,9/27/2024,Diarrheal Disease,38,4
HC13341,11,5/3/2024,Diarrheal Disease,21,4
HC13342,8,12/5/2024,Diarrheal Disease,21,1
HC13343,17,11/9/2024,Typhoid,20,1
HC13344,3,6/23/2024,Diarrheal Disease,14,2
HC13345,7,1/14/2024,Diarrheal Disease,13,5
HC13346,15,10/26/2025,Diarrheal Disease,30,2
HC13347,21,4/1/2025,Typhoid,19,2
HC13348,18,11/27/2025,Diarrheal Disease,24,5
HC13349,14,7/17/2024,Diarrheal Disease,30,4
HC13350,20,10/14/2025,Diarrheal Disease,25,4
HC13351,15,4/24/2024,Diarrheal Disease,11,1
HC13352,14,5/1/2025,Diarrheal Disease,14,2
HC13353,16,10/8/2024,Diarrheal Disease,20,2
HC13354,17,7/7/2024,Typhoid,3,3
HC13355,7,9/28/2024,Diarrheal Disease,8,3
HC13356,25,1/10/2024,Typhoid,31,4
HC13357,16,8/10/2025,Food Poisoning,13,1
HC13358,18,10/14/2024,Diarrheal Disease,37,4
HC13359,1,11/22/2025,Diarrheal Disease,7,2
HC13360,20,2/8/2025,Diarrheal Disease,16,5
HC13361,4,5/3/2024,Food Poisoning,26,4
HC13362,15,1/13/2025,Food Poisoning,8,3
HC13363,15,3/8/2025,Diarrheal Disease,7,2
HC13364,26,6/29/2024,Typhoid,23,5
HC13365,8,12/24/2025,Typhoid,25,1
HC13366,9,10/1/2025,Diarrheal Disease,31,3
HC13367,25,8/17/2025,Diarrheal Disease,3,2
HC13368,13,11/10/2024,Typhoid,35,2
HC13369,11,4/4/2024,Food Poisoning,18,5
HC13370,20,3/21/2025,Diarrheal Disease,30,1
HC13371,25,10/4/2025,Diarrheal Disease,15,1
HC13372,22,1/26/2024,Typhoid,12,1
HC13373,1,1/18/2024,Food Poisoning,30,3
HC13374,17,11/19/2024,Typhoid,11,3
HC13375,10,1/23/2024,Food Poisoning,26,5
HC13376,4,7/19/2025,Food Poisoning,23,5
HC13377,6,8/12/2025,Food Poisoning,14,2
HC13378,9,5/25/2024,Typhoid,10,2
HC13379,25,8/25/2025,Typhoid,11,1
HC13380,18,2/20/2024,Diarrheal Disease,3,5
HC13381,1,7/13/2025,Food Poisoning,35,2
HC13382,18,9/2/2024,Food Poisoning,20,1
HC13383,17,10/2/2024,Diarrheal Disease,39,3
HC13384,2,2/11/2025,Food Poisoning,2,3
HC13385,26,7/8/2025,Food Poisoning,25,4
HC13386,15,9/8/2024,Typhoid,34,3
HC13387,19,7/17/2025,Typhoid,39,2
HC13388,13,4/29/2025,Typhoid,33,1
HC13389,13,10/14/2024,Typhoid,36,3
HC13390,7,10/23/2025,Diarrheal Disease,10,5
HC13391,13,4/27/2024,Food Poisoning,17,5
HC13392,17,6/15/2024,Typhoid,30,4
HC13393,9,3/20/2024,Typhoid,28,2
HC13394,12,4/10/2025,Food Poisoning,28,5
HC13395,17,10/17/2024,Food Poisoning,22,1
HC13396,18,8/20/2024,Diarrheal Disease,4,3
HC13397,23,6/24/2025,Food Poisoning,15,2
HC13398,2,9/18/2024,Typhoid,37,5
HC13399,4,9/24/2024,Food Poisoning,16,4
HC13400,12,4/25/2025,Typhoid,35,1
HC13401,26,6/20/2025,Food Poisoning,33,3
HC13402,17,10/3/2025,Food Poisoning,11,4
HC13403,14,1/14/2024,Diarrheal Disease,39,3
HC13404,16,7/15/2024,Typhoid,3,3
HC13405,26,9/11/2025,Food Poisoning,24,4
HC13406,13,12/7/2024,Diarrheal Disease,17,2
HC13407,25,12/18/2025,Typhoid,2,2
HC13408,25,6/25/2024,Food Poisoning,22,5
HC13409,25,9/11/2024,Typhoid,24,2
HC13410,25,1/8/2024,Food Poisoning,35,2
HC13411,4,4/3/2025,Typhoid,27,1
HC13412,22,1/15/2024,Food Poisoning,30,1
HC13413,1,10/1/2025,Diarrheal Disease,3,3
HC13414,13,5/29/2024,Diarrheal Disease,12,1
HC13415,25,1/15/2024,Food Poisoning,5,5
HC13416,1,5/8/2024,Food Poisoning,32,1
HC13417,10,11/20/2024,Typhoid,30,4
HC13418,25,5/12/2024,Food Poisoning,29,5
HC13419,25,6/9/2025,Diarrheal Disease,5,3
HC13420,17,2/16/2024,Food Poisoning,7,2
HC13421,21,3/2/2025,Diarrheal Disease,38,5
HC13422,21,5/29/2024,Food Poisoning,23,2
HC13423,12,6/12/2024,Diarrheal Disease,14,3
HC13424,7,9/1/2025,Typhoid,7,4
HC13425,19,3/24/2024,Food Poisoning,35,1
HC13426,5,12/28/2024,Typhoid,7,4
HC13427,11,10/3/2024,Typhoid,39,2
HC13428,17,1/4/2025,Food Poisoning,27,3
HC13429,25,10/21/2025,Food Poisoning,13,1
HC13430,22,6/15/2024,Food Poisoning,18,1
HC13431,7,4/4/2025,Diarrheal Disease,24,3
HC13432,11,11/19/2024,Diarrheal Disease,9,3
HC13433,8,8/17/2025,Typhoid,24,3
HC13434,14,9/27/2025,Typhoid,23,5
HC13435,4,1/16/2024,Typhoid,12,2
HC13436,15,9/26/2025,Food Poisoning,32,1
HC13437,12,4/8/2024,Food Poisoning,7,5
HC13438,1,9/13/2025,Diarrheal Disease,34,4
HC13439,23,1/24/2025,Typhoid,29,1
HC13440,19,11/19/2025,Food Poisoning,24,2
HC13441,8,5/4/2024,Typhoid,33,3
HC13442,3,7/13/2024,Food Poisoning,34,3
HC13443,21,11/9/2025,Typhoid,3,1
HC13444,6,2/29/2024,Food Poisoning,21,4
HC13445,19,11/17/2025,Typhoid,17,2
HC13446,16,12/27/2025,Typhoid,30,4
HC13447,6,11/17/2024,Diarrheal Disease,8,4
HC13448,6,1/31/2024,Typhoid,4,3
HC13449,2,3/12/2025,Typhoid,4,4
HC13450,3,4/21/2024,Diarrheal Disease,13,5
HC13451,3,12/4/2024,Typhoid,22,3
HC13452,12,10/14/2025,Diarrheal Disease,32,3
HC13453,18,4/1/2024,Typhoid,7,4
HC13454,7,1/29/2024,Food Poisoning,21,1
HC13455,23,3/22/2025,Diarrheal Disease,11,5
HC13456,25,8/25/2025,Diarrheal Disease,31,3
HC13457,18,1/14/2024,Diarrheal Disease,37,4
HC13458,4,3/29/2025,Diarrheal Disease,4,5
HC13459,14,9/19/2024,Typhoid,25,3
HC13460,16,6/6/2025,Food Poisoning,24,5
HC13461,20,9/24/2025,Typhoid,26,5
HC13462,23,12/7/2025,Diarrheal Disease,35,3
HC13463,14,11/22/2024,Diarrheal Disease,15,5
HC13464,11,6/21/2025,Typhoid,26,1
HC13465,14,10/19/2025,Typhoid,14,5
HC13466,16,11/6/2024,Diarrheal Disease,33,1
HC13467,6,3/11/2024,Typhoid,32,5
HC13468,11,2/12/2025,Diarrheal Disease,39,4
HC13469,17,8/23/2024,Diarrheal Disease,30,4
HC13470,4,1/26/2025,Food Poisoning,10,4
HC13471,16,3/3/2025,Food Poisoning,21,5
HC13472,3,6/5/2024,Typhoid,5,4
HC13473,9,10/30/2024,Food Poisoning,29,5
HC13474,9,5/22/2025,Food Poisoning,12,2
HC13475,22,2/10/2025,Typhoid,33,4
HC13476,5,2/2/2025,Diarrheal Disease,31,3
HC13477,26,8/26/2025,Diarrheal Disease,5,3
HC13478,2,10/31/2025,Typhoid,37,1
HC13479,1,11/28/2024,Typhoid,22,1
HC13480,20,11/24/2024,Diarrheal Disease,3,5
HC13481,2,10/17/2025,Diarrheal Disease,32,5
HC13482,19,3/7/2024,Food Poisoning,27,4
HC13483,2,8/10/2024,Food Poisoning,28,5
HC13484,13,2/8/2024,Diarrheal Disease,38,4
HC13485,15,1/29/2024,Food Poisoning,24,3
HC13486,2,11/23/2024,Typhoid,20,1
HC13487,21,5/3/2024,Typhoid,29,4
HC13488,14,2/6/2024,Food Poisoning,26,5
HC13489,18,3/12/2025,Diarrheal Disease,27,3
HC13490,7,4/10/2024,Diarrheal Disease,12,5
HC13491,18,7/4/2024,Typhoid,33,1
HC13492,19,7/24/2025,Diarrheal Disease,13,5
HC13493,22,6/1/2025,Food Poisoning,13,1
HC13494,17,3/5/2024,Diarrheal Disease,26,2
HC13495,14,9/9/2024,Food Poisoning,1,1
HC13496,18,10/19/2025,Food Poisoning,37,2
HC13497,16,7/23/2025,Typhoid,21,5
HC13498,19,3/6/2025,Diarrheal Disease,14,5
HC13499,16,6/19/2024,Diarrheal Disease,14,5
HC13500,20,9/5/2025,Food Poisoning,23,2
HC13501,23,8/16/2024,Food Poisoning,8,1
HC13502,19,9/7/2024,Typhoid,16,1
HC13503,2,10/22/2025,Typhoid,20,3
HC13504,4,6/27/2025,Diarrheal Disease,20,3
HC13505,16,10/5/2025,Diarrheal Disease,34,5
HC13506,16,12/14/2024,Typhoid,18,4
HC13507,2,6/30/2025,Food Poisoning,24,2
HC13508,18,1/5/2025,Food Poisoning,24,3
HC13509,4,12/11/2025,Diarrheal Disease,35,2
HC13510,18,12/13/2024,Food Poisoning,32,2
HC13511,2,1/11/2025,Diarrheal Disease,14,1
HC13512,14,6/13/2025,Diarrheal Disease,26,1
HC13513,22,10/24/2025,Food Poisoning,17,1
HC13514,7,9/7/2024,Typhoid,9,1
HC13515,10,2/3/2025,Typhoid,5,2
HC13516,26,9/22/2025,Food Poisoning,17,1
HC13517,3,10/28/2024,Diarrheal Disease,4,5
HC13518,17,3/25/2025,Diarrheal Disease,8,1
HC13519,21,11/7/2025,Food Poisoning,27,5
HC13520,9,12/25/2024,Typhoid,16,2
HC13521,23,1/16/2024,Food Poisoning,18,5
HC13522,4,2/8/2025,Food Poisoning,23,3
HC13523,3,4/11/2024,Typhoid,13,4
HC13524,1,6/25/2025,Typhoid,27,4
HC13525,13,9/22/2025,Food Poisoning,34,1
HC13526,5,7/1/2024,Typhoid,5,4
HC13527,25,11/30/2025,Food Poisoning,29,3
HC13528,15,11/18/2025,Diarrheal Disease,9,2
HC13529,16,6/2/2024,Typhoid,36,4
HC13530,21,6/21/2025,Food Poisoning,21,2
HC13531,3,4/9/2024,Diarrheal Disease,31,5
HC13532,8,3/5/2024,Food Poisoning,18,1
HC13533,12,2/20/2024,Food Poisoning,12,4
HC13534,13,2/26/2024,Food Poisoning,18,5
HC13535,22,4/5/2025,Typhoid,6,1
HC13536,1,5/14/2025,Typhoid,5,4
HC13537,15,7/12/2024,Diarrheal Disease,38,2
HC13538,17,7/19/2024,Food Poisoning,20,2
HC13539,9,3/17/2024,Diarrheal Disease,27,3
HC13540,8,6/14/2024,Food Poisoning,20,4
HC13541,1,3/22/2025,Food Poisoning,6,5
HC13542,20,12/11/2025,Typhoid,13,5
HC13543,22,8/20/2025,Diarrheal Disease,22,4
HC13544,5,2/11/2025,Food Poisoning,6,2
HC13545,21,4/5/2025,Food Poisoning,39,5
HC13546,18,4/20/2024,Typhoid,21,2
HC13547,19,2/18/2024,Diarrheal Disease,9,2
HC13548,14,10/30/2024,Diarrheal Disease,32,5
HC13549,16,4/22/2024,Food Poisoning,22,4
HC13550,19,9/19/2025,Diarrheal Disease,20,1
HC13551,25,5/30/2025,Food Poisoning,26,1
HC13552,5,12/15/2025,Food Poisoning,38,1
HC13553,22,1/21/2025,Food Poisoning,19,3
HC13554,23,5/19/2024,Food Poisoning,33,3
HC13555,21,12/6/2024,Food Poisoning,32,3
HC13556,15,8/12/2025,Diarrheal Disease,6,2
HC13557,17,5/26/2025,Diarrheal Disease,11,2
HC13558,19,5/2/2024,Diarrheal Disease,28,3
HC13559,25,11/30/2024,Typhoid,15,3
HC13560,19,4/22/2025,Diarrheal Disease,34,4
HC13561,18,7/26/2025,Typhoid,25,4
HC13562,3,5/3/2025,Diarrheal Disease,19,2
HC13563,25,4/30/2025,Diarrheal Disease,11,2
HC13564,8,3/12/2025,Food Poisoning,9,5
HC13565,22,8/3/2024,Typhoid,32,5
HC13566,24,2/4/2025,Food Poisoning,21,3
HC13567,6,10/8/2024,Food Poisoning,25,3
HC13568,6,9/21/2025,Food Poisoning,37,2
HC13569,17,8/18/2024,Typhoid,33,2
HC13570,2,9/10/2025,Diarrheal Disease,37,4
HC13571,7,6/1/2024,Food Poisoning,16,4
HC13572,10,3/27/2025,Food Poisoning,10,5
HC13573,2,4/23/2025,Diarrheal Disease,19,4
HC13574,10,5/30/2024,Diarrheal Disease,38,2
HC13575,24,12/24/2025,Diarrheal Disease,10,2
HC13576,22,11/15/2024,Food Poisoning,1,3
HC13577,8,6/11/2024,Food Poisoning,24,2
HC13578,16,5/27/2024,Typhoid,15,1
HC13579,2,10/5/2024,Diarrheal Disease,25,4
HC13580,15,3/20/2024,Typhoid,2,4
HC13581,23,2/11/2025,Diarrheal Disease,32,5
HC13582,17,2/26/2025,Typhoid,26,5
HC13583,11,1/5/2025,Diarrheal Disease,8,4
HC13584,5,1/31/2024,Diarrheal Disease,37,5
HC13585,5,6/10/2025,Food Poisoning,25,4
HC13586,26,10/25/2025,Food Poisoning,37,2
HC13587,19,10/20/2024,Diarrheal Disease,30,1
HC13588,15,12/29/2024,Typhoid,20,1
HC13589,21,11/25/2024,Diarrheal Disease,26,5
HC13590,10,11/23/2024,Food Poisoning,20,5
HC13591,22,7/29/2024,Diarrheal Disease,36,3
HC13592,7,10/27/2025,Typhoid,9,5
HC13593,3,10/26/2024,Food Poisoning,5,5
HC13594,6,5/23/2025,Diarrheal Disease,13,4
HC13595,1,12/5/2024,Diarrheal Disease,36,5
HC13596,1,5/9/2024,Food Poisoning,7,4
HC13597,17,6/24/2024,Diarrheal Disease,7,5
HC13598,3,10/6/2025,Typhoid,13,3
HC13599,16,3/29/2025,Diarrheal Disease,28,3
HC13600,18,10/27/2025,Food Poisoning,12,5
HC13601,14,11/29/2024,Typhoid,2,3
HC13602,5,9/23/2025,Typhoid,35,4
HC13603,20,4/18/2024,Diarrheal Disease,23,3
HC13604,11,5/4/2024,Typhoid,31,4
HC13605,25,6/5/2024,Diarrheal Disease,38,4
HC13606,16,12/4/2025,Typhoid,27,3
HC13607,2,9/6/2025,Food Poisoning,13,4
HC13608,16,6/24/2024,Diarrheal Disease,1,5
HC13609,18,12/18/2024,Typhoid,16,3
HC13610,13,9/15/2025,Food Poisoning,13,4
HC13611,16,6/18/2025,Diarrheal Disease,29,4
HC13612,2,7/14/2025,Diarrheal Disease,31,5
HC13613,25,3/16/2024,Food Poisoning,4,4
HC13614,23,3/10/2024,Food Poisoning,10,3
HC13615,7,10/2/2025,Food Poisoning,18,1
HC13616,15,1/25/2025,Diarrheal Disease,2,2
HC13617,4,1/15/2024,Diarrheal Disease,25,4
HC13618,8,11/28/2024,Diarrheal Disease,19,2
HC13619,25,2/21/2024,Diarrheal Disease,8,4
HC13620,17,3/19/2024,Diarrheal Disease,1,4
HC13621,21,4/19/2024,Typhoid,36,2
HC13622,21,2/17/2025,Typhoid,7,2
HC13623,8,11/25/2024,Food Poisoning,28,4
HC13624,8,6/17/2024,Diarrheal Disease,23,4
HC13625,15,6/11/2024,Typhoid,4,4
HC13626,2,4/1/2025,Typhoid,24,4
HC13627,7,9/15/2024,Diarrheal Disease,35,5
HC13628,4,7/30/2025,Food Poisoning,29,1
HC13629,16,10/25/2025,Diarrheal Disease,16,2
HC13630,15,8/23/2025,Food Poisoning,22,3
HC13631,4,8/3/2025,Typhoid,3,2
HC13632,16,11/9/2025,Food Poisoning,27,2
HC13633,4,4/28/2024,Food Poisoning,8,5
HC13634,7,3/3/2024,Typhoid,8,2
HC13635,24,11/11/2024,Diarrheal Disease,38,5
HC13636,4,4/16/2024,Typhoid,8,3
HC13637,11,10/3/2025,Typhoid,14,5
HC13638,5,4/6/2024,Diarrheal Disease,2,5
HC13639,2,1/25/2025,Typhoid,7,5
HC13640,23,3/20/2024,Diarrheal Disease,15,2
HC13641,3,10/4/2025,Diarrheal Disease,2,2
HC13642,8,9/8/2024,Food Poisoning,21,5
HC13643,5,4/7/2024,Food Poisoning,37,2
HC13644,7,3/26/2024,Food Poisoning,10,5
HC13645,17,11/26/2024,Typhoid,37,2
HC13646,21,5/3/2025,Diarrheal Disease,26,1
HC13647,1,6/23/2025,Typhoid,2,3
HC13648,6,7/31/2024,Typhoid,26,3
HC13649,10,9/19/2024,Typhoid,6,1
HC13650,4,6/1/2024,Typhoid,13,4
HC13651,9,6/22/2024,Typhoid,33,3
HC13652,13,5/8/2025,Typhoid,34,5
HC13653,6,2/20/2024,Food Poisoning,27,1
HC13654,21,11/29/2024,Diarrheal Disease,36,5
HC13655,22,5/5/2025,Typhoid,34,4
HC13656,23,8/22/2025,Typhoid,12,5
HC13657,12,4/9/2024,Diarrheal Disease,6,4
HC13658,6,12/2/2024,Typhoid,9,4
HC13659,21,5/18/2025,Diarrheal Disease,10,3
HC13660,6,8/16/2025,Diarrheal Disease,16,4
HC13661,25,7/21/2025,Typhoid,23,4
HC13662,22,10/6/2025,Diarrheal Disease,37,4
HC13663,17,8/6/2024,Typhoid,33,2
HC13664,16,12/10/2025,Typhoid,15,1
HC13665,2,8/29/2024,Diarrheal Disease,15,1
HC13666,4,10/26/2025,Food Poisoning,5,5
HC13667,26,10/15/2025,Food Poisoning,17,3
HC13668,14,7/11/2025,Food Poisoning,21,3
HC13669,15,10/30/2025,Food Poisoning,39,3
HC13670,3,8/13/2025,Typhoid,27,4
HC13671,5,9/22/2025,Diarrheal Disease,27,5
HC13672,20,10/21/2025,Food Poisoning,31,2
HC13673,2,6/28/2025,Food Poisoning,9,5
HC13674,12,3/23/2024,Diarrheal Disease,9,4
HC13675,8,10/8/2025,Typhoid,26,4
HC13676,20,2/8/2025,Typhoid,23,4
HC13677,4,6/4/2025,Food Poisoning,14,3
HC13678,24,3/23/2024,Food Poisoning,10,2
HC13679,2,11/5/2025,Typhoid,23,2
HC13680,21,5/4/2024,Food Poisoning,20,5
HC13681,2,8/1/2024,Diarrheal Disease,6,5
HC13682,11,11/3/2024,Typhoid,37,1
HC13683,22,2/12/2025,Typhoid,31,1
HC13684,17,2/12/2024,Typhoid,9,5
HC13685,6,5/1/2025,Diarrheal Disease,36,2
HC13686,2,2/28/2024,Typhoid,13,2
HC13687,6,5/15/2024,Typhoid,31,1
HC13688,11,6/25/2024,Typhoid,39,2
HC13689,19,7/1/2025,Typhoid,8,4
HC13690,10,11/24/2025,Food Poisoning,22,4
HC13691,24,11/26/2024,Typhoid,9,1
HC13692,21,9/29/2025,Diarrheal Disease,32,4
HC13693,16,8/6/2024,Typhoid,37,2
HC13694,19,11/13/2025,Typhoid,29,4
HC13695,8,1/21/2024,Food Poisoning,11,3
HC13696,1,1/30/2024,Food Poisoning,14,4
HC13697,12,7/1/2024,Typhoid,39,5
HC13698,19,10/8/2024,Typhoid,31,5
HC13699,24,8/10/2024,Typhoid,35,5
HC13700,15,8/10/2025,Diarrheal Disease,6,4
HC13701,1,3/7/2025,Typhoid,39,3
HC13702,24,9/11/2025,Food Poisoning,13,4
HC13703,19,10/15/2024,Typhoid,9,4
HC13704,17,5/12/2024,Food Poisoning,26,4
HC13705,10,11/5/2025,Typhoid,39,3
HC13706,11,6/29/2024,Diarrheal Disease,24,1
HC13707,1,3/19/2025,Food Poisoning,3,3
HC13708,11,3/31/2024,Food Poisoning,38,5
HC13709,3,12/19/2025,Typhoid,3,2
HC13710,17,4/9/2025,Food Poisoning,38,2
HC13711,1,12/1/2025,Food Poisoning,26,1
HC13712,7,4/1/2024,Food Poisoning,39,1
HC13713,1,3/27/2025,Typhoid,30,2
HC13714,12,1/13/2025,Diarrheal Disease,31,5
HC13715,4,10/20/2024,Diarrheal Disease,5,2
HC13716,26,12/12/2024,Food Poisoning,24,1
HC13717,19,9/25/2024,Typhoid,24,3
HC13718,9,8/29/2024,Diarrheal Disease,9,1
HC13719,19,4/3/2024,Typhoid,35,4
HC13720,5,10/14/2024,Diarrheal Disease,23,1
HC13721,26,5/6/2025,Food Poisoning,39,1
HC13722,23,9/8/2024,Diarrheal Disease,25,5
HC13723,24,9/16/2025,Food Poisoning,9,3
HC13724,16,7/29/2024,Typhoid,22,4
HC13725,22,6/26/2025,Diarrheal Disease,25,3
HC13726,25,4/8/2025,Typhoid,4,1
HC13727,3,10/15/2024,Food Poisoning,9,3
HC13728,25,7/4/2025,Typhoid,3,2
HC13729,8,12/5/2025,Typhoid,7,1
HC13730,3,2/23/2025,Food Poisoning,28,4
HC13731,9,6/3/2025,Food Poisoning,38,5
HC13732,13,7/30/2025,Typhoid,1,1
HC13733,6,1/27/2025,Typhoid,37,3
HC13734,14,11/24/2024,Typhoid,24,3
HC13735,10,11/13/2024,Typhoid,12,5
HC13736,25,9/13/2024,Diarrheal Disease,31,5
HC13737,9,3/14/2025,Typhoid,2,5
HC13738,17,5/15/2024,Typhoid,31,5
HC13739,21,9/29/2024,Typhoid,37,1
HC13740,20,10/16/2025,Typhoid,13,1
HC13741,7,3/19/2024,Typhoid,32,1
HC13742,10,3/26/2025,Diarrheal Disease,37,1
HC13743,18,9/20/2024,Diarrheal Disease,6,4
HC13744,16,4/30/2024,Diarrheal Disease,13,4
HC13745,4,10/22/2024,Food Poisoning,7,1
HC13746,10,5/26/2024,Typhoid,6,1
HC13747,16,7/6/2024,Diarrheal Disease,28,3
HC13748,12,10/15/2025,Food Poisoning,16,5
HC13749,3,10/31/2025,Typhoid,2,3
HC13750,24,9/22/2025,Food Poisoning,7,2
HC13751,8,3/6/2024,Diarrheal Disease,29,5
HC13752,24,4/27/2024,Food Poisoning,5,5
HC13753,8,8/14/2024,Diarrheal Disease,1,4
HC13754,5,4/27/2025,Typhoid,37,1
HC13755,2,5/13/2025,Diarrheal Disease,11,5
HC13756,17,9/28/2024,Diarrheal Disease,10,1
HC13757,8,1/16/2024,Food Poisoning,33,4
HC13758,16,6/6/2024,Typhoid,36,4
HC13759,4,11/21/2025,Typhoid,25,1
HC13760,19,1/28/2024,Typhoid,7,4
HC13761,15,4/2/2025,Food Poisoning,15,1
HC13762,11,8/2/2025,Typhoid,17,4
HC13763,15,10/14/2025,Food Poisoning,21,5
HC13764,19,8/18/2024,Typhoid,29,4
HC13765,23,4/23/2025,Diarrheal Disease,17,4
HC13766,11,8/7/2024,Diarrheal Disease,11,3
HC13767,17,8/7/2024,Typhoid,6,1
HC13768,3,6/15/2024,Typhoid,23,5
HC13769,12,4/28/2025,Diarrheal Disease,38,1
HC13770,12,12/28/2025,Diarrheal Disease,35,2
HC13771,14,2/21/2025,Food Poisoning,29,3
HC13772,3,4/5/2024,Food Poisoning,25,2
HC13773,6,7/14/2024,Diarrheal Disease,24,4
HC13774,20,2/21/2024,Diarrheal Disease,31,3
HC13775,6,6/5/2025,Typhoid,13,2
HC13776,4,9/9/2025,Diarrheal Disease,20,2
HC13777,18,6/25/2024,Typhoid,26,2
HC13778,2,2/3/2025,Food Poisoning,21,2
HC13779,14,3/10/2024,Food Poisoning,29,4
HC13780,20,4/25/2025,Typhoid,8,5
HC13781,17,7/3/2024,Diarrheal Disease,8,4
HC13782,7,4/27/2024,Typhoid,24,1
HC13783,2,11/7/2025,Typhoid,21,3
HC13784,5,3/6/2024,Typhoid,19,1
HC13785,23,9/9/2025,Food Poisoning,19,2
HC13786,11,5/15/2024,Typhoid,18,5
HC13787,9,8/8/2025,Diarrheal Disease,38,3
HC13788,3,12/10/2025,Diarrheal Disease,1,5
HC13789,13,2/20/2024,Typhoid,2,4
HC13790,1,4/11/2025,Food Poisoning,35,4
HC13791,8,6/25/2024,Diarrheal Disease,20,5
HC13792,12,11/15/2024,Food Poisoning,35,2
HC13793,5,2/28/2024,Typhoid,35,1
HC13794,3,4/12/2025,Typhoid,22,5
HC13795,11,2/9/2024,Food Poisoning,35,3
HC13796,8,7/1/2024,Diarrheal Disease,6,5
HC13797,21,4/7/2024,Typhoid,26,3
HC13798,9,9/27/2025,Food Poisoning,20,2
HC13799,26,5/18/2025,Typhoid,29,4
HC13800,21,3/11/2025,Food Poisoning,4,2
HC13801,5,7/12/2025,Typhoid,29,4
HC13802,19,12/1/2025,Typhoid,39,1
HC13803,24,10/24/2025,Diarrheal Disease,12,5
HC13804,16,12/27/2025,Food Poisoning,30,2
HC13805,5,2/25/2025,Typhoid,1,3
HC13806,11,10/14/2025,Diarrheal Disease,17,5
HC13807,25,2/16/2024,Diarrheal Disease,26,4
HC13808,18,2/29/2024,Food Poisoning,28,4
HC13809,10,9/7/2024,Diarrheal Disease,27,5
HC13810,3,5/23/2025,Diarrheal Disease,6,4
HC13811,22,1/28/2025,Typhoid,34,3
HC13812,21,10/24/2025,Diarrheal Disease,11,4
HC13813,22,9/28/2024,Food Poisoning,34,5
HC13814,4,1/27/2025,Typhoid,18,5
HC13815,20,1/12/2024,Diarrheal Disease,34,4
HC13816,26,2/24/2024,Food Poisoning,19,5
HC13817,24,1/4/2025,Diarrheal Disease,25,1
HC13818,5,8/27/2024,Typhoid,22,2
HC13819,1,11/28/2024,Diarrheal Disease,38,2
HC13820,10,12/1/2024,Typhoid,25,1
HC13821,16,9/11/2025,Food Poisoning,12,2
HC13822,12,10/8/2024,Diarrheal Disease,25,3
HC13823,22,9/12/2025,Diarrheal Disease,12,2
HC13824,18,9/4/2025,Food Poisoning,10,2
HC13825,21,8/4/2024,Diarrheal Disease,7,1
HC13826,24,1/18/2025,Typhoid,38,3
HC13827,15,6/23/2024,Food Poisoning,4,1
HC13828,15,2/3/2024,Typhoid,7,2
HC13829,10,9/18/2024,Diarrheal Disease,29,1
HC13830,1,8/12/2025,Typhoid,12,1
HC13831,14,9/5/2024,Food Poisoning,38,2
HC13832,1,12/28/2025,Food Poisoning,9,3
HC13833,21,6/30/2024,Diarrheal Disease,29,4
HC13834,12,11/27/2024,Typhoid,26,5
HC13835,4,6/3/2025,Diarrheal Disease,20,3
HC13836,25,11/27/2025,Food Poisoning,13,1
HC13837,1,5/25/2024,Diarrheal Disease,32,2
HC13838,20,5/12/2024,Food Poisoning,29,5
HC13839,24,8/25/2025,Food Poisoning,26,5
HC13840,23,9/12/2025,Food Poisoning,12,3
HC13841,12,7/25/2024,Typhoid,8,5
HC13842,5,6/19/2024,Diarrheal Disease,31,1
HC13843,1,12/5/2025,Diarrheal Disease,8,2
HC13844,17,9/29/2025,Typhoid,9,4
HC13845,17,8/16/2024,Diarrheal Disease,2,3
HC13846,1,6/12/2025,Diarrheal Disease,21,5
HC13847,25,6/6/2025,Typhoid,27,4
HC13848,20,10/2/2024,Food Poisoning,14,3
HC13849,23,5/23/2024,Typhoid,34,1
HC13850,26,2/10/2024,Diarrheal Disease,15,1
HC13851,7,6/25/2024,Typhoid,37,5
HC13852,17,8/13/2024,Food Poisoning,25,2
HC13853,18,2/11/2024,Food Poisoning,13,2
HC13854,12,8/1/2024,Diarrheal Disease,14,3
HC13855,8,10/30/2025,Diarrheal Disease,14,1
HC13856,24,6/3/2025,Diarrheal Disease,27,2
HC13857,11,2/21/2025,Typhoid,1,4
HC13858,1,7/14/2024,Diarrheal Disease,21,5
HC13859,14,5/19/2024,Diarrheal Disease,39,4
HC13860,4,12/4/2025,Diarrheal Disease,29,5
HC13861,25,10/6/2024,Food Poisoning,34,1
HC13862,13,4/19/2024,Typhoid,39,1
HC13863,9,6/11/2024,Diarrheal Disease,18,1
HC13864,5,6/1/2024,Typhoid,14,3
HC13865,2,4/28/2024,Diarrheal Disease,25,4
HC13866,9,1/22/2025,Typhoid,38,4
HC13867,9,5/24/2025,Diarrheal Disease,26,1
HC13868,10,6/3/2025,Typhoid,24,3
HC13869,16,2/25/2024,Food Poisoning,24,1
HC13870,5,12/12/2024,Food Poisoning,27,4
HC13871,22,12/28/2024,Food Poisoning,15,3
HC13872,6,5/2/2024,Diarrheal Disease,12,5
HC13873,17,6/1/2024,Food Poisoning,36,2
HC13874,12,8/26/2024,Typhoid,11,5
HC13875,20,11/20/2024,Diarrheal Disease,36,1
HC13876,10,5/4/2024,Typhoid,10,5
HC13877,26,8/10/2025,Typhoid,1,1
HC13878,11,8/1/2024,Food Poisoning,15,5
HC13879,20,4/22/2024,Diarrheal Disease,5,3
HC13880,11,4/27/2024,Typhoid,1,4
HC13881,20,10/6/2025,Diarrheal Disease,39,1
HC13882,23,4/24/2025,Typhoid,4,5
HC13883,8,10/13/2025,Food Poisoning,39,4
HC13884,13,8/22/2024,Typhoid,20,2
HC13885,3,9/4/2024,Typhoid,16,2
HC13886,21,2/18/2025,Diarrheal Disease,34,2
HC13887,4,1/23/2025,Food Poisoning,24,3
HC13888,14,1/21/2025,Diarrheal Disease,37,5
HC13889,7,6/8/2025,Diarrheal Disease,15,4
HC13890,18,5/11/2025,Typhoid,18,2
HC13891,11,8/13/2024,Food Poisoning,32,2
HC13892,26,2/16/2024,Typhoid,21,2
HC13893,20,3/12/2025,Food Poisoning,29,4
HC13894,4,9/1/2024,Diarrheal Disease,26,3
HC13895,14,4/22/2025,Diarrheal Disease,15,3
HC13896,3,10/23/2024,Diarrheal Disease,36,3
HC13897,12,10/24/2025,Food Poisoning,28,2
HC13898,2,2/3/2025,Diarrheal Disease,28,3
HC13899,12,4/18/2024,Diarrheal Disease,10,3
HC13900,25,9/17/2024,Food Poisoning,23,1
HC13901,17,11/30/2025,Food Poisoning,24,2
HC13902,3,5/27/2024,Typhoid,10,3
HC13903,4,10/26/2025,Typhoid,2,1
HC13904,18,12/3/2024,Food Poisoning,14,2
HC13905,26,8/13/2025,Diarrheal Disease,3,3
HC13906,14,9/16/2024,Food Poisoning,39,3
HC13907,9,10/18/2024,Typhoid,35,1
HC13908,8,9/4/2024,Typhoid,9,3
HC13909,20,5/23/2024,Food Poisoning,9,4
HC13910,21,1/20/2024,Typhoid,28,4
HC13911,5,5/21/2024,Diarrheal Disease,20,4
HC13912,13,3/2/2025,Diarrheal Disease,19,3
HC13913,5,2/14/2025,Typhoid,34,1
HC13914,4,7/8/2024,Food Poisoning,14,4
HC13915,12,3/19/2024,Typhoid,12,1
HC13916,6,9/13/2024,Typhoid,26,5
HC13917,5,9/16/2025,Typhoid,29,5
HC13918,10,11/5/2025,Typhoid,23,2
HC13919,7,7/19/2025,Typhoid,4,1
HC13920,17,4/2/2025,Typhoid,13,2
HC13921,17,2/22/2024,Typhoid,25,3
HC13922,10,1/15/2025,Food Poisoning,15,1
HC13923,22,12/11/2024,Typhoid,7,1
HC13924,19,10/23/2025,Diarrheal Disease,20,1
HC13925,12,5/31/2025,Diarrheal Disease,10,1
HC13926,14,7/11/2025,Food Poisoning,33,5
HC13927,2,1/3/2024,Typhoid,4,3
HC13928,18,1/7/2024,Typhoid,28,4
HC13929,18,4/15/2025,Diarrheal Disease,3,5
HC13930,6,6/30/2025,Food Poisoning,29,5
HC13931,9,9/3/2025,Food Poisoning,20,2
HC13932,8,4/24/2025,Food Poisoning,19,1
HC13933,5,2/23/2024,Typhoid,6,5
HC13934,18,8/31/2025,Food Poisoning,24,2
HC13935,2,7/8/2024,Diarrheal Disease,6,5
HC13936,26,7/25/2024,Diarrheal Disease,37,1
HC13937,9,4/25/2024,Diarrheal Disease,24,3
HC13938,19,6/21/2024,Diarrheal Disease,31,2
HC13939,13,9/29/2025,Typhoid,5,1
HC13940,23,10/3/2024,Food Poisoning,34,1
HC13941,8,11/4/2024,Food Poisoning,37,4
HC13942,18,9/14/2025,Diarrheal Disease,36,2
HC13943,6,4/20/2025,Typhoid,9,3
HC13944,20,11/18/2024,Food Poisoning,5,2
HC13945,12,2/28/2024,Food Poisoning,39,3
HC13946,14,7/3/2025,Typhoid,39,2
HC13947,25,9/28/2024,Food Poisoning,25,1
HC13948,15,8/15/2025,Typhoid,2,4
HC13949,13,5/9/2025,Diarrheal Disease,11,5
HC13950,1,4/28/2024,Typhoid,21,4
HC13951,18,1/9/2025,Typhoid,37,2
HC13952,9,6/24/2025,Typhoid,34,5
HC13953,11,6/17/2025,Typhoid,1,4
HC13954,17,5/11/2025,Diarrheal Disease,21,2
HC13955,3,1/21/2025,Diarrheal Disease,13,1
HC13956,5,10/16/2025,Typhoid,32,4
HC13957,22,7/1/2025,Food Poisoning,24,1
HC13958,24,7/27/2025,Diarrheal Disease,4,5
HC13959,12,7/20/2025,Diarrheal Disease,8,1
HC13960,26,6/30/2024,Food Poisoning,20,4
HC13961,23,4/2/2024,Food Poisoning,27,1
HC13962,25,9/12/2024,Food Poisoning,35,3
HC13963,21,1/19/2025,Typhoid,29,1
HC13964,17,12/21/2024,Food Poisoning,17,5
HC13965,23,11/1/2025,Diarrheal Disease,30,4
HC13966,5,11/22/2024,Food Poisoning,37,3
HC13967,23,6/20/2024,Typhoid,33,4
HC13968,23,4/30/2024,Typhoid,16,4
HC13969,2,12/5/2025,Diarrheal Disease,21,4
HC13970,1,7/26/2025,Diarrheal Disease,14,4
HC13971,24,12/6/2025,Food Poisoning,35,5
HC13972,9,7/3/2025,Typhoid,21,4
HC13973,1,6/5/2024,Diarrheal Disease,35,1
HC13974,26,5/14/2024,Food Poisoning,35,5
HC13975,22,3/5/2024,Food Poisoning,6,2
HC13976,17,5/4/2024,Typhoid,33,5
HC13977,7,2/15/2025,Diarrheal Disease,7,5
HC13978,18,11/6/2025,Typhoid,33,4
HC13979,1,1/30/2024,Typhoid,12,1
HC13980,9,1/8/2025,Typhoid,10,3
HC13981,10,1/27/2025,Typhoid,28,2
HC13982,15,10/17/2024,Food Poisoning,22,1
HC13983,24,5/10/2025,Food Poisoning,29,4
HC13984,10,11/21/2025,Food Poisoning,22,3
HC13985,6,7/27/2025,Typhoid,33,5
HC13986,5,8/4/2025,Food Poisoning,3,1
HC13987,9,3/30/2024,Food Poisoning,37,3
HC13988,16,2/9/2025,Typhoid,9,5
HC13989,9,11/22/2025,Typhoid,3,5
HC13990,6,2/22/2024,Food Poisoning,21,1
HC13991,12,9/2/2025,Typhoid,29,4
HC13992,16,2/21/2024,Food Poisoning,14,5
HC13993,15,10/22/2025,Diarrheal Disease,15,4
HC13994,1,4/9/2024,Diarrheal Disease,18,1
HC13995,24,10/5/2024,Food Poisoning,30,3
HC13996,5,4/27/2024,Typhoid,10,2
HC13997,6,2/17/2024,Typhoid,17,1
HC13998,2,5/11/2024,Diarrheal Disease,31,3
HC13999,9,7/11/2024,Typhoid,35,4
HC14000,20,2/2/2025,Food Poisoning,32,3
HC14001,8,2/26/2025,Typhoid,36,1
HC14002,7,9/12/2024,Diarrheal Disease,35,1
HC14003,10,4/13/2025,Food Poisoning,3,5
HC14004,26,10/12/2025,Typhoid,36,1
HC14005,18,10/14/2024,Typhoid,10,3
HC14006,20,9/9/2025,Typhoid,18,5
HC14007,26,5/1/2025,Typhoid,36,4
HC14008,16,8/7/2025,Typhoid,36,4
HC14009,23,12/1/2025,Diarrheal Disease,32,5
HC14010,7,7/13/2024,Diarrheal Disease,35,2
HC14011,12,11/16/2025,Typhoid,38,2
HC14012,13,3/5/2024,Diarrheal Disease,24,4
HC14013,17,11/2/2024,Food Poisoning,19,2
HC14014,14,7/5/2025,Food Poisoning,29,2
HC14015,18,4/15/2024,Diarrheal Disease,11,1
HC14016,6,2/9/2024,Food Poisoning,4,4
HC14017,16,9/16/2025,Food Poisoning,4,3
HC14018,19,3/20/2024,Food Poisoning,19,3
HC14019,12,5/30/2025,Diarrheal Disease,35,2
HC14020,6,4/4/2025,Diarrheal Disease,20,4
HC14021,14,2/24/2025,Food Poisoning,7,2
HC14022,19,4/29/2025,Typhoid,5,4
HC14023,6,3/20/2025,Typhoid,27,5
HC14024,4,8/4/2024,Food Poisoning,1,4
HC14025,5,8/19/2025,Diarrheal Disease,1,5
HC14026,19,7/22/2024,Typhoid,27,4
HC14027,11,3/3/2024,Typhoid,36,2
HC14028,18,6/14/2024,Diarrheal Disease,36,5
HC14029,20,11/23/2024,Typhoid,34,3
HC14030,2,9/16/2024,Diarrheal Disease,28,3
HC14031,22,12/17/2025,Food Poisoning,38,4
HC14032,26,1/20/2024,Diarrheal Disease,9,3
HC14033,16,4/9/2025,Typhoid,30,2
HC14034,7,9/7/2024,Typhoid,6,1
HC14035,17,9/21/2025,Food Poisoning,13,1
HC14036,22,3/30/2025,Diarrheal Disease,36,4
HC14037,9,9/1/2024,Food Poisoning,23,3
HC14038,24,9/27/2025,Diarrheal Disease,4,2
HC14039,5,9/2/2025,Typhoid,15,4
HC14040,8,5/26/2025,Food Poisoning,28,5
HC14041,2,12/20/2024,Diarrheal Disease,1,1
HC14042,22,2/2/2024,Typhoid,7,3
HC14043,16,4/21/2025,Diarrheal Disease,14,2
HC14044,7,3/2/2024,Typhoid,9,4
HC14045,7,6/5/2025,Typhoid,19,4
HC14046,3,7/5/2024,Food Poisoning,21,1
HC14047,20,5/27/2024,Diarrheal Disease,29,4
HC14048,18,6/1/2024,Food Poisoning,21,5
HC14049,2,9/2/2024,Food Poisoning,9,3
HC14050,14,4/21/2024,Food Poisoning,19,2
HC14051,13,8/31/2024,Diarrheal Disease,15,5
HC14052,20,8/4/2025,Typhoid,19,5
HC14053,14,9/9/2024,Food Poisoning,11,1
HC14054,16,11/18/2024,Food Poisoning,12,1
HC14055,7,7/26/2025,Typhoid,24,2
HC14056,25,3/24/2025,Food Poisoning,27,1
HC14057,25,6/12/2025,Typhoid,22,2
HC14058,11,3/26/2024,Food Poisoning,12,2
HC14059,3,8/30/2025,Diarrheal Disease,29,3
HC14060,12,6/11/2025,Food Poisoning,23,5
HC14061,4,4/15/2025,Food Poisoning,24,2
HC14062,15,4/4/2025,Diarrheal Disease,35,4
HC14063,21,10/17/2025,Diarrheal Disease,29,5
HC14064,18,10/7/2024,Food Poisoning,22,4
HC14065,10,5/28/2025,Food Poisoning,1,1
HC14066,4,9/10/2024,Typhoid,3,4
HC14067,25,2/3/2024,Food Poisoning,25,2
HC14068,2,10/23/2024,Food Poisoning,30,5
HC14069,18,8/25/2024,Food Poisoning,14,5
HC14070,18,9/13/2025,Typhoid,6,4
HC14071,21,2/17/2025,Typhoid,16,1
HC14072,7,9/16/2025,Diarrheal Disease,22,5
HC14073,6,9/12/2025,Food Poisoning,34,1
HC14074,25,8/11/2025,Typhoid,20,5
HC14075,11,6/30/2025,Typhoid,39,5
HC14076,24,10/30/2025,Food Poisoning,37,1
HC14077,22,4/18/2024,Diarrheal Disease,4,1
HC14078,21,7/25/2024,Diarrheal Disease,6,2
HC14079,16,2/17/2025,Typhoid,5,3
HC14080,2,9/8/2024,Food Poisoning,9,5
HC14081,20,8/5/2024,Food Poisoning,2,4
HC14082,10,12/4/2025,Diarrheal Disease,3,5
HC14083,1,12/17/2024,Food Poisoning,16,4
HC14084,20,12/10/2024,Typhoid,20,2
HC14085,22,1/2/2025,Diarrheal Disease,20,5
HC14086,23,12/26/2024,Food Poisoning,4,5
HC14087,25,1/22/2024,Food Poisoning,16,4
HC14088,11,3/13/2025,Typhoid,5,1
HC14089,17,10/13/2025,Typhoid,1,4
HC14090,13,7/30/2024,Diarrheal Disease,26,2
HC14091,11,6/15/2024,Food Poisoning,39,1
HC14092,6,1/25/2025,Diarrheal Disease,36,2
HC14093,13,12/22/2025,Food Poisoning,11,2
HC14094,18,4/4/2024,Food Poisoning,12,1
HC14095,21,12/9/2025,Food Poisoning,36,5
HC14096,14,12/2/2024,Diarrheal Disease,16,3
HC14097,26,2/8/2024,Food Poisoning,9,4
HC14098,22,8/13/2025,Typhoid,8,1
HC14099,14,10/7/2025,Diarrheal Disease,27,3
HC14100,18,4/27/2025,Food Poisoning,13,2
HC14101,19,7/7/2024,Food Poisoning,26,1
HC14102,17,11/9/2025,Diarrheal Disease,30,3
HC14103,18,11/22/2024,Typhoid,20,5
HC14104,12,9/23/2024,Diarrheal Disease,32,3
HC14105,12,4/8/2025,Food Poisoning,31,4
HC14106,10,7/7/2025,Typhoid,6,2
HC14107,12,5/5/2025,Food Poisoning,14,3
HC14108,25,6/14/2024,Food Poisoning,37,1
HC14109,20,7/5/2024,Typhoid,10,3
HC14110,8,7/20/2025,Typhoid,36,3
HC14111,10,4/2/2024,Typhoid,25,4
HC14112,2,10/12/2025,Food Poisoning,11,5
HC14113,11,1/10/2024,Typhoid,1,3
HC14114,26,10/14/2025,Food Poisoning,30,3
HC14115,9,2/19/2025,Diarrheal Disease,1,5
HC14116,4,12/7/2025,Typhoid,28,1
HC14117,5,1/6/2025,Typhoid,2,3
HC14118,21,12/31/2025,Food Poisoning,25,4
HC14119,19,10/12/2025,Typhoid,9,4
HC14120,11,8/24/2025,Food Poisoning,36,2
HC14121,1,3/6/2025,Food Poisoning,26,5
HC14122,26,1/4/2024,Typhoid,26,4
HC14123,25,11/1/2024,Diarrheal Disease,29,4
HC14124,9,1/6/2024,Typhoid,28,2
HC14125,13,9/2/2025,Typhoid,18,1
HC14126,22,1/3/2024,Typhoid,31,3
HC14127,5,10/22/2025,Diarrheal Disease,14,5
HC14128,13,4/30/2024,Diarrheal Disease,31,5
HC14129,17,2/23/2025,Food Poisoning,8,5
HC14130,16,2/1/2025,Food Poisoning,30,2
HC14131,4,9/14/2024,Typhoid,34,5
HC14132,16,4/3/2025,Diarrheal Disease,29,3
HC14133,5,1/23/2025,Food Poisoning,5,5
HC14134,21,5/1/2025,Diarrheal Disease,13,1
HC14135,23,6/15/2024,Typhoid,20,5
HC14136,11,8/10/2024,Food Poisoning,15,2
HC14137,9,8/2/2024,Food Poisoning,20,3
HC14138,3,3/6/2024,Typhoid,9,5
HC14139,11,9/8/2025,Diarrheal Disease,18,2
HC14140,6,7/22/2024,Diarrheal Disease,6,3
HC14141,24,9/10/2024,Diarrheal Disease,17,4
HC14142,21,8/9/2024,Typhoid,38,3
HC14143,25,3/26/2025,Typhoid,18,4
HC14144,6,5/25/2025,Food Poisoning,16,1
HC14145,13,3/18/2024,Diarrheal Disease,38,3
HC14146,18,1/23/2025,Food Poisoning,36,5
HC14147,1,5/14/2025,Diarrheal Disease,23,4
HC14148,20,3/20/2025,Diarrheal Disease,23,1
HC14149,10,7/29/2024,Diarrheal Disease,1,3
HC14150,26,6/17/2025,Food Poisoning,35,3
HC14151,16,5/15/2025,Food Poisoning,24,4
HC14152,4,5/21/2024,Food Poisoning,8,3
HC14153,16,12/26/2024,Food Poisoning,26,1
HC14154,20,4/12/2025,Food Poisoning,13,3
HC14155,26,8/3/2025,Diarrheal Disease,7,4
HC14156,25,10/15/2024,Food Poisoning,38,3
HC14157,1,7/6/2024,Diarrheal Disease,29,1
HC14158,6,6/2/2025,Typhoid,13,1
HC14159,25,3/3/2025,Typhoid,25,4
HC14160,24,12/10/2024,Diarrheal Disease,32,5
HC14161,6,11/29/2024,Typhoid,19,4
HC14162,26,6/24/2025,Diarrheal Disease,20,3
HC14163,8,1/5/2024,Food Poisoning,23,1
HC14164,8,4/24/2025,Food Poisoning,8,4
HC14165,11,9/30/2024,Typhoid,3,3
HC14166,12,12/25/2025,Food Poisoning,37,5
HC14167,2,5/9/2025,Food Poisoning,26,4
HC14168,10,2/7/2024,Food Poisoning,10,4
HC14169,10,9/15/2024,Diarrheal Disease,36,5
HC14170,22,12/18/2025,Typhoid,4,3
HC14171,11,1/22/2025,Food Poisoning,19,5
HC14172,12,9/3/2024,Typhoid,22,3
HC14173,11,12/22/2025,Diarrheal Disease,7,5
HC14174,21,8/9/2024,Food Poisoning,23,4
HC14175,19,7/1/2025,Typhoid,20,4
HC14176,9,3/17/2024,Diarrheal Disease,8,2
HC14177,2,2/14/2024,Diarrheal Disease,10,1
HC14178,11,2/21/2024,Diarrheal Disease,11,4
HC14179,22,2/14/2024,Typhoid,15,1
HC14180,20,9/3/2024,Diarrheal Disease,14,4
HC14181,22,2/16/2025,Typhoid,5,2
HC14182,8,12/17/2025,Typhoid,9,3
HC14183,23,9/10/2024,Diarrheal Disease,21,2
HC14184,6,3/5/2024,Typhoid,11,3
HC14185,18,8/5/2024,Food Poisoning,32,3
HC14186,9,11/9/2025,Diarrheal Disease,9,4
HC14187,22,10/7/2024,Typhoid,8,5
HC14188,9,2/18/2025,Typhoid,4,5
HC14189,14,8/23/2025,Food Poisoning,16,3
HC14190,16,2/27/2025,Food Poisoning,5,4
HC14191,22,6/30/2025,Food Poisoning,13,4
HC14192,19,4/4/2024,Typhoid,14,1
HC14193,13,7/21/2024,Diarrheal Disease,23,2
HC14194,11,8/29/2025,Diarrheal Disease,2,5
HC14195,18,7/26/2025,Food Poisoning,24,5
HC14196,13,8/20/2024,Food Poisoning,7,2
HC14197,3,12/20/2025,Typhoid,5,5
HC14198,24,7/11/2025,Diarrheal Disease,7,5
HC14199,3,11/17/2024,Diarrheal Disease,16,3
HC14200,4,7/30/2024,Food Poisoning,15,1
HC14201,17,8/15/2024,Food Poisoning,16,3
HC14202,2,11/26/2025,Typhoid,27,4
HC14203,26,11/14/2024,Diarrheal Disease,22,5
HC14204,18,8/9/2025,Typhoid,15,4
HC14205,4,11/13/2024,Typhoid,32,1
HC14206,15,6/18/2025,Food Poisoning,33,1
HC14207,9,3/10/2024,Typhoid,38,2
HC14208,13,9/28/2024,Diarrheal Disease,33,2
HC14209,14,2/12/2025,Food Poisoning,34,2
HC14210,8,4/6/2024,Diarrheal Disease,4,4
HC14211,15,6/10/2024,Diarrheal Disease,27,1
HC14212,15,8/31/2025,Typhoid,24,2
HC14213,20,2/23/2025,Food Poisoning,15,2
HC14214,5,9/15/2025,Food Poisoning,30,3
HC14215,6,7/8/2024,Diarrheal Disease,31,2
HC14216,6,2/24/2024,Typhoid,14,3
HC14217,12,11/3/2025,Diarrheal Disease,15,2
HC14218,18,5/10/2024,Diarrheal Disease,25,4
HC14219,9,6/9/2024,Food Poisoning,26,5
HC14220,7,9/18/2024,Typhoid,37,3
HC14221,21,12/22/2024,Typhoid,12,4
HC14222,21,8/23/2025,Food Poisoning,20,3
HC14223,1,7/23/2024,Diarrheal Disease,38,3
HC14224,12,5/20/2024,Food Poisoning,31,4
HC14225,14,12/13/2024,Food Poisoning,7,2
HC14226,16,1/15/2025,Diarrheal Disease,28,3
HC14227,6,1/12/2024,Diarrheal Disease,21,3
HC14228,16,4/3/2025,Diarrheal Disease,38,3
HC14229,14,1/6/2024,Diarrheal Disease,30,4
HC14230,15,11/10/2025,Food Poisoning,20,2
HC14231,21,10/23/2024,Food Poisoning,12,3
HC14232,25,4/1/2024,Food Poisoning,8,1
HC14233,19,12/9/2024,Diarrheal Disease,33,1
HC14234,25,3/22/2025,Food Poisoning,20,5
HC14235,21,4/16/2024,Typhoid,21,2
HC14236,2,7/22/2024,Diarrheal Disease,10,5
HC14237,1,2/24/2025,Typhoid,9,2
HC14238,16,6/17/2024,Food Poisoning,36,5
HC14239,7,6/29/2025,Diarrheal Disease,15,4
HC14240,20,4/22/2025,Typhoid,19,2
HC14241,16,2/20/2025,Typhoid,18,2
HC14242,19,5/16/2024,Typhoid,12,2
HC14243,15,6/26/2025,Diarrheal Disease,34,4
HC14244,9,6/12/2025,Food Poisoning,29,5
HC14245,8,5/18/2025,Typhoid,5,4
HC14246,5,4/26/2024,Food Poisoning,30,1
HC14247,20,10/25/2024,Food Poisoning,19,5
HC14248,26,7/2/2025,Food Poisoning,25,4
HC14249,19,11/4/2025,Food Poisoning,2,1
HC14250,10,2/3/2024,Food Poisoning,38,4
HC14251,15,8/8/2025,Food Poisoning,6,2
HC14252,16,8/20/2024,Diarrheal Disease,37,3
HC14253,7,2/26/2025,Food Poisoning,20,1
HC14254,24,2/24/2025,Typhoid,5,5
HC14255,10,11/4/2024,Typhoid,28,1
HC14256,16,1/2/2025,Food Poisoning,39,4
HC14257,17,9/18/2024,Typhoid,23,4
HC14258,2,11/13/2024,Typhoid,20,4
HC14259,9,6/28/2025,Food Poisoning,39,5
HC14260,22,8/2/2024,Food Poisoning,31,2
HC14261,11,8/15/2024,Diarrheal Disease,19,4
HC14262,22,6/8/2025,Diarrheal Disease,28,3
HC14263,15,10/5/2025,Typhoid,27,5
HC14264,6,10/23/2025,Food Poisoning,8,5
HC14265,18,8/28/2024,Typhoid,7,4
HC14266,12,9/1/2025,Diarrheal Disease,34,4
HC14267,20,4/8/2025,Diarrheal Disease,2,1
HC14268,13,2/13/2025,Diarrheal Disease,14,2
HC14269,14,4/27/2025,Food Poisoning,27,2
HC14270,16,7/14/2025,Typhoid,9,5
HC14271,17,12/29/2024,Diarrheal Disease,11,2
HC14272,7,1/6/2024,Food Poisoning,37,3
HC14273,23,9/22/2024,Food Poisoning,17,2
HC14274,22,12/11/2024,Typhoid,6,3
HC14275,8,2/11/2024,Diarrheal Disease,14,3
HC14276,24,2/17/2024,Diarrheal Disease,21,3
HC14277,16,4/10/2024,Diarrheal Disease,26,3
HC14278,13,9/26/2025,Typhoid,31,5
HC14279,5,5/17/2025,Diarrheal Disease,13,1
HC14280,19,5/29/2025,Food Poisoning,17,5
HC14281,15,8/16/2025,Food Poisoning,38,4
HC14282,21,5/20/2024,Diarrheal Disease,24,3
HC14283,15,11/3/2024,Food Poisoning,25,5
HC14284,5,5/12/2024,Diarrheal Disease,37,2
HC14285,7,10/7/2025,Food Poisoning,37,2
HC14286,13,2/15/2024,Food Poisoning,27,4
HC14287,26,4/15/2025,Typhoid,8,3
HC14288,14,8/4/2025,Typhoid,37,3
HC14289,8,7/8/2025,Diarrheal Disease,25,2
HC14290,9,5/25/2024,Food Poisoning,7,2
HC14291,1,11/13/2025,Diarrheal Disease,26,1
HC14292,14,9/1/2025,Food Poisoning,24,3
HC14293,18,6/1/2025,Typhoid,3,3
HC14294,11,7/19/2024,Typhoid,19,1
HC14295,20,11/17/2025,Typhoid,22,2
HC14296,24,10/17/2024,Food Poisoning,14,5
HC14297,19,12/10/2025,Food Poisoning,20,3
HC14298,15,5/25/2024,Typhoid,28,1
HC14299,26,12/15/2024,Diarrheal Disease,5,1
HC14300,9,2/21/2025,Diarrheal Disease,7,1
HC14301,15,11/29/2024,Diarrheal Disease,28,2
HC14302,4,4/17/2024,Diarrheal Disease,5,3
HC14303,12,12/20/2024,Food Poisoning,36,4
HC14304,23,7/31/2024,Food Poisoning,37,4
HC14305,12,12/27/2024,Diarrheal Disease,18,5
HC14306,9,6/2/2025,Food Poisoning,32,3
HC14307,15,7/29/2025,Typhoid,25,3
HC14308,3,4/8/2025,Typhoid,20,1
HC14309,22,4/10/2024,Typhoid,34,4
HC14310,11,8/14/2024,Diarrheal Disease,30,4
HC14311,16,3/4/2024,Food Poisoning,7,2
HC14312,15,5/12/2025,Diarrheal Disease,19,1
HC14313,1,6/2/2024,Diarrheal Disease,20,3
HC14314,15,8/15/2024,Food Poisoning,17,1
HC14315,12,3/5/2024,Typhoid,4,5
HC14316,12,2/5/2025,Food Poisoning,4,5
HC14317,16,6/11/2024,Food Poisoning,17,4
HC14318,10,3/24/2024,Diarrheal Disease,39,1
HC14319,3,7/17/2024,Diarrheal Disease,30,5
HC14320,12,4/20/2024,Diarrheal Disease,35,2
HC14321,22,6/4/2024,Typhoid,26,4
HC14322,15,9/13/2025,Diarrheal Disease,33,4
HC14323,24,4/13/2025,Diarrheal Disease,6,3
HC14324,24,4/29/2024,Typhoid,24,2
HC14325,14,5/18/2025,Food Poisoning,32,4
HC14326,4,6/30/2025,Typhoid,21,5
HC14327,9,7/22/2025,Food Poisoning,37,1
HC14328,20,5/19/2025,Diarrheal Disease,29,4
HC14329,19,7/9/2025,Typhoid,29,4
HC14330,14,8/25/2024,Diarrheal Disease,9,4
HC14331,23,6/8/2025,Typhoid,2,5
HC14332,7,8/31/2024,Typhoid,36,2
HC14333,18,8/13/2024,Diarrheal Disease,26,4
HC14334,9,5/14/2024,Typhoid,19,4
HC14335,24,10/30/2025,Diarrheal Disease,26,1
HC14336,26,6/30/2024,Typhoid,30,5
HC14337,24,3/12/2024,Diarrheal Disease,24,1
HC14338,11,11/8/2024,Typhoid,35,2
HC14339,15,11/10/2025,Food Poisoning,2,4
HC14340,25,9/5/2025,Food Poisoning,20,1
HC14341,23,3/10/2025,Diarrheal Disease,13,5
HC14342,20,6/27/2024,Typhoid,18,4
HC14343,9,9/26/2024,Diarrheal Disease,13,2
HC14344,12,7/24/2025,Diarrheal Disease,9,5
HC14345,4,3/7/2024,Food Poisoning,23,2
HC14346,18,12/13/2025,Diarrheal Disease,38,3
HC14347,14,9/26/2024,Typhoid,7,4
HC14348,22,11/7/2025,Typhoid,11,3
HC14349,16,4/16/2025,Food Poisoning,29,5
HC14350,3,4/10/2025,Food Poisoning,6,2
HC14351,17,9/17/2024,Diarrheal Disease,34,5
HC14352,14,11/27/2024,Food Poisoning,19,4
HC14353,24,1/22/2024,Typhoid,36,3
HC14354,24,5/8/2024,Food Poisoning,15,3
HC14355,15,10/13/2024,Food Poisoning,9,5
HC14356,3,12/16/2025,Diarrheal Disease,36,3
HC14357,11,4/28/2024,Typhoid,17,5
HC14358,7,5/7/2024,Food Poisoning,23,1
HC14359,3,2/25/2025,Diarrheal Disease,15,2
HC14360,6,4/16/2024,Typhoid,30,2
HC14361,13,7/25/2024,Food Poisoning,29,1
HC14362,14,1/14/2024,Food Poisoning,37,1
HC14363,26,11/19/2025,Typhoid,31,5
HC14364,11,1/18/2024,Food Poisoning,37,4
HC14365,24,7/21/2025,Food Poisoning,23,5
HC14366,21,3/13/2025,Typhoid,13,5
HC14367,13,5/6/2024,Typhoid,30,1
HC14368,5,4/21/2025,Diarrheal Disease,21,2
HC14369,17,4/14/2024,Food Poisoning,15,5
HC14370,21,12/13/2025,Typhoid,32,2
HC14371,19,8/14/2025,Food Poisoning,13,3
HC14372,26,12/23/2024,Diarrheal Disease,37,3
HC14373,11,5/16/2025,Food Poisoning,26,5
HC14374,5,12/27/2025,Diarrheal Disease,22,1
HC14375,9,12/22/2024,Food Poisoning,13,1
HC14376,22,10/21/2025,Diarrheal Disease,24,3
HC14377,5,8/17/2025,Diarrheal Disease,7,5
HC14378,8,12/23/2025,Food Poisoning,6,2
HC14379,1,11/11/2025,Food Poisoning,29,5
HC14380,26,6/10/2024,Typhoid,24,3
HC14381,24,7/26/2024,Typhoid,36,4
HC14382,6,2/28/2024,Typhoid,6,5
HC14383,26,5/7/2024,Food Poisoning,10,3
HC14384,2,10/17/2024,Food Poisoning,3,2
HC14385,2,11/21/2025,Typhoid,33,3
HC14386,21,5/4/2025,Typhoid,4,3
HC14387,8,11/5/2024,Diarrheal Disease,20,1
HC14388,2,6/5/2024,Typhoid,3,5
HC14389,1,2/12/2025,Typhoid,33,5
HC14390,9,8/16/2024,Typhoid,36,4
HC14391,9,7/9/2025,Food Poisoning,20,5
HC14392,19,11/14/2024,Typhoid,9,5
HC14393,7,9/5/2024,Typhoid,11,3
HC14394,25,9/30/2024,Food Poisoning,36,2
HC14395,17,4/14/2024,Diarrheal Disease,25,3
HC14396,23,6/15/2024,Diarrheal Disease,6,2
HC14397,12,4/19/2024,Diarrheal Disease,6,4
HC14398,13,1/8/2024,Diarrheal Disease,10,3
HC14399,26,5/28/2024,Food Poisoning,36,5
HC14400,15,11/7/2024,Diarrheal Disease,26,5
HC14401,8,5/26/2025,Diarrheal Disease,19,5
HC14402,5,5/4/2024,Food Poisoning,3,3
HC14403,19,8/16/2025,Food Poisoning,17,3
HC14404,12,6/3/2025,Diarrheal Disease,18,4
HC14405,10,6/19/2024,Food Poisoning,2,3
HC14406,13,4/29/2025,Food Poisoning,22,3
HC14407,24,11/20/2024,Food Poisoning,2,1
HC14408,23,10/10/2025,Typhoid,22,5
HC14409,19,9/25/2025,Diarrheal Disease,33,3
HC14410,9,4/10/2025,Diarrheal Disease,39,5
HC14411,24,1/12/2024,Diarrheal Disease,13,4
HC14412,22,11/27/2025,Typhoid,3,4
HC14413,10,2/25/2025,Food Poisoning,21,1
HC14414,18,12/22/2025,Typhoid,8,3
HC14415,3,7/13/2025,Diarrheal Disease,30,4
HC14416,21,3/4/2025,Food Poisoning,16,3
HC14417,6,12/3/2024,Diarrheal Disease,33,1
HC14418,16,11/6/2024,Diarrheal Disease,18,3
HC14419,7,5/13/2024,Diarrheal Disease,17,1
HC14420,12,12/22/2024,Diarrheal Disease,26,5
HC14421,3,10/20/2025,Typhoid,28,4
HC14422,2,5/4/2025,Food Poisoning,34,1
HC14423,7,9/22/2024,Diarrheal Disease,13,5
HC14424,19,3/16/2025,Typhoid,19,1
HC14425,11,11/8/2025,Typhoid,37,2
HC14426,6,6/17/2025,Food Poisoning,13,5
HC14427,23,1/10/2025,Food Poisoning,33,5
HC14428,25,9/2/2024,Food Poisoning,15,1
HC14429,20,1/21/2025,Typhoid,17,1
HC14430,20,1/1/2024,Food Poisoning,35,3
HC14431,6,11/5/2025,Typhoid,12,1
HC14432,14,1/22/2024,Diarrheal Disease,28,3
HC14433,23,8/22/2024,Diarrheal Disease,25,1
HC14434,10,11/25/2025,Typhoid,21,4
HC14435,14,7/12/2025,Food Poisoning,11,2
HC14436,16,11/6/2024,Food Poisoning,5,3
HC14437,24,1/27/2025,Diarrheal Disease,1,4
HC14438,26,5/17/2025,Diarrheal Disease,12,3
HC14439,9,5/16/2024,Diarrheal Disease,33,3
HC14440,2,5/14/2025,Food Poisoning,1,4
HC14441,20,1/12/2024,Diarrheal Disease,12,4
HC14442,11,3/12/2025,Diarrheal Disease,13,2
HC14443,18,9/16/2024,Typhoid,37,1
HC14444,1,11/10/2024,Food Poisoning,18,4
HC14445,15,11/11/2025,Typhoid,1,3
HC14446,2,9/23/2025,Typhoid,39,2
HC14447,8,12/14/2025,Typhoid,22,3
HC14448,14,7/11/2025,Typhoid,1,3
HC14449,23,10/26/2024,Typhoid,14,3
HC14450,7,8/5/2024,Diarrheal Disease,8,3
HC14451,9,9/29/2025,Food Poisoning,32,1
HC14452,16,2/26/2025,Diarrheal Disease,22,2
HC14453,21,11/2/2024,Typhoid,15,5
HC14454,1,11/27/2025,Typhoid,13,2
HC14455,9,4/18/2025,Food Poisoning,32,2
HC14456,26,8/7/2024,Typhoid,10,1
HC14457,3,3/31/2024,Food Poisoning,23,4
HC14458,19,11/21/2024,Food Poisoning,37,4
HC14459,20,11/26/2024,Food Poisoning,7,2
HC14460,15,3/21/2025,Diarrheal Disease,1,3
HC14461,10,10/14/2025,Typhoid,23,5
HC14462,5,5/6/2025,Food Poisoning,27,1
HC14463,3,4/1/2024,Diarrheal Disease,32,5
HC14464,6,4/6/2025,Typhoid,33,1
HC14465,6,10/16/2024,Typhoid,14,3
HC14466,8,3/18/2024,Food Poisoning,31,5
HC14467,25,7/12/2025,Diarrheal Disease,5,3
HC14468,24,10/4/2025,Diarrheal Disease,29,3
HC14469,15,11/23/2024,Typhoid,32,5
HC14470,14,10/15/2024,Typhoid,30,3
HC14471,1,11/6/2024,Typhoid,23,3
HC14472,21,12/26/2025,Typhoid,3,2
HC14473,7,10/15/2025,Food Poisoning,12,3
HC14474,26,8/4/2025,Food Poisoning,10,4
HC14475,9,7/23/2024,Diarrheal Disease,26,4
HC14476,11,9/19/2024,Diarrheal Disease,38,1
HC14477,25,1/30/2024,Food Poisoning,12,4
HC14478,6,9/24/2025,Diarrheal Disease,3,4
HC14479,23,4/22/2025,Typhoid,18,3
HC14480,8,11/8/2025,Typhoid,18,5
HC14481,12,2/25/2024,Diarrheal Disease,30,3
HC14482,25,5/7/2025,Diarrheal Disease,31,1
HC14483,20,1/21/2024,Diarrheal Disease,24,1
HC14484,4,7/29/2025,Food Poisoning,23,3
HC14485,24,1/22/2024,Diarrheal Disease,28,2
HC14486,21,2/18/2025,Diarrheal Disease,8,4
HC14487,20,5/2/2024,Diarrheal Disease,34,2
HC14488,9,5/21/2024,Typhoid,21,2
HC14489,15,4/11/2024,Diarrheal Disease,15,3
HC14490,9,12/14/2024,Food Poisoning,11,1
HC14491,13,7/11/2024,Food Poisoning,6,5
HC14492,3,2/18/2024,Diarrheal Disease,28,2
HC14493,4,7/11/2024,Diarrheal Disease,33,2
HC14494,16,11/27/2025,Typhoid,32,4
HC14495,7,3/18/2025,Food Poisoning,28,5
HC14496,12,1/11/2024,Typhoid,1,3
HC14497,5,10/19/2024,Diarrheal Disease,6,3
HC14498,19,6/23/2024,Food Poisoning,10,2
HC14499,17,11/6/2024,Diarrheal Disease,37,3
HC14500,3,10/30/2025,Typhoid,6,3
HC14501,13,7/20/2024,Diarrheal Disease,31,1
HC14502,22,11/23/2025,Typhoid,26,4
HC14503,1,10/29/2025,Food Poisoning,4,2
HC14504,23,5/4/2024,Diarrheal Disease,38,1
HC14505,12,3/26/2024,Food Poisoning,33,5
HC14506,1,11/21/2024,Diarrheal Disease,34,2
HC14507,26,9/3/2024,Diarrheal Disease,34,1
HC14508,19,3/18/2025,Typhoid,5,1
HC14509,26,1/28/2025,Diarrheal Disease,17,3
HC14510,21,6/5/2024,Typhoid,4,5
HC14511,13,9/3/2024,Food Poisoning,3,4
HC14512,19,9/19/2024,Diarrheal Disease,1,5
HC14513,16,5/3/2025,Diarrheal Disease,33,1
HC14514,23,12/31/2025,Food Poisoning,36,4
HC14515,18,5/4/2025,Diarrheal Disease,34,5
HC14516,1,3/4/2025,Food Poisoning,14,2
HC14517,10,12/23/2025,Typhoid,17,2
HC14518,7,4/20/2024,Typhoid,26,3
HC14519,18,1/24/2025,Diarrheal Disease,18,3
HC14520,19,9/29/2024,Typhoid,6,1
HC14521,7,10/11/2024,Typhoid,12,4
HC14522,23,10/23/2025,Diarrheal Disease,25,4
HC14523,19,1/24/2025,Typhoid,36,5
HC14524,24,2/3/2025,Food Poisoning,22,3
HC14525,10,5/26/2025,Diarrheal Disease,27,1
HC14526,5,8/27/2024,Diarrheal Disease,39,2
HC14527,3,3/16/2024,Diarrheal Disease,2,3
HC14528,4,6/21/2025,Food Poisoning,12,4
HC14529,4,3/19/2025,Typhoid,17,1
HC14530,14,12/4/2025,Diarrheal Disease,19,1
HC14531,6,9/16/2025,Typhoid,3,2
HC14532,18,1/29/2025,Diarrheal Disease,17,2
HC14533,2,11/14/2025,Food Poisoning,38,3
HC14534,4,9/9/2024,Food Poisoning,11,2
HC14535,9,1/28/2025,Diarrheal Disease,14,3
HC14536,18,8/17/2025,Diarrheal Disease,7,5
HC14537,8,1/1/2024,Diarrheal Disease,3,2
HC14538,10,5/20/2024,Food Poisoning,19,4
HC14539,23,1/9/2025,Typhoid,32,1
HC14540,13,5/1/2025,Diarrheal Disease,24,2
HC14541,24,12/5/2025,Typhoid,26,3
HC14542,24,8/15/2024,Food Poisoning,5,2
HC14543,17,3/20/2025,Diarrheal Disease,11,2
HC14544,11,6/3/2024,Typhoid,31,3
HC14545,7,1/22/2024,Diarrheal Disease,26,4
HC14546,20,3/23/2025,Diarrheal Disease,12,5
HC14547,21,8/20/2024,Food Poisoning,9,2
HC14548,26,2/1/2025,Food Poisoning,39,3
HC14549,26,1/17/2024,Diarrheal Disease,9,2
HC14550,15,3/12/2025,Typhoid,13,1
HC14551,25,9/15/2025,Diarrheal Disease,11,5
HC14552,6,5/27/2024,Food Poisoning,12,4
HC14553,18,3/31/2025,Diarrheal Disease,5,3
HC14554,6,9/21/2025,Diarrheal Disease,21,5
HC14555,14,9/23/2024,Food Poisoning,38,3
HC14556,1,11/17/2024,Food Poisoning,33,2
HC14557,26,11/29/2024,Food Poisoning,1,4
HC14558,12,4/1/2024,Diarrheal Disease,12,1
HC14559,5,3/9/2024,Diarrheal Disease,24,2
HC14560,21,5/4/2025,Typhoid,35,5
HC14561,9,10/15/2024,Diarrheal Disease,19,3
HC14562,5,4/28/2024,Typhoid,11,3
HC14563,15,8/23/2025,Food Poisoning,29,5
HC14564,20,3/2/2025,Food Poisoning,23,4
HC14565,14,8/18/2024,Diarrheal Disease,37,5
HC14566,17,8/11/2024,Food Poisoning,34,2
HC14567,22,11/27/2025,Food Poisoning,10,1
HC14568,13,6/5/2025,Diarrheal Disease,26,1
HC14569,20,10/29/2024,Diarrheal Disease,30,2
HC14570,7,9/8/2024,Food Poisoning,25,2
HC14571,5,4/1/2024,Diarrheal Disease,24,1
HC14572,17,4/5/2024,Diarrheal Disease,21,1
HC14573,12,12/17/2025,Typhoid,10,4
HC14574,18,12/16/2024,Food Poisoning,2,2
HC14575,17,1/6/2024,Food Poisoning,26,4
HC14576,15,10/6/2024,Typhoid,33,3
HC14577,11,9/12/2025,Food Poisoning,32,2
HC14578,16,4/17/2024,Typhoid,32,2
HC14579,19,5/14/2025,Food Poisoning,23,4
HC14580,6,6/2/2025,Diarrheal Disease,2,1
HC14581,19,7/15/2024,Food Poisoning,39,3
HC14582,19,1/17/2025,Typhoid,10,2
HC14583,18,9/29/2025,Typhoid,12,1
HC14584,9,8/11/2024,Diarrheal Disease,39,3
HC14585,7,7/26/2024,Typhoid,3,3
HC14586,26,2/9/2024,Food Poisoning,17,2
HC14587,9,8/11/2025,Food Poisoning,19,5
HC14588,20,10/10/2024,Diarrheal Disease,37,1
HC14589,12,6/1/2025,Diarrheal Disease,10,1
HC14590,20,10/23/2024,Food Poisoning,20,4
HC14591,19,4/3/2025,Typhoid,18,2
HC14592,5,6/14/2024,Typhoid,11,3
HC14593,24,1/13/2025,Diarrheal Disease,14,2
HC14594,3,11/27/2024,Food Poisoning,34,1
HC14595,8,3/24/2025,Typhoid,7,5
HC14596,23,12/3/2024,Food Poisoning,5,5
HC14597,23,3/8/2025,Food Poisoning,3,4
HC14598,15,5/11/2024,Diarrheal Disease,22,1
HC14599,10,8/5/2024,Diarrheal Disease,19,4
HC14600,11,9/20/2024,Typhoid,36,1
HC14601,2,9/12/2024,Typhoid,3,3
HC14602,25,12/5/2024,Food Poisoning,13,5
HC14603,18,4/1/2025,Food Poisoning,10,5
HC14604,23,3/13/2025,Diarrheal Disease,38,3
HC14605,10,5/2/2025,Diarrheal Disease,6,2
HC14606,12,4/14/2025,Food Poisoning,11,5
HC14607,5,12/20/2024,Typhoid,32,1
HC14608,7,11/17/2025,Typhoid,23,2
HC14609,15,11/14/2024,Diarrheal Disease,18,2
HC14610,11,8/25/2024,Typhoid,17,4
HC14611,10,1/29/2024,Food Poisoning,7,5
HC14612,15,2/2/2024,Diarrheal Disease,37,5
HC14613,24,9/6/2025,Diarrheal Disease,19,5
HC14614,12,5/9/2025,Food Poisoning,37,2
HC14615,19,2/27/2024,Typhoid,28,2
HC14616,21,11/13/2024,Diarrheal Disease,20,2
HC14617,7,8/21/2025,Food Poisoning,19,1
HC14618,5,2/14/2025,Typhoid,3,2
HC14619,7,12/21/2024,Diarrheal Disease,18,4
HC14620,3,8/6/2024,Typhoid,31,1
HC14621,4,12/25/2024,Food Poisoning,39,3
HC14622,24,7/31/2025,Typhoid,14,3
HC14623,11,6/24/2025,Typhoid,2,5
HC14624,19,6/7/2024,Diarrheal Disease,3,2
HC14625,23,2/11/2025,Typhoid,27,1
HC14626,5,6/20/2025,Food Poisoning,14,1
HC14627,25,5/5/2025,Diarrheal Disease,5,4
HC14628,16,11/24/2024,Food Poisoning,18,3
HC14629,18,5/10/2024,Diarrheal Disease,33,5
HC14630,19,7/15/2025,Food Poisoning,13,2
HC14631,1,3/31/2024,Typhoid,35,3
HC14632,12,5/10/2024,Food Poisoning,31,1
HC14633,24,7/20/2024,Food Poisoning,18,1
HC14634,17,2/20/2025,Diarrheal Disease,18,1
HC14635,5,11/1/2025,Diarrheal Disease,27,1
HC14636,14,8/2/2024,Diarrheal Disease,35,5
HC14637,17,3/16/2025,Food Poisoning,14,3
HC14638,18,12/27/2025,Typhoid,6,1
HC14639,23,8/12/2025,Diarrheal Disease,37,1
HC14640,18,2/26/2024,Diarrheal Disease,33,5
HC14641,2,7/5/2024,Food Poisoning,31,5
HC14642,2,11/12/2024,Diarrheal Disease,33,5
HC14643,6,4/26/2024,Typhoid,19,2
HC14644,8,3/11/2025,Food Poisoning,5,4
HC14645,2,6/26/2024,Typhoid,25,5
HC14646,22,2/2/2025,Food Poisoning,13,3
HC14647,23,1/25/2024,Typhoid,26,5
HC14648,14,2/24/2024,Diarrheal Disease,38,4
HC14649,26,9/20/2025,Food Poisoning,39,3
HC14650,14,9/20/2025,Typhoid,9,3
HC14651,26,7/21/2025,Food Poisoning,37,3
HC14652,9,1/19/2024,Typhoid,15,3
HC14653,5,12/22/2024,Food Poisoning,7,5
HC14654,12,9/15/2024,Typhoid,6,4
HC14655,10,3/10/2024,Typhoid,35,4
HC14656,20,7/1/2024,Typhoid,39,4
HC14657,5,7/24/2025,Diarrheal Disease,35,2
HC14658,18,9/29/2025,Diarrheal Disease,31,1
HC14659,11,2/2/2024,Typhoid,17,2
HC14660,20,7/20/2024,Food Poisoning,5,2
HC14661,4,3/27/2025,Food Poisoning,15,2
HC14662,2,3/28/2025,Food Poisoning,6,3
HC14663,16,8/10/2025,Diarrheal Disease,25,4
HC14664,14,9/26/2024,Diarrheal Disease,18,5
HC14665,11,4/6/2025,Diarrheal Disease,25,5
HC14666,6,6/24/2025,Typhoid,32,5
HC14667,21,10/23/2025,Diarrheal Disease,16,5
HC14668,4,4/26/2024,Typhoid,4,5
HC14669,4,9/4/2024,Diarrheal Disease,22,5
HC14670,20,6/28/2025,Typhoid,32,5
HC14671,3,1/10/2024,Typhoid,35,5
HC14672,16,10/19/2024,Diarrheal Disease,1,3
HC14673,24,3/2/2025,Diarrheal Disease,39,3
HC14674,10,1/1/2025,Food Poisoning,28,1
HC14675,3,5/4/2025,Diarrheal Disease,3,5
HC14676,13,5/21/2025,Typhoid,18,4
HC14677,23,12/23/2024,Food Poisoning,29,3
HC14678,23,11/10/2025,Diarrheal Disease,39,1
HC14679,13,5/23/2025,Diarrheal Disease,37,5
HC14680,16,3/3/2025,Food Poisoning,14,1
HC14681,14,2/1/2025,Diarrheal Disease,13,1
HC14682,11,4/6/2024,Diarrheal Disease,2,3
HC14683,3,10/4/2024,Diarrheal Disease,9,2
HC14684,2,7/29/2024,Diarrheal Disease,22,3
HC14685,20,4/1/2025,Diarrheal Disease,9,5
HC14686,16,5/27/2024,Food Poisoning,17,1
HC14687,1,8/7/2024,Diarrheal Disease,9,2
HC14688,10,11/7/2025,Typhoid,10,3
HC14689,15,7/5/2025,Food Poisoning,32,5
HC14690,26,4/6/2024,Food Poisoning,31,3
HC14691,4,9/30/2024,Typhoid,24,4
HC14692,10,3/25/2025,Food Poisoning,13,4
HC14693,20,5/17/2025,Diarrheal Disease,33,4
HC14694,7,12/4/2024,Diarrheal Disease,13,3
HC14695,1,7/31/2024,Food Poisoning,1,5
HC14696,5,12/15/2025,Food Poisoning,17,5
HC14697,1,10/15/2024,Diarrheal Disease,8,5
HC14698,17,8/19/2025,Diarrheal Disease,31,4
HC14699,21,5/25/2024,Food Poisoning,28,1
HC14700,26,3/12/2025,Typhoid,19,2
HC14701,11,12/3/2025,Food Poisoning,4,5
HC14702,11,11/17/2024,Typhoid,8,2
HC14703,9,8/5/2025,Diarrheal Disease,22,3
HC14704,9,7/9/2024,Typhoid,13,4
HC14705,5,1/6/2024,Food Poisoning,23,4
HC14706,8,4/7/2025,Diarrheal Disease,24,1
HC14707,1,2/4/2024,Typhoid,35,5
HC14708,26,12/2/2025,Typhoid,5,1
HC14709,22,4/15/2024,Food Poisoning,23,1
HC14710,12,6/14/2024,Food Poisoning,26,5
HC14711,11,6/1/2024,Food Poisoning,26,5
HC14712,25,9/23/2024,Food Poisoning,9,4
HC14713,21,6/4/2025,Food Poisoning,39,1
HC14714,2,2/3/2024,Diarrheal Disease,33,4
HC14715,12,3/5/2024,Diarrheal Disease,13,1
HC14716,11,5/21/2025,Food Poisoning,17,2
HC14717,18,12/30/2025,Diarrheal Disease,7,4
HC14718,16,5/11/2024,Typhoid,22,1
HC14719,3,5/18/2025,Typhoid,11,5
HC14720,8,4/10/2024,Diarrheal Disease,12,2
HC14721,3,11/13/2025,Food Poisoning,35,1
HC14722,12,3/18/2025,Food Poisoning,18,3
HC14723,23,4/13/2024,Typhoid,6,5
HC14724,4,4/9/2024,Typhoid,26,2
HC14725,6,4/6/2025,Diarrheal Disease,2,3
HC14726,19,10/11/2024,Diarrheal Disease,39,1
HC14727,10,2/6/2025,Diarrheal Disease,4,3
HC14728,18,1/22/2025,Diarrheal Disease,19,5
HC14729,22,5/8/2024,Food Poisoning,8,5
HC14730,17,3/31/2024,Diarrheal Disease,14,5
HC14731,1,5/15/2025,Food Poisoning,32,4
HC14732,16,11/4/2025,Food Poisoning,18,1
HC14733,3,10/26/2025,Food Poisoning,26,1
HC14734,11,4/6/2025,Typhoid,33,4
HC14735,25,1/6/2024,Diarrheal Disease,27,2
HC14736,6,10/13/2025,Typhoid,19,3
HC14737,7,2/25/2025,Food Poisoning,10,1
HC14738,12,2/22/2025,Diarrheal Disease,39,1
HC14739,10,12/21/2025,Typhoid,1,2
HC14740,3,5/24/2025,Diarrheal Disease,5,1
HC14741,22,11/13/2025,Diarrheal Disease,38,4
HC14742,2,9/11/2025,Food Poisoning,36,5
HC14743,12,6/25/2025,Typhoid,36,4
HC14744,5,1/30/2024,Typhoid,26,2
HC14745,15,5/23/2024,Typhoid,33,2
HC14746,3,4/11/2024,Food Poisoning,17,2
HC14747,18,10/16/2024,Diarrheal Disease,29,5
HC14748,3,11/28/2025,Typhoid,7,4
HC14749,1,2/5/2024,Diarrheal Disease,16,2
HC14750,13,10/11/2024,Typhoid,4,1
HC14751,21,5/21/2025,Food Poisoning,15,2
HC14752,15,8/12/2025,Typhoid,29,4
HC14753,2,2/3/2025,Food Poisoning,33,4
HC14754,4,12/24/2025,Food Poisoning,28,4
HC14755,9,2/3/2025,Diarrheal Disease,36,4
HC14756,18,2/24/2024,Typhoid,39,1
HC14757,9,4/13/2025,Diarrheal Disease,37,2
HC14758,11,3/20/2025,Food Poisoning,29,2
HC14759,6,8/12/2025,Food Poisoning,37,3
HC14760,18,5/16/2024,Typhoid,31,5
HC14761,16,9/11/2025,Typhoid,21,5
HC14762,1,7/9/2025,Diarrheal Disease,36,5
HC14763,11,6/10/2024,Food Poisoning,3,5
HC14764,6,6/10/2024,Typhoid,6,1
HC14765,7,8/22/2024,Typhoid,30,1
HC14766,16,12/2/2024,Typhoid,18,4
HC14767,7,10/28/2025,Diarrheal Disease,37,1
HC14768,14,2/18/2025,Typhoid,1,1
HC14769,15,11/17/2024,Food Poisoning,12,4
HC14770,4,1/7/2025,Diarrheal Disease,33,5
HC14771,7,1/20/2024,Diarrheal Disease,36,2
HC14772,10,6/5/2025,Typhoid,20,2
HC14773,14,5/7/2025,Food Poisoning,3,3
HC14774,7,2/22/2025,Food Poisoning,34,2
HC14775,18,10/22/2025,Food Poisoning,31,5
HC14776,24,8/26/2025,Diarrheal Disease,1,3
HC14777,20,10/29/2025,Diarrheal Disease,12,3
HC14778,3,11/12/2025,Food Poisoning,22,5
HC14779,5,1/8/2025,Diarrheal Disease,6,1
HC14780,7,1/3/2025,Typhoid,14,5
HC14781,9,6/10/2025,Diarrheal Disease,7,1
HC14782,14,1/28/2024,Typhoid,8,1
HC14783,20,12/9/2024,Food Poisoning,15,5
HC14784,23,3/13/2025,Food Poisoning,1,1
HC14785,11,7/15/2025,Food Poisoning,14,3
HC14786,14,6/14/2025,Diarrheal Disease,5,2
HC14787,3,6/4/2024,Typhoid,14,5
HC14788,22,12/23/2025,Diarrheal Disease,14,5
HC14789,12,9/29/2024,Diarrheal Disease,4,4
HC14790,2,11/7/2025,Diarrheal Disease,18,2
HC14791,2,12/14/2024,Diarrheal Disease,24,1
HC14792,26,5/21/2025,Food Poisoning,15,3
HC14793,18,12/28/2025,Diarrheal Disease,23,3
HC14794,8,11/20/2024,Typhoid,19,4
HC14795,21,3/18/2024,Diarrheal Disease,39,1
HC14796,2,8/2/2025,Food Poisoning,32,4
HC14797,16,1/23/2024,Diarrheal Disease,20,4
HC14798,10,11/16/2025,Diarrheal Disease,36,3
HC14799,18,11/23/2025,Typhoid,12,2
HC14800,10,3/24/2025,Food Poisoning,12,4
HC14801,3,4/8/2024,Food Poisoning,20,1
HC14802,8,7/9/2025,Diarrheal Disease,1,2
HC14803,7,10/31/2024,Food Poisoning,37,2
HC14804,3,5/1/2025,Typhoid,25,4
HC14805,7,5/30/2024,Food Poisoning,3,5
HC14806,7,1/26/2024,Diarrheal Disease,5,1
HC14807,5,11/28/2024,Diarrheal Disease,31,5
HC14808,24,6/23/2024,Food Poisoning,7,2
HC14809,17,12/6/2025,Food Poisoning,10,4
HC14810,1,8/23/2025,Food Poisoning,39,3
HC14811,20,10/31/2025,Food Poisoning,30,3
HC14812,23,11/29/2025,Food Poisoning,10,1
HC14813,22,9/3/2025,Typhoid,34,3
HC14814,14,5/23/2025,Diarrheal Disease,10,5
HC14815,4,10/3/2025,Diarrheal Disease,4,4
HC14816,4,8/5/2024,Diarrheal Disease,6,4
HC14817,3,11/7/2024,Food Poisoning,18,4
HC14818,18,1/5/2025,Food Poisoning,14,4
HC14819,2,5/9/2024,Typhoid,6,2
HC14820,2,5/19/2025,Typhoid,6,2
HC14821,19,1/29/2025,Food Poisoning,21,1
HC14822,15,7/3/2024,Food Poisoning,12,5
HC14823,12,2/12/2025,Typhoid,26,3
HC14824,18,11/15/2025,Food Poisoning,32,5
HC14825,11,7/28/2024,Food Poisoning,15,1
HC14826,9,9/14/2025,Diarrheal Disease,32,1
HC14827,22,8/11/2024,Typhoid,22,5
HC14828,25,12/21/2025,Food Poisoning,29,4
HC14829,1,9/17/2024,Diarrheal Disease,26,1
HC14830,6,12/10/2025,Food Poisoning,14,4
HC14831,18,11/19/2024,Diarrheal Disease,14,4
HC14832,13,5/19/2025,Food Poisoning,22,5
HC14833,20,5/16/2025,Typhoid,2,1
HC14834,3,12/9/2024,Food Poisoning,36,5
HC14835,6,8/2/2024,Food Poisoning,21,4
HC14836,24,2/1/2024,Typhoid,24,5
HC14837,26,8/21/2024,Food Poisoning,5,5
HC14838,7,9/23/2025,Diarrheal Disease,16,4
HC14839,22,11/30/2024,Diarrheal Disease,21,4
HC14840,16,5/30/2025,Diarrheal Disease,23,3
HC14841,13,10/13/2024,Food Poisoning,18,3
HC14842,8,12/11/2024,Food Poisoning,5,1
HC14843,13,4/2/2024,Food Poisoning,15,2
HC14844,5,8/13/2025,Typhoid,35,2
HC14845,23,2/10/2025,Typhoid,6,4
HC14846,2,1/20/2025,Food Poisoning,9,1
HC14847,14,2/3/2024,Food Poisoning,22,1
HC14848,17,1/7/2025,Diarrheal Disease,34,4
HC14849,1,4/30/2024,Typhoid,26,5
HC14850,16,10/2/2024,Typhoid,25,2
HC14851,13,4/29/2025,Diarrheal Disease,18,4
HC14852,2,5/12/2025,Food Poisoning,5,1
HC14853,22,8/29/2024,Diarrheal Disease,5,3
HC14854,23,8/26/2024,Food Poisoning,30,3
HC14855,8,11/9/2025,Diarrheal Disease,8,4
HC14856,1,5/21/2024,Food Poisoning,33,1
HC14857,18,8/2/2024,Diarrheal Disease,1,2
HC14858,22,7/3/2025,Typhoid,25,4
HC14859,15,9/2/2025,Food Poisoning,35,4
HC14860,6,11/17/2025,Food Poisoning,21,4
HC14861,26,10/3/2025,Food Poisoning,32,2
HC14862,7,1/15/2025,Typhoid,9,5
HC14863,4,7/10/2024,Diarrheal Disease,21,2
HC14864,15,10/6/2024,Typhoid,19,5
HC14865,19,1/23/2025,Food Poisoning,8,2
HC14866,9,9/15/2025,Diarrheal Disease,3,4
HC14867,20,2/24/2024,Typhoid,21,5
HC14868,18,5/3/2024,Typhoid,24,4
HC14869,14,6/9/2025,Food Poisoning,20,2
HC14870,2,5/13/2024,Diarrheal Disease,4,4
HC14871,26,8/17/2025,Typhoid,16,3
HC14872,24,1/1/2025,Diarrheal Disease,34,2
HC14873,3,4/3/2025,Food Poisoning,28,1
HC14874,25,5/25/2024,Food Poisoning,12,1
HC14875,1,1/10/2025,Typhoid,30,1
HC14876,3,12/5/2024,Food Poisoning,24,1
HC14877,11,7/21/2025,Typhoid,35,1
HC14878,20,8/5/2025,Diarrheal Disease,1,4
HC14879,16,3/17/2024,Typhoid,12,5
HC14880,11,7/8/2024,Food Poisoning,25,4
HC14881,23,3/4/2025,Diarrheal Disease,28,1
HC14882,23,12/28/2025,Diarrheal Disease,28,5
HC14883,26,7/31/2024,Diarrheal Disease,17,4
HC14884,12,2/16/2025,Typhoid,25,3
HC14885,18,6/25/2024,Typhoid,31,1
HC14886,14,4/16/2024,Food Poisoning,32,5
HC14887,15,9/25/2025,Diarrheal Disease,16,3
HC14888,3,2/5/2024,Diarrheal Disease,29,3
HC14889,24,2/12/2024,Diarrheal Disease,14,3
HC14890,17,7/19/2024,Diarrheal Disease,28,4
HC14891,5,1/9/2025,Typhoid,31,5
HC14892,14,12/1/2024,Typhoid,10,5
HC14893,8,7/19/2024,Food Poisoning,8,1
HC14894,23,1/20/2025,Food Poisoning,7,3
HC14895,1,8/8/2024,Food Poisoning,36,3
HC14896,26,3/31/2024,Diarrheal Disease,10,4
HC14897,17,9/21/2024,Diarrheal Disease,38,4
HC14898,10,5/1/2024,Typhoid,6,1
HC14899,24,11/25/2025,Typhoid,30,4
HC14900,4,5/11/2024,Diarrheal Disease,27,5
HC14901,14,2/28/2024,Food Poisoning,38,5
HC14902,17,1/25/2024,Typhoid,12,4
HC14903,25,5/23/2024,Typhoid,15,5
HC14904,3,5/30/2025,Diarrheal Disease,14,4
HC14905,5,10/22/2025,Typhoid,14,2
HC14906,24,6/29/2024,Food Poisoning,10,4
HC14907,14,7/18/2025,Food Poisoning,32,2
HC14908,8,3/17/2024,Diarrheal Disease,13,1
HC14909,6,10/16/2024,Food Poisoning,3,2
HC14910,12,2/20/2025,Typhoid,20,1
HC14911,15,2/26/2025,Food Poisoning,37,1
HC14912,13,6/22/2025,Diarrheal Disease,33,5
HC14913,15,12/23/2025,Typhoid,15,5
HC14914,19,8/24/2024,Diarrheal Disease,39,3
HC14915,1,10/28/2025,Diarrheal Disease,5,5
HC14916,10,11/5/2025,Typhoid,12,4
HC14917,23,1/28/2025,Diarrheal Disease,27,5
HC14918,20,6/16/2025,Diarrheal Disease,14,3
HC14919,21,9/3/2024,Diarrheal Disease,31,3
HC14920,15,6/1/2024,Diarrheal Disease,27,1
HC14921,6,4/7/2024,Diarrheal Disease,37,1
HC14922,11,3/1/2025,Typhoid,38,2
HC14923,2,5/2/2025,Diarrheal Disease,28,1
HC14924,26,12/25/2025,Diarrheal Disease,15,4
HC14925,3,9/5/2024,Food Poisoning,30,5
HC14926,18,10/9/2025,Food Poisoning,33,4
HC14927,26,7/3/2024,Typhoid,18,1
HC14928,8,4/16/2025,Diarrheal Disease,33,1
HC14929,10,11/12/2025,Typhoid,2,5
HC14930,9,9/3/2025,Food Poisoning,39,4
HC14931,20,3/9/2025,Food Poisoning,33,5
HC14932,17,2/12/2025,Diarrheal Disease,39,1
HC14933,13,11/2/2024,Food Poisoning,33,3
HC14934,20,7/26/2024,Typhoid,39,5
HC14935,1,7/31/2025,Typhoid,21,1
HC14936,26,6/21/2025,Food Poisoning,37,4
HC14937,16,8/9/2025,Food Poisoning,25,3
HC14938,12,8/18/2024,Typhoid,32,5
HC14939,8,11/21/2025,Typhoid,33,2
HC14940,2,7/14/2024,Food Poisoning,32,2
HC14941,19,1/29/2024,Food Poisoning,13,5
HC14942,15,1/29/2024,Diarrheal Disease,29,1
HC14943,9,4/22/2025,Diarrheal Disease,33,2
HC14944,20,11/28/2024,Food Poisoning,5,2
HC14945,26,12/25/2024,Diarrheal Disease,17,3
HC14946,23,6/13/2025,Diarrheal Disease,3,5
HC14947,19,12/27/2024,Diarrheal Disease,18,4
HC14948,22,1/6/2025,Food Poisoning,11,3
HC14949,23,10/2/2024,Typhoid,13,5
HC14950,18,5/27/2025,Typhoid,26,4
HC14951,26,6/30/2024,Typhoid,33,3
HC14952,17,12/8/2024,Diarrheal Disease,15,5
HC14953,18,11/25/2024,Diarrheal Disease,28,3
HC14954,20,2/7/2024,Food Poisoning,9,5
HC14955,19,9/6/2024,Typhoid,36,2
HC14956,2,2/6/2024,Diarrheal Disease,35,2
HC14957,8,11/10/2025,Typhoid,35,4
HC14958,7,11/25/2025,Food Poisoning,5,1
HC14959,24,5/24/2024,Food Poisoning,14,5
HC14960,2,2/19/2025,Typhoid,14,3
HC14961,2,6/21/2025,Food Poisoning,6,5
HC14962,14,9/2/2025,Food Poisoning,35,5
HC14963,21,11/14/2025,Typhoid,25,1
HC14964,10,12/8/2025,Diarrheal Disease,12,2
HC14965,2,8/18/2024,Food Poisoning,21,1
HC14966,11,9/16/2024,Diarrheal Disease,35,3
HC14967,6,6/23/2025,Food Poisoning,15,2
HC14968,10,7/22/2024,Typhoid,14,2
HC14969,14,6/10/2024,Diarrheal Disease,15,4
HC14970,21,2/10/2025,Food Poisoning,27,5
HC14971,12,10/30/2024,Food Poisoning,24,3
HC14972,18,8/15/2024,Typhoid,9,4
HC14973,3,9/24/2025,Typhoid,38,1
HC14974,21,7/28/2024,Typhoid,32,3
HC14975,25,12/26/2025,Food Poisoning,14,2
HC14976,21,10/10/2025,Diarrheal Disease,12,5
HC14977,1,5/5/2024,Diarrheal Disease,38,2
HC14978,14,6/2/2024,Diarrheal Disease,29,4
HC14979,24,3/22/2024,Typhoid,6,4
HC14980,11,12/27/2024,Food Poisoning,17,1
HC14981,7,8/19/2025,Food Poisoning,10,3
HC14982,12,2/14/2025,Diarrheal Disease,12,5
HC14983,15,2/15/2025,Typhoid,4,5
HC14984,6,12/13/2025,Typhoid,2,4
HC14985,9,8/10/2024,Diarrheal Disease,5,5
HC14986,8,9/22/2024,Typhoid,22,1
HC14987,12,12/19/2025,Diarrheal Disease,22,1
HC14988,7,3/19/2024,Typhoid,19,3
HC14989,7,7/2/2025,Typhoid,36,3
HC14990,5,9/16/2024,Food Poisoning,25,1
HC14991,11,12/10/2024,Food Poisoning,7,5
HC14992,19,11/11/2024,Diarrheal Disease,12,4
HC14993,15,4/23/2024,Food Poisoning,4,1
HC14994,19,1/11/2025,Diarrheal Disease,31,3
HC14995,17,1/17/2025,Food Poisoning,31,4
HC14996,18,6/1/2025,Typhoid,20,3
HC14997,2,2/13/2025,Typhoid,7,4
HC14998,2,7/2/2024,Diarrheal Disease,7,4
HC14999,4,1/25/2024,Food Poisoning,31,2
HC15000,6,2/1/2025,Diarrheal Disease,34,4
HC15001,20,10/7/2024,Diarrheal Disease,11,1
HC15002,20,10/6/2024,Typhoid,34,5
HC15003,9,4/24/2024,Typhoid,37,4
HC15004,14,5/28/2025,Typhoid,37,5
HC15005,2,12/1/2024,Diarrheal Disease,34,5
HC15006,17,4/6/2024,Typhoid,36,5
HC15007,16,8/22/2024,Diarrheal Disease,26,2
HC15008,25,1/13/2025,Typhoid,25,1
HC15009,5,1/2/2025,Food Poisoning,5,1
HC15010,8,4/19/2024,Food Poisoning,5,3
HC15011,9,3/21/2024,Diarrheal Disease,16,4
HC15012,9,10/1/2024,Typhoid,18,2
HC15013,23,1/15/2025,Food Poisoning,1,4
HC15014,11,7/6/2024,Typhoid,10,5
HC15015,3,9/18/2024,Typhoid,24,4
HC15016,22,3/30/2025,Diarrheal Disease,12,1
HC15017,22,10/8/2024,Food Poisoning,25,3
HC15018,13,9/8/2024,Diarrheal Disease,28,1
HC15019,5,1/24/2024,Diarrheal Disease,1,3
HC15020,25,5/6/2024,Typhoid,18,1
HC15021,12,11/12/2025,Food Poisoning,24,1
HC15022,11,7/1/2024,Typhoid,18,1
HC15023,3,8/8/2025,Typhoid,25,1
HC15024,15,1/10/2024,Diarrheal Disease,4,5
HC15025,11,3/11/2024,Food Poisoning,38,5
HC15026,23,3/23/2024,Food Poisoning,22,4
HC15027,1,9/25/2024,Food Poisoning,38,5
HC15028,9,1/18/2024,Food Poisoning,39,5
HC15029,15,12/31/2025,Diarrheal Disease,31,3
HC15030,9,4/15/2024,Diarrheal Disease,6,2
HC15031,1,4/14/2024,Food Poisoning,9,1
HC15032,11,11/5/2025,Typhoid,6,5
HC15033,18,11/18/2024,Food Poisoning,1,3
HC15034,26,12/17/2024,Typhoid,14,3
HC15035,24,6/24/2024,Diarrheal Disease,10,1
HC15036,11,7/10/2025,Typhoid,3,4
HC15037,24,7/2/2024,Food Poisoning,15,3
HC15038,22,10/21/2024,Typhoid,6,2
HC15039,21,4/17/2025,Diarrheal Disease,3,5
HC15040,15,12/4/2024,Food Poisoning,12,4
HC15041,3,11/13/2025,Food Poisoning,4,5
HC15042,4,10/11/2024,Diarrheal Disease,30,4
HC15043,9,2/15/2025,Food Poisoning,18,1
HC15044,10,3/12/2024,Food Poisoning,2,2
HC15045,21,10/24/2025,Diarrheal Disease,14,1
HC15046,2,6/20/2024,Typhoid,10,2
HC15047,5,9/16/2024,Food Poisoning,39,1
HC15048,3,10/22/2024,Food Poisoning,9,4
HC15049,25,5/29/2025,Food Poisoning,33,5
HC15050,16,1/15/2025,Diarrheal Disease,23,4
HC15051,9,10/29/2024,Diarrheal Disease,5,1
HC15052,19,8/6/2024,Diarrheal Disease,26,5
HC15053,11,3/21/2024,Diarrheal Disease,14,2
HC15054,25,8/26/2025,Food Poisoning,30,1
HC15055,20,4/20/2024,Typhoid,18,2
HC15056,24,5/24/2025,Diarrheal Disease,29,3
HC15057,21,5/24/2024,Diarrheal Disease,20,3
HC15058,14,9/24/2025,Food Poisoning,6,4
HC15059,10,12/8/2024,Diarrheal Disease,18,5
HC15060,2,12/13/2025,Food Poisoning,6,5
HC15061,15,11/13/2025,Food Poisoning,31,3
HC15062,21,9/1/2025,Typhoid,7,4
HC15063,7,7/16/2024,Typhoid,31,1
HC15064,12,9/4/2024,Diarrheal Disease,2,5
HC15065,11,12/18/2024,Diarrheal Disease,12,1
HC15066,3,11/17/2025,Typhoid,4,2
HC15067,2,3/19/2025,Food Poisoning,1,3
HC15068,7,8/24/2024,Food Poisoning,34,5
HC15069,21,3/12/2025,Typhoid,26,5
HC15070,20,5/10/2025,Diarrheal Disease,8,3
HC15071,24,12/29/2024,Typhoid,39,3
HC15072,16,7/30/2024,Typhoid,18,3
HC15073,3,9/7/2025,Diarrheal Disease,29,3
HC15074,26,3/12/2024,Typhoid,24,5
HC15075,14,12/21/2025,Food Poisoning,14,4
HC15076,4,8/17/2025,Diarrheal Disease,21,5
HC15077,1,12/16/2025,Food Poisoning,13,1
HC15078,21,1/15/2025,Typhoid,33,3
HC15079,10,4/5/2024,Diarrheal Disease,31,1
HC15080,20,5/8/2025,Food Poisoning,30,1
HC15081,17,4/30/2024,Diarrheal Disease,16,1
HC15082,15,5/24/2025,Diarrheal Disease,14,4
HC15083,2,11/13/2024,Food Poisoning,7,2
HC15084,2,10/13/2025,Typhoid,12,4
HC15085,3,10/26/2025,Diarrheal Disease,25,3
HC15086,13,5/1/2025,Typhoid,29,2
HC15087,19,3/31/2025,Typhoid,14,3
HC15088,14,10/11/2024,Typhoid,9,2
HC15089,1,12/9/2025,Typhoid,8,2
HC15090,9,10/17/2025,Food Poisoning,15,1
HC15091,15,5/8/2024,Food Poisoning,9,5
HC15092,16,11/15/2024,Typhoid,17,5
HC15093,17,10/14/2024,Diarrheal Disease,14,1
HC15094,7,5/13/2025,Diarrheal Disease,9,4
HC15095,26,2/18/2024,Food Poisoning,30,2
HC15096,5,4/13/2025,Food Poisoning,15,1
HC15097,23,10/5/2024,Food Poisoning,31,4
HC15098,16,11/15/2024,Diarrheal Disease,23,5
HC15099,24,3/22/2025,Typhoid,37,3
HC15100,23,1/22/2024,Food Poisoning,6,4
HC15101,15,4/19/2024,Typhoid,39,4
HC15102,22,9/5/2025,Food Poisoning,37,2
HC15103,3,8/26/2025,Food Poisoning,4,2
HC15104,23,5/11/2024,Food Poisoning,28,2
HC15105,21,7/4/2025,Food Poisoning,5,3
HC15106,25,7/13/2024,Typhoid,32,4
HC15107,24,12/2/2025,Typhoid,25,4
HC15108,23,6/28/2025,Typhoid,11,4
HC15109,9,9/19/2025,Diarrheal Disease,1,1
HC15110,25,11/20/2024,Diarrheal Disease,16,5
HC15111,7,9/22/2025,Typhoid,21,3
HC15112,10,3/7/2025,Typhoid,6,5
HC15113,23,1/17/2024,Diarrheal Disease,26,1
HC15114,22,4/16/2025,Food Poisoning,13,3
HC15115,24,5/9/2025,Typhoid,32,5
HC15116,24,9/7/2024,Food Poisoning,30,2
HC15117,2,5/5/2024,Typhoid,27,2
HC15118,14,12/11/2024,Food Poisoning,22,2
HC15119,4,2/12/2025,Food Poisoning,6,5
HC15120,21,6/19/2025,Typhoid,37,4
HC15121,3,1/17/2024,Typhoid,31,4
HC15122,20,4/29/2025,Typhoid,12,1
HC15123,4,5/5/2025,Diarrheal Disease,7,4
HC15124,14,10/20/2025,Food Poisoning,2,1
HC15125,15,9/9/2024,Diarrheal Disease,12,4
HC15126,7,10/6/2024,Diarrheal Disease,18,5
HC15127,9,12/2/2025,Food Poisoning,37,3
HC15128,3,2/7/2024,Diarrheal Disease,19,3
HC15129,12,8/20/2025,Food Poisoning,10,5
HC15130,9,6/13/2025,Typhoid,2,3
HC15131,17,8/28/2025,Food Poisoning,1,2
HC15132,18,8/27/2024,Food Poisoning,4,3
HC15133,26,12/20/2024,Food Poisoning,16,5
HC15134,5,7/15/2025,Typhoid,4,4
HC15135,8,8/28/2025,Food Poisoning,8,5
HC15136,22,4/11/2024,Typhoid,27,3
HC15137,1,9/20/2024,Typhoid,31,1
HC15138,1,8/16/2024,Typhoid,26,2
HC15139,19,5/2/2024,Food Poisoning,23,3
HC15140,13,6/5/2025,Food Poisoning,17,1
HC15141,16,5/31/2024,Diarrheal Disease,23,5
HC15142,22,6/7/2024,Typhoid,1,3
HC15143,19,1/10/2024,Food Poisoning,35,4
HC15144,20,8/29/2024,Food Poisoning,35,4
HC15145,6,9/24/2024,Food Poisoning,17,2
HC15146,11,2/12/2024,Food Poisoning,11,5
HC15147,1,11/3/2024,Diarrheal Disease,25,5
HC15148,25,6/2/2024,Typhoid,21,1
HC15149,19,6/23/2024,Food Poisoning,12,1
HC15150,15,3/25/2024,Typhoid,18,2
HC15151,9,1/19/2025,Food Poisoning,16,1
HC15152,11,8/1/2024,Typhoid,29,3
HC15153,12,11/17/2025,Typhoid,30,3
HC15154,26,7/4/2025,Food Poisoning,18,1
HC15155,23,7/19/2024,Food Poisoning,15,1
HC15156,15,2/12/2025,Typhoid,30,5
HC15157,5,1/18/2024,Food Poisoning,37,2
HC15158,17,2/25/2025,Food Poisoning,9,1
HC15159,25,1/2/2025,Food Poisoning,27,3
HC15160,6,7/11/2024,Food Poisoning,6,5
HC15161,11,6/16/2024,Typhoid,6,1
HC15162,8,9/4/2025,Food Poisoning,37,1
HC15163,1,6/2/2024,Food Poisoning,11,3
HC15164,23,6/20/2024,Typhoid,25,5
HC15165,5,10/13/2025,Food Poisoning,9,4
HC15166,9,12/5/2025,Typhoid,6,4
HC15167,20,3/9/2024,Typhoid,29,3
HC15168,2,11/9/2025,Food Poisoning,31,1
HC15169,14,8/3/2024,Typhoid,29,5
HC15170,26,7/13/2025,Typhoid,22,1
HC15171,8,4/28/2025,Typhoid,7,5
HC15172,11,11/29/2024,Typhoid,35,2
HC15173,21,6/29/2024,Diarrheal Disease,28,3
HC15174,5,10/28/2025,Typhoid,20,2
HC15175,19,6/2/2024,Diarrheal Disease,21,3
HC15176,7,4/27/2024,Diarrheal Disease,28,2
HC15177,1,6/8/2025,Food Poisoning,9,5
HC15178,11,1/12/2025,Typhoid,4,3
HC15179,8,9/3/2024,Diarrheal Disease,11,1
HC15180,17,2/1/2024,Diarrheal Disease,39,3
HC15181,19,1/8/2025,Typhoid,13,1
HC15182,26,2/11/2025,Food Poisoning,5,2
HC15183,12,9/6/2024,Diarrheal Disease,1,5
HC15184,25,8/19/2025,Typhoid,38,1
HC15185,18,10/25/2024,Typhoid,5,5
HC15186,3,5/9/2025,Food Poisoning,34,1
HC15187,1,2/4/2024,Typhoid,25,5
HC15188,7,6/16/2024,Diarrheal Disease,30,1
HC15189,1,2/1/2024,Typhoid,17,2
HC15190,20,2/5/2024,Diarrheal Disease,23,4
HC15191,2,2/20/2025,Diarrheal Disease,26,4
HC15192,15,9/24/2024,Typhoid,5,3
HC15193,9,12/18/2025,Food Poisoning,15,4
HC15194,10,4/6/2025,Food Poisoning,17,2
HC15195,16,12/27/2025,Typhoid,29,2
HC15196,2,2/14/2024,Diarrheal Disease,37,5
HC15197,5,8/13/2025,Food Poisoning,16,4
HC15198,3,12/31/2024,Diarrheal Disease,12,2
HC15199,12,11/20/2024,Diarrheal Disease,27,2
HC15200,26,7/20/2024,Typhoid,20,4
HC15201,6,7/13/2025,Diarrheal Disease,4,2
HC15202,22,1/28/2024,Typhoid,24,1
HC15203,18,1/31/2024,Typhoid,18,5
HC15204,16,4/4/2025,Food Poisoning,3,5
HC15205,15,8/7/2025,Diarrheal Disease,37,3
HC15206,25,2/21/2024,Food Poisoning,10,4
HC15207,20,7/9/2024,Diarrheal Disease,39,4
HC15208,1,12/8/2025,Typhoid,26,5
HC15209,12,3/24/2024,Typhoid,8,5
HC15210,24,7/2/2024,Food Poisoning,5,5
HC15211,26,3/28/2024,Typhoid,3,1
HC15212,18,4/4/2025,Food Poisoning,28,3
HC15213,3,6/6/2025,Typhoid,9,4
HC15214,16,2/9/2025,Typhoid,3,1
HC15215,5,4/15/2025,Diarrheal Disease,4,2
HC15216,11,11/12/2024,Food Poisoning,13,2
HC15217,2,7/7/2025,Diarrheal Disease,10,2
HC15218,15,4/25/2025,Typhoid,30,2
HC15219,26,7/5/2025,Diarrheal Disease,18,5
HC15220,16,3/18/2025,Food Poisoning,20,3
HC15221,20,1/26/2025,Typhoid,38,5
HC15222,11,3/21/2024,Typhoid,28,3
HC15223,4,7/13/2024,Diarrheal Disease,7,4
HC15224,1,12/25/2025,Diarrheal Disease,5,2
HC15225,24,12/5/2024,Food Poisoning,12,4
HC15226,16,8/12/2025,Typhoid,25,3
HC15227,14,4/26/2025,Diarrheal Disease,15,4
HC15228,6,10/20/2025,Diarrheal Disease,17,3
HC15229,7,10/5/2024,Diarrheal Disease,35,1
HC15230,2,5/12/2025,Diarrheal Disease,31,2
HC15231,10,4/21/2024,Food Poisoning,6,5
HC15232,24,7/23/2025,Typhoid,31,5
HC15233,14,10/12/2024,Food Poisoning,17,2
HC15234,14,5/20/2025,Diarrheal Disease,37,3
HC15235,19,8/8/2025,Food Poisoning,27,3
HC15236,10,5/25/2025,Typhoid,3,2
HC15237,10,5/2/2025,Diarrheal Disease,18,2
HC15238,20,1/21/2025,Diarrheal Disease,28,4
HC15239,20,11/14/2025,Diarrheal Disease,13,1
HC15240,3,1/13/2024,Typhoid,37,4
HC15241,9,7/12/2024,Food Poisoning,12,1
HC15242,1,5/21/2025,Diarrheal Disease,12,1
HC15243,6,11/14/2025,Diarrheal Disease,1,3
HC15244,1,6/20/2024,Typhoid,33,5
HC15245,13,1/26/2024,Diarrheal Disease,15,5
HC15246,21,5/27/2024,Typhoid,33,5
HC15247,6,1/28/2025,Food Poisoning,31,1
HC15248,13,5/19/2025,Food Poisoning,38,3
HC15249,8,6/6/2025,Typhoid,34,1
HC15250,24,12/10/2025,Food Poisoning,7,4
HC15251,20,12/5/2024,Diarrheal Disease,7,4
HC15252,24,9/9/2024,Typhoid,1,3
HC15253,9,12/5/2025,Diarrheal Disease,4,2
HC15254,10,5/31/2024,Diarrheal Disease,37,2
HC15255,12,1/1/2024,Diarrheal Disease,7,4
HC15256,9,3/9/2025,Typhoid,20,5
HC15257,14,5/18/2024,Typhoid,30,4
HC15258,25,8/16/2025,Typhoid,7,4
HC15259,18,1/12/2024,Food Poisoning,10,5
HC15260,13,3/30/2025,Typhoid,7,2
HC15261,11,11/9/2025,Food Poisoning,8,5
HC15262,21,10/14/2024,Food Poisoning,19,5
HC15263,1,7/22/2025,Food Poisoning,1,2
HC15264,26,4/18/2024,Diarrheal Disease,11,4
HC15265,17,2/24/2025,Typhoid,25,2
HC15266,5,5/29/2025,Food Poisoning,28,4
HC15267,5,9/19/2024,Diarrheal Disease,25,1
HC15268,4,2/3/2025,Diarrheal Disease,34,3
HC15269,4,10/16/2025,Food Poisoning,37,2
HC15270,14,9/13/2024,Diarrheal Disease,30,2
HC15271,3,10/19/2024,Diarrheal Disease,27,4
HC15272,3,6/27/2024,Diarrheal Disease,24,2
HC15273,21,10/21/2025,Diarrheal Disease,30,4
HC15274,26,3/21/2025,Diarrheal Disease,15,3
HC15275,1,11/15/2024,Diarrheal Disease,17,4
HC15276,18,9/25/2024,Diarrheal Disease,30,1
HC15277,24,6/27/2025,Diarrheal Disease,12,4
HC15278,8,11/2/2025,Diarrheal Disease,30,2
HC15279,1,5/5/2025,Diarrheal Disease,28,1
HC15280,20,9/27/2024,Food Poisoning,25,3
HC15281,1,11/20/2025,Typhoid,38,3
HC15282,9,6/25/2025,Food Poisoning,34,1
HC15283,18,4/27/2025,Typhoid,5,2
HC15284,11,4/4/2025,Food Poisoning,2,1
HC15285,13,10/19/2024,Food Poisoning,38,2
HC15286,25,1/8/2025,Diarrheal Disease,6,4
HC15287,11,12/2/2024,Diarrheal Disease,5,3
HC15288,22,5/1/2024,Diarrheal Disease,7,4
HC15289,14,10/3/2024,Food Poisoning,1,4
HC15290,19,1/26/2025,Food Poisoning,29,1
HC15291,20,11/8/2024,Typhoid,20,1
HC15292,2,7/8/2025,Food Poisoning,37,5
HC15293,7,2/20/2024,Food Poisoning,30,5
HC15294,16,10/27/2024,Diarrheal Disease,31,5
HC15295,10,10/26/2025,Food Poisoning,10,3
HC15296,13,3/29/2025,Typhoid,28,1
HC15297,14,8/2/2025,Typhoid,24,1
HC15298,13,5/17/2024,Diarrheal Disease,39,4
HC15299,15,12/25/2024,Diarrheal Disease,8,2
HC15300,20,12/22/2025,Typhoid,38,3
HC15301,8,12/12/2025,Diarrheal Disease,37,4
HC15302,13,2/1/2024,Typhoid,11,4
HC15303,8,12/29/2025,Typhoid,13,2
HC15304,25,3/23/2025,Typhoid,17,4
HC15305,5,11/5/2024,Food Poisoning,30,4
HC15306,21,2/26/2024,Food Poisoning,4,4
HC15307,7,1/9/2024,Diarrheal Disease,20,2
HC15308,9,12/16/2024,Diarrheal Disease,39,4
HC15309,21,8/13/2025,Typhoid,16,4
HC15310,25,2/5/2024,Typhoid,2,5
HC15311,24,11/16/2025,Typhoid,33,2
HC15312,24,9/8/2025,Typhoid,33,5
HC15313,12,3/14/2024,Food Poisoning,34,5
HC15314,20,12/3/2025,Food Poisoning,39,1
HC15315,5,9/22/2025,Typhoid,20,4
HC15316,15,9/25/2025,Diarrheal Disease,17,3
HC15317,9,7/16/2024,Food Poisoning,7,3
HC15318,16,1/8/2024,Typhoid,39,2
HC15319,12,12/7/2025,Diarrheal Disease,9,1
HC15320,24,5/23/2025,Food Poisoning,2,2
HC15321,23,3/29/2025,Diarrheal Disease,15,5
HC15322,5,8/13/2024,Food Poisoning,17,4
HC15323,19,12/30/2025,Food Poisoning,19,3
HC15324,2,2/7/2024,Diarrheal Disease,27,1
HC15325,12,5/20/2024,Diarrheal Disease,4,2
HC15326,19,7/26/2024,Diarrheal Disease,10,1
HC15327,1,11/5/2024,Typhoid,17,3
HC15328,23,5/29/2025,Food Poisoning,25,3
HC15329,13,11/8/2025,Typhoid,4,3
HC15330,3,4/12/2025,Typhoid,32,4
HC15331,14,2/16/2024,Diarrheal Disease,39,3
HC15332,12,7/24/2025,Diarrheal Disease,13,3
HC15333,4,3/16/2024,Food Poisoning,23,3
HC15334,23,9/20/2025,Food Poisoning,2,1
HC15335,20,6/24/2025,Diarrheal Disease,39,1
HC15336,7,7/13/2025,Typhoid,7,2
HC15337,21,1/10/2025,Food Poisoning,10,5
HC15338,17,5/26/2025,Food Poisoning,16,4
HC15339,13,5/6/2025,Diarrheal Disease,27,2
HC15340,1,3/23/2024,Food Poisoning,35,4
HC15341,20,6/30/2024,Food Poisoning,27,4
HC15342,3,3/13/2024,Typhoid,15,5
HC15343,24,9/28/2025,Diarrheal Disease,18,2
HC15344,10,3/15/2025,Food Poisoning,34,2
HC15345,22,9/2/2024,Diarrheal Disease,36,2
HC15346,23,4/22/2024,Food Poisoning,12,5
HC15347,18,9/10/2024,Diarrheal Disease,22,1
HC15348,8,10/7/2024,Diarrheal Disease,17,5
HC15349,15,2/2/2024,Diarrheal Disease,4,4
HC15350,24,10/18/2025,Typhoid,19,3
HC15351,10,12/22/2025,Typhoid,2,2
HC15352,24,3/1/2024,Food Poisoning,27,1
HC15353,9,3/17/2025,Diarrheal Disease,24,4
HC15354,4,12/18/2025,Food Poisoning,10,3
HC15355,9,10/3/2024,Typhoid,38,4
HC15356,10,7/30/2025,Food Poisoning,27,1
HC15357,1,5/5/2024,Typhoid,33,3
HC15358,15,12/8/2025,Diarrheal Disease,7,1
HC15359,9,1/12/2025,Food Poisoning,37,2
HC15360,3,4/11/2024,Food Poisoning,20,4
HC15361,25,3/1/2025,Food Poisoning,20,4
HC15362,23,3/17/2024,Food Poisoning,10,5
HC15363,13,9/7/2024,Typhoid,28,5
HC15364,4,11/8/2024,Diarrheal Disease,24,1
HC15365,22,5/23/2025,Typhoid,21,4
HC15366,3,4/30/2024,Food Poisoning,9,2
HC15367,7,4/27/2025,Typhoid,16,4
HC15368,12,7/15/2025,Diarrheal Disease,4,5
HC15369,21,5/7/2024,Food Poisoning,35,2
HC15370,4,8/6/2025,Food Poisoning,17,2
HC15371,20,12/1/2025,Diarrheal Disease,33,1
HC15372,18,3/20/2025,Diarrheal Disease,32,4
HC15373,8,5/25/2025,Typhoid,26,2
HC15374,1,6/22/2025,Typhoid,24,4
HC15375,19,3/22/2024,Diarrheal Disease,24,2
HC15376,15,1/7/2025,Diarrheal Disease,29,4
HC15377,4,10/20/2025,Diarrheal Disease,28,4
HC15378,7,12/8/2024,Diarrheal Disease,5,3
HC15379,21,12/22/2024,Typhoid,3,4
HC15380,18,8/5/2025,Diarrheal Disease,24,4
HC15381,22,2/20/2024,Food Poisoning,14,3
HC15382,8,3/17/2024,Typhoid,29,5
HC15383,12,2/7/2024,Diarrheal Disease,13,5
HC15384,12,5/11/2024,Food Poisoning,35,2
HC15385,20,12/17/2024,Food Poisoning,29,5
HC15386,9,8/13/2024,Food Poisoning,39,1
HC15387,1,4/26/2024,Typhoid,9,1
HC15388,7,11/29/2025,Food Poisoning,31,2
HC15389,22,3/23/2025,Diarrheal Disease,33,5
HC15390,6,8/28/2025,Diarrheal Disease,11,4
HC15391,13,8/22/2025,Typhoid,36,3
HC15392,23,7/18/2025,Typhoid,1,3
HC15393,4,3/25/2025,Diarrheal Disease,25,2
HC15394,13,10/2/2025,Diarrheal Disease,16,4
HC15395,19,10/4/2025,Food Poisoning,6,1
HC15396,12,1/17/2025,Typhoid,36,5
HC15397,12,10/1/2025,Typhoid,26,2
HC15398,4,6/30/2024,Diarrheal Disease,21,1
HC15399,17,6/10/2024,Food Poisoning,23,1
HC15400,2,7/13/2024,Food Poisoning,37,3
HC15401,8,7/4/2024,Typhoid,34,3
HC15402,6,12/22/2025,Food Poisoning,1,5
HC15403,13,8/17/2024,Typhoid,18,4
HC15404,15,4/2/2025,Food Poisoning,29,1
HC15405,11,8/14/2024,Food Poisoning,4,4
HC15406,23,4/28/2024,Typhoid,23,2
HC15407,16,1/25/2024,Food Poisoning,25,1
HC15408,18,3/29/2024,Typhoid,14,4
HC15409,6,12/21/2024,Food Poisoning,18,4
HC15410,1,8/2/2024,Typhoid,33,3
HC15411,24,7/16/2025,Diarrheal Disease,17,5
HC15412,15,2/12/2025,Typhoid,27,5
HC15413,13,8/28/2025,Diarrheal Disease,11,3
HC15414,10,7/9/2025,Typhoid,30,4
HC15415,4,11/23/2025,Typhoid,30,5
HC15416,7,11/22/2025,Diarrheal Disease,39,4
HC15417,25,7/13/2025,Diarrheal Disease,2,4
HC15418,21,4/1/2024,Diarrheal Disease,12,3
HC15419,1,2/28/2024,Diarrheal Disease,3,2
HC15420,7,4/1/2025,Typhoid,17,1
HC15421,16,2/14/2025,Food Poisoning,1,2
HC15422,4,6/5/2024,Diarrheal Disease,38,5
HC15423,6,9/10/2025,Food Poisoning,23,3
HC15424,7,10/9/2024,Typhoid,16,1
HC15425,25,2/24/2024,Food Poisoning,24,4
HC15426,18,11/5/2025,Typhoid,12,5
HC15427,24,6/1/2025,Typhoid,2,4
HC15428,26,8/6/2025,Diarrheal Disease,29,1
HC15429,7,2/3/2025,Diarrheal Disease,19,1
HC15430,25,4/3/2024,Typhoid,15,3
HC15431,18,9/30/2025,Typhoid,5,5
HC15432,26,2/3/2025,Diarrheal Disease,20,5
HC15433,6,3/29/2025,Diarrheal Disease,10,3
HC15434,9,12/30/2025,Diarrheal Disease,5,3
HC15435,11,1/7/2025,Diarrheal Disease,6,4
HC15436,16,6/3/2024,Typhoid,6,4
HC15437,9,3/15/2024,Diarrheal Disease,29,3
HC15438,4,11/12/2024,Diarrheal Disease,25,1
HC15439,4,5/11/2025,Typhoid,19,3
HC15440,8,3/26/2024,Diarrheal Disease,17,4
HC15441,10,2/23/2025,Typhoid,17,5
HC15442,10,9/15/2024,Food Poisoning,26,3
HC15443,11,7/25/2025,Food Poisoning,12,3
HC15444,3,4/25/2024,Typhoid,14,4
HC15445,24,6/20/2025,Food Poisoning,2,1
HC15446,1,8/21/2025,Diarrheal Disease,38,2
HC15447,9,7/5/2024,Food Poisoning,35,3
HC15448,1,6/28/2024,Food Poisoning,38,3
HC15449,13,10/25/2025,Diarrheal Disease,15,5
HC15450,2,10/1/2025,Food Poisoning,27,3
HC15451,9,4/14/2024,Food Poisoning,18,3
HC15452,5,6/3/2025,Typhoid,10,2
HC15453,16,6/12/2025,Diarrheal Disease,6,4
HC15454,13,10/26/2024,Typhoid,16,4
HC15455,3,9/15/2025,Typhoid,19,5
HC15456,19,3/22/2024,Food Poisoning,37,3
HC15457,24,10/6/2024,Diarrheal Disease,9,4
HC15458,3,3/10/2025,Typhoid,4,3
HC15459,4,8/20/2024,Food Poisoning,17,5
HC15460,10,6/8/2024,Typhoid,32,4
HC15461,23,5/12/2025,Food Poisoning,36,4
HC15462,17,9/3/2025,Diarrheal Disease,36,2
HC15463,14,9/19/2025,Typhoid,30,5
HC15464,22,11/14/2025,Typhoid,29,5
HC15465,8,8/22/2025,Typhoid,13,4
HC15466,10,3/23/2024,Diarrheal Disease,32,5
HC15467,22,8/17/2025,Diarrheal Disease,3,2
HC15468,8,7/12/2025,Typhoid,16,5
HC15469,6,6/13/2025,Food Poisoning,24,5
HC15470,8,3/28/2025,Food Poisoning,7,3
HC15471,12,8/6/2025,Diarrheal Disease,7,2
HC15472,14,4/17/2025,Food Poisoning,24,1
HC15473,3,11/2/2025,Food Poisoning,7,3
HC15474,15,12/22/2025,Typhoid,12,1
HC15475,22,4/11/2024,Typhoid,2,3
HC15476,8,9/9/2024,Diarrheal Disease,12,4
HC15477,11,7/17/2024,Typhoid,16,4
HC15478,4,7/11/2024,Diarrheal Disease,27,1
HC15479,8,2/25/2024,Food Poisoning,35,2
HC15480,8,10/29/2024,Diarrheal Disease,11,1
HC15481,26,11/8/2025,Diarrheal Disease,16,1
HC15482,6,2/16/2025,Food Poisoning,15,4
HC15483,2,10/12/2025,Typhoid,8,4
HC15484,1,12/12/2025,Food Poisoning,36,2
HC15485,13,12/6/2025,Diarrheal Disease,22,2
HC15486,20,6/16/2024,Typhoid,16,2
HC15487,9,1/12/2025,Typhoid,36,5
HC15488,2,3/23/2024,Typhoid,18,1
HC15489,3,6/13/2024,Typhoid,34,3
HC15490,2,7/23/2024,Food Poisoning,8,4
HC15491,2,3/22/2024,Food Poisoning,38,5
HC15492,18,8/10/2024,Food Poisoning,10,1
HC15493,15,6/14/2024,Typhoid,12,4
HC15494,16,1/11/2025,Food Poisoning,4,3
HC15495,11,3/4/2025,Food Poisoning,28,3
HC15496,6,7/9/2024,Typhoid,35,2
HC15497,19,11/14/2025,Diarrheal Disease,33,5
HC15498,10,2/28/2024,Food Poisoning,31,1
HC15499,8,3/11/2025,Diarrheal Disease,33,5
HC15500,7,3/25/2024,Diarrheal Disease,20,2
HC15501,16,4/4/2025,Food Poisoning,32,3
HC15502,16,7/21/2024,Diarrheal Disease,31,2
HC15503,20,3/10/2025,Typhoid,29,5
HC15504,23,12/8/2024,Food Poisoning,34,4
HC15505,16,6/23/2025,Typhoid,6,2
HC15506,23,12/18/2024,Food Poisoning,17,3
HC15507,12,2/10/2025,Food Poisoning,27,4
HC15508,1,5/29/2024,Diarrheal Disease,3,1
HC15509,8,11/8/2025,Diarrheal Disease,34,1
HC15510,24,10/26/2025,Typhoid,37,1
HC15511,24,3/3/2025,Diarrheal Disease,10,1
HC15512,3,10/31/2025,Food Poisoning,18,1
HC15513,23,7/22/2025,Food Poisoning,9,2
HC15514,26,3/13/2024,Typhoid,32,3
HC15515,11,8/9/2025,Typhoid,9,2
HC15516,11,5/24/2025,Typhoid,39,1
HC15517,8,5/30/2024,Diarrheal Disease,18,3
HC15518,17,5/29/2025,Food Poisoning,13,5
HC15519,1,9/9/2024,Diarrheal Disease,10,3
HC15520,15,10/29/2025,Typhoid,23,2
HC15521,23,10/7/2025,Diarrheal Disease,30,4
HC15522,23,12/12/2025,Diarrheal Disease,14,2
HC15523,1,1/28/2025,Food Poisoning,35,3
HC15524,5,7/21/2024,Diarrheal Disease,13,5
HC15525,8,10/3/2024,Diarrheal Disease,2,5
HC15526,20,3/8/2024,Typhoid,5,3
HC15527,15,5/24/2025,Diarrheal Disease,28,1
HC15528,9,5/28/2024,Typhoid,14,5
HC15529,4,9/9/2025,Food Poisoning,24,4
HC15530,6,8/15/2025,Typhoid,29,3
HC15531,12,7/9/2025,Typhoid,14,1
HC15532,20,7/30/2024,Food Poisoning,31,5
HC15533,8,3/10/2024,Typhoid,37,1
HC15534,5,8/19/2025,Food Poisoning,3,4
HC15535,15,5/12/2025,Food Poisoning,29,3
HC15536,18,3/28/2024,Food Poisoning,9,5
HC15537,21,9/24/2025,Diarrheal Disease,25,1
HC15538,7,11/9/2025,Typhoid,27,1
HC15539,8,8/19/2025,Food Poisoning,7,4
HC15540,1,12/1/2024,Food Poisoning,2,1
HC15541,23,7/6/2024,Diarrheal Disease,16,5
HC15542,15,10/6/2025,Food Poisoning,15,5
HC15543,25,4/19/2024,Food Poisoning,16,5
HC15544,11,1/10/2024,Diarrheal Disease,36,5
HC15545,20,7/26/2025,Diarrheal Disease,35,5
HC15546,10,11/12/2024,Diarrheal Disease,30,4
HC15547,25,12/7/2025,Food Poisoning,1,4
HC15548,7,7/27/2024,Typhoid,2,2
HC15549,7,2/22/2024,Food Poisoning,33,5
HC15550,21,2/20/2024,Food Poisoning,38,3
HC15551,26,6/20/2024,Food Poisoning,17,4
HC15552,3,1/8/2025,Food Poisoning,2,3
HC15553,22,10/6/2025,Diarrheal Disease,37,4
HC15554,18,4/27/2024,Diarrheal Disease,15,5
HC15555,13,8/7/2025,Diarrheal Disease,22,5
HC15556,3,7/26/2024,Food Poisoning,25,4
HC15557,20,8/22/2025,Food Poisoning,12,2
HC15558,12,8/21/2024,Diarrheal Disease,1,3
HC15559,16,7/20/2024,Food Poisoning,5,4
HC15560,21,7/5/2025,Diarrheal Disease,26,4
HC15561,20,3/9/2025,Typhoid,33,1
HC15562,18,8/23/2025,Diarrheal Disease,18,5
HC15563,21,7/15/2025,Food Poisoning,18,5
HC15564,5,9/13/2025,Typhoid,25,3
HC15565,5,9/15/2025,Typhoid,18,1
HC15566,20,10/10/2024,Food Poisoning,9,5
HC15567,19,10/13/2025,Diarrheal Disease,4,2
HC15568,14,11/13/2024,Typhoid,33,3
HC15569,7,9/11/2025,Diarrheal Disease,39,1
HC15570,4,8/3/2024,Food Poisoning,37,2
HC15571,4,9/10/2024,Food Poisoning,37,5
HC15572,26,1/11/2025,Diarrheal Disease,18,5
HC15573,1,9/19/2024,Food Poisoning,12,2
HC15574,14,4/16/2025,Food Poisoning,37,3
HC15575,11,12/27/2024,Food Poisoning,26,3
HC15576,24,5/4/2024,Diarrheal Disease,20,4
HC15577,18,9/9/2024,Typhoid,2,3
HC15578,7,2/18/2025,Diarrheal Disease,34,1
HC15579,2,7/25/2024,Typhoid,31,4
HC15580,11,4/9/2025,Typhoid,9,2
HC15581,19,1/14/2024,Typhoid,26,2
HC15582,13,11/23/2024,Diarrheal Disease,34,5
HC15583,24,1/23/2024,Typhoid,33,5
HC15584,23,1/20/2025,Food Poisoning,2,1
HC15585,13,12/31/2025,Typhoid,3,1
HC15586,22,6/29/2025,Diarrheal Disease,18,2
HC15587,5,7/16/2025,Typhoid,29,3
HC15588,20,5/31/2025,Food Poisoning,12,4
HC15589,14,3/17/2025,Typhoid,10,4
HC15590,17,7/20/2024,Food Poisoning,10,5
HC15591,11,3/29/2024,Diarrheal Disease,29,1
HC15592,7,6/24/2025,Typhoid,26,4
HC15593,11,6/30/2025,Typhoid,23,5
HC15594,16,8/14/2025,Diarrheal Disease,3,1
HC15595,4,2/18/2025,Diarrheal Disease,6,1
HC15596,9,4/4/2024,Typhoid,7,4
HC15597,15,5/5/2025,Diarrheal Disease,36,2
HC15598,11,12/3/2025,Typhoid,1,2
HC15599,16,3/27/2024,Diarrheal Disease,28,2
HC15600,21,12/26/2024,Food Poisoning,23,5
HC15601,20,6/6/2025,Food Poisoning,38,4
HC15602,24,5/20/2024,Diarrheal Disease,28,1
HC15603,3,8/27/2024,Food Poisoning,3,4
HC15604,1,5/27/2024,Diarrheal Disease,27,2
HC15605,17,7/19/2024,Food Poisoning,23,1
HC15606,15,2/3/2024,Food Poisoning,21,5
HC15607,4,1/5/2025,Food Poisoning,31,5
HC15608,1,1/30/2025,Typhoid,31,1
HC15609,5,10/22/2024,Typhoid,32,4
HC15610,2,3/4/2025,Food Poisoning,16,1
HC15611,4,4/27/2024,Typhoid,21,1
HC15612,14,2/23/2024,Typhoid,24,1
HC15613,5,12/26/2025,Diarrheal Disease,37,2
HC15614,25,5/13/2024,Typhoid,24,2
HC15615,5,2/24/2024,Food Poisoning,13,5
HC15616,22,7/14/2024,Food Poisoning,5,3
HC15617,13,1/14/2024,Typhoid,35,1
HC15618,8,6/12/2024,Diarrheal Disease,7,3
HC15619,19,2/20/2024,Diarrheal Disease,18,5
HC15620,8,10/8/2025,Typhoid,33,3
HC15621,24,3/24/2024,Diarrheal Disease,14,4
HC15622,10,4/22/2025,Typhoid,29,1
HC15623,2,10/9/2025,Food Poisoning,6,3
HC15624,5,12/10/2025,Food Poisoning,15,1
HC15625,4,8/20/2024,Food Poisoning,17,5
HC15626,5,8/21/2025,Food Poisoning,3,4
HC15627,22,4/27/2024,Diarrheal Disease,14,2
HC15628,10,3/9/2025,Food Poisoning,4,1
HC15629,23,9/19/2025,Typhoid,4,5
HC15630,16,11/8/2024,Diarrheal Disease,21,2
HC15631,6,9/25/2024,Food Poisoning,16,4
HC15632,13,7/2/2024,Food Poisoning,34,3
HC15633,20,7/9/2025,Diarrheal Disease,11,1
HC15634,20,2/25/2024,Typhoid,11,3
HC15635,10,12/2/2024,Diarrheal Disease,20,4
HC15636,21,2/14/2025,Typhoid,12,5
HC15637,9,10/4/2025,Typhoid,39,4
HC15638,1,3/24/2025,Diarrheal Disease,12,4
HC15639,26,8/8/2025,Diarrheal Disease,17,1
HC15640,7,7/4/2024,Typhoid,26,4
HC15641,21,5/5/2025,Diarrheal Disease,19,3
HC15642,21,8/5/2024,Diarrheal Disease,19,3
HC15643,4,11/27/2025,Food Poisoning,20,4
HC15644,22,2/28/2024,Typhoid,32,3
HC15645,13,8/6/2024,Diarrheal Disease,4,1
HC15646,21,4/9/2025,Diarrheal Disease,14,3
HC15647,1,11/14/2024,Diarrheal Disease,38,4
HC15648,3,3/27/2025,Typhoid,29,2
HC15649,11,5/16/2025,Typhoid,22,3
HC15650,16,1/12/2025,Diarrheal Disease,24,1
HC15651,12,8/27/2025,Typhoid,36,2
HC15652,13,4/16/2024,Typhoid,8,3
HC15653,2,2/10/2024,Diarrheal Disease,1,3
HC15654,17,2/19/2024,Diarrheal Disease,36,1
HC15655,5,2/10/2025,Food Poisoning,2,4
HC15656,23,2/29/2024,Diarrheal Disease,8,3
HC15657,11,6/28/2024,Typhoid,28,2
HC15658,17,1/31/2024,Diarrheal Disease,28,1
HC15659,22,4/10/2024,Diarrheal Disease,33,3
HC15660,26,2/26/2025,Typhoid,25,5
HC15661,16,11/29/2025,Diarrheal Disease,18,2
HC15662,19,3/23/2025,Diarrheal Disease,19,5
HC15663,20,9/2/2024,Food Poisoning,12,2
HC15664,21,6/12/2025,Typhoid,26,2
HC15665,18,3/10/2025,Diarrheal Disease,14,5
HC15666,4,1/25/2025,Typhoid,14,3
HC15667,3,3/5/2024,Diarrheal Disease,33,2
HC15668,16,5/28/2024,Typhoid,22,2
HC15669,2,10/6/2024,Typhoid,39,4
HC15670,9,5/18/2025,Food Poisoning,23,2
HC15671,22,10/9/2024,Diarrheal Disease,36,1
HC15672,14,10/24/2024,Typhoid,26,1
HC15673,8,12/3/2024,Food Poisoning,31,3
HC15674,20,11/2/2025,Typhoid,11,5
HC15675,4,2/8/2024,Food Poisoning,7,3
HC15676,25,12/1/2024,Typhoid,24,2
HC15677,24,9/19/2024,Diarrheal Disease,7,5
HC15678,9,5/27/2024,Food Poisoning,39,3
HC15679,22,3/27/2024,Typhoid,28,2
HC15680,4,9/24/2024,Diarrheal Disease,37,4
HC15681,20,6/2/2024,Diarrheal Disease,13,1
HC15682,22,3/28/2025,Food Poisoning,35,3
HC15683,8,7/13/2024,Food Poisoning,36,3
HC15684,17,3/20/2025,Typhoid,2,3
HC15685,20,8/15/2025,Diarrheal Disease,36,5
HC15686,15,9/29/2025,Diarrheal Disease,3,5
HC15687,10,1/3/2025,Food Poisoning,31,3
HC15688,21,6/19/2024,Typhoid,37,4
HC15689,6,7/5/2025,Food Poisoning,35,4
HC15690,10,8/20/2024,Diarrheal Disease,14,5
HC15691,5,6/28/2024,Food Poisoning,17,1
HC15692,8,10/15/2025,Diarrheal Disease,4,4
HC15693,4,5/8/2025,Diarrheal Disease,8,3
HC15694,17,11/20/2025,Food Poisoning,15,4
HC15695,12,7/24/2025,Typhoid,14,3
HC15696,8,9/15/2025,Typhoid,32,2
HC15697,12,5/14/2024,Diarrheal Disease,22,3
HC15698,20,5/31/2024,Diarrheal Disease,25,4
HC15699,19,7/29/2024,Typhoid,20,5
HC15700,23,9/19/2024,Typhoid,12,5
HC15701,1,3/11/2025,Typhoid,14,1
HC15702,12,11/14/2025,Diarrheal Disease,16,5
HC15703,17,11/4/2024,Diarrheal Disease,4,2
HC15704,5,2/9/2024,Food Poisoning,23,4
HC15705,22,4/26/2024,Diarrheal Disease,39,5
HC15706,15,12/6/2025,Typhoid,14,5
HC15707,20,6/23/2025,Typhoid,21,1
HC15708,19,7/3/2024,Diarrheal Disease,26,1
HC15709,6,4/30/2025,Diarrheal Disease,11,1
HC15710,3,4/29/2024,Diarrheal Disease,21,1
HC15711,4,5/12/2024,Typhoid,25,5
HC15712,13,3/21/2025,Typhoid,30,5
HC15713,13,3/27/2025,Diarrheal Disease,11,1
HC15714,4,11/3/2024,Diarrheal Disease,34,1
HC15715,25,9/17/2024,Diarrheal Disease,29,3
HC15716,16,3/11/2024,Food Poisoning,14,5
HC15717,22,12/7/2025,Typhoid,5,3
HC15718,14,8/27/2024,Typhoid,39,5
HC15719,9,1/23/2024,Typhoid,31,5
HC15720,26,8/28/2025,Typhoid,27,5
HC15721,19,3/10/2025,Diarrheal Disease,11,5
HC15722,15,1/25/2025,Typhoid,15,3
HC15723,18,4/15/2025,Typhoid,37,5
HC15724,13,9/10/2025,Food Poisoning,35,4
HC15725,5,3/16/2025,Diarrheal Disease,36,4
HC15726,16,8/31/2025,Food Poisoning,33,2
HC15727,20,1/24/2025,Food Poisoning,6,1
HC15728,14,9/14/2024,Typhoid,32,5
HC15729,4,3/18/2024,Typhoid,23,5
HC15730,11,8/4/2025,Diarrheal Disease,33,5
HC15731,11,4/9/2024,Typhoid,21,1
HC15732,24,12/3/2024,Diarrheal Disease,35,5
HC15733,3,4/15/2025,Food Poisoning,22,3
HC15734,13,5/22/2024,Diarrheal Disease,34,4
HC15735,21,5/29/2025,Diarrheal Disease,21,5
HC15736,23,4/12/2025,Diarrheal Disease,26,1
HC15737,12,4/19/2025,Diarrheal Disease,31,3
HC15738,6,8/8/2024,Diarrheal Disease,36,1
HC15739,23,8/1/2024,Typhoid,14,4
HC15740,10,5/31/2025,Food Poisoning,35,2
HC15741,13,5/21/2025,Food Poisoning,35,4
HC15742,2,2/1/2025,Diarrheal Disease,33,4
HC15743,1,7/15/2025,Food Poisoning,19,1
HC15744,9,7/9/2025,Diarrheal Disease,33,2
HC15745,15,9/28/2025,Food Poisoning,25,2
HC15746,15,10/27/2024,Diarrheal Disease,31,4
HC15747,3,9/10/2024,Typhoid,19,4
HC15748,8,2/27/2024,Food Poisoning,1,3
HC15749,21,9/25/2024,Food Poisoning,12,4
HC15750,15,9/7/2024,Typhoid,23,2
HC15751,10,11/7/2025,Food Poisoning,23,3
HC15752,26,6/8/2024,Typhoid,25,3
HC15753,9,4/19/2025,Typhoid,39,4
HC15754,19,6/25/2025,Food Poisoning,21,2
HC15755,19,7/23/2024,Food Poisoning,33,4
HC15756,18,6/22/2024,Diarrheal Disease,11,5
HC15757,20,5/2/2025,Food Poisoning,1,1
HC15758,6,5/9/2025,Food Poisoning,26,5
HC15759,24,4/15/2025,Food Poisoning,5,3
HC15760,5,9/6/2025,Diarrheal Disease,3,2
HC15761,14,11/9/2024,Typhoid,8,5
HC15762,10,7/10/2024,Typhoid,13,2
HC15763,5,11/27/2024,Diarrheal Disease,32,5
HC15764,25,6/24/2025,Diarrheal Disease,3,4
HC15765,19,6/11/2024,Diarrheal Disease,19,1
HC15766,2,5/3/2025,Diarrheal Disease,34,1
HC15767,6,1/17/2024,Typhoid,6,5
HC15768,3,1/29/2025,Typhoid,13,5
HC15769,2,3/13/2025,Diarrheal Disease,10,1
HC15770,19,12/16/2025,Typhoid,4,5
HC15771,18,2/27/2025,Typhoid,32,2
HC15772,5,9/23/2025,Food Poisoning,13,4
HC15773,6,1/14/2025,Diarrheal Disease,22,2
HC15774,18,10/31/2024,Diarrheal Disease,20,5
HC15775,13,6/7/2025,Diarrheal Disease,12,1
HC15776,15,4/6/2024,Diarrheal Disease,12,3
HC15777,10,4/30/2025,Food Poisoning,13,4
HC15778,12,8/6/2025,Typhoid,7,1
HC15779,16,10/20/2025,Typhoid,1,1
HC15780,6,6/21/2024,Food Poisoning,16,2
HC15781,24,3/9/2024,Typhoid,18,2
HC15782,26,8/14/2024,Diarrheal Disease,11,4
HC15783,2,8/10/2024,Diarrheal Disease,2,5
HC15784,12,4/30/2024,Food Poisoning,30,3
HC15785,24,7/23/2024,Diarrheal Disease,21,4
HC15786,14,5/19/2024,Diarrheal Disease,30,1
HC15787,20,5/3/2025,Diarrheal Disease,10,1
HC15788,4,12/30/2025,Typhoid,38,2
HC15789,25,12/26/2025,Diarrheal Disease,5,1
HC15790,12,1/4/2024,Typhoid,34,2
HC15791,22,4/12/2024,Typhoid,10,1
HC15792,19,6/4/2025,Diarrheal Disease,4,5
HC15793,16,1/20/2024,Food Poisoning,22,5
HC15794,2,9/22/2024,Typhoid,18,2
HC15795,1,10/20/2024,Typhoid,11,4
HC15796,8,8/10/2024,Food Poisoning,1,4
HC15797,9,9/26/2024,Typhoid,26,3
HC15798,13,9/12/2024,Food Poisoning,1,4
HC15799,3,1/11/2024,Food Poisoning,25,3
HC15800,20,7/9/2024,Diarrheal Disease,5,2
HC15801,11,2/1/2024,Diarrheal Disease,31,3
HC15802,3,1/12/2025,Food Poisoning,16,1
HC15803,15,5/12/2024,Food Poisoning,12,4
HC15804,4,6/8/2024,Diarrheal Disease,28,3
HC15805,16,7/14/2025,Typhoid,28,5
HC15806,20,7/26/2024,Food Poisoning,36,1
HC15807,14,6/4/2025,Typhoid,38,2
HC15808,24,9/11/2025,Diarrheal Disease,33,1
HC15809,26,8/13/2024,Diarrheal Disease,26,2
HC15810,18,6/3/2025,Typhoid,6,3
HC15811,8,1/19/2024,Diarrheal Disease,20,3
HC15812,12,9/10/2025,Diarrheal Disease,9,5
HC15813,23,12/6/2025,Diarrheal Disease,35,5
HC15814,11,11/30/2025,Typhoid,38,4
HC15815,23,10/14/2025,Typhoid,29,5
HC15816,13,3/22/2025,Food Poisoning,6,3
HC15817,11,8/8/2025,Food Poisoning,15,3
HC15818,11,3/7/2024,Typhoid,36,2
HC15819,25,7/6/2024,Typhoid,2,5
HC15820,25,11/28/2025,Typhoid,33,1
HC15821,10,1/14/2024,Food Poisoning,21,2
HC15822,12,10/18/2025,Diarrheal Disease,39,5
HC15823,21,7/29/2025,Typhoid,13,3
HC15824,3,1/16/2024,Typhoid,33,1
HC15825,3,12/27/2024,Typhoid,29,1
HC15826,1,1/2/2025,Diarrheal Disease,19,2
HC15827,1,12/18/2024,Typhoid,15,2
HC15828,7,11/22/2025,Food Poisoning,22,4
HC15829,7,2/1/2025,Food Poisoning,20,1
HC15830,15,12/19/2024,Diarrheal Disease,20,2
HC15831,12,3/2/2024,Food Poisoning,16,5
HC15832,16,1/15/2024,Food Poisoning,9,1
HC15833,15,1/1/2024,Diarrheal Disease,32,2
HC15834,11,8/26/2025,Typhoid,11,5
HC15835,2,7/6/2025,Diarrheal Disease,12,2
HC15836,15,10/23/2024,Food Poisoning,33,1
HC15837,4,9/12/2025,Diarrheal Disease,33,5
HC15838,12,4/12/2024,Food Poisoning,30,3
HC15839,17,1/26/2024,Food Poisoning,38,2
HC15840,25,4/2/2025,Typhoid,36,1
HC15841,13,4/13/2024,Diarrheal Disease,21,4
HC15842,15,6/23/2025,Food Poisoning,11,2
HC15843,22,4/19/2025,Diarrheal Disease,15,5
HC15844,7,2/23/2024,Diarrheal Disease,12,5
HC15845,5,8/22/2025,Food Poisoning,26,1
HC15846,16,1/10/2024,Typhoid,24,1
HC15847,7,12/1/2024,Diarrheal Disease,26,2
HC15848,15,3/23/2025,Diarrheal Disease,26,1
HC15849,9,1/9/2025,Food Poisoning,16,3
HC15850,24,7/11/2025,Food Poisoning,9,4
HC15851,19,3/25/2024,Diarrheal Disease,15,1
HC15852,12,1/28/2025,Food Poisoning,21,5
HC15853,12,8/3/2025,Food Poisoning,12,5
HC15854,21,10/4/2024,Food Poisoning,21,1
HC15855,26,12/14/2024,Typhoid,2,5
HC15856,19,6/30/2025,Diarrheal Disease,33,1
HC15857,4,12/9/2025,Typhoid,6,4
HC15858,13,11/20/2024,Typhoid,21,2
HC15859,12,2/15/2024,Food Poisoning,25,3
HC15860,6,9/1/2025,Diarrheal Disease,3,5
HC15861,18,11/4/2024,Typhoid,39,1
HC15862,10,3/31/2024,Diarrheal Disease,2,3
HC15863,4,2/15/2025,Typhoid,4,2
HC15864,22,2/6/2025,Typhoid,11,4
HC15865,17,8/5/2024,Diarrheal Disease,23,5
HC15866,8,9/2/2024,Food Poisoning,26,2
HC15867,22,9/1/2025,Diarrheal Disease,37,4
HC15868,23,1/23/2025,Food Poisoning,33,1
HC15869,5,7/12/2024,Typhoid,33,5
HC15870,19,2/19/2025,Food Poisoning,29,5
HC15871,9,10/17/2025,Diarrheal Disease,1,5
HC15872,4,9/11/2024,Typhoid,38,3
HC15873,14,12/14/2025,Typhoid,36,2
HC15874,17,12/13/2025,Food Poisoning,3,5
HC15875,23,2/12/2024,Diarrheal Disease,33,2
HC15876,12,7/31/2025,Food Poisoning,5,5
HC15877,24,1/19/2024,Diarrheal Disease,35,5
HC15878,12,8/30/2025,Food Poisoning,11,1
HC15879,5,10/26/2025,Food Poisoning,16,4
HC15880,3,9/21/2024,Diarrheal Disease,20,5
HC15881,26,4/19/2025,Diarrheal Disease,18,4
HC15882,11,8/1/2024,Typhoid,30,5
HC15883,11,8/8/2024,Typhoid,13,3
HC15884,7,10/9/2025,Food Poisoning,12,5
HC15885,19,11/26/2024,Food Poisoning,38,5
HC15886,26,2/12/2024,Food Poisoning,5,5
HC15887,19,5/30/2024,Food Poisoning,19,2
HC15888,19,9/19/2025,Typhoid,14,4
HC15889,8,3/15/2025,Diarrheal Disease,16,2
HC15890,20,6/18/2025,Diarrheal Disease,30,1
HC15891,9,11/6/2024,Food Poisoning,7,4
HC15892,22,6/15/2024,Food Poisoning,28,5
HC15893,17,5/28/2025,Food Poisoning,16,1
HC15894,12,1/20/2025,Diarrheal Disease,11,3
HC15895,17,9/4/2025,Typhoid,9,1
HC15896,11,10/29/2024,Typhoid,39,3
HC15897,17,5/2/2025,Food Poisoning,18,2
HC15898,12,7/5/2024,Food Poisoning,14,2
HC15899,3,11/18/2024,Diarrheal Disease,36,2
HC15900,22,2/27/2024,Typhoid,15,3
HC15901,24,4/23/2025,Food Poisoning,1,1
HC15902,3,8/19/2024,Diarrheal Disease,25,4
HC15903,15,5/5/2025,Typhoid,2,4
HC15904,10,7/21/2024,Typhoid,27,3
HC15905,7,5/29/2025,Diarrheal Disease,25,4
HC15906,15,12/14/2025,Food Poisoning,25,5
HC15907,3,12/31/2025,Food Poisoning,28,3
HC15908,22,12/30/2025,Food Poisoning,11,1
HC15909,4,7/3/2025,Typhoid,2,5
HC15910,21,5/31/2024,Food Poisoning,29,5
HC15911,17,6/29/2025,Food Poisoning,29,3
HC15912,1,2/2/2024,Typhoid,1,4
HC15913,26,1/1/2025,Typhoid,9,1
HC15914,21,7/7/2025,Typhoid,7,1
HC15915,3,10/5/2025,Diarrheal Disease,4,4
HC15916,19,1/7/2024,Diarrheal Disease,29,4
HC15917,18,1/7/2025,Typhoid,38,1
HC15918,3,11/28/2024,Typhoid,24,3
HC15919,22,7/26/2024,Diarrheal Disease,14,5
HC15920,8,10/19/2025,Typhoid,4,1
HC15921,15,6/4/2024,Diarrheal Disease,6,3
HC15922,18,10/27/2024,Food Poisoning,28,5
HC15923,9,7/22/2025,Diarrheal Disease,15,1
HC15924,8,12/4/2025,Diarrheal Disease,25,4
HC15925,16,1/13/2025,Typhoid,30,5
HC15926,12,1/4/2024,Diarrheal Disease,28,4
HC15927,15,10/2/2025,Diarrheal Disease,3,5
HC15928,10,3/13/2024,Diarrheal Disease,34,1
HC15929,20,4/13/2025,Diarrheal Disease,39,4
HC15930,8,8/27/2025,Diarrheal Disease,8,5
HC15931,7,4/13/2025,Typhoid,26,4
HC15932,2,5/7/2025,Food Poisoning,34,2
HC15933,4,10/16/2024,Typhoid,17,1
HC15934,24,10/10/2025,Diarrheal Disease,8,3
HC15935,22,7/18/2025,Food Poisoning,11,5
HC15936,23,6/22/2024,Food Poisoning,9,1
HC15937,4,3/26/2025,Diarrheal Disease,3,4
HC15938,12,7/28/2024,Food Poisoning,19,4
HC15939,6,3/20/2024,Food Poisoning,32,2
HC15940,18,9/16/2025,Typhoid,15,2
HC15941,21,11/13/2025,Typhoid,33,2
HC15942,11,11/26/2024,Diarrheal Disease,31,5
HC15943,26,12/11/2024,Food Poisoning,32,2
HC15944,5,10/14/2024,Typhoid,6,1
HC15945,16,6/8/2024,Food Poisoning,35,4
HC15946,14,11/2/2024,Diarrheal Disease,20,2
HC15947,7,10/17/2025,Diarrheal Disease,14,3
HC15948,16,8/30/2025,Diarrheal Disease,2,4
HC15949,4,2/16/2024,Typhoid,16,1
HC15950,22,8/15/2025,Food Poisoning,27,3
HC15951,21,6/18/2025,Diarrheal Disease,16,5
HC15952,13,4/1/2024,Diarrheal Disease,21,1
HC15953,2,4/3/2024,Typhoid,23,2
HC15954,11,10/11/2025,Diarrheal Disease,9,4
HC15955,18,7/27/2024,Diarrheal Disease,4,3
HC15956,8,11/13/2025,Food Poisoning,8,1
HC15957,20,4/15/2024,Food Poisoning,34,1
HC15958,4,5/27/2025,Food Poisoning,32,2
HC15959,26,4/7/2024,Food Poisoning,33,5
HC15960,18,3/22/2025,Typhoid,11,3
HC15961,12,6/7/2025,Typhoid,12,3
HC15962,7,7/22/2025,Food Poisoning,22,4
HC15963,10,9/20/2024,Typhoid,6,1
HC15964,17,10/16/2025,Diarrheal Disease,19,2
HC15965,20,5/4/2025,Food Poisoning,25,2
HC15966,22,2/11/2024,Diarrheal Disease,3,5
HC15967,8,9/19/2025,Typhoid,7,4
HC15968,6,12/28/2024,Typhoid,25,3
HC15969,19,7/29/2024,Typhoid,10,2
HC15970,3,1/6/2025,Typhoid,19,3
HC15971,13,8/8/2025,Food Poisoning,33,4
HC15972,9,12/30/2025,Typhoid,13,5
HC15973,17,9/14/2024,Food Poisoning,25,1
HC15974,17,8/17/2025,Diarrheal Disease,21,3
HC15975,1,8/2/2025,Diarrheal Disease,28,4
HC15976,16,7/20/2024,Typhoid,35,5
HC15977,8,9/24/2025,Typhoid,32,2
HC15978,24,3/1/2025,Diarrheal Disease,21,3
HC15979,23,9/30/2024,Typhoid,7,2
HC15980,12,8/26/2024,Food Poisoning,22,5
HC15981,8,3/11/2024,Diarrheal Disease,2,1
HC15982,22,11/19/2025,Food Poisoning,22,3
HC15983,8,1/31/2024,Food Poisoning,6,5
HC15984,21,12/25/2025,Typhoid,27,1
HC15985,24,8/16/2025,Typhoid,19,1
HC15986,10,12/17/2024,Diarrheal Disease,28,4
HC15987,17,6/2/2025,Food Poisoning,28,3
HC15988,10,5/28/2025,Diarrheal Disease,35,5
HC15989,2,3/27/2025,Food Poisoning,13,1
HC15990,8,3/25/2025,Diarrheal Disease,19,3
HC15991,15,12/28/2024,Diarrheal Disease,7,3
HC15992,10,5/21/2024,Food Poisoning,3,5
HC15993,7,11/19/2024,Typhoid,39,3
HC15994,10,8/25/2025,Typhoid,20,4
HC15995,21,7/1/2025,Typhoid,10,2
HC15996,19,6/7/2025,Typhoid,29,2
HC15997,16,2/15/2024,Typhoid,23,4
HC15998,20,2/28/2024,Typhoid,6,2
HC15999,24,6/20/2025,Typhoid,1,4
HC16000,13,6/27/2024,Typhoid,35,2
HC16001,16,11/27/2024,Typhoid,23,5
HC16002,3,11/6/2025,Diarrheal Disease,37,5
HC16003,17,7/31/2025,Typhoid,20,5
HC16004,14,3/31/2024,Food Poisoning,12,2
HC16005,16,11/1/2025,Diarrheal Disease,26,2
HC16006,20,3/26/2024,Typhoid,30,5
HC16007,21,5/1/2024,Typhoid,19,1
HC16008,19,10/29/2025,Typhoid,38,5
HC16009,20,2/18/2024,Diarrheal Disease,8,5
HC16010,20,8/30/2024,Food Poisoning,21,3
HC16011,18,1/13/2024,Typhoid,29,3
HC16012,22,3/22/2025,Food Poisoning,35,2
HC16013,8,3/10/2024,Typhoid,26,2
HC16014,18,3/9/2025,Diarrheal Disease,32,4
HC16015,12,6/30/2025,Food Poisoning,5,4
HC16016,16,8/5/2024,Diarrheal Disease,18,4
HC16017,10,2/17/2025,Diarrheal Disease,17,2
HC16018,17,4/3/2024,Typhoid,9,1
HC16019,7,7/30/2025,Diarrheal Disease,37,1
HC16020,11,8/14/2025,Typhoid,12,2
HC16021,18,1/16/2025,Food Poisoning,22,1
HC16022,19,5/1/2024,Typhoid,23,3
HC16023,3,4/9/2025,Diarrheal Disease,37,5
HC16024,12,9/8/2024,Diarrheal Disease,28,2
HC16025,16,1/2/2024,Diarrheal Disease,34,3
HC16026,20,12/8/2024,Typhoid,11,5
HC16027,24,9/23/2025,Typhoid,25,2
HC16028,21,1/25/2025,Typhoid,32,1
HC16029,4,6/15/2025,Typhoid,28,5
HC16030,11,2/16/2024,Diarrheal Disease,17,3
HC16031,24,10/1/2025,Typhoid,13,5
HC16032,14,1/11/2025,Food Poisoning,3,1
HC16033,8,7/8/2025,Diarrheal Disease,38,4
HC16034,7,7/30/2024,Typhoid,19,1
HC16035,13,12/14/2025,Typhoid,11,4
HC16036,8,3/16/2025,Typhoid,22,1
HC16037,25,2/6/2025,Diarrheal Disease,35,1
HC16038,13,11/8/2025,Diarrheal Disease,6,2
HC16039,4,1/27/2024,Diarrheal Disease,2,5
HC16040,21,12/13/2025,Typhoid,28,1
HC16041,16,8/25/2024,Food Poisoning,35,3
HC16042,10,5/2/2024,Food Poisoning,11,4
HC16043,25,12/23/2024,Food Poisoning,3,5
HC16044,11,6/16/2025,Typhoid,29,1
HC16045,22,3/18/2024,Food Poisoning,6,2
HC16046,11,7/25/2025,Food Poisoning,27,4
HC16047,15,12/29/2025,Diarrheal Disease,16,3
HC16048,26,9/18/2025,Diarrheal Disease,26,4
HC16049,25,11/19/2024,Food Poisoning,33,4
HC16050,12,2/25/2024,Food Poisoning,7,1
HC16051,11,11/6/2024,Typhoid,24,1
HC16052,7,6/21/2024,Diarrheal Disease,11,2
HC16053,20,4/7/2024,Food Poisoning,31,2
HC16054,13,3/20/2025,Food Poisoning,31,1
HC16055,16,7/22/2024,Diarrheal Disease,25,1
HC16056,8,4/14/2024,Diarrheal Disease,34,3
HC16057,9,9/5/2024,Food Poisoning,13,5
HC16058,1,9/14/2025,Food Poisoning,32,1
HC16059,18,11/20/2024,Typhoid,19,3
HC16060,22,4/20/2024,Typhoid,1,2
HC16061,24,3/3/2024,Diarrheal Disease,21,4
HC16062,8,4/21/2024,Diarrheal Disease,30,4
HC16063,19,1/31/2025,Diarrheal Disease,7,1
HC16064,25,9/25/2025,Typhoid,30,3
HC16065,14,1/4/2025,Typhoid,13,4
HC16066,5,9/10/2024,Typhoid,36,1
HC16067,22,6/27/2024,Typhoid,14,5
HC16068,17,7/21/2024,Typhoid,9,2
HC16069,4,6/11/2024,Food Poisoning,22,2
HC16070,11,8/14/2024,Food Poisoning,19,3
HC16071,6,4/15/2024,Food Poisoning,19,5
HC16072,15,4/30/2025,Diarrheal Disease,18,2
HC16073,1,12/30/2025,Typhoid,33,1
HC16074,26,4/28/2024,Typhoid,29,4
HC16075,20,1/10/2024,Diarrheal Disease,10,3
HC16076,11,6/12/2025,Food Poisoning,9,3
HC16077,10,8/7/2024,Diarrheal Disease,19,2
HC16078,19,11/18/2025,Food Poisoning,2,4
HC16079,23,5/8/2024,Typhoid,20,4
HC16080,17,10/31/2024,Typhoid,31,4
HC16081,22,10/6/2024,Typhoid,21,2
HC16082,12,12/25/2024,Diarrheal Disease,26,3
HC16083,22,5/18/2025,Typhoid,8,1
HC16084,4,9/24/2025,Food Poisoning,3,4
HC16085,1,7/7/2025,Food Poisoning,7,2
HC16086,6,7/23/2024,Diarrheal Disease,4,5
HC16087,17,5/31/2024,Food Poisoning,19,2
HC16088,12,8/9/2025,Food Poisoning,36,3
HC16089,12,7/28/2024,Food Poisoning,9,1
HC16090,5,5/17/2024,Diarrheal Disease,15,2
HC16091,25,1/2/2024,Food Poisoning,25,3
HC16092,12,5/4/2024,Food Poisoning,33,4
HC16093,7,12/16/2024,Food Poisoning,36,1
HC16094,15,2/6/2024,Typhoid,26,4
HC16095,11,9/23/2024,Food Poisoning,3,3
HC16096,24,3/21/2025,Diarrheal Disease,11,5
HC16097,24,5/25/2025,Typhoid,9,3
HC16098,19,4/22/2025,Typhoid,32,5
HC16099,11,12/27/2025,Food Poisoning,8,3
HC16100,17,10/20/2024,Diarrheal Disease,26,3
HC16101,6,8/1/2024,Food Poisoning,32,3
HC16102,17,12/20/2025,Food Poisoning,33,4
HC16103,17,9/12/2025,Typhoid,28,2
HC16104,20,7/24/2025,Food Poisoning,5,5
HC16105,14,8/29/2024,Food Poisoning,34,1
HC16106,20,12/9/2025,Diarrheal Disease,8,3
HC16107,17,3/5/2024,Food Poisoning,5,5
HC16108,15,3/19/2025,Food Poisoning,31,4
HC16109,21,12/11/2024,Typhoid,1,3
HC16110,3,11/10/2024,Diarrheal Disease,21,5
HC16111,18,7/29/2024,Typhoid,15,3
HC16112,10,3/25/2025,Typhoid,8,4
HC16113,1,6/8/2024,Food Poisoning,38,3
HC16114,4,2/27/2025,Diarrheal Disease,32,1
HC16115,16,3/9/2024,Food Poisoning,28,5
HC16116,11,1/26/2025,Diarrheal Disease,5,4
HC16117,4,6/8/2024,Diarrheal Disease,2,5
HC16118,12,3/23/2025,Food Poisoning,8,5
HC16119,16,12/23/2024,Food Poisoning,2,3
HC16120,22,6/6/2025,Typhoid,31,5
HC16121,11,10/10/2025,Diarrheal Disease,3,4
HC16122,12,11/12/2024,Diarrheal Disease,3,1
HC16123,8,10/30/2025,Food Poisoning,15,5
HC16124,24,4/30/2024,Typhoid,35,1
HC16125,12,10/16/2024,Typhoid,30,1
HC16126,3,9/5/2025,Food Poisoning,9,5
HC16127,10,12/12/2025,Typhoid,22,4
HC16128,2,12/11/2025,Diarrheal Disease,10,1
HC16129,19,2/13/2024,Diarrheal Disease,25,2
HC16130,11,10/26/2024,Food Poisoning,21,3
HC16131,22,3/15/2025,Food Poisoning,24,4
HC16132,19,5/25/2025,Typhoid,16,3
HC16133,15,6/11/2025,Diarrheal Disease,1,1
HC16134,11,1/28/2025,Typhoid,9,3
HC16135,19,2/28/2024,Diarrheal Disease,36,3
HC16136,16,12/2/2024,Diarrheal Disease,19,1
HC16137,12,10/25/2024,Typhoid,20,1
HC16138,20,6/4/2024,Diarrheal Disease,22,5
HC16139,13,7/22/2025,Diarrheal Disease,7,1
HC16140,4,4/15/2025,Typhoid,33,2
HC16141,19,11/6/2025,Typhoid,6,1
HC16142,6,4/6/2025,Diarrheal Disease,20,3
HC16143,1,6/30/2024,Diarrheal Disease,20,3
HC16144,19,12/28/2025,Diarrheal Disease,24,4
HC16145,1,8/22/2024,Food Poisoning,38,1
HC16146,10,9/12/2025,Typhoid,36,3
HC16147,25,2/28/2024,Food Poisoning,15,1
HC16148,14,5/25/2025,Food Poisoning,21,5
HC16149,15,1/14/2025,Typhoid,18,2
HC16150,7,2/4/2024,Food Poisoning,3,2
HC16151,18,7/5/2024,Diarrheal Disease,13,5
HC16152,26,7/10/2024,Food Poisoning,38,2
HC16153,25,12/4/2025,Diarrheal Disease,36,3
HC16154,24,5/10/2024,Food Poisoning,3,1
HC16155,1,8/29/2024,Food Poisoning,21,3
HC16156,4,1/1/2024,Typhoid,23,4
HC16157,14,10/3/2025,Diarrheal Disease,33,5
HC16158,15,9/25/2025,Typhoid,29,4
HC16159,19,6/24/2025,Diarrheal Disease,18,3
HC16160,5,3/23/2025,Diarrheal Disease,33,4
HC16161,14,11/27/2024,Diarrheal Disease,38,1
HC16162,12,6/2/2024,Typhoid,14,4
HC16163,7,10/11/2025,Diarrheal Disease,2,3
HC16164,13,1/18/2024,Food Poisoning,16,3
HC16165,7,1/26/2025,Diarrheal Disease,18,3
HC16166,11,10/27/2024,Typhoid,11,4
HC16167,24,10/13/2025,Typhoid,18,5
HC16168,24,8/23/2025,Typhoid,5,2
HC16169,19,4/10/2025,Typhoid,14,1
HC16170,16,11/3/2024,Food Poisoning,13,1
HC16171,6,5/6/2025,Typhoid,7,1
HC16172,3,11/13/2025,Food Poisoning,28,1
HC16173,16,5/10/2025,Diarrheal Disease,12,5
HC16174,17,7/3/2024,Typhoid,13,3
HC16175,16,5/28/2025,Typhoid,34,4
HC16176,2,3/2/2025,Typhoid,25,2
HC16177,14,2/12/2024,Diarrheal Disease,39,1
HC16178,5,7/22/2024,Typhoid,35,1
HC16179,26,6/13/2024,Typhoid,28,1
HC16180,1,6/13/2024,Food Poisoning,2,1
HC16181,18,4/26/2024,Diarrheal Disease,28,5
HC16182,17,5/18/2024,Diarrheal Disease,8,2
HC16183,10,7/3/2025,Food Poisoning,3,3
HC16184,8,1/27/2024,Food Poisoning,15,3
HC16185,12,4/3/2025,Diarrheal Disease,12,3
HC16186,3,3/1/2025,Food Poisoning,10,4
HC16187,5,7/25/2025,Food Poisoning,5,1
HC16188,10,4/26/2024,Diarrheal Disease,29,5
HC16189,14,12/31/2025,Food Poisoning,10,5
HC16190,15,6/6/2024,Food Poisoning,20,5
HC16191,18,7/11/2025,Diarrheal Disease,6,3
HC16192,16,10/30/2024,Food Poisoning,12,2
HC16193,6,11/12/2025,Typhoid,15,3
HC16194,11,1/28/2025,Diarrheal Disease,17,3
HC16195,8,6/17/2025,Diarrheal Disease,21,3
HC16196,11,7/7/2025,Food Poisoning,9,4
HC16197,4,5/9/2025,Typhoid,10,3
HC16198,3,8/20/2024,Typhoid,35,3
HC16199,20,7/30/2025,Typhoid,19,1
HC16200,2,4/27/2024,Typhoid,30,4
HC16201,26,1/5/2025,Food Poisoning,8,4
HC16202,19,6/7/2025,Diarrheal Disease,22,2
HC16203,23,1/23/2025,Typhoid,29,3
HC16204,21,3/11/2024,Food Poisoning,3,4
HC16205,1,12/4/2025,Diarrheal Disease,37,3
HC16206,11,2/17/2024,Diarrheal Disease,5,2
HC16207,8,6/12/2024,Food Poisoning,5,5
HC16208,8,11/23/2025,Food Poisoning,12,2
HC16209,24,1/26/2025,Diarrheal Disease,20,1
HC16210,11,7/17/2024,Diarrheal Disease,12,5
HC16211,6,4/4/2024,Food Poisoning,32,5
HC16212,10,10/19/2024,Diarrheal Disease,24,3
HC16213,8,8/4/2024,Food Poisoning,33,1
HC16214,3,4/9/2025,Food Poisoning,21,4
HC16215,25,11/26/2024,Diarrheal Disease,12,1
HC16216,14,5/14/2025,Typhoid,39,2
HC16217,20,6/12/2025,Food Poisoning,36,3
HC16218,8,1/4/2024,Food Poisoning,25,5
HC16219,16,5/5/2024,Typhoid,1,4
HC16220,6,7/5/2024,Diarrheal Disease,28,1
HC16221,25,8/22/2025,Typhoid,32,5
HC16222,19,9/11/2025,Typhoid,18,3
HC16223,23,6/3/2025,Typhoid,21,5
HC16224,19,4/25/2025,Diarrheal Disease,18,2
HC16225,8,12/14/2025,Food Poisoning,4,1
HC16226,7,6/2/2024,Typhoid,8,1
HC16227,18,12/9/2025,Diarrheal Disease,5,5
HC16228,26,9/6/2025,Typhoid,21,5
HC16229,12,4/29/2024,Food Poisoning,18,5
HC16230,18,4/27/2025,Diarrheal Disease,15,2
HC16231,18,4/17/2025,Diarrheal Disease,25,1
HC16232,18,8/26/2025,Typhoid,21,4
HC16233,8,10/27/2024,Food Poisoning,17,4
HC16234,26,11/19/2025,Typhoid,2,3
HC16235,9,1/8/2025,Diarrheal Disease,7,5
HC16236,10,8/13/2024,Diarrheal Disease,10,5
HC16237,20,11/12/2024,Typhoid,39,2
HC16238,25,12/11/2025,Typhoid,15,1
HC16239,1,8/30/2024,Diarrheal Disease,38,3
HC16240,5,9/26/2024,Food Poisoning,11,4
HC16241,5,11/30/2024,Typhoid,36,1
HC16242,11,9/23/2024,Food Poisoning,22,1
HC16243,5,10/24/2025,Food Poisoning,10,3
HC16244,5,6/4/2025,Diarrheal Disease,14,3
HC16245,23,2/11/2025,Diarrheal Disease,18,4
HC16246,22,2/25/2025,Food Poisoning,2,2
HC16247,11,2/17/2024,Diarrheal Disease,13,2
HC16248,5,8/19/2025,Typhoid,9,3
HC16249,15,1/19/2024,Typhoid,21,5
HC16250,25,12/3/2025,Diarrheal Disease,2,3
HC16251,3,12/6/2024,Diarrheal Disease,18,3
HC16252,8,10/3/2025,Diarrheal Disease,32,3
HC16253,17,9/12/2024,Typhoid,18,5
HC16254,25,11/2/2025,Typhoid,36,5
HC16255,9,2/25/2024,Food Poisoning,32,1
HC16256,16,10/3/2025,Food Poisoning,27,3
HC16257,13,4/2/2024,Typhoid,26,1
HC16258,4,9/26/2025,Typhoid,19,1
HC16259,26,1/22/2025,Diarrheal Disease,23,2
HC16260,25,12/2/2024,Typhoid,4,4
HC16261,16,9/28/2025,Diarrheal Disease,2,1
HC16262,19,9/7/2025,Food Poisoning,5,5
HC16263,10,11/29/2024,Typhoid,26,1
HC16264,18,12/7/2025,Diarrheal Disease,10,1
HC16265,4,3/26/2025,Food Poisoning,4,4
HC16266,3,2/18/2025,Diarrheal Disease,29,5
HC16267,16,10/13/2024,Diarrheal Disease,37,4
HC16268,6,6/15/2024,Food Poisoning,35,2
HC16269,22,6/16/2024,Typhoid,22,5
HC16270,13,1/8/2024,Diarrheal Disease,30,4
HC16271,9,7/27/2024,Typhoid,18,2
HC16272,25,2/6/2024,Food Poisoning,12,3
HC16273,3,10/11/2024,Food Poisoning,13,5
HC16274,9,11/23/2025,Typhoid,27,4
HC16275,4,12/25/2024,Diarrheal Disease,14,3
HC16276,14,11/2/2025,Diarrheal Disease,22,3
HC16277,9,6/3/2025,Typhoid,30,1
HC16278,13,6/25/2025,Diarrheal Disease,39,4
HC16279,2,11/18/2025,Diarrheal Disease,11,4
HC16280,18,9/6/2024,Typhoid,25,5
HC16281,1,8/15/2025,Typhoid,37,1
HC16282,7,2/24/2025,Diarrheal Disease,10,1
HC16283,18,1/24/2024,Diarrheal Disease,3,3
HC16284,11,3/2/2024,Typhoid,29,1
HC16285,5,7/9/2024,Food Poisoning,22,1
HC16286,13,5/18/2025,Food Poisoning,2,3
HC16287,14,8/26/2025,Typhoid,25,2
HC16288,1,11/9/2025,Food Poisoning,31,3
HC16289,26,3/27/2024,Typhoid,3,4
HC16290,25,4/21/2024,Diarrheal Disease,17,4
HC16291,15,7/31/2024,Typhoid,8,4
HC16292,3,1/26/2024,Typhoid,39,4
HC16293,25,1/10/2024,Food Poisoning,1,4
HC16294,12,3/16/2024,Food Poisoning,28,4
HC16295,16,10/26/2024,Typhoid,1,5
HC16296,17,3/2/2024,Food Poisoning,20,4
HC16297,9,8/13/2024,Diarrheal Disease,19,3
HC16298,18,1/3/2025,Food Poisoning,29,5
HC16299,7,2/14/2025,Diarrheal Disease,1,1
HC16300,2,5/26/2025,Diarrheal Disease,39,3
HC16301,17,7/5/2024,Food Poisoning,16,1
HC16302,23,12/3/2024,Diarrheal Disease,6,2
HC16303,19,2/22/2025,Diarrheal Disease,35,1
HC16304,23,12/7/2024,Typhoid,12,3
HC16305,10,8/25/2024,Food Poisoning,36,2
HC16306,24,4/14/2025,Diarrheal Disease,4,3
HC16307,23,3/3/2025,Typhoid,20,3
HC16308,3,10/14/2024,Typhoid,32,4
HC16309,5,8/22/2024,Food Poisoning,27,1
HC16310,10,7/26/2024,Typhoid,32,5
HC16311,25,5/11/2024,Food Poisoning,4,2
HC16312,12,3/19/2024,Food Poisoning,36,3
HC16313,12,2/28/2024,Food Poisoning,13,3
HC16314,1,2/24/2024,Typhoid,35,3
HC16315,13,6/5/2025,Food Poisoning,31,2
HC16316,1,12/10/2025,Food Poisoning,5,1
HC16317,6,5/6/2024,Food Poisoning,5,2
HC16318,7,3/20/2025,Diarrheal Disease,31,5
HC16319,14,4/15/2024,Diarrheal Disease,35,2
HC16320,26,7/2/2025,Typhoid,25,2
HC16321,12,12/14/2025,Typhoid,19,5
HC16322,1,4/17/2025,Diarrheal Disease,38,5
HC16323,19,7/15/2024,Food Poisoning,3,3
HC16324,2,5/13/2025,Food Poisoning,29,5
HC16325,18,11/15/2024,Food Poisoning,37,3
HC16326,2,2/12/2025,Diarrheal Disease,31,2
HC16327,22,1/18/2024,Typhoid,3,3
HC16328,10,11/1/2024,Typhoid,19,4
HC16329,26,11/11/2025,Diarrheal Disease,4,1
HC16330,17,2/19/2024,Typhoid,24,2
HC16331,16,1/26/2025,Typhoid,17,1
HC16332,8,9/18/2024,Diarrheal Disease,12,3
HC16333,22,5/6/2025,Diarrheal Disease,12,2
HC16334,12,2/20/2025,Diarrheal Disease,31,3
HC16335,24,9/17/2024,Food Poisoning,34,5
HC16336,9,1/25/2025,Typhoid,24,1
HC16337,4,8/31/2024,Diarrheal Disease,7,2
HC16338,8,3/18/2024,Diarrheal Disease,5,3
HC16339,14,9/21/2025,Diarrheal Disease,3,1
HC16340,11,5/11/2025,Typhoid,23,1
HC16341,5,2/26/2025,Food Poisoning,18,2
HC16342,17,7/18/2025,Food Poisoning,29,5
HC16343,12,10/25/2025,Diarrheal Disease,20,5
HC16344,1,7/23/2024,Food Poisoning,10,1
HC16345,19,3/19/2025,Typhoid,25,1
HC16346,18,6/21/2024,Diarrheal Disease,4,4
HC16347,22,1/30/2025,Food Poisoning,4,3
HC16348,17,5/16/2024,Food Poisoning,15,5
HC16349,13,3/17/2024,Food Poisoning,3,5
HC16350,25,12/28/2024,Typhoid,7,3
HC16351,23,4/7/2025,Food Poisoning,29,2
HC16352,8,9/3/2024,Diarrheal Disease,8,5
HC16353,15,3/27/2024,Typhoid,35,1
HC16354,3,2/10/2025,Typhoid,19,4
HC16355,14,1/19/2025,Diarrheal Disease,8,5
HC16356,24,12/3/2024,Food Poisoning,39,5
HC16357,16,5/3/2025,Food Poisoning,28,1
HC16358,23,2/4/2025,Food Poisoning,11,3
HC16359,6,7/24/2025,Food Poisoning,30,5
HC16360,13,1/24/2025,Food Poisoning,11,5
HC16361,17,8/22/2024,Diarrheal Disease,4,3
HC16362,25,3/20/2025,Diarrheal Disease,38,4
HC16363,1,9/1/2024,Food Poisoning,5,3
HC16364,24,12/10/2025,Typhoid,34,2
HC16365,14,1/29/2025,Typhoid,30,1
HC16366,9,10/23/2024,Diarrheal Disease,25,3
HC16367,26,10/16/2025,Typhoid,34,1
HC16368,23,3/9/2024,Diarrheal Disease,38,1
HC16369,13,2/2/2025,Food Poisoning,29,4
HC16370,22,11/29/2025,Typhoid,19,3
HC16371,5,7/28/2024,Typhoid,28,3
HC16372,9,4/13/2025,Food Poisoning,25,2
HC16373,16,8/13/2025,Food Poisoning,14,3
HC16374,19,4/7/2024,Diarrheal Disease,23,1
HC16375,20,11/12/2025,Diarrheal Disease,18,5
HC16376,22,9/7/2024,Food Poisoning,35,3
HC16377,3,4/15/2025,Diarrheal Disease,17,4
HC16378,1,3/20/2025,Diarrheal Disease,11,4
HC16379,16,2/16/2024,Typhoid,10,5
HC16380,10,5/28/2025,Food Poisoning,27,1
HC16381,19,12/9/2025,Food Poisoning,30,2
HC16382,11,5/17/2025,Typhoid,8,2
HC16383,2,6/14/2025,Diarrheal Disease,26,5
HC16384,24,4/7/2024,Food Poisoning,12,1
HC16385,22,6/26/2024,Food Poisoning,12,1
HC16386,13,7/1/2024,Typhoid,23,3
HC16387,3,9/7/2024,Diarrheal Disease,19,3
HC16388,25,7/21/2025,Typhoid,28,5
HC16389,8,3/30/2025,Diarrheal Disease,32,3
HC16390,11,5/8/2025,Food Poisoning,7,1
HC16391,17,11/17/2024,Food Poisoning,37,1
HC16392,19,5/3/2024,Typhoid,35,2
HC16393,15,7/17/2024,Food Poisoning,32,4
HC16394,16,4/9/2024,Food Poisoning,27,4
HC16395,13,6/1/2025,Diarrheal Disease,15,4
HC16396,5,4/24/2025,Diarrheal Disease,22,4
HC16397,8,12/10/2024,Diarrheal Disease,2,4
HC16398,5,7/12/2024,Food Poisoning,37,5
HC16399,4,2/19/2024,Diarrheal Disease,2,5
HC16400,22,10/7/2024,Diarrheal Disease,13,5
HC16401,2,9/2/2024,Diarrheal Disease,8,2
HC16402,2,5/20/2024,Diarrheal Disease,8,4
HC16403,4,6/28/2024,Typhoid,27,5
HC16404,6,1/8/2025,Typhoid,33,3
HC16405,10,6/10/2025,Diarrheal Disease,16,1
HC16406,16,10/24/2024,Food Poisoning,19,2
HC16407,25,10/9/2025,Food Poisoning,19,5
HC16408,12,10/11/2025,Food Poisoning,24,3
HC16409,21,8/25/2025,Food Poisoning,39,3
HC16410,9,11/1/2024,Food Poisoning,10,3
HC16411,8,4/6/2024,Typhoid,34,5
HC16412,9,7/12/2024,Diarrheal Disease,25,1
HC16413,5,7/18/2024,Typhoid,15,3
HC16414,6,9/9/2025,Diarrheal Disease,15,2
HC16415,20,8/17/2025,Diarrheal Disease,30,3
HC16416,11,9/18/2024,Food Poisoning,34,3
HC16417,19,1/3/2025,Food Poisoning,20,3
HC16418,11,10/7/2024,Diarrheal Disease,34,5
HC16419,15,4/29/2024,Typhoid,16,1
HC16420,2,11/25/2024,Diarrheal Disease,3,5
HC16421,20,10/27/2025,Diarrheal Disease,14,2
HC16422,21,6/6/2024,Diarrheal Disease,3,2
HC16423,5,10/22/2024,Diarrheal Disease,10,2
HC16424,9,1/6/2025,Diarrheal Disease,15,2
HC16425,3,10/18/2024,Typhoid,4,5
HC16426,19,8/22/2024,Typhoid,20,1
HC16427,22,9/7/2025,Diarrheal Disease,33,5
HC16428,17,1/13/2025,Food Poisoning,1,4
HC16429,6,8/27/2024,Diarrheal Disease,7,3
HC16430,10,8/1/2024,Diarrheal Disease,14,2
HC16431,1,11/14/2025,Diarrheal Disease,14,2
HC16432,3,10/28/2025,Typhoid,30,3
HC16433,20,5/19/2025,Diarrheal Disease,36,4
HC16434,7,3/14/2024,Food Poisoning,9,2
HC16435,23,5/7/2025,Typhoid,2,3
HC16436,25,2/26/2024,Diarrheal Disease,27,3
HC16437,23,1/5/2025,Typhoid,7,1
HC16438,4,12/15/2025,Diarrheal Disease,18,4
HC16439,2,6/27/2025,Typhoid,1,4
HC16440,6,4/5/2025,Typhoid,3,1
HC16441,24,2/1/2025,Typhoid,32,2
HC16442,5,2/12/2024,Diarrheal Disease,23,2
HC16443,10,7/12/2025,Food Poisoning,33,4
HC16444,10,1/18/2024,Typhoid,14,5
HC16445,25,9/10/2024,Diarrheal Disease,1,4
HC16446,10,8/16/2025,Typhoid,13,2
HC16447,9,11/2/2025,Food Poisoning,39,3
HC16448,23,7/21/2024,Food Poisoning,36,4
HC16449,19,9/3/2025,Typhoid,10,2
HC16450,9,9/1/2025,Typhoid,6,3
HC16451,1,9/26/2025,Food Poisoning,22,5
HC16452,14,1/23/2024,Food Poisoning,19,5
HC16453,12,10/30/2024,Diarrheal Disease,8,2
HC16454,14,3/14/2025,Typhoid,31,5
HC16455,19,9/16/2025,Typhoid,37,4
HC16456,24,8/17/2024,Diarrheal Disease,15,3
HC16457,11,1/12/2025,Typhoid,39,4
HC16458,19,3/18/2025,Food Poisoning,7,2
HC16459,23,5/24/2024,Typhoid,19,1
HC16460,15,1/22/2024,Diarrheal Disease,10,2
HC16461,15,1/20/2025,Diarrheal Disease,29,3
HC16462,9,8/23/2025,Food Poisoning,6,5
HC16463,19,5/20/2025,Diarrheal Disease,38,4
HC16464,13,12/6/2025,Food Poisoning,24,1
HC16465,16,7/23/2024,Food Poisoning,24,2
HC16466,24,4/15/2024,Diarrheal Disease,5,4
HC16467,26,6/5/2024,Diarrheal Disease,32,4
HC16468,12,6/16/2024,Typhoid,15,4
HC16469,14,12/21/2025,Food Poisoning,26,5
HC16470,22,8/9/2024,Food Poisoning,37,4
HC16471,8,3/9/2024,Typhoid,19,2
HC16472,18,8/24/2024,Food Poisoning,38,1
HC16473,10,5/26/2024,Typhoid,2,4
HC16474,22,4/16/2024,Food Poisoning,20,3
HC16475,21,12/12/2025,Diarrheal Disease,5,2
HC16476,25,5/5/2024,Typhoid,7,4
HC16477,15,11/23/2025,Diarrheal Disease,30,1
HC16478,23,7/29/2025,Food Poisoning,23,1
HC16479,18,2/22/2025,Typhoid,37,5
HC16480,7,5/31/2024,Diarrheal Disease,32,5
HC16481,5,2/9/2025,Food Poisoning,38,3
HC16482,26,8/5/2024,Food Poisoning,10,1
HC16483,15,7/30/2025,Diarrheal Disease,1,1
HC16484,4,1/21/2024,Food Poisoning,17,3
HC16485,20,11/9/2024,Food Poisoning,13,1
HC16486,3,3/2/2024,Food Poisoning,38,1
HC16487,18,1/12/2024,Diarrheal Disease,1,3
HC16488,3,2/1/2024,Food Poisoning,35,5
HC16489,26,6/28/2025,Diarrheal Disease,15,4
HC16490,23,3/17/2024,Diarrheal Disease,34,3
HC16491,23,6/27/2024,Diarrheal Disease,35,5
HC16492,8,11/2/2024,Diarrheal Disease,38,3
HC16493,15,12/28/2025,Food Poisoning,2,2
HC16494,17,6/19/2025,Diarrheal Disease,19,5
HC16495,14,3/2/2025,Food Poisoning,29,4
HC16496,4,9/20/2024,Typhoid,21,1
HC16497,26,11/19/2024,Typhoid,8,5
HC16498,11,3/12/2024,Food Poisoning,17,5
HC16499,14,7/4/2025,Typhoid,10,4
HC16500,3,8/28/2024,Typhoid,33,2
HC16501,20,2/18/2025,Food Poisoning,6,1
HC16502,26,12/8/2025,Typhoid,37,1
HC16503,22,9/14/2025,Diarrheal Disease,26,5
HC16504,22,9/12/2024,Food Poisoning,27,1
HC16505,19,3/23/2024,Typhoid,38,5
HC16506,14,6/8/2025,Food Poisoning,7,5
HC16507,1,4/6/2025,Diarrheal Disease,13,3
HC16508,21,9/9/2025,Food Poisoning,39,3
HC16509,5,4/7/2024,Diarrheal Disease,15,5
HC16510,17,5/9/2024,Diarrheal Disease,16,3
HC16511,12,6/19/2024,Diarrheal Disease,35,1
HC16512,3,7/19/2025,Food Poisoning,3,4
HC16513,11,7/2/2025,Food Poisoning,12,3
HC16514,21,1/5/2025,Diarrheal Disease,4,2
HC16515,11,5/9/2024,Food Poisoning,38,4
HC16516,13,4/26/2024,Food Poisoning,30,3
HC16517,14,7/3/2025,Food Poisoning,4,1
HC16518,19,6/15/2025,Typhoid,29,1
HC16519,1,3/23/2025,Food Poisoning,3,3
HC16520,2,1/21/2024,Food Poisoning,36,2
HC16521,22,11/18/2024,Diarrheal Disease,38,4
HC16522,9,7/13/2024,Food Poisoning,21,5
HC16523,4,10/17/2025,Diarrheal Disease,39,3
HC16524,21,4/17/2025,Diarrheal Disease,22,3
HC16525,7,11/3/2025,Food Poisoning,24,2
HC16526,12,4/21/2024,Diarrheal Disease,4,2
HC16527,4,5/17/2025,Food Poisoning,24,2
HC16528,11,12/28/2025,Typhoid,1,1
HC16529,24,9/20/2024,Typhoid,11,5
HC16530,26,6/7/2024,Typhoid,11,4
HC16531,1,6/4/2024,Typhoid,9,4
HC16532,11,8/11/2024,Food Poisoning,20,4
HC16533,23,7/12/2024,Typhoid,36,5
HC16534,8,5/16/2025,Typhoid,19,4
HC16535,14,1/17/2025,Food Poisoning,16,2
HC16536,5,2/15/2025,Diarrheal Disease,28,4
HC16537,25,4/10/2025,Food Poisoning,18,5
HC16538,21,1/6/2025,Diarrheal Disease,37,4
HC16539,15,2/28/2024,Typhoid,25,1
HC16540,20,4/14/2024,Typhoid,34,1
HC16541,15,5/28/2025,Diarrheal Disease,11,2
HC16542,23,2/17/2025,Typhoid,14,1
HC16543,21,4/9/2025,Food Poisoning,4,1
HC16544,8,7/17/2025,Diarrheal Disease,2,1
HC16545,2,3/14/2024,Typhoid,23,2
HC16546,3,7/22/2025,Food Poisoning,19,3
HC16547,7,1/25/2024,Food Poisoning,12,5
HC16548,14,8/21/2025,Food Poisoning,32,5
HC16549,1,10/13/2024,Diarrheal Disease,6,4
HC16550,10,3/9/2024,Food Poisoning,30,1
HC16551,15,9/6/2025,Food Poisoning,10,3
HC16552,1,12/24/2025,Food Poisoning,20,2
HC16553,13,9/23/2024,Food Poisoning,27,5
HC16554,26,1/18/2024,Food Poisoning,36,5
HC16555,14,10/14/2024,Food Poisoning,23,5
HC16556,19,7/17/2025,Typhoid,38,3
HC16557,4,10/25/2025,Food Poisoning,15,1
HC16558,19,9/30/2025,Typhoid,11,4
HC16559,3,1/1/2024,Typhoid,29,5
HC16560,25,10/4/2024,Food Poisoning,17,4
HC16561,6,9/4/2024,Typhoid,11,3
HC16562,8,2/3/2025,Typhoid,4,2
HC16563,1,12/25/2024,Typhoid,20,5
HC16564,20,10/22/2025,Food Poisoning,5,4
HC16565,10,7/19/2024,Food Poisoning,37,3
HC16566,17,12/3/2024,Diarrheal Disease,38,4
HC16567,26,3/30/2024,Diarrheal Disease,22,4
HC16568,26,9/18/2025,Food Poisoning,5,4
HC16569,17,5/24/2025,Typhoid,19,3
HC16570,19,1/18/2024,Diarrheal Disease,36,2
HC16571,13,2/9/2025,Typhoid,1,4
HC16572,26,10/6/2024,Food Poisoning,33,5
HC16573,25,9/11/2025,Typhoid,2,4
HC16574,23,3/15/2025,Diarrheal Disease,35,4
HC16575,23,3/11/2024,Diarrheal Disease,3,4
HC16576,24,10/23/2025,Food Poisoning,30,3
HC16577,3,10/9/2025,Typhoid,19,1
HC16578,24,8/13/2025,Typhoid,17,5
HC16579,7,6/5/2024,Typhoid,36,1
HC16580,7,4/4/2024,Typhoid,10,4
HC16581,13,8/17/2024,Diarrheal Disease,7,3
HC16582,10,10/24/2024,Typhoid,2,1
HC16583,2,1/16/2024,Food Poisoning,30,3
HC16584,12,4/17/2025,Diarrheal Disease,7,2
HC16585,1,2/8/2024,Typhoid,21,2
HC16586,16,7/26/2025,Typhoid,31,3
HC16587,4,6/15/2024,Food Poisoning,24,4
HC16588,2,1/18/2024,Diarrheal Disease,13,1
HC16589,13,4/4/2024,Diarrheal Disease,16,5
HC16590,2,11/16/2024,Typhoid,25,5
HC16591,24,3/1/2024,Typhoid,14,2
HC16592,14,1/24/2024,Food Poisoning,19,2
HC16593,22,6/2/2024,Typhoid,8,5
HC16594,22,10/20/2025,Diarrheal Disease,30,5
HC16595,14,6/4/2024,Diarrheal Disease,3,1
HC16596,26,5/1/2025,Typhoid,20,1
HC16597,13,3/25/2024,Food Poisoning,11,1
HC16598,15,8/30/2025,Typhoid,22,3
HC16599,5,4/3/2025,Food Poisoning,1,4
HC16600,22,4/23/2025,Typhoid,26,1
HC16601,18,6/6/2025,Food Poisoning,38,2
HC16602,3,2/19/2025,Food Poisoning,3,2
HC16603,18,9/22/2025,Diarrheal Disease,26,2
HC16604,3,3/15/2025,Diarrheal Disease,13,1
HC16605,26,8/18/2024,Typhoid,23,2
HC16606,22,3/21/2024,Diarrheal Disease,26,5
HC16607,16,10/15/2024,Typhoid,6,5
HC16608,15,6/29/2025,Typhoid,17,1
HC16609,13,2/12/2025,Food Poisoning,20,4
HC16610,9,3/22/2024,Typhoid,35,2
HC16611,8,2/9/2025,Typhoid,28,1
HC16612,12,2/21/2025,Diarrheal Disease,3,1
HC16613,25,12/6/2025,Typhoid,12,4
HC16614,20,11/21/2025,Typhoid,38,4
HC16615,16,12/26/2025,Food Poisoning,26,1
HC16616,25,8/25/2024,Typhoid,25,4
HC16617,2,5/27/2025,Diarrheal Disease,39,4
HC16618,8,4/13/2024,Food Poisoning,4,4
HC16619,14,6/25/2025,Food Poisoning,34,2
HC16620,11,10/25/2024,Diarrheal Disease,11,5
HC16621,18,11/5/2024,Diarrheal Disease,10,4
HC16622,15,7/16/2025,Diarrheal Disease,11,2
HC16623,17,11/11/2024,Typhoid,24,1
HC16624,21,12/17/2024,Food Poisoning,7,2
HC16625,19,7/25/2025,Food Poisoning,30,5
HC16626,2,3/31/2024,Typhoid,36,5
HC16627,15,5/7/2025,Food Poisoning,22,5
HC16628,22,1/31/2025,Diarrheal Disease,27,5
HC16629,24,9/2/2024,Food Poisoning,14,5
HC16630,22,10/5/2024,Diarrheal Disease,37,4
HC16631,5,9/22/2025,Typhoid,10,5
HC16632,5,3/12/2024,Typhoid,17,5
HC16633,11,2/7/2025,Typhoid,24,4
HC16634,10,3/2/2025,Diarrheal Disease,18,5
HC16635,17,10/24/2025,Food Poisoning,5,1
HC16636,15,3/21/2025,Diarrheal Disease,2,1
HC16637,18,8/23/2024,Diarrheal Disease,10,2
HC16638,6,7/13/2024,Typhoid,2,5
HC16639,21,4/19/2024,Diarrheal Disease,32,2
HC16640,20,8/7/2024,Diarrheal Disease,22,1
HC16641,6,10/20/2025,Typhoid,16,1
HC16642,18,10/8/2025,Typhoid,14,5
HC16643,23,8/27/2025,Typhoid,7,3
HC16644,8,2/28/2025,Diarrheal Disease,4,4
HC16645,6,9/10/2025,Typhoid,30,2
HC16646,5,4/30/2025,Diarrheal Disease,28,5
HC16647,6,5/15/2025,Diarrheal Disease,2,5
HC16648,18,7/8/2024,Food Poisoning,31,2
HC16649,7,9/21/2025,Food Poisoning,25,5
HC16650,4,6/3/2024,Food Poisoning,32,4
HC16651,23,1/7/2025,Diarrheal Disease,7,1
HC16652,11,3/20/2025,Food Poisoning,9,5
HC16653,6,7/6/2024,Diarrheal Disease,8,3
HC16654,20,9/27/2025,Diarrheal Disease,23,4
HC16655,23,9/23/2024,Diarrheal Disease,34,2
HC16656,1,1/11/2025,Diarrheal Disease,18,3
HC16657,18,1/11/2025,Diarrheal Disease,39,3
HC16658,25,3/27/2024,Diarrheal Disease,33,3
HC16659,25,1/10/2024,Typhoid,9,1
HC16660,5,11/6/2024,Food Poisoning,20,1
HC16661,14,2/13/2024,Diarrheal Disease,25,3
HC16662,5,8/2/2025,Typhoid,33,1
HC16663,20,3/25/2025,Typhoid,13,1
HC16664,2,5/28/2025,Typhoid,3,1
HC16665,17,1/20/2025,Typhoid,37,1
HC16666,9,2/8/2025,Typhoid,24,1
HC16667,20,8/22/2024,Typhoid,8,4
HC16668,7,2/14/2025,Diarrheal Disease,38,4
HC16669,17,10/25/2024,Diarrheal Disease,29,5
HC16670,4,10/12/2024,Food Poisoning,31,5
HC16671,22,5/21/2024,Diarrheal Disease,28,3
HC16672,1,9/17/2025,Typhoid,22,2
HC16673,8,4/4/2024,Typhoid,1,1
HC16674,7,12/16/2025,Typhoid,18,3
HC16675,4,11/4/2025,Diarrheal Disease,25,2
HC16676,8,8/13/2024,Diarrheal Disease,26,1
HC16677,9,3/14/2025,Diarrheal Disease,31,3
HC16678,8,5/8/2025,Diarrheal Disease,31,5
HC16679,20,2/10/2025,Typhoid,27,4
HC16680,1,2/11/2025,Diarrheal Disease,5,2
HC16681,26,10/24/2024,Food Poisoning,3,2
HC16682,7,7/6/2024,Food Poisoning,33,5
HC16683,18,5/17/2024,Typhoid,22,2
HC16684,12,11/19/2024,Diarrheal Disease,34,3
HC16685,11,12/12/2025,Typhoid,3,5
HC16686,15,6/20/2024,Diarrheal Disease,10,3
HC16687,2,7/2/2025,Typhoid,21,2
HC16688,3,4/16/2025,Typhoid,12,5
HC16689,22,10/12/2024,Diarrheal Disease,35,1
HC16690,19,4/22/2025,Food Poisoning,28,4
HC16691,13,12/5/2025,Food Poisoning,2,1
HC16692,8,9/6/2024,Food Poisoning,8,4
HC16693,16,5/18/2025,Diarrheal Disease,2,1
HC16694,19,11/21/2025,Diarrheal Disease,26,5
HC16695,17,5/10/2024,Food Poisoning,4,1
HC16696,25,1/30/2024,Diarrheal Disease,20,5
HC16697,5,4/1/2025,Food Poisoning,10,1
HC16698,21,12/5/2025,Typhoid,4,3
HC16699,20,7/29/2025,Food Poisoning,35,4
HC16700,1,7/21/2024,Typhoid,36,1
HC16701,21,8/3/2025,Diarrheal Disease,39,4
HC16702,6,5/18/2025,Diarrheal Disease,1,2
HC16703,3,1/22/2025,Food Poisoning,20,5
HC16704,17,2/16/2025,Typhoid,15,2
HC16705,20,6/17/2025,Diarrheal Disease,19,4
HC16706,24,7/19/2025,Food Poisoning,29,5
HC16707,7,6/5/2024,Typhoid,14,2
HC16708,7,4/22/2025,Diarrheal Disease,23,5
HC16709,16,1/29/2024,Diarrheal Disease,14,1
HC16710,19,2/12/2025,Typhoid,5,3
HC16711,15,7/6/2024,Diarrheal Disease,4,1
HC16712,22,7/9/2025,Diarrheal Disease,36,3
HC16713,1,10/15/2025,Typhoid,10,1
HC16714,17,4/24/2025,Diarrheal Disease,18,3
HC16715,25,2/4/2024,Diarrheal Disease,13,3
HC16716,1,4/4/2025,Diarrheal Disease,11,2
HC16717,13,7/16/2025,Food Poisoning,7,2
HC16718,16,2/24/2024,Diarrheal Disease,17,3
HC16719,20,3/3/2025,Food Poisoning,13,4
HC16720,6,10/26/2024,Typhoid,15,2
HC16721,25,1/9/2024,Diarrheal Disease,27,1
HC16722,16,3/26/2024,Typhoid,38,2
HC16723,17,11/18/2024,Diarrheal Disease,19,2
HC16724,17,2/13/2024,Diarrheal Disease,39,2
HC16725,9,7/14/2025,Diarrheal Disease,4,2
HC16726,21,3/9/2025,Typhoid,5,4
HC16727,11,2/21/2024,Diarrheal Disease,27,1
HC16728,19,11/20/2024,Typhoid,7,2
HC16729,4,8/3/2025,Diarrheal Disease,3,5
HC16730,14,4/24/2024,Diarrheal Disease,10,3
HC16731,14,8/6/2024,Diarrheal Disease,13,5
HC16732,26,9/29/2025,Typhoid,4,1
HC16733,14,10/4/2024,Diarrheal Disease,29,1
HC16734,16,8/2/2024,Typhoid,7,3
HC16735,2,7/24/2025,Diarrheal Disease,16,4
HC16736,7,5/25/2024,Typhoid,16,5
HC16737,5,8/19/2024,Typhoid,16,1
HC16738,24,12/26/2025,Typhoid,9,3
HC16739,14,1/24/2025,Typhoid,23,3
HC16740,21,5/20/2024,Typhoid,4,2
HC16741,15,2/18/2024,Food Poisoning,7,1
HC16742,19,12/4/2025,Diarrheal Disease,38,5
HC16743,8,5/31/2024,Diarrheal Disease,8,2
HC16744,10,1/13/2025,Food Poisoning,13,2
HC16745,8,1/21/2025,Food Poisoning,7,3
HC16746,7,9/9/2025,Diarrheal Disease,15,2
HC16747,14,11/13/2025,Diarrheal Disease,25,2
HC16748,4,12/19/2025,Diarrheal Disease,30,5
HC16749,24,10/28/2025,Typhoid,38,2
HC16750,9,11/26/2024,Typhoid,30,3
HC16751,6,10/27/2025,Diarrheal Disease,29,1
HC16752,16,5/1/2025,Diarrheal Disease,26,4
HC16753,7,3/26/2025,Typhoid,36,1
HC16754,4,11/29/2024,Diarrheal Disease,31,1
HC16755,26,11/18/2025,Food Poisoning,10,2
HC16756,16,1/9/2024,Food Poisoning,4,1
HC16757,9,3/23/2025,Typhoid,2,5
HC16758,15,5/1/2025,Typhoid,9,1
HC16759,6,6/5/2024,Diarrheal Disease,12,2
HC16760,20,4/5/2025,Typhoid,4,5
HC16761,10,12/2/2024,Diarrheal Disease,23,4
HC16762,26,2/25/2024,Typhoid,15,3
HC16763,11,7/23/2025,Diarrheal Disease,30,1
HC16764,20,10/13/2025,Food Poisoning,17,2
HC16765,4,3/23/2024,Food Poisoning,38,4
HC16766,14,6/17/2024,Food Poisoning,29,5
HC16767,9,11/19/2025,Typhoid,22,4
HC16768,22,3/5/2024,Typhoid,25,4
HC16769,8,11/15/2025,Typhoid,27,1
HC16770,8,3/24/2024,Food Poisoning,13,5
HC16771,14,7/15/2025,Diarrheal Disease,8,5
HC16772,9,10/9/2024,Typhoid,27,1
HC16773,13,3/2/2025,Food Poisoning,8,2
HC16774,16,8/8/2025,Typhoid,18,2
HC16775,25,7/12/2024,Diarrheal Disease,13,5
HC16776,12,1/8/2025,Diarrheal Disease,23,4
HC16777,23,2/20/2025,Diarrheal Disease,26,5
HC16778,24,5/26/2025,Diarrheal Disease,6,2
HC16779,5,8/27/2024,Diarrheal Disease,14,2
HC16780,18,11/2/2024,Typhoid,10,1
HC16781,17,11/14/2024,Typhoid,16,2
HC16782,10,5/6/2024,Typhoid,24,4
HC16783,25,2/8/2024,Typhoid,7,1
HC16784,2,1/20/2024,Typhoid,38,3
HC16785,13,4/4/2024,Diarrheal Disease,37,5
HC16786,23,9/15/2024,Diarrheal Disease,22,3
HC16787,14,3/1/2025,Typhoid,29,2
HC16788,2,5/14/2024,Diarrheal Disease,21,2
HC16789,13,11/25/2024,Food Poisoning,13,5
HC16790,23,2/5/2025,Typhoid,33,4
HC16791,12,9/21/2024,Diarrheal Disease,25,2
HC16792,6,11/10/2024,Typhoid,4,5
HC16793,3,8/1/2025,Typhoid,6,3
HC16794,4,3/22/2024,Food Poisoning,34,4
HC16795,8,8/17/2024,Diarrheal Disease,16,4
HC16796,23,12/7/2024,Food Poisoning,10,2
HC16797,26,5/9/2024,Diarrheal Disease,22,2
HC16798,5,5/6/2024,Food Poisoning,16,2
HC16799,6,12/14/2024,Typhoid,9,1
HC16800,5,9/9/2024,Typhoid,1,2
HC16801,5,1/22/2025,Typhoid,2,2
HC16802,14,7/23/2025,Food Poisoning,37,4
HC16803,18,11/18/2025,Food Poisoning,25,5
HC16804,19,8/8/2025,Typhoid,9,4
HC16805,22,7/15/2025,Diarrheal Disease,24,3
HC16806,23,1/17/2025,Typhoid,10,3
HC16807,16,5/7/2025,Diarrheal Disease,32,1
HC16808,8,2/24/2025,Food Poisoning,26,2
HC16809,24,8/7/2024,Diarrheal Disease,6,3
HC16810,2,1/17/2025,Typhoid,33,4
HC16811,19,2/15/2024,Diarrheal Disease,17,1
HC16812,24,5/18/2024,Diarrheal Disease,4,2
HC16813,7,4/19/2024,Food Poisoning,10,1
HC16814,1,1/7/2024,Food Poisoning,20,1
HC16815,12,10/3/2024,Food Poisoning,26,4
HC16816,20,4/7/2024,Diarrheal Disease,11,3
HC16817,24,5/11/2024,Diarrheal Disease,37,5
HC16818,18,3/13/2025,Typhoid,19,3
HC16819,19,6/12/2024,Food Poisoning,29,5
HC16820,17,9/24/2025,Food Poisoning,32,4
HC16821,7,4/16/2024,Diarrheal Disease,5,5
HC16822,10,1/18/2025,Diarrheal Disease,9,3
HC16823,20,12/4/2025,Food Poisoning,8,3
HC16824,12,8/3/2024,Typhoid,26,3
HC16825,12,3/1/2025,Food Poisoning,21,3
HC16826,23,8/3/2025,Diarrheal Disease,19,4
HC16827,10,7/24/2024,Diarrheal Disease,6,1
HC16828,21,5/3/2024,Typhoid,35,2
HC16829,18,12/9/2025,Food Poisoning,8,4
HC16830,11,2/1/2024,Diarrheal Disease,17,4
HC16831,1,7/8/2025,Food Poisoning,15,3
HC16832,20,2/5/2024,Diarrheal Disease,7,1
HC16833,21,1/9/2024,Diarrheal Disease,1,2
HC16834,24,11/11/2025,Diarrheal Disease,20,4
HC16835,8,6/23/2024,Food Poisoning,39,5
HC16836,26,5/27/2025,Food Poisoning,17,1
HC16837,18,7/6/2024,Diarrheal Disease,4,3
HC16838,8,4/29/2025,Diarrheal Disease,16,4
HC16839,21,9/10/2024,Typhoid,4,2
HC16840,22,8/10/2024,Diarrheal Disease,39,1
HC16841,24,8/3/2024,Typhoid,37,5
HC16842,4,1/21/2025,Food Poisoning,22,3
HC16843,24,7/11/2025,Food Poisoning,31,2
HC16844,1,7/6/2024,Food Poisoning,8,4
HC16845,13,4/20/2025,Diarrheal Disease,29,1
HC16846,11,5/18/2024,Typhoid,10,5
HC16847,4,12/18/2025,Food Poisoning,13,5
HC16848,1,2/16/2024,Diarrheal Disease,16,3
HC16849,12,12/15/2024,Typhoid,24,3
HC16850,4,12/15/2025,Diarrheal Disease,27,5
HC16851,12,8/10/2024,Diarrheal Disease,23,3
HC16852,20,6/5/2025,Food Poisoning,11,3
HC16853,22,10/9/2025,Food Poisoning,30,3
HC16854,16,2/2/2025,Typhoid,20,4
HC16855,20,9/23/2024,Typhoid,2,3
HC16856,24,2/5/2025,Diarrheal Disease,37,1
HC16857,25,8/16/2024,Typhoid,14,3
HC16858,14,8/8/2025,Typhoid,18,3
HC16859,14,4/25/2025,Diarrheal Disease,39,5
HC16860,9,1/9/2024,Diarrheal Disease,25,3
HC16861,1,6/9/2024,Typhoid,34,3
HC16862,26,4/12/2024,Diarrheal Disease,3,5
HC16863,14,1/7/2024,Typhoid,36,2
HC16864,24,7/17/2025,Typhoid,5,3
HC16865,15,9/24/2024,Food Poisoning,2,2
HC16866,11,9/13/2025,Typhoid,31,4
HC16867,18,8/29/2025,Diarrheal Disease,39,3
HC16868,6,8/20/2024,Food Poisoning,31,4
HC16869,5,8/19/2024,Diarrheal Disease,9,3
HC16870,22,2/4/2024,Diarrheal Disease,38,3
HC16871,17,1/2/2025,Food Poisoning,4,5
HC16872,7,10/15/2025,Typhoid,21,2
HC16873,15,10/13/2024,Diarrheal Disease,11,1
HC16874,15,7/19/2025,Typhoid,4,2
HC16875,20,4/23/2025,Diarrheal Disease,36,4
HC16876,16,11/6/2024,Typhoid,6,2
HC16877,7,4/17/2024,Typhoid,17,4
HC16878,15,6/26/2024,Diarrheal Disease,5,4
HC16879,8,5/14/2025,Food Poisoning,30,2
HC16880,10,5/23/2025,Typhoid,17,3
HC16881,7,1/15/2025,Typhoid,39,5
HC16882,19,4/9/2024,Typhoid,9,1
HC16883,20,3/22/2024,Diarrheal Disease,32,1
HC16884,19,7/24/2025,Diarrheal Disease,1,2
HC16885,7,12/1/2024,Typhoid,18,3
HC16886,14,2/17/2024,Typhoid,21,1
HC16887,9,2/19/2025,Diarrheal Disease,37,3
HC16888,2,11/23/2025,Food Poisoning,9,2
HC16889,5,2/22/2025,Typhoid,30,4
HC16890,2,1/29/2024,Food Poisoning,5,2
HC16891,7,2/4/2025,Diarrheal Disease,38,5
HC16892,21,10/17/2024,Diarrheal Disease,19,4
HC16893,2,4/5/2024,Typhoid,23,4
HC16894,25,12/12/2025,Diarrheal Disease,5,3
HC16895,12,6/27/2024,Diarrheal Disease,20,4
HC16896,24,11/23/2025,Typhoid,5,1
HC16897,24,4/12/2024,Typhoid,38,5
HC16898,21,6/10/2025,Diarrheal Disease,6,4
HC16899,12,2/14/2025,Food Poisoning,24,5
HC16900,14,9/30/2024,Food Poisoning,20,3
HC16901,6,2/18/2024,Food Poisoning,35,4
HC16902,2,8/7/2025,Food Poisoning,5,2
HC16903,16,9/12/2024,Typhoid,19,5
HC16904,2,2/16/2025,Diarrheal Disease,25,2
HC16905,23,5/7/2024,Food Poisoning,23,5
HC16906,9,3/20/2024,Typhoid,29,1
HC16907,10,3/30/2024,Diarrheal Disease,22,5
HC16908,20,1/28/2024,Food Poisoning,35,2
HC16909,22,2/23/2025,Typhoid,23,2
HC16910,12,9/9/2024,Diarrheal Disease,14,3
HC16911,2,12/6/2024,Diarrheal Disease,4,3
HC16912,14,7/26/2025,Typhoid,32,2
HC16913,12,6/29/2025,Food Poisoning,4,5
HC16914,5,7/10/2025,Diarrheal Disease,37,5
HC16915,11,12/9/2024,Diarrheal Disease,18,2
HC16916,22,9/18/2024,Typhoid,39,2
HC16917,8,8/1/2025,Typhoid,22,1
HC16918,7,2/5/2024,Diarrheal Disease,25,1
HC16919,22,4/17/2024,Food Poisoning,1,4
HC16920,8,9/4/2025,Typhoid,30,5
HC16921,26,12/24/2025,Typhoid,21,3
HC16922,14,12/27/2025,Typhoid,15,2
HC16923,4,2/2/2024,Typhoid,23,5
HC16924,26,5/8/2024,Diarrheal Disease,10,3
HC16925,16,5/16/2025,Diarrheal Disease,22,5
HC16926,7,8/4/2025,Food Poisoning,12,2
HC16927,21,6/23/2024,Typhoid,27,4
HC16928,24,7/18/2025,Food Poisoning,37,1
HC16929,17,8/3/2025,Diarrheal Disease,38,3
HC16930,4,2/20/2024,Food Poisoning,36,1
HC16931,6,3/9/2025,Diarrheal Disease,14,3
HC16932,4,12/23/2024,Diarrheal Disease,25,2
HC16933,17,11/2/2025,Food Poisoning,34,5
HC16934,25,12/6/2024,Food Poisoning,22,5
HC16935,15,3/20/2025,Typhoid,21,3
HC16936,13,7/25/2025,Food Poisoning,15,1
HC16937,15,11/27/2025,Food Poisoning,33,3
HC16938,11,5/1/2024,Food Poisoning,8,5
HC16939,3,11/1/2024,Typhoid,18,4
HC16940,7,9/7/2024,Diarrheal Disease,15,4
HC16941,17,12/16/2024,Diarrheal Disease,8,3
HC16942,10,9/22/2024,Food Poisoning,15,1
HC16943,15,6/22/2024,Typhoid,27,3
HC16944,9,1/10/2025,Typhoid,11,2
HC16945,12,12/8/2025,Food Poisoning,3,5
HC16946,22,4/26/2024,Typhoid,39,1
HC16947,15,12/7/2024,Food Poisoning,10,5
HC16948,22,6/16/2025,Typhoid,12,3
HC16949,25,7/29/2025,Diarrheal Disease,33,1
HC16950,14,1/9/2024,Typhoid,27,4
HC16951,16,6/28/2024,Diarrheal Disease,11,3
HC16952,9,12/8/2025,Food Poisoning,5,4
HC16953,15,2/19/2024,Diarrheal Disease,36,1
HC16954,24,11/23/2025,Typhoid,4,3
HC16955,9,10/6/2025,Food Poisoning,4,4
HC16956,11,10/22/2025,Typhoid,15,1
HC16957,3,2/22/2025,Diarrheal Disease,22,4
HC16958,22,5/8/2024,Diarrheal Disease,6,1
HC16959,12,11/8/2024,Diarrheal Disease,15,4
HC16960,6,2/9/2024,Typhoid,30,5
HC16961,9,3/10/2025,Diarrheal Disease,28,1
HC16962,16,11/14/2024,Food Poisoning,14,4
HC16963,21,3/29/2024,Typhoid,20,3
HC16964,11,8/24/2024,Food Poisoning,30,2
HC16965,6,7/6/2025,Typhoid,29,3
HC16966,20,8/21/2025,Typhoid,19,3
HC16967,16,8/14/2025,Diarrheal Disease,17,1
HC16968,26,12/18/2024,Diarrheal Disease,33,2
HC16969,13,5/21/2024,Food Poisoning,17,5
HC16970,15,10/22/2024,Diarrheal Disease,11,2
HC16971,12,6/11/2025,Diarrheal Disease,28,4
HC16972,3,1/19/2024,Food Poisoning,34,5
HC16973,2,7/4/2025,Typhoid,20,3
HC16974,13,6/15/2024,Food Poisoning,23,1
HC16975,15,3/28/2024,Typhoid,25,2
HC16976,4,5/22/2024,Typhoid,36,4
HC16977,3,10/29/2025,Food Poisoning,16,2
HC16978,4,11/13/2024,Diarrheal Disease,3,3
HC16979,16,8/16/2025,Diarrheal Disease,18,2
HC16980,15,10/12/2025,Food Poisoning,16,3
HC16981,10,4/26/2024,Food Poisoning,34,3
HC16982,14,8/23/2025,Typhoid,18,2
HC16983,13,6/11/2024,Food Poisoning,25,2
HC16984,26,11/9/2024,Diarrheal Disease,18,4
HC16985,24,9/2/2025,Diarrheal Disease,17,2
HC16986,18,1/28/2025,Diarrheal Disease,16,3
HC16987,22,12/22/2025,Typhoid,39,4
HC16988,20,12/30/2025,Typhoid,31,5
HC16989,11,2/26/2025,Typhoid,23,2
HC16990,12,3/14/2025,Typhoid,28,5
HC16991,21,4/7/2025,Typhoid,6,2
HC16992,9,6/16/2025,Typhoid,37,2
HC16993,21,1/10/2024,Food Poisoning,19,4
HC16994,17,6/28/2024,Diarrheal Disease,23,2
HC16995,19,1/21/2024,Diarrheal Disease,36,4
HC16996,11,1/12/2024,Typhoid,18,3
HC16997,19,12/18/2025,Food Poisoning,17,4
HC16998,5,4/26/2025,Typhoid,5,4
HC16999,7,11/3/2024,Diarrheal Disease,39,5
HC17000,20,1/3/2025,Typhoid,10,5
HC17001,1,7/21/2024,Diarrheal Disease,36,3
HC17002,19,11/17/2025,Diarrheal Disease,25,2
HC17003,10,9/19/2025,Typhoid,24,4
HC17004,18,8/21/2024,Typhoid,14,4
HC17005,17,3/15/2024,Food Poisoning,33,4
HC17006,6,12/5/2025,Diarrheal Disease,18,4
HC17007,23,5/30/2025,Food Poisoning,13,5
HC17008,4,12/6/2024,Food Poisoning,15,5
HC17009,16,7/9/2024,Diarrheal Disease,18,3
HC17010,10,5/10/2024,Food Poisoning,19,3
HC17011,9,6/4/2025,Food Poisoning,19,3
HC17012,4,9/1/2025,Food Poisoning,22,1
HC17013,21,11/5/2024,Diarrheal Disease,35,2
HC17014,19,12/9/2025,Diarrheal Disease,30,5
HC17015,23,1/25/2025,Diarrheal Disease,25,3
HC17016,18,1/1/2024,Diarrheal Disease,23,2
HC17017,13,5/14/2025,Food Poisoning,2,1
HC17018,25,10/1/2025,Diarrheal Disease,16,4
HC17019,14,7/23/2025,Typhoid,28,3
HC17020,2,4/27/2025,Diarrheal Disease,19,4
HC17021,4,4/24/2025,Typhoid,10,5
HC17022,8,2/9/2024,Typhoid,15,2
HC17023,5,12/20/2025,Diarrheal Disease,39,1
HC17024,20,10/3/2024,Diarrheal Disease,20,5
HC17025,20,3/19/2024,Food Poisoning,16,4
HC17026,9,3/26/2025,Typhoid,23,1
HC17027,3,9/25/2025,Diarrheal Disease,36,5
HC17028,4,2/1/2025,Diarrheal Disease,4,4
HC17029,4,5/10/2024,Diarrheal Disease,11,2
HC17030,7,12/4/2024,Food Poisoning,22,3
HC17031,2,7/9/2025,Diarrheal Disease,36,5
HC17032,19,2/1/2025,Diarrheal Disease,30,4
HC17033,2,7/28/2025,Food Poisoning,37,1
HC17034,7,5/26/2025,Diarrheal Disease,11,4
HC17035,16,12/7/2025,Diarrheal Disease,17,2
HC17036,19,10/29/2025,Diarrheal Disease,32,4
HC17037,17,6/20/2025,Food Poisoning,4,4
HC17038,5,1/21/2025,Typhoid,26,1
HC17039,13,3/15/2024,Diarrheal Disease,37,2
HC17040,26,10/15/2024,Typhoid,6,5
HC17041,18,9/14/2024,Diarrheal Disease,36,5
HC17042,26,7/4/2025,Food Poisoning,15,4
HC17043,11,1/11/2024,Food Poisoning,17,2
HC17044,14,7/6/2024,Diarrheal Disease,19,3
HC17045,21,8/31/2024,Diarrheal Disease,29,2
HC17046,6,2/6/2024,Food Poisoning,27,5
HC17047,3,1/17/2025,Food Poisoning,34,3
HC17048,24,9/10/2025,Typhoid,25,1
HC17049,25,7/2/2024,Food Poisoning,28,5
HC17050,5,3/30/2025,Typhoid,33,2
HC17051,14,7/14/2024,Typhoid,6,4
HC17052,7,5/25/2025,Typhoid,11,2
HC17053,9,2/1/2025,Typhoid,20,1
HC17054,24,10/16/2024,Diarrheal Disease,21,4
HC17055,7,7/30/2024,Diarrheal Disease,9,1
HC17056,17,6/11/2025,Food Poisoning,39,3
HC17057,17,6/9/2025,Diarrheal Disease,12,5
HC17058,3,1/15/2024,Diarrheal Disease,4,4
HC17059,9,2/27/2024,Typhoid,2,2
HC17060,4,11/16/2025,Typhoid,25,4
HC17061,25,9/8/2025,Diarrheal Disease,14,1
HC17062,2,5/5/2024,Diarrheal Disease,14,3
HC17063,21,11/14/2024,Diarrheal Disease,17,1
HC17064,5,2/1/2025,Diarrheal Disease,11,5
HC17065,14,5/10/2025,Food Poisoning,7,1
HC17066,12,8/2/2025,Food Poisoning,34,3
HC17067,16,10/2/2025,Typhoid,35,2
HC17068,21,4/30/2025,Typhoid,37,2
HC17069,19,6/12/2025,Food Poisoning,32,5
HC17070,16,9/7/2025,Typhoid,12,5
HC17071,19,11/11/2024,Typhoid,3,1
HC17072,3,4/3/2024,Typhoid,39,3
HC17073,2,6/23/2024,Typhoid,17,4
HC17074,2,1/16/2025,Diarrheal Disease,8,1
HC17075,2,11/16/2024,Typhoid,30,5
HC17076,15,4/2/2025,Food Poisoning,7,1
HC17077,8,9/16/2024,Food Poisoning,34,4
HC17078,15,9/25/2025,Typhoid,5,2
HC17079,23,10/19/2025,Diarrheal Disease,13,4
HC17080,5,10/6/2024,Food Poisoning,27,4
HC17081,23,7/18/2024,Diarrheal Disease,38,5
HC17082,22,3/25/2024,Typhoid,38,2
HC17083,25,3/14/2025,Diarrheal Disease,31,1
HC17084,17,9/11/2024,Food Poisoning,10,3
HC17085,20,5/22/2024,Typhoid,37,5
HC17086,14,10/3/2025,Diarrheal Disease,22,2
HC17087,15,7/28/2025,Diarrheal Disease,22,5
HC17088,15,12/4/2024,Food Poisoning,16,2
HC17089,21,11/5/2025,Diarrheal Disease,12,1
HC17090,20,9/19/2024,Typhoid,18,1
HC17091,17,2/19/2024,Food Poisoning,4,5
HC17092,25,1/16/2025,Food Poisoning,16,4
HC17093,20,7/6/2025,Typhoid,14,1
HC17094,15,7/16/2025,Diarrheal Disease,29,2
HC17095,21,9/27/2025,Food Poisoning,9,3
HC17096,22,11/11/2025,Diarrheal Disease,25,1
HC17097,3,10/25/2025,Diarrheal Disease,5,5
HC17098,3,6/22/2024,Food Poisoning,4,1
HC17099,4,2/9/2024,Typhoid,9,1
HC17100,16,4/20/2024,Typhoid,32,2
HC17101,2,9/29/2025,Diarrheal Disease,6,1
HC17102,9,4/30/2024,Food Poisoning,33,2
HC17103,13,6/22/2024,Diarrheal Disease,10,3
HC17104,17,12/8/2025,Diarrheal Disease,36,1
HC17105,3,6/23/2024,Food Poisoning,38,3
HC17106,20,6/28/2024,Typhoid,18,3
HC17107,12,11/4/2024,Typhoid,35,5
HC17108,17,5/25/2025,Food Poisoning,35,4
HC17109,8,4/10/2025,Diarrheal Disease,19,1
HC17110,14,2/14/2025,Diarrheal Disease,25,5
HC17111,26,12/31/2025,Typhoid,11,3
HC17112,24,7/24/2024,Diarrheal Disease,8,1
HC17113,4,6/2/2024,Diarrheal Disease,8,3
HC17114,22,2/3/2024,Typhoid,33,2
HC17115,14,2/16/2025,Typhoid,28,5
HC17116,18,8/23/2024,Typhoid,21,3
HC17117,16,6/13/2024,Diarrheal Disease,19,4
HC17118,22,4/16/2025,Typhoid,36,4
HC17119,23,9/4/2024,Typhoid,27,4
HC17120,17,8/24/2024,Food Poisoning,20,5
HC17121,6,3/7/2024,Food Poisoning,8,2
HC17122,19,8/25/2025,Food Poisoning,10,5
HC17123,6,6/5/2025,Typhoid,27,4
HC17124,10,9/16/2025,Typhoid,26,3
HC17125,7,5/10/2024,Diarrheal Disease,32,3
HC17126,10,7/4/2025,Food Poisoning,7,1
HC17127,17,1/31/2025,Diarrheal Disease,39,1
HC17128,12,8/25/2024,Food Poisoning,37,1
HC17129,15,6/28/2024,Food Poisoning,33,1
HC17130,15,3/31/2025,Typhoid,24,5
HC17131,14,1/27/2025,Typhoid,30,3
HC17132,14,9/29/2024,Food Poisoning,25,1
HC17133,19,9/28/2025,Diarrheal Disease,25,4
HC17134,20,5/7/2024,Food Poisoning,39,4
HC17135,15,4/24/2025,Food Poisoning,23,1
HC17136,18,2/26/2025,Typhoid,32,1
HC17137,23,1/31/2025,Typhoid,31,2
HC17138,18,5/3/2025,Typhoid,16,1
HC17139,3,5/8/2025,Food Poisoning,1,4
HC17140,5,2/11/2025,Diarrheal Disease,15,1
HC17141,5,6/20/2025,Typhoid,7,2
HC17142,11,3/1/2025,Typhoid,3,5
HC17143,25,8/5/2024,Typhoid,19,1
HC17144,18,1/7/2024,Food Poisoning,34,1
HC17145,1,3/19/2024,Food Poisoning,37,2
HC17146,19,8/10/2024,Typhoid,39,2
HC17147,15,7/11/2024,Diarrheal Disease,12,5
HC17148,4,3/4/2024,Diarrheal Disease,28,1
HC17149,2,11/7/2025,Typhoid,39,4
HC17150,16,10/21/2025,Diarrheal Disease,2,1
HC17151,8,6/22/2024,Typhoid,2,5
HC17152,12,12/7/2024,Food Poisoning,19,5
HC17153,24,9/29/2025,Food Poisoning,31,1
HC17154,21,3/24/2024,Food Poisoning,18,5
HC17155,9,7/3/2024,Diarrheal Disease,22,3
HC17156,11,12/4/2024,Diarrheal Disease,35,2
HC17157,17,8/23/2024,Food Poisoning,2,1
HC17158,22,12/10/2025,Food Poisoning,5,4
HC17159,13,5/3/2025,Food Poisoning,26,4
HC17160,18,6/15/2024,Food Poisoning,38,4
HC17161,4,2/13/2024,Food Poisoning,17,4
HC17162,20,6/23/2024,Typhoid,26,3
HC17163,22,4/28/2024,Diarrheal Disease,33,4
HC17164,20,10/14/2025,Food Poisoning,28,5
HC17165,3,6/11/2024,Typhoid,35,5
HC17166,24,6/25/2024,Diarrheal Disease,4,3
HC17167,1,4/13/2024,Diarrheal Disease,23,3
HC17168,13,12/22/2024,Diarrheal Disease,39,3
HC17169,18,7/3/2025,Typhoid,32,4
HC17170,1,6/14/2024,Food Poisoning,9,3
HC17171,9,4/22/2025,Typhoid,36,5
HC17172,22,8/20/2025,Typhoid,10,2
HC17173,25,9/6/2025,Food Poisoning,5,1
HC17174,4,5/30/2024,Diarrheal Disease,29,3
HC17175,13,9/8/2025,Typhoid,9,4
HC17176,1,7/2/2024,Typhoid,39,3
HC17177,25,9/17/2025,Typhoid,24,4
HC17178,4,1/3/2025,Diarrheal Disease,14,2
HC17179,10,4/12/2025,Diarrheal Disease,24,1
HC17180,12,9/23/2024,Diarrheal Disease,13,4
HC17181,3,8/13/2024,Diarrheal Disease,39,1
HC17182,7,3/16/2024,Diarrheal Disease,35,4
HC17183,10,2/11/2024,Diarrheal Disease,24,4
HC17184,10,6/26/2024,Food Poisoning,13,1
HC17185,14,12/1/2025,Food Poisoning,16,4
HC17186,17,7/5/2025,Diarrheal Disease,38,2
HC17187,4,9/8/2024,Food Poisoning,20,2
HC17188,1,5/7/2024,Diarrheal Disease,11,5
HC17189,11,9/19/2024,Typhoid,8,3
HC17190,3,6/24/2024,Diarrheal Disease,27,4
HC17191,7,2/14/2024,Diarrheal Disease,10,1
HC17192,9,7/13/2024,Diarrheal Disease,1,5
HC17193,6,9/7/2025,Food Poisoning,14,5
HC17194,23,8/31/2024,Diarrheal Disease,33,1
HC17195,11,8/16/2024,Food Poisoning,35,2
HC17196,8,3/3/2024,Food Poisoning,15,5
HC17197,26,2/15/2024,Food Poisoning,9,1
HC17198,13,5/26/2024,Typhoid,17,2
HC17199,10,4/24/2025,Food Poisoning,23,3
HC17200,25,9/25/2024,Typhoid,23,1
HC17201,16,3/9/2024,Diarrheal Disease,27,2
HC17202,18,9/26/2024,Food Poisoning,35,1
HC17203,8,5/3/2024,Diarrheal Disease,7,3
HC17204,14,4/29/2024,Food Poisoning,3,1
HC17205,5,10/5/2025,Food Poisoning,12,4
HC17206,9,11/8/2025,Typhoid,28,4
HC17207,2,11/21/2024,Typhoid,31,4
HC17208,21,1/24/2025,Diarrheal Disease,25,3
HC17209,11,2/28/2024,Diarrheal Disease,4,5
HC17210,23,6/30/2025,Diarrheal Disease,13,2
HC17211,24,10/3/2025,Food Poisoning,32,5
HC17212,12,7/25/2025,Typhoid,7,4
HC17213,1,8/31/2025,Food Poisoning,18,5
HC17214,4,5/7/2024,Food Poisoning,27,5
HC17215,12,11/25/2025,Diarrheal Disease,19,4
HC17216,13,8/31/2025,Typhoid,20,5
HC17217,11,3/15/2025,Food Poisoning,20,4
HC17218,3,7/21/2024,Typhoid,17,4
HC17219,13,6/13/2024,Diarrheal Disease,33,5
HC17220,20,12/15/2025,Food Poisoning,8,4
HC17221,13,5/17/2024,Typhoid,30,3
HC17222,6,12/12/2024,Food Poisoning,30,3
HC17223,6,3/2/2025,Diarrheal Disease,11,3
HC17224,8,8/31/2025,Typhoid,20,5
HC17225,4,8/19/2024,Diarrheal Disease,20,1
HC17226,5,1/1/2025,Typhoid,4,1
HC17227,5,10/14/2025,Diarrheal Disease,1,1
HC17228,26,3/6/2024,Diarrheal Disease,28,5
HC17229,20,2/12/2025,Diarrheal Disease,13,5
HC17230,15,3/3/2024,Food Poisoning,8,4
HC17231,5,9/26/2025,Typhoid,22,2
HC17232,16,12/12/2024,Food Poisoning,25,2
HC17233,12,6/24/2024,Diarrheal Disease,15,2
HC17234,20,10/26/2025,Diarrheal Disease,30,1
HC17235,12,8/14/2025,Food Poisoning,2,1
HC17236,3,3/21/2025,Diarrheal Disease,32,4
HC17237,15,12/5/2025,Diarrheal Disease,36,2
HC17238,22,3/19/2024,Diarrheal Disease,14,5
HC17239,15,8/6/2024,Diarrheal Disease,14,3
HC17240,26,10/17/2024,Diarrheal Disease,33,3
HC17241,20,9/13/2025,Typhoid,11,2
HC17242,9,7/30/2024,Food Poisoning,26,3
HC17243,17,11/10/2025,Typhoid,22,2
HC17244,3,3/8/2024,Typhoid,9,3
HC17245,9,11/21/2025,Food Poisoning,6,4
HC17246,20,3/18/2025,Diarrheal Disease,22,1
HC17247,23,1/6/2024,Typhoid,18,4
HC17248,21,6/12/2024,Typhoid,31,5
HC17249,12,5/1/2025,Diarrheal Disease,29,3
HC17250,8,9/11/2024,Food Poisoning,30,1
HC17251,16,12/10/2025,Typhoid,29,2
HC17252,7,3/27/2025,Food Poisoning,32,1
HC17253,16,11/17/2024,Food Poisoning,34,1
HC17254,16,12/29/2025,Food Poisoning,16,1
HC17255,23,4/22/2024,Diarrheal Disease,26,3
HC17256,21,6/22/2024,Typhoid,30,2
HC17257,26,5/31/2024,Diarrheal Disease,13,4
HC17258,24,9/20/2025,Food Poisoning,12,2
HC17259,11,1/18/2024,Food Poisoning,32,3
HC17260,11,9/19/2024,Food Poisoning,31,3
HC17261,10,11/17/2025,Typhoid,28,4
HC17262,7,7/12/2025,Food Poisoning,19,5
HC17263,15,10/27/2024,Typhoid,6,4
HC17264,1,6/26/2025,Diarrheal Disease,38,4
HC17265,20,8/4/2024,Diarrheal Disease,22,3
HC17266,16,3/17/2024,Diarrheal Disease,7,5
HC17267,25,2/21/2025,Diarrheal Disease,37,3
HC17268,2,12/18/2024,Diarrheal Disease,32,3
HC17269,13,3/5/2024,Diarrheal Disease,8,2
HC17270,11,10/19/2024,Diarrheal Disease,17,5
HC17271,6,4/25/2024,Food Poisoning,28,2
HC17272,24,3/13/2024,Typhoid,20,4
HC17273,20,11/6/2025,Typhoid,26,5
HC17274,8,7/19/2025,Typhoid,32,2
HC17275,6,5/19/2024,Diarrheal Disease,10,5
HC17276,20,3/19/2024,Diarrheal Disease,33,5
HC17277,13,9/24/2025,Typhoid,9,1
HC17278,15,4/14/2025,Diarrheal Disease,22,1
HC17279,21,7/26/2025,Diarrheal Disease,4,3
HC17280,23,3/19/2025,Diarrheal Disease,35,5
HC17281,6,12/9/2025,Diarrheal Disease,9,5
HC17282,26,10/31/2025,Typhoid,2,4
HC17283,9,10/15/2024,Diarrheal Disease,20,1
HC17284,2,5/24/2024,Diarrheal Disease,19,4
HC17285,18,3/29/2025,Typhoid,34,3
HC17286,7,3/21/2024,Typhoid,28,3
HC17287,1,7/5/2024,Food Poisoning,22,1
HC17288,2,4/19/2024,Diarrheal Disease,4,3
HC17289,22,10/22/2024,Diarrheal Disease,11,4
HC17290,15,9/13/2024,Food Poisoning,4,3
HC17291,10,5/18/2024,Typhoid,20,5
HC17292,10,5/12/2024,Typhoid,4,2
HC17293,1,1/26/2025,Diarrheal Disease,25,5
HC17294,15,1/27/2025,Diarrheal Disease,4,5
HC17295,14,7/8/2025,Diarrheal Disease,33,2
HC17296,6,2/20/2025,Diarrheal Disease,16,3
HC17297,5,7/13/2025,Typhoid,11,1
HC17298,17,3/2/2025,Typhoid,5,1
HC17299,14,2/9/2025,Diarrheal Disease,12,5
HC17300,11,7/25/2025,Food Poisoning,31,1
HC17301,14,2/10/2025,Typhoid,21,2
HC17302,21,6/17/2025,Typhoid,31,1
HC17303,24,9/10/2024,Food Poisoning,15,5
HC17304,8,7/23/2025,Food Poisoning,26,4
HC17305,20,8/14/2025,Typhoid,10,1
HC17306,10,2/14/2025,Food Poisoning,33,3
HC17307,4,5/11/2024,Diarrheal Disease,32,5
HC17308,25,4/3/2025,Typhoid,1,3
HC17309,19,8/22/2024,Food Poisoning,21,5
HC17310,7,9/13/2025,Diarrheal Disease,22,4
HC17311,9,7/1/2024,Diarrheal Disease,4,3
HC17312,5,12/19/2025,Food Poisoning,20,4
HC17313,7,10/13/2024,Food Poisoning,17,2
HC17314,20,3/27/2025,Diarrheal Disease,22,4
HC17315,7,5/24/2024,Typhoid,10,4
HC17316,5,1/20/2025,Food Poisoning,9,2
HC17317,20,6/13/2025,Food Poisoning,25,5
HC17318,11,11/1/2025,Diarrheal Disease,7,3
HC17319,22,4/20/2025,Food Poisoning,22,3
HC17320,3,10/24/2025,Food Poisoning,14,3
HC17321,16,11/19/2025,Diarrheal Disease,36,1
HC17322,2,9/11/2025,Food Poisoning,15,2
HC17323,6,5/26/2025,Diarrheal Disease,4,4
HC17324,14,1/23/2025,Typhoid,11,4
HC17325,20,2/25/2025,Diarrheal Disease,9,1
HC17326,9,2/18/2025,Diarrheal Disease,28,1
HC17327,14,3/30/2024,Food Poisoning,27,4
HC17328,11,4/24/2024,Diarrheal Disease,10,5
HC17329,17,8/29/2025,Food Poisoning,27,3
HC17330,2,5/18/2025,Typhoid,23,3
HC17331,21,2/10/2024,Diarrheal Disease,14,3
HC17332,2,12/24/2025,Food Poisoning,26,2
HC17333,5,12/3/2025,Typhoid,36,4
HC17334,17,8/26/2025,Food Poisoning,3,5
HC17335,21,12/4/2025,Diarrheal Disease,30,2
HC17336,23,6/14/2025,Typhoid,25,4
HC17337,1,1/15/2025,Food Poisoning,26,3
HC17338,26,8/27/2024,Typhoid,25,4
HC17339,19,5/23/2025,Food Poisoning,17,3
HC17340,17,9/24/2024,Typhoid,25,3
HC17341,13,2/15/2024,Food Poisoning,35,2
HC17342,14,10/19/2024,Typhoid,3,4
HC17343,10,8/23/2024,Typhoid,17,3
HC17344,8,6/30/2025,Typhoid,9,1
HC17345,16,11/9/2024,Typhoid,15,3
HC17346,6,7/22/2024,Typhoid,14,5
HC17347,6,7/1/2025,Typhoid,13,5
HC17348,12,4/21/2025,Typhoid,29,4
HC17349,3,7/30/2025,Typhoid,27,3
HC17350,5,6/26/2025,Food Poisoning,21,5
HC17351,25,4/9/2025,Food Poisoning,11,3
HC17352,1,12/5/2025,Food Poisoning,7,3
HC17353,25,11/14/2025,Typhoid,6,2
HC17354,25,1/30/2024,Diarrheal Disease,29,4
HC17355,23,12/17/2025,Diarrheal Disease,4,3
HC17356,13,2/21/2024,Diarrheal Disease,27,1
HC17357,14,5/4/2024,Diarrheal Disease,1,5
HC17358,19,3/14/2025,Diarrheal Disease,13,5
HC17359,25,10/14/2024,Food Poisoning,23,2
HC17360,22,9/10/2025,Typhoid,27,5
HC17361,20,5/24/2024,Food Poisoning,28,1
HC17362,19,4/1/2025,Typhoid,39,1
HC17363,18,2/11/2024,Diarrheal Disease,33,1
HC17364,2,4/15/2024,Food Poisoning,3,2
HC17365,13,4/30/2025,Diarrheal Disease,30,3
HC17366,3,9/12/2025,Food Poisoning,6,5
HC17367,24,2/22/2025,Diarrheal Disease,39,3
HC17368,22,11/12/2024,Diarrheal Disease,22,5
HC17369,6,9/18/2024,Typhoid,3,1
HC17370,22,11/10/2025,Typhoid,13,4
HC17371,26,4/1/2025,Food Poisoning,7,3
HC17372,21,11/14/2024,Food Poisoning,10,2
HC17373,15,7/14/2024,Diarrheal Disease,34,3
HC17374,6,11/18/2024,Typhoid,28,4
HC17375,3,2/6/2024,Food Poisoning,33,4
HC17376,7,2/22/2025,Diarrheal Disease,15,3
HC17377,22,1/13/2025,Food Poisoning,33,4
HC17378,24,12/6/2025,Typhoid,3,5
HC17379,2,12/1/2025,Diarrheal Disease,11,4
HC17380,13,9/11/2024,Typhoid,32,1
HC17381,26,9/4/2025,Food Poisoning,1,2
HC17382,26,7/11/2024,Diarrheal Disease,18,4
HC17383,13,8/22/2025,Diarrheal Disease,5,2
HC17384,1,5/24/2025,Typhoid,21,1
HC17385,20,8/18/2024,Typhoid,30,4
HC17386,3,3/6/2024,Food Poisoning,9,5
HC17387,14,3/1/2024,Typhoid,29,4
HC17388,5,4/15/2024,Typhoid,19,1
HC17389,7,7/14/2024,Food Poisoning,17,2
HC17390,10,9/4/2024,Typhoid,33,5
HC17391,21,1/24/2025,Typhoid,38,3
HC17392,5,2/21/2024,Diarrheal Disease,20,4
HC17393,25,11/6/2024,Food Poisoning,28,3
HC17394,13,1/8/2025,Food Poisoning,31,4
HC17395,6,3/3/2025,Typhoid,2,1
HC17396,9,6/2/2025,Typhoid,26,1
HC17397,16,8/15/2025,Food Poisoning,27,2
HC17398,23,3/20/2025,Diarrheal Disease,14,4
HC17399,23,10/28/2024,Diarrheal Disease,26,1
HC17400,10,7/8/2024,Food Poisoning,4,5
HC17401,9,1/7/2025,Food Poisoning,23,4
HC17402,18,6/27/2024,Typhoid,12,5
HC17403,13,12/3/2024,Diarrheal Disease,22,2
HC17404,20,9/8/2025,Food Poisoning,5,1
HC17405,26,6/2/2024,Typhoid,21,2
HC17406,16,6/22/2024,Typhoid,13,5
HC17407,3,2/19/2024,Diarrheal Disease,33,4
HC17408,14,11/25/2024,Typhoid,7,4
HC17409,11,5/20/2024,Diarrheal Disease,4,3
HC17410,6,5/25/2025,Food Poisoning,8,4
HC17411,21,5/25/2025,Typhoid,1,4
HC17412,3,11/22/2024,Diarrheal Disease,37,1
HC17413,10,3/21/2024,Diarrheal Disease,7,1
HC17414,13,2/24/2024,Food Poisoning,17,2
HC17415,11,4/21/2025,Food Poisoning,20,3
HC17416,6,4/25/2024,Typhoid,14,3
HC17417,16,4/20/2025,Diarrheal Disease,8,2
HC17418,24,9/26/2025,Food Poisoning,29,4
HC17419,5,4/3/2024,Typhoid,32,3
HC17420,17,11/7/2024,Food Poisoning,39,1
HC17421,10,9/15/2025,Typhoid,33,1
HC17422,8,10/27/2024,Food Poisoning,30,3
HC17423,12,11/1/2024,Typhoid,36,3
HC17424,24,9/5/2024,Food Poisoning,7,4
HC17425,10,3/11/2024,Typhoid,35,2
HC17426,14,10/13/2025,Food Poisoning,27,3
HC17427,26,12/25/2025,Typhoid,27,1
HC17428,22,11/24/2025,Diarrheal Disease,20,5
HC17429,15,12/22/2024,Typhoid,28,3
HC17430,12,10/29/2025,Typhoid,12,3
HC17431,2,10/14/2025,Diarrheal Disease,38,5
HC17432,22,1/2/2024,Typhoid,15,1
HC17433,24,4/11/2024,Diarrheal Disease,33,2
HC17434,22,2/5/2024,Diarrheal Disease,39,1
HC17435,19,1/7/2025,Typhoid,4,5
HC17436,22,12/2/2025,Typhoid,19,1
HC17437,19,7/1/2024,Typhoid,27,2
HC17438,26,2/2/2024,Diarrheal Disease,35,2
HC17439,10,1/25/2025,Diarrheal Disease,35,3
HC17440,20,9/29/2024,Typhoid,24,2
HC17441,16,1/6/2024,Food Poisoning,3,5
HC17442,9,1/20/2024,Diarrheal Disease,16,3
HC17443,7,9/16/2024,Typhoid,10,5
HC17444,11,1/22/2025,Food Poisoning,3,1
HC17445,10,12/23/2024,Diarrheal Disease,29,3
HC17446,5,9/17/2024,Food Poisoning,35,5
HC17447,18,4/28/2025,Food Poisoning,17,3
HC17448,25,5/22/2024,Food Poisoning,4,2
HC17449,17,9/30/2024,Typhoid,39,1
HC17450,6,6/11/2024,Food Poisoning,16,3
HC17451,7,12/18/2024,Typhoid,37,1
HC17452,4,12/16/2025,Diarrheal Disease,20,2
HC17453,2,11/8/2024,Diarrheal Disease,15,1
HC17454,10,4/8/2025,Diarrheal Disease,29,5
HC17455,13,9/25/2025,Typhoid,16,1
HC17456,17,11/27/2024,Typhoid,18,5
HC17457,6,1/14/2025,Diarrheal Disease,29,5
HC17458,1,4/3/2025,Food Poisoning,21,4
HC17459,6,2/16/2024,Typhoid,8,2
HC17460,4,10/7/2024,Food Poisoning,5,5
HC17461,1,2/21/2024,Food Poisoning,1,3
HC17462,24,8/25/2025,Diarrheal Disease,17,4
HC17463,8,1/28/2025,Typhoid,5,1
HC17464,17,12/4/2024,Diarrheal Disease,21,4
HC17465,17,9/23/2024,Typhoid,15,5
HC17466,22,4/7/2024,Diarrheal Disease,36,4
HC17467,23,9/22/2025,Food Poisoning,26,5
HC17468,21,1/14/2024,Diarrheal Disease,26,2
HC17469,11,4/22/2024,Food Poisoning,4,4
HC17470,25,3/31/2024,Diarrheal Disease,2,5
HC17471,12,9/17/2025,Diarrheal Disease,30,4
HC17472,19,3/24/2024,Typhoid,18,5
HC17473,2,11/17/2025,Food Poisoning,6,1
HC17474,15,9/28/2025,Diarrheal Disease,26,4
HC17475,19,10/24/2025,Diarrheal Disease,8,1
HC17476,23,8/2/2025,Diarrheal Disease,27,2
HC17477,26,10/6/2025,Typhoid,9,5
HC17478,3,10/8/2024,Typhoid,35,4
HC17479,19,12/12/2025,Typhoid,36,1
HC17480,21,11/7/2025,Typhoid,19,4
HC17481,21,4/15/2025,Food Poisoning,26,2
HC17482,6,2/6/2024,Diarrheal Disease,19,2
HC17483,23,7/23/2025,Food Poisoning,37,3
HC17484,15,8/8/2025,Diarrheal Disease,3,5
HC17485,7,2/19/2025,Diarrheal Disease,3,5
HC17486,4,11/7/2024,Food Poisoning,38,2
HC17487,18,12/5/2024,Typhoid,21,5
HC17488,7,8/18/2025,Food Poisoning,11,3
HC17489,14,6/18/2025,Diarrheal Disease,25,3
HC17490,22,5/1/2024,Typhoid,29,4
HC17491,25,4/18/2024,Diarrheal Disease,8,5
HC17492,22,4/24/2024,Typhoid,9,3
HC17493,6,7/22/2024,Food Poisoning,22,4
HC17494,2,9/4/2025,Diarrheal Disease,35,4
HC17495,20,7/18/2024,Typhoid,4,5
HC17496,12,8/27/2024,Typhoid,14,4
HC17497,20,12/16/2025,Typhoid,22,2
HC17498,16,7/7/2024,Food Poisoning,22,3
HC17499,26,11/19/2024,Food Poisoning,27,5
HC17500,21,4/27/2025,Typhoid,13,5
HC17501,23,6/2/2025,Typhoid,30,3
HC17502,20,11/24/2024,Diarrheal Disease,22,5
HC17503,12,2/7/2025,Diarrheal Disease,39,1
HC17504,15,8/6/2024,Diarrheal Disease,37,3
HC17505,1,7/22/2024,Food Poisoning,26,4
HC17506,21,6/25/2024,Food Poisoning,3,5
HC17507,19,10/22/2024,Diarrheal Disease,23,3
HC17508,9,7/30/2025,Typhoid,37,5
HC17509,14,12/1/2024,Diarrheal Disease,6,4
HC17510,16,6/5/2025,Food Poisoning,36,4
HC17511,5,12/31/2024,Typhoid,30,5
HC17512,17,9/9/2025,Typhoid,12,3
HC17513,18,10/28/2024,Food Poisoning,9,1
HC17514,9,4/12/2024,Typhoid,17,5
HC17515,10,2/17/2024,Typhoid,28,2
HC17516,20,12/20/2025,Food Poisoning,37,2
HC17517,5,7/11/2024,Diarrheal Disease,10,3
HC17518,10,12/17/2024,Typhoid,2,2
HC17519,23,9/26/2025,Food Poisoning,31,1
HC17520,11,6/4/2025,Typhoid,39,4
HC17521,21,1/4/2025,Diarrheal Disease,37,1
HC17522,16,4/3/2025,Typhoid,26,4
HC17523,6,8/31/2025,Food Poisoning,31,3
HC17524,16,6/4/2024,Diarrheal Disease,36,4
HC17525,20,2/10/2024,Diarrheal Disease,6,3
HC17526,8,7/12/2025,Diarrheal Disease,23,5
HC17527,5,12/27/2025,Food Poisoning,15,3
HC17528,26,2/16/2025,Typhoid,29,5
HC17529,15,5/1/2025,Diarrheal Disease,23,5
HC17530,24,9/7/2024,Diarrheal Disease,2,2
HC17531,9,2/17/2024,Typhoid,14,2
HC17532,4,1/29/2025,Typhoid,35,4
HC17533,19,7/11/2025,Typhoid,22,3
HC17534,7,1/10/2025,Diarrheal Disease,24,1
HC17535,21,10/11/2024,Food Poisoning,6,1
HC17536,3,3/12/2024,Diarrheal Disease,28,5
HC17537,7,9/2/2025,Typhoid,11,4
HC17538,17,7/2/2025,Typhoid,9,3
HC17539,1,6/6/2025,Diarrheal Disease,4,2
HC17540,7,5/9/2025,Food Poisoning,38,5
HC17541,21,12/2/2025,Diarrheal Disease,19,3
HC17542,13,8/19/2024,Typhoid,32,4
HC17543,2,1/23/2024,Food Poisoning,19,1
HC17544,4,9/5/2025,Typhoid,10,4
HC17545,11,11/3/2024,Typhoid,22,5
HC17546,25,7/10/2025,Diarrheal Disease,31,4
HC17547,16,1/31/2024,Food Poisoning,10,3
HC17548,10,1/18/2025,Food Poisoning,11,4
HC17549,16,1/21/2024,Diarrheal Disease,26,3
HC17550,18,7/3/2025,Typhoid,28,5
HC17551,24,3/19/2024,Food Poisoning,12,4
HC17552,1,5/22/2025,Typhoid,6,4
HC17553,10,10/22/2024,Typhoid,38,3
HC17554,21,1/26/2025,Diarrheal Disease,27,5
HC17555,18,2/8/2025,Diarrheal Disease,2,5
HC17556,23,11/4/2025,Food Poisoning,20,3
HC17557,23,12/9/2025,Typhoid,21,1
HC17558,6,9/16/2024,Diarrheal Disease,39,4
HC17559,4,2/24/2025,Diarrheal Disease,33,2
HC17560,2,2/6/2025,Food Poisoning,14,4
HC17561,26,8/28/2024,Food Poisoning,27,5
HC17562,24,9/4/2024,Diarrheal Disease,13,1
HC17563,1,10/27/2024,Food Poisoning,11,5
HC17564,18,11/27/2024,Food Poisoning,13,2
HC17565,12,3/12/2024,Diarrheal Disease,29,1
HC17566,7,2/4/2024,Food Poisoning,26,5
HC17567,22,12/1/2024,Food Poisoning,5,2
HC17568,16,9/25/2025,Typhoid,38,2
HC17569,18,7/10/2024,Food Poisoning,3,5
HC17570,26,1/14/2025,Food Poisoning,34,1
HC17571,9,3/9/2025,Diarrheal Disease,14,4
HC17572,4,8/1/2024,Food Poisoning,36,3
HC17573,16,10/19/2024,Diarrheal Disease,17,3
HC17574,8,2/28/2025,Food Poisoning,7,4
HC17575,2,5/21/2025,Diarrheal Disease,9,2
HC17576,25,10/11/2025,Diarrheal Disease,13,3
HC17577,15,3/29/2025,Typhoid,30,4
HC17578,16,7/1/2025,Food Poisoning,29,3
HC17579,21,3/1/2025,Diarrheal Disease,39,1
HC17580,21,2/27/2025,Food Poisoning,19,5
HC17581,11,11/19/2025,Food Poisoning,27,5
HC17582,12,5/5/2024,Food Poisoning,26,3
HC17583,14,6/22/2024,Typhoid,4,1
HC17584,17,9/14/2024,Typhoid,31,1
HC17585,15,11/10/2025,Diarrheal Disease,4,3
HC17586,1,7/18/2024,Typhoid,20,2
HC17587,26,5/17/2025,Typhoid,14,2
HC17588,10,7/28/2024,Food Poisoning,23,3
HC17589,7,10/17/2025,Food Poisoning,17,5
HC17590,1,1/18/2024,Food Poisoning,5,5
HC17591,12,6/10/2024,Typhoid,1,5
HC17592,13,9/12/2025,Typhoid,2,5
HC17593,11,2/29/2024,Food Poisoning,15,4
HC17594,20,10/30/2024,Diarrheal Disease,15,5
HC17595,18,4/24/2025,Diarrheal Disease,36,5
HC17596,2,4/7/2024,Typhoid,1,4
HC17597,26,3/6/2025,Typhoid,28,1
HC17598,17,7/20/2025,Food Poisoning,7,5
HC17599,21,7/10/2025,Typhoid,20,1
HC17600,19,4/21/2024,Diarrheal Disease,32,5
HC17601,12,9/20/2024,Diarrheal Disease,28,5
HC17602,15,9/1/2024,Diarrheal Disease,35,2
HC17603,12,7/23/2025,Diarrheal Disease,38,2
HC17604,14,3/19/2024,Typhoid,23,5
HC17605,8,9/10/2024,Food Poisoning,7,5
HC17606,15,4/28/2025,Typhoid,6,1
HC17607,5,5/13/2024,Food Poisoning,38,4
HC17608,18,1/2/2025,Food Poisoning,18,1
HC17609,11,8/29/2025,Diarrheal Disease,12,4
HC17610,15,9/6/2024,Typhoid,20,4
HC17611,20,11/2/2025,Food Poisoning,4,1
HC17612,14,9/3/2025,Diarrheal Disease,4,1
HC17613,4,6/12/2024,Food Poisoning,33,2
HC17614,5,6/14/2024,Diarrheal Disease,22,3
HC17615,7,8/25/2024,Diarrheal Disease,3,3
HC17616,10,7/25/2025,Food Poisoning,3,3
HC17617,7,7/2/2025,Food Poisoning,8,1
HC17618,7,9/23/2024,Diarrheal Disease,19,3
HC17619,9,2/4/2025,Typhoid,9,1
HC17620,18,5/25/2025,Diarrheal Disease,22,5
HC17621,15,9/14/2025,Typhoid,37,1
HC17622,21,7/31/2025,Diarrheal Disease,1,2
HC17623,6,9/23/2025,Food Poisoning,18,4
HC17624,16,3/5/2025,Food Poisoning,2,4
HC17625,18,11/21/2024,Diarrheal Disease,29,1
HC17626,2,11/5/2024,Diarrheal Disease,6,3
HC17627,22,8/7/2025,Typhoid,34,4
HC17628,13,1/9/2024,Typhoid,1,4
HC17629,3,12/5/2024,Typhoid,12,2
HC17630,2,12/16/2024,Typhoid,39,1
HC17631,1,6/13/2024,Food Poisoning,17,2
HC17632,6,11/24/2025,Food Poisoning,16,5
HC17633,9,2/10/2024,Food Poisoning,5,1
HC17634,4,11/27/2025,Food Poisoning,38,5
HC17635,1,11/23/2025,Food Poisoning,4,1
HC17636,14,5/25/2024,Diarrheal Disease,1,1
HC17637,21,1/20/2025,Food Poisoning,1,2
HC17638,7,1/13/2025,Food Poisoning,35,5
HC17639,10,3/15/2025,Food Poisoning,29,3
HC17640,25,4/9/2024,Typhoid,29,3
HC17641,9,7/29/2025,Diarrheal Disease,36,4
HC17642,22,4/4/2025,Food Poisoning,8,1
HC17643,13,12/24/2024,Diarrheal Disease,9,3
HC17644,9,9/3/2024,Diarrheal Disease,32,5
HC17645,24,8/6/2024,Diarrheal Disease,29,5
HC17646,20,6/13/2024,Food Poisoning,26,1
HC17647,22,2/24/2025,Diarrheal Disease,2,5
HC17648,8,4/16/2025,Food Poisoning,21,3
HC17649,6,2/22/2025,Diarrheal Disease,37,2
HC17650,16,12/26/2024,Food Poisoning,26,4
HC17651,16,11/4/2024,Food Poisoning,19,5
HC17652,22,11/13/2025,Food Poisoning,26,1
HC17653,6,6/22/2024,Typhoid,6,5
HC17654,19,8/24/2025,Diarrheal Disease,28,3
HC17655,1,5/5/2024,Food Poisoning,15,4
HC17656,18,6/23/2024,Diarrheal Disease,1,2
HC17657,11,10/10/2024,Diarrheal Disease,21,5
HC17658,25,6/7/2024,Diarrheal Disease,13,1
HC17659,4,10/17/2024,Food Poisoning,7,4
HC17660,20,11/2/2025,Food Poisoning,27,4
HC17661,20,1/26/2024,Food Poisoning,7,2
HC17662,1,6/25/2025,Food Poisoning,5,3
HC17663,6,11/4/2025,Food Poisoning,13,3
HC17664,23,3/13/2025,Typhoid,6,5
HC17665,19,11/24/2024,Typhoid,13,4
HC17666,16,4/9/2025,Diarrheal Disease,19,4
HC17667,9,3/19/2025,Food Poisoning,6,2
HC17668,19,8/27/2024,Typhoid,18,4
HC17669,10,3/10/2024,Food Poisoning,22,4
HC17670,10,9/7/2025,Diarrheal Disease,31,4
HC17671,7,4/26/2024,Diarrheal Disease,10,4
HC17672,2,6/24/2025,Food Poisoning,16,1
HC17673,13,6/15/2024,Food Poisoning,8,5
HC17674,16,8/22/2024,Diarrheal Disease,12,1
HC17675,18,5/22/2024,Typhoid,2,2
HC17676,9,4/8/2024,Food Poisoning,7,5
HC17677,10,6/2/2025,Food Poisoning,18,3
HC17678,13,5/21/2024,Typhoid,2,1
HC17679,3,7/12/2024,Food Poisoning,18,4
HC17680,7,11/28/2025,Food Poisoning,6,1
HC17681,9,1/10/2024,Food Poisoning,19,3
HC17682,7,10/29/2025,Typhoid,20,3
HC17683,26,4/23/2025,Typhoid,3,2
HC17684,19,12/4/2025,Diarrheal Disease,15,1
HC17685,1,5/27/2024,Food Poisoning,8,5
HC17686,10,6/22/2024,Diarrheal Disease,36,1
HC17687,19,12/14/2024,Typhoid,5,4
HC17688,3,6/7/2024,Typhoid,29,5
HC17689,24,9/21/2024,Food Poisoning,31,3
HC17690,9,7/29/2024,Diarrheal Disease,5,4
HC17691,3,9/3/2025,Typhoid,5,3
HC17692,16,5/28/2025,Diarrheal Disease,27,4
HC17693,1,5/13/2024,Diarrheal Disease,27,2
HC17694,16,6/15/2024,Food Poisoning,31,2
HC17695,10,2/13/2024,Food Poisoning,37,5
HC17696,19,5/23/2025,Diarrheal Disease,2,1
HC17697,8,12/15/2025,Diarrheal Disease,26,4
HC17698,10,1/18/2024,Diarrheal Disease,10,1
HC17699,22,11/2/2024,Food Poisoning,2,4
HC17700,4,6/23/2024,Diarrheal Disease,22,4
HC17701,18,7/4/2025,Food Poisoning,8,3
HC17702,5,4/17/2024,Food Poisoning,12,4
HC17703,2,8/3/2025,Typhoid,30,3
HC17704,19,1/5/2024,Typhoid,13,1
HC17705,23,4/1/2025,Diarrheal Disease,14,1
HC17706,1,8/17/2024,Food Poisoning,4,4
HC17707,12,6/13/2025,Typhoid,16,3
HC17708,3,3/21/2024,Food Poisoning,22,4
HC17709,12,10/20/2025,Diarrheal Disease,14,3
HC17710,20,4/27/2025,Food Poisoning,34,3
HC17711,23,5/6/2025,Typhoid,18,4
HC17712,9,5/8/2025,Typhoid,13,4
HC17713,10,3/7/2025,Food Poisoning,29,4
HC17714,10,12/19/2025,Food Poisoning,8,2
HC17715,12,11/30/2025,Typhoid,16,3
HC17716,3,12/13/2025,Food Poisoning,24,4
HC17717,22,10/15/2025,Typhoid,10,4
HC17718,1,2/16/2024,Typhoid,14,2
HC17719,11,7/9/2025,Typhoid,19,3
HC17720,2,11/3/2025,Food Poisoning,20,4
HC17721,9,2/20/2025,Food Poisoning,23,5
HC17722,20,8/5/2024,Diarrheal Disease,14,3
HC17723,20,5/14/2025,Food Poisoning,39,2
HC17724,4,9/1/2024,Typhoid,24,1
HC17725,10,11/1/2025,Food Poisoning,34,3
HC17726,5,12/9/2024,Diarrheal Disease,35,5
HC17727,8,12/8/2025,Typhoid,11,3
HC17728,21,1/9/2025,Food Poisoning,13,3
HC17729,19,11/3/2025,Food Poisoning,24,3
HC17730,24,5/13/2024,Food Poisoning,25,5
HC17731,26,10/16/2024,Diarrheal Disease,10,3
HC17732,14,12/5/2025,Typhoid,5,5
HC17733,2,11/18/2025,Food Poisoning,2,2
HC17734,13,11/25/2024,Food Poisoning,35,4
HC17735,21,12/7/2024,Food Poisoning,30,1
HC17736,11,6/12/2025,Food Poisoning,17,3
HC17737,22,7/30/2025,Diarrheal Disease,1,2
HC17738,10,3/16/2024,Typhoid,19,4
HC17739,8,12/27/2024,Diarrheal Disease,26,3
HC17740,20,4/1/2024,Food Poisoning,12,5
HC17741,13,3/18/2025,Diarrheal Disease,11,2
HC17742,17,5/28/2025,Food Poisoning,10,3
HC17743,13,9/29/2024,Typhoid,6,2
HC17744,8,8/20/2025,Diarrheal Disease,32,3
HC17745,16,5/9/2024,Typhoid,12,4
HC17746,12,1/28/2025,Food Poisoning,32,3
HC17747,17,4/29/2024,Food Poisoning,35,1
HC17748,10,1/20/2024,Food Poisoning,10,2
HC17749,10,5/13/2025,Typhoid,11,1
HC17750,6,1/9/2024,Diarrheal Disease,12,5
HC17751,9,1/3/2025,Diarrheal Disease,35,3
HC17752,6,9/12/2024,Food Poisoning,23,5
HC17753,2,4/7/2025,Typhoid,1,4
HC17754,19,11/30/2025,Food Poisoning,4,1
HC17755,7,7/12/2025,Diarrheal Disease,20,3
HC17756,12,11/6/2025,Typhoid,16,4
HC17757,6,9/22/2025,Food Poisoning,3,3
HC17758,8,12/18/2024,Typhoid,13,1
HC17759,14,10/27/2025,Typhoid,6,2
HC17760,18,3/1/2024,Diarrheal Disease,17,5
HC17761,25,10/8/2024,Diarrheal Disease,7,3
HC17762,20,3/12/2024,Diarrheal Disease,2,5
HC17763,17,10/9/2024,Diarrheal Disease,37,5
HC17764,10,8/31/2024,Diarrheal Disease,35,1
HC17765,23,8/24/2024,Food Poisoning,28,3
HC17766,4,3/30/2025,Typhoid,12,1
HC17767,15,12/26/2025,Typhoid,7,4
HC17768,16,4/7/2025,Typhoid,31,5
HC17769,18,9/28/2025,Food Poisoning,20,5
HC17770,22,11/2/2025,Food Poisoning,37,5
HC17771,8,9/11/2025,Typhoid,9,2
HC17772,18,6/2/2025,Typhoid,20,4
HC17773,18,8/14/2025,Diarrheal Disease,30,4
HC17774,13,1/15/2025,Food Poisoning,17,2
HC17775,17,1/5/2024,Typhoid,23,3
HC17776,10,1/5/2024,Diarrheal Disease,17,2
HC17777,11,5/13/2025,Food Poisoning,21,1
HC17778,19,8/3/2025,Food Poisoning,32,3
HC17779,26,3/7/2024,Typhoid,6,1
HC17780,11,3/24/2025,Diarrheal Disease,30,1
HC17781,11,2/27/2024,Food Poisoning,5,4
HC17782,8,12/15/2024,Diarrheal Disease,23,4
HC17783,4,8/25/2025,Food Poisoning,16,1
HC17784,15,5/16/2024,Food Poisoning,32,5
HC17785,2,6/23/2025,Typhoid,24,4
HC17786,25,3/20/2024,Food Poisoning,24,3
HC17787,3,5/14/2025,Typhoid,37,2
HC17788,6,4/29/2024,Food Poisoning,19,4
HC17789,10,7/19/2025,Diarrheal Disease,14,5
HC17790,4,7/2/2024,Diarrheal Disease,3,3
HC17791,20,5/24/2024,Food Poisoning,1,3
HC17792,2,11/24/2025,Food Poisoning,29,4
HC17793,9,2/28/2024,Food Poisoning,1,1
HC17794,24,9/22/2025,Typhoid,35,5
HC17795,17,8/17/2025,Food Poisoning,13,1
HC17796,20,3/24/2024,Diarrheal Disease,39,4
HC17797,26,6/30/2024,Typhoid,11,5
HC17798,21,3/16/2025,Typhoid,38,4
HC17799,12,10/3/2025,Typhoid,30,3
HC17800,17,8/1/2025,Typhoid,10,5
HC17801,9,5/2/2025,Food Poisoning,17,5
HC17802,14,8/2/2025,Diarrheal Disease,15,5
HC17803,24,5/18/2025,Typhoid,38,4
HC17804,20,11/29/2024,Typhoid,27,5
HC17805,4,1/19/2025,Diarrheal Disease,17,2
HC17806,23,6/4/2024,Diarrheal Disease,38,1
HC17807,15,5/21/2025,Food Poisoning,27,2
HC17808,2,9/14/2025,Diarrheal Disease,1,1
HC17809,5,4/20/2025,Typhoid,13,1
HC17810,17,12/23/2024,Food Poisoning,28,4
HC17811,12,3/31/2024,Diarrheal Disease,16,5
HC17812,1,10/31/2025,Food Poisoning,18,5
HC17813,25,5/24/2025,Typhoid,37,3
HC17814,17,8/21/2024,Diarrheal Disease,5,2
HC17815,7,5/3/2024,Diarrheal Disease,7,3
HC17816,13,11/13/2024,Food Poisoning,16,3
HC17817,15,12/8/2025,Food Poisoning,9,2
HC17818,5,4/10/2024,Food Poisoning,31,2
HC17819,2,3/16/2024,Diarrheal Disease,14,3
HC17820,23,11/27/2024,Food Poisoning,21,5
HC17821,1,10/21/2025,Typhoid,24,5
HC17822,7,6/6/2024,Diarrheal Disease,32,5
HC17823,19,4/8/2024,Food Poisoning,39,3
HC17824,24,5/26/2025,Typhoid,20,3
HC17825,13,7/16/2024,Food Poisoning,29,5
HC17826,12,2/22/2025,Diarrheal Disease,26,4
HC17827,24,9/11/2025,Typhoid,6,2
HC17828,1,2/18/2025,Food Poisoning,3,5
HC17829,22,4/25/2025,Diarrheal Disease,11,5
HC17830,18,4/4/2024,Typhoid,18,4
HC17831,10,1/27/2025,Diarrheal Disease,38,3
HC17832,25,11/29/2025,Diarrheal Disease,28,3
HC17833,16,12/25/2025,Food Poisoning,32,1
HC17834,10,10/15/2025,Food Poisoning,4,1
HC17835,2,11/19/2024,Food Poisoning,31,4
HC17836,23,4/15/2025,Typhoid,34,2
HC17837,20,10/20/2024,Diarrheal Disease,29,5
HC17838,25,8/12/2025,Food Poisoning,20,4
HC17839,14,1/1/2024,Diarrheal Disease,33,2
HC17840,20,11/30/2024,Diarrheal Disease,25,4
HC17841,4,2/14/2025,Food Poisoning,33,1
HC17842,26,8/2/2024,Diarrheal Disease,26,5
HC17843,18,11/28/2024,Typhoid,23,3
HC17844,2,5/10/2024,Typhoid,15,2
HC17845,20,11/22/2025,Diarrheal Disease,31,3
HC17846,26,2/18/2024,Typhoid,13,2
HC17847,24,2/14/2025,Food Poisoning,27,2
HC17848,15,3/18/2024,Food Poisoning,4,1
HC17849,9,10/30/2024,Typhoid,34,3
HC17850,12,11/6/2024,Typhoid,12,1
HC17851,10,12/4/2025,Diarrheal Disease,8,1
HC17852,12,12/22/2024,Typhoid,32,3
HC17853,24,11/19/2025,Food Poisoning,39,5
HC17854,17,7/6/2024,Food Poisoning,35,5
HC17855,7,7/6/2024,Diarrheal Disease,29,5
HC17856,17,4/4/2024,Food Poisoning,6,1
HC17857,10,7/9/2024,Typhoid,15,4
HC17858,21,1/4/2024,Food Poisoning,20,4
HC17859,4,1/22/2025,Food Poisoning,3,3
HC17860,14,12/27/2025,Typhoid,21,3
HC17861,13,8/20/2024,Diarrheal Disease,20,3
HC17862,4,2/23/2024,Diarrheal Disease,39,2
HC17863,16,6/20/2025,Diarrheal Disease,7,5
HC17864,13,3/19/2025,Food Poisoning,3,4
HC17865,16,3/28/2024,Food Poisoning,29,2
HC17866,19,6/12/2024,Typhoid,13,3
HC17867,6,7/18/2024,Diarrheal Disease,31,4
HC17868,11,11/30/2024,Diarrheal Disease,22,3
HC17869,7,3/25/2024,Diarrheal Disease,22,3
HC17870,9,11/18/2024,Food Poisoning,37,3
HC17871,8,4/19/2025,Diarrheal Disease,34,2
HC17872,23,6/2/2024,Food Poisoning,22,5
HC17873,22,12/28/2024,Diarrheal Disease,39,3
HC17874,10,8/1/2024,Diarrheal Disease,18,5
HC17875,19,7/28/2025,Diarrheal Disease,26,5
HC17876,23,6/7/2025,Food Poisoning,8,2
HC17877,10,5/22/2024,Typhoid,36,3
HC17878,15,2/21/2024,Typhoid,11,4
HC17879,9,5/9/2025,Food Poisoning,22,3
HC17880,22,10/1/2025,Food Poisoning,14,2
HC17881,9,8/11/2024,Typhoid,17,2
HC17882,2,9/12/2024,Typhoid,28,5
HC17883,13,4/12/2025,Diarrheal Disease,7,2
HC17884,11,1/14/2025,Food Poisoning,30,3
HC17885,13,9/13/2025,Food Poisoning,38,2
HC17886,6,5/23/2024,Food Poisoning,9,2
HC17887,19,11/24/2025,Typhoid,14,2
HC17888,11,7/20/2025,Typhoid,30,3
HC17889,20,8/27/2024,Diarrheal Disease,14,3
HC17890,22,9/14/2025,Typhoid,8,1
HC17891,7,10/7/2025,Typhoid,12,5
HC17892,6,12/21/2025,Diarrheal Disease,36,3
HC17893,18,12/30/2024,Typhoid,8,2
HC17894,2,3/29/2025,Diarrheal Disease,3,2
HC17895,12,9/28/2024,Food Poisoning,16,4
HC17896,14,2/9/2024,Typhoid,1,2
HC17897,10,11/29/2025,Diarrheal Disease,5,3
HC17898,19,4/25/2024,Food Poisoning,37,5
HC17899,12,11/2/2025,Food Poisoning,6,4
HC17900,14,8/23/2024,Diarrheal Disease,23,2
HC17901,22,6/14/2024,Diarrheal Disease,21,4
HC17902,16,5/28/2025,Food Poisoning,15,4
HC17903,24,11/2/2024,Diarrheal Disease,2,2
HC17904,2,4/16/2025,Typhoid,4,3
HC17905,22,10/27/2024,Food Poisoning,26,5
HC17906,21,12/17/2025,Typhoid,18,4
HC17907,23,5/25/2024,Diarrheal Disease,6,4
HC17908,13,12/14/2025,Food Poisoning,18,4
HC17909,26,2/1/2025,Food Poisoning,7,1
HC17910,5,10/11/2024,Typhoid,38,3
HC17911,8,5/5/2025,Typhoid,14,1
HC17912,13,12/27/2024,Typhoid,11,5
HC17913,8,4/24/2025,Food Poisoning,35,5
HC17914,22,6/12/2024,Typhoid,17,2
HC17915,20,7/17/2025,Diarrheal Disease,35,5
HC17916,4,7/8/2024,Typhoid,17,4
HC17917,14,11/11/2024,Food Poisoning,11,3
HC17918,9,7/4/2024,Typhoid,39,5
HC17919,25,8/6/2024,Diarrheal Disease,18,4
HC17920,21,3/8/2025,Food Poisoning,14,5
HC17921,15,11/22/2024,Food Poisoning,25,1
HC17922,15,7/2/2024,Diarrheal Disease,31,1
HC17923,24,5/21/2024,Diarrheal Disease,36,4
HC17924,19,5/24/2025,Food Poisoning,23,3
HC17925,17,9/17/2024,Food Poisoning,19,4
HC17926,8,11/18/2024,Food Poisoning,14,4
HC17927,25,7/14/2024,Typhoid,33,4
HC17928,14,10/3/2025,Food Poisoning,17,4
HC17929,14,12/22/2025,Typhoid,10,2
HC17930,8,11/13/2024,Food Poisoning,25,1
HC17931,22,3/23/2024,Diarrheal Disease,20,3
HC17932,21,10/6/2025,Typhoid,8,3
HC17933,16,12/19/2024,Food Poisoning,26,5
HC17934,15,8/6/2024,Typhoid,7,5
HC17935,26,1/15/2025,Food Poisoning,14,5
HC17936,5,10/28/2025,Food Poisoning,16,1
HC17937,5,1/23/2025,Typhoid,32,5
HC17938,26,9/20/2025,Typhoid,5,3
HC17939,21,6/30/2025,Diarrheal Disease,10,2
HC17940,8,12/23/2025,Typhoid,16,4
HC17941,18,8/27/2025,Diarrheal Disease,10,5
HC17942,16,12/13/2025,Food Poisoning,1,4
HC17943,5,1/17/2024,Diarrheal Disease,15,4
HC17944,5,10/7/2024,Typhoid,25,3
HC17945,25,8/1/2024,Food Poisoning,30,5
HC17946,4,9/23/2024,Diarrheal Disease,39,3
HC17947,16,11/23/2024,Food Poisoning,15,5
HC17948,3,11/13/2024,Food Poisoning,34,3
HC17949,19,1/18/2024,Diarrheal Disease,22,2
HC17950,13,12/5/2024,Food Poisoning,28,1
HC17951,5,6/28/2025,Typhoid,23,2
HC17952,24,12/11/2024,Diarrheal Disease,4,4
HC17953,21,3/4/2024,Diarrheal Disease,23,1
HC17954,13,8/18/2024,Food Poisoning,11,3
HC17955,18,12/17/2024,Diarrheal Disease,38,2
HC17956,4,12/27/2024,Diarrheal Disease,23,1
HC17957,17,4/11/2025,Food Poisoning,1,1
HC17958,24,12/1/2025,Typhoid,33,4
HC17959,3,7/21/2025,Diarrheal Disease,1,5
HC17960,15,11/16/2025,Food Poisoning,30,5
HC17961,9,1/5/2025,Food Poisoning,19,3
HC17962,21,5/18/2024,Food Poisoning,23,2
HC17963,18,8/18/2024,Food Poisoning,4,5
HC17964,16,11/6/2025,Typhoid,13,5
HC17965,9,12/20/2024,Diarrheal Disease,30,5
HC17966,16,3/13/2025,Food Poisoning,34,4
HC17967,20,12/7/2024,Food Poisoning,26,3
HC17968,14,10/7/2024,Diarrheal Disease,1,2
HC17969,1,6/27/2025,Food Poisoning,39,3
HC17970,11,12/3/2025,Diarrheal Disease,2,5
HC17971,13,8/21/2025,Typhoid,38,5
HC17972,8,7/5/2025,Typhoid,6,2
HC17973,3,3/29/2025,Food Poisoning,3,1
HC17974,1,7/30/2025,Food Poisoning,17,1
HC17975,18,2/4/2025,Typhoid,1,2
HC17976,16,9/10/2025,Food Poisoning,34,4
HC17977,6,3/26/2024,Diarrheal Disease,31,5
HC17978,16,12/8/2025,Typhoid,15,5
HC17979,26,1/4/2025,Typhoid,8,3
HC17980,4,8/3/2024,Diarrheal Disease,33,5
HC17981,14,12/6/2024,Typhoid,34,2
HC17982,18,12/5/2025,Food Poisoning,23,5
HC17983,11,11/4/2024,Food Poisoning,31,5
HC17984,26,12/11/2024,Typhoid,1,3
HC17985,7,4/9/2024,Diarrheal Disease,29,3
HC17986,7,8/19/2025,Diarrheal Disease,36,1
HC17987,24,12/5/2024,Typhoid,8,4
HC17988,18,1/19/2025,Diarrheal Disease,35,3
HC17989,25,11/26/2024,Food Poisoning,13,5
HC17990,2,10/3/2024,Typhoid,37,2
HC17991,25,4/9/2024,Typhoid,37,5
HC17992,2,3/11/2024,Food Poisoning,14,1
HC17993,9,11/20/2024,Food Poisoning,9,1
HC17994,20,10/22/2025,Diarrheal Disease,2,4
HC17995,24,4/6/2024,Food Poisoning,21,3
HC17996,17,6/22/2024,Food Poisoning,27,5
HC17997,20,11/15/2025,Diarrheal Disease,36,1
HC17998,13,11/14/2024,Food Poisoning,35,2
HC17999,12,10/12/2024,Food Poisoning,12,4
HC18000,11,8/17/2024,Diarrheal Disease,11,2
HC18001,18,9/5/2025,Typhoid,3,1
HC18002,24,6/1/2025,Food Poisoning,35,2
HC18003,8,3/20/2024,Typhoid,13,2
HC18004,9,11/27/2024,Typhoid,2,5
HC18005,5,4/12/2024,Diarrheal Disease,32,2
HC18006,9,8/29/2025,Diarrheal Disease,18,5
HC18007,4,6/28/2025,Typhoid,30,2
HC18008,2,1/2/2025,Diarrheal Disease,35,2
HC18009,9,4/24/2024,Food Poisoning,27,5
HC18010,21,7/11/2025,Food Poisoning,4,2
HC18011,18,12/31/2025,Typhoid,27,1
HC18012,24,2/15/2024,Typhoid,6,5
HC18013,8,5/3/2025,Diarrheal Disease,13,5
HC18014,3,8/6/2024,Typhoid,38,1
HC18015,18,7/13/2025,Food Poisoning,34,1
HC18016,14,7/18/2025,Typhoid,23,2
HC18017,10,1/17/2024,Typhoid,35,4
HC18018,9,2/29/2024,Diarrheal Disease,7,5
HC18019,19,1/30/2024,Food Poisoning,23,5
HC18020,7,2/20/2025,Typhoid,4,4
HC18021,4,6/5/2025,Diarrheal Disease,30,1
HC18022,7,9/8/2024,Food Poisoning,3,3
HC18023,3,5/24/2025,Food Poisoning,34,4
HC18024,6,1/15/2025,Food Poisoning,15,4
HC18025,6,9/13/2024,Food Poisoning,23,4
HC18026,3,4/19/2024,Food Poisoning,23,4
HC18027,15,5/24/2025,Food Poisoning,5,4
HC18028,5,5/4/2025,Diarrheal Disease,26,3
HC18029,11,2/20/2024,Diarrheal Disease,5,2
HC18030,21,3/14/2025,Diarrheal Disease,28,3
HC18031,3,9/15/2024,Food Poisoning,5,1
HC18032,5,3/2/2024,Typhoid,38,3
HC18033,11,12/28/2025,Typhoid,23,1
HC18034,17,2/19/2024,Food Poisoning,23,2
HC18035,13,10/17/2024,Diarrheal Disease,24,1
HC18036,12,12/26/2025,Typhoid,14,2
HC18037,5,5/6/2024,Food Poisoning,13,5
HC18038,23,9/2/2025,Food Poisoning,16,1
HC18039,10,5/3/2024,Diarrheal Disease,8,1
HC18040,5,4/28/2024,Food Poisoning,1,5
HC18041,7,10/21/2025,Typhoid,13,1
HC18042,25,4/22/2025,Food Poisoning,34,5
HC18043,10,3/12/2025,Diarrheal Disease,7,2
HC18044,22,1/19/2024,Diarrheal Disease,32,4
HC18045,20,10/9/2024,Food Poisoning,23,4
HC18046,12,1/25/2025,Typhoid,30,2
HC18047,8,12/17/2024,Diarrheal Disease,29,2
HC18048,2,9/13/2024,Diarrheal Disease,19,5
HC18049,7,10/11/2025,Food Poisoning,35,5
HC18050,9,1/4/2024,Food Poisoning,17,3
HC18051,8,1/1/2025,Typhoid,13,5
HC18052,7,12/19/2024,Typhoid,16,1
HC18053,25,2/10/2024,Food Poisoning,18,3
HC18054,17,3/6/2025,Food Poisoning,15,5
HC18055,17,2/24/2025,Diarrheal Disease,17,4
HC18056,3,11/12/2024,Typhoid,23,1
HC18057,8,12/31/2024,Food Poisoning,4,5
HC18058,17,4/22/2025,Diarrheal Disease,19,4
HC18059,9,1/26/2024,Food Poisoning,24,3
HC18060,20,9/21/2025,Typhoid,15,1
HC18061,12,1/11/2025,Food Poisoning,24,5
HC18062,1,10/18/2024,Typhoid,26,2
HC18063,15,1/25/2025,Typhoid,1,3
HC18064,6,9/2/2025,Diarrheal Disease,27,2
HC18065,19,5/8/2025,Diarrheal Disease,5,3
HC18066,20,7/22/2024,Food Poisoning,12,3
HC18067,18,8/13/2024,Food Poisoning,38,4
HC18068,23,9/3/2024,Typhoid,24,2
HC18069,2,5/20/2024,Typhoid,36,1
HC18070,24,4/22/2024,Food Poisoning,29,1
HC18071,11,7/10/2024,Typhoid,27,5
HC18072,13,5/22/2024,Food Poisoning,38,4
HC18073,20,7/9/2025,Diarrheal Disease,4,5
HC18074,17,3/17/2024,Diarrheal Disease,3,5
HC18075,6,9/25/2025,Typhoid,37,2
HC18076,15,1/9/2024,Diarrheal Disease,27,2
HC18077,22,10/28/2024,Diarrheal Disease,9,3
HC18078,6,7/25/2024,Food Poisoning,34,2
HC18079,2,6/26/2025,Typhoid,22,3
HC18080,8,5/30/2025,Diarrheal Disease,17,4
HC18081,10,5/4/2024,Typhoid,4,1
HC18082,9,1/26/2024,Food Poisoning,13,1
HC18083,22,2/2/2024,Diarrheal Disease,4,2
HC18084,21,10/23/2025,Food Poisoning,18,5
HC18085,3,7/11/2025,Food Poisoning,11,4
HC18086,12,3/23/2024,Typhoid,37,3
HC18087,15,11/13/2024,Food Poisoning,24,5
HC18088,25,5/11/2024,Food Poisoning,13,3
HC18089,5,3/20/2025,Food Poisoning,32,2
HC18090,22,9/10/2025,Diarrheal Disease,23,3
HC18091,1,10/18/2025,Typhoid,29,3
HC18092,17,9/22/2025,Typhoid,28,3
HC18093,7,4/9/2024,Diarrheal Disease,12,4
HC18094,6,4/12/2025,Diarrheal Disease,27,1
HC18095,18,8/16/2025,Food Poisoning,30,4
HC18096,19,1/26/2024,Typhoid,26,5
HC18097,24,4/14/2025,Food Poisoning,10,3
HC18098,14,7/18/2024,Food Poisoning,31,5
HC18099,20,4/30/2024,Typhoid,32,2
HC18100,19,12/18/2025,Typhoid,34,4
HC18101,20,7/10/2024,Diarrheal Disease,37,2
HC18102,9,2/21/2024,Diarrheal Disease,13,3
HC18103,26,3/15/2025,Food Poisoning,24,3
HC18104,10,12/27/2024,Diarrheal Disease,3,4
HC18105,7,6/5/2025,Diarrheal Disease,28,3
HC18106,19,4/8/2024,Diarrheal Disease,39,1
HC18107,10,3/11/2025,Food Poisoning,25,3
HC18108,20,1/20/2024,Food Poisoning,36,2
HC18109,11,2/10/2024,Diarrheal Disease,1,3
HC18110,14,3/22/2025,Diarrheal Disease,38,1
HC18111,23,9/20/2024,Typhoid,24,2
HC18112,19,1/12/2025,Diarrheal Disease,1,1
HC18113,9,9/16/2024,Diarrheal Disease,28,2
HC18114,5,2/3/2024,Typhoid,3,3
HC18115,7,12/27/2025,Typhoid,13,2
HC18116,9,8/20/2024,Diarrheal Disease,14,1
HC18117,9,7/26/2024,Diarrheal Disease,11,1
HC18118,3,2/5/2025,Diarrheal Disease,17,5
HC18119,14,10/21/2025,Diarrheal Disease,19,1
HC18120,25,6/25/2024,Food Poisoning,28,2
HC18121,22,6/27/2025,Typhoid,34,2
HC18122,1,9/14/2025,Typhoid,27,3
HC18123,4,10/23/2025,Typhoid,16,2
HC18124,2,5/19/2024,Food Poisoning,16,1
HC18125,22,10/30/2025,Food Poisoning,37,3
HC18126,2,2/12/2024,Food Poisoning,20,5
HC18127,23,6/25/2025,Typhoid,37,3
HC18128,24,7/2/2024,Diarrheal Disease,2,1
HC18129,11,8/9/2025,Food Poisoning,2,2
HC18130,25,12/10/2025,Diarrheal Disease,20,5
HC18131,8,9/22/2024,Food Poisoning,18,5
HC18132,13,8/22/2024,Diarrheal Disease,31,1
HC18133,9,4/6/2025,Food Poisoning,21,5
HC18134,13,11/22/2025,Food Poisoning,30,2
HC18135,21,12/30/2024,Typhoid,11,4
HC18136,8,3/12/2025,Diarrheal Disease,20,4
HC18137,11,8/16/2024,Food Poisoning,33,2
HC18138,14,4/17/2024,Typhoid,12,2
HC18139,10,12/11/2024,Food Poisoning,12,1
HC18140,13,5/5/2025,Food Poisoning,35,5
HC18141,13,9/12/2024,Food Poisoning,20,5
HC18142,2,9/29/2024,Diarrheal Disease,4,5
HC18143,4,5/18/2024,Diarrheal Disease,29,3
HC18144,22,8/10/2024,Food Poisoning,33,5
HC18145,24,8/26/2024,Typhoid,29,2
HC18146,19,3/15/2024,Food Poisoning,23,5
HC18147,23,7/4/2024,Typhoid,8,5
HC18148,16,6/28/2024,Food Poisoning,16,5
HC18149,7,11/28/2025,Food Poisoning,24,1
HC18150,5,2/24/2025,Diarrheal Disease,23,5
HC18151,23,10/3/2025,Typhoid,34,1
HC18152,22,2/22/2025,Typhoid,25,5
HC18153,16,4/27/2025,Diarrheal Disease,2,1
HC18154,7,6/6/2025,Diarrheal Disease,37,5
HC18155,14,4/5/2025,Food Poisoning,34,5
HC18156,19,8/2/2024,Typhoid,22,1
HC18157,6,9/25/2025,Diarrheal Disease,7,2
HC18158,24,3/10/2024,Diarrheal Disease,39,5
HC18159,22,5/30/2025,Typhoid,11,2
HC18160,17,11/25/2025,Diarrheal Disease,37,5
HC18161,21,3/5/2025,Food Poisoning,4,3
HC18162,14,11/6/2024,Food Poisoning,4,3
HC18163,2,12/24/2024,Typhoid,19,3
HC18164,18,5/19/2024,Typhoid,1,1
HC18165,21,10/13/2025,Diarrheal Disease,10,3
HC18166,14,4/5/2025,Diarrheal Disease,8,1
HC18167,15,2/26/2024,Typhoid,4,2
HC18168,19,8/17/2024,Typhoid,31,2
HC18169,4,10/31/2025,Typhoid,11,5
HC18170,14,11/2/2025,Diarrheal Disease,19,5
HC18171,12,10/28/2025,Typhoid,31,3
HC18172,22,6/25/2025,Food Poisoning,2,4
HC18173,5,1/7/2024,Diarrheal Disease,36,2
HC18174,20,4/15/2024,Food Poisoning,36,2
HC18175,6,6/30/2025,Typhoid,21,5
HC18176,23,9/24/2024,Food Poisoning,26,3
HC18177,23,12/5/2025,Typhoid,14,2
HC18178,17,6/23/2025,Diarrheal Disease,14,2
HC18179,11,11/10/2025,Diarrheal Disease,9,1
HC18180,10,11/8/2024,Diarrheal Disease,31,4
HC18181,1,9/26/2024,Diarrheal Disease,10,1
HC18182,18,8/25/2024,Typhoid,21,5
HC18183,2,8/3/2024,Diarrheal Disease,3,1
HC18184,15,3/24/2025,Food Poisoning,30,1
HC18185,10,10/19/2025,Diarrheal Disease,13,4
HC18186,11,4/22/2024,Diarrheal Disease,4,5
HC18187,2,12/8/2024,Food Poisoning,9,4
HC18188,6,12/28/2024,Food Poisoning,34,2
HC18189,26,10/21/2025,Typhoid,16,5
HC18190,23,11/16/2024,Food Poisoning,3,5
HC18191,26,8/5/2024,Diarrheal Disease,22,5
HC18192,6,4/8/2025,Food Poisoning,19,4
HC18193,18,3/2/2025,Food Poisoning,30,3
HC18194,15,12/25/2025,Typhoid,30,2
HC18195,1,5/28/2025,Diarrheal Disease,26,1
HC18196,21,4/10/2024,Typhoid,10,1
HC18197,6,3/13/2024,Food Poisoning,14,5
HC18198,17,1/30/2025,Food Poisoning,5,2
HC18199,26,7/30/2025,Diarrheal Disease,4,1
HC18200,19,10/20/2024,Diarrheal Disease,8,1
HC18201,3,8/16/2025,Typhoid,23,1
HC18202,5,8/5/2025,Food Poisoning,20,1
HC18203,23,9/14/2024,Typhoid,22,5
HC18204,12,2/28/2024,Diarrheal Disease,3,1
HC18205,14,3/6/2025,Food Poisoning,14,2
HC18206,21,7/10/2025,Food Poisoning,21,3
HC18207,12,1/17/2024,Diarrheal Disease,37,5
HC18208,6,6/19/2025,Food Poisoning,10,2
HC18209,4,9/27/2024,Diarrheal Disease,37,5
HC18210,9,10/21/2025,Food Poisoning,32,2
HC18211,26,10/19/2024,Diarrheal Disease,32,4
HC18212,16,8/20/2024,Food Poisoning,19,3
HC18213,7,1/19/2025,Food Poisoning,37,3
HC18214,6,5/30/2025,Diarrheal Disease,13,3
HC18215,1,11/10/2025,Diarrheal Disease,15,3
HC18216,5,12/7/2025,Diarrheal Disease,18,3
HC18217,22,7/12/2025,Typhoid,36,2
HC18218,23,6/3/2025,Food Poisoning,1,5
HC18219,16,7/5/2025,Diarrheal Disease,28,5
HC18220,5,10/27/2024,Typhoid,8,2
HC18221,11,10/8/2025,Food Poisoning,31,3
HC18222,22,12/3/2025,Food Poisoning,14,2
HC18223,18,2/12/2024,Food Poisoning,14,4
HC18224,22,12/11/2024,Typhoid,3,4
HC18225,1,8/25/2024,Typhoid,4,1
HC18226,25,1/22/2025,Food Poisoning,22,5
HC18227,26,7/4/2025,Diarrheal Disease,15,1
HC18228,10,9/21/2025,Food Poisoning,5,1
HC18229,15,7/3/2025,Typhoid,36,5
HC18230,14,11/13/2025,Diarrheal Disease,24,3
HC18231,4,3/13/2024,Typhoid,5,4
HC18232,1,1/31/2024,Food Poisoning,17,3
HC18233,25,10/22/2025,Diarrheal Disease,29,4
HC18234,19,6/29/2025,Diarrheal Disease,24,4
HC18235,20,2/12/2024,Typhoid,6,4
HC18236,21,9/24/2024,Food Poisoning,21,1
HC18237,15,2/29/2024,Typhoid,30,2
HC18238,19,8/20/2024,Typhoid,18,4
HC18239,5,8/30/2025,Diarrheal Disease,38,2
HC18240,26,6/12/2025,Food Poisoning,30,4
HC18241,14,11/25/2025,Food Poisoning,35,4
HC18242,7,12/8/2025,Food Poisoning,31,5
HC18243,22,2/28/2024,Diarrheal Disease,37,4
HC18244,13,6/12/2024,Diarrheal Disease,2,2
HC18245,3,2/11/2024,Diarrheal Disease,18,1
HC18246,4,8/1/2025,Diarrheal Disease,23,3
HC18247,2,5/11/2025,Diarrheal Disease,11,3
HC18248,23,11/19/2024,Diarrheal Disease,21,3
HC18249,15,9/12/2024,Diarrheal Disease,31,1
HC18250,6,5/11/2024,Food Poisoning,3,4
HC18251,8,1/17/2024,Diarrheal Disease,9,4
HC18252,24,1/4/2025,Typhoid,2,5
HC18253,23,8/25/2024,Typhoid,33,4
HC18254,7,11/2/2024,Diarrheal Disease,21,1
HC18255,16,2/6/2025,Food Poisoning,6,2
HC18256,26,10/10/2025,Typhoid,2,2
HC18257,18,10/19/2024,Diarrheal Disease,4,3
HC18258,20,3/2/2025,Diarrheal Disease,24,3
HC18259,2,1/3/2024,Typhoid,35,1
HC18260,18,12/6/2025,Diarrheal Disease,10,2
HC18261,23,7/31/2025,Food Poisoning,4,2
HC18262,2,6/25/2024,Food Poisoning,21,2
HC18263,22,5/5/2025,Food Poisoning,19,5
HC18264,4,10/31/2024,Diarrheal Disease,35,2
HC18265,15,4/10/2024,Food Poisoning,28,3
HC18266,12,12/8/2024,Typhoid,36,2
HC18267,22,10/14/2024,Diarrheal Disease,16,1
HC18268,15,4/27/2024,Typhoid,35,3
HC18269,9,2/21/2025,Food Poisoning,16,3
HC18270,23,3/21/2025,Typhoid,10,3
HC18271,25,7/1/2025,Food Poisoning,31,2
HC18272,26,6/3/2024,Food Poisoning,1,4
HC18273,24,3/22/2025,Diarrheal Disease,27,4
HC18274,25,1/14/2024,Typhoid,8,2
HC18275,24,7/15/2025,Typhoid,30,2
HC18276,10,6/23/2024,Diarrheal Disease,1,1
HC18277,24,3/26/2025,Diarrheal Disease,19,4
HC18278,5,10/30/2025,Food Poisoning,9,5
HC18279,1,1/3/2025,Food Poisoning,36,2
HC18280,25,8/19/2024,Food Poisoning,10,1
HC18281,23,3/4/2025,Diarrheal Disease,16,1
HC18282,25,1/9/2024,Food Poisoning,8,5
HC18283,18,11/12/2025,Diarrheal Disease,25,1
HC18284,8,6/15/2024,Diarrheal Disease,17,5
HC18285,12,8/19/2024,Diarrheal Disease,9,4
HC18286,4,9/28/2025,Food Poisoning,12,2
HC18287,10,4/21/2025,Typhoid,16,4
HC18288,15,4/9/2024,Food Poisoning,3,1
HC18289,17,7/20/2025,Food Poisoning,3,3
HC18290,9,10/3/2024,Typhoid,8,3
HC18291,20,8/1/2025,Food Poisoning,1,5
HC18292,20,3/2/2025,Diarrheal Disease,13,4
HC18293,3,12/21/2025,Food Poisoning,19,4
HC18294,5,3/17/2024,Typhoid,7,3
HC18295,5,1/16/2024,Typhoid,21,4
HC18296,19,7/19/2024,Food Poisoning,3,3
HC18297,11,2/18/2025,Food Poisoning,20,2
HC18298,20,2/9/2024,Typhoid,3,5
HC18299,9,3/19/2025,Food Poisoning,26,5
HC18300,2,10/25/2025,Food Poisoning,36,2
HC18301,24,11/30/2024,Typhoid,37,1
HC18302,1,9/8/2025,Typhoid,30,4
HC18303,11,12/12/2025,Diarrheal Disease,19,5
HC18304,18,4/4/2025,Diarrheal Disease,2,2
HC18305,5,7/22/2025,Typhoid,18,5
HC18306,7,7/22/2025,Diarrheal Disease,26,3
HC18307,17,1/8/2025,Food Poisoning,24,5
HC18308,18,12/7/2024,Typhoid,25,4
HC18309,24,8/9/2025,Diarrheal Disease,23,4
HC18310,16,5/9/2025,Diarrheal Disease,7,5
HC18311,23,10/4/2024,Typhoid,24,4
HC18312,18,2/2/2024,Food Poisoning,34,5
HC18313,24,12/4/2025,Diarrheal Disease,12,5
HC18314,14,5/23/2025,Diarrheal Disease,15,1
HC18315,22,1/31/2025,Typhoid,27,4
HC18316,14,8/2/2024,Food Poisoning,7,2
HC18317,19,6/2/2024,Typhoid,27,2
HC18318,24,6/29/2025,Food Poisoning,22,5
HC18319,9,1/25/2025,Typhoid,1,3
HC18320,19,5/20/2024,Diarrheal Disease,20,2
HC18321,24,10/28/2025,Typhoid,23,4
HC18322,13,1/8/2024,Typhoid,27,2
HC18323,12,10/27/2024,Diarrheal Disease,24,1
HC18324,24,11/23/2025,Food Poisoning,28,5
HC18325,8,7/10/2024,Diarrheal Disease,33,5
HC18326,21,1/16/2024,Typhoid,24,3
HC18327,3,3/5/2025,Typhoid,23,3
HC18328,18,2/5/2024,Diarrheal Disease,19,1
HC18329,4,9/10/2024,Diarrheal Disease,31,1
HC18330,15,6/14/2024,Diarrheal Disease,24,2
HC18331,13,12/27/2025,Diarrheal Disease,4,3
HC18332,10,11/14/2024,Food Poisoning,10,3
HC18333,23,11/13/2025,Diarrheal Disease,32,4
HC18334,26,11/3/2025,Food Poisoning,20,3
HC18335,9,3/25/2025,Food Poisoning,30,4
HC18336,5,4/20/2025,Diarrheal Disease,34,2
HC18337,15,8/5/2025,Typhoid,11,2
HC18338,11,8/25/2024,Diarrheal Disease,17,3
HC18339,22,10/7/2024,Diarrheal Disease,6,3
HC18340,5,11/20/2024,Food Poisoning,13,3
HC18341,12,11/15/2025,Food Poisoning,30,2
HC18342,9,3/18/2024,Typhoid,20,5
HC18343,15,1/8/2024,Typhoid,12,3
HC18344,2,6/16/2025,Food Poisoning,6,4
HC18345,26,2/10/2024,Food Poisoning,21,4
HC18346,14,10/12/2025,Typhoid,14,5
HC18347,6,1/12/2025,Diarrheal Disease,36,1
HC18348,3,1/2/2025,Diarrheal Disease,4,3
HC18349,19,8/25/2024,Food Poisoning,32,1
HC18350,20,1/1/2025,Food Poisoning,21,2
HC18351,8,11/7/2024,Diarrheal Disease,24,4
HC18352,26,12/16/2025,Diarrheal Disease,19,4
HC18353,4,12/20/2025,Food Poisoning,8,4
HC18354,3,3/19/2024,Food Poisoning,35,3
HC18355,8,6/27/2025,Typhoid,30,1
HC18356,5,1/29/2025,Diarrheal Disease,24,1
HC18357,8,1/24/2024,Typhoid,1,5
HC18358,18,3/12/2024,Food Poisoning,38,4
HC18359,20,6/22/2025,Typhoid,13,3
HC18360,21,11/19/2025,Food Poisoning,22,3
HC18361,11,5/31/2025,Typhoid,7,3
HC18362,1,10/6/2024,Food Poisoning,18,5
HC18363,6,4/4/2024,Food Poisoning,4,2
HC18364,10,11/27/2025,Typhoid,37,3
HC18365,10,2/22/2024,Food Poisoning,23,4
HC18366,23,2/6/2025,Typhoid,35,1
HC18367,19,2/10/2024,Typhoid,26,2
HC18368,4,2/19/2025,Diarrheal Disease,23,4
HC18369,10,7/4/2024,Food Poisoning,4,1
HC18370,4,3/11/2025,Diarrheal Disease,17,3
HC18371,18,9/20/2025,Diarrheal Disease,16,2
HC18372,7,2/24/2025,Diarrheal Disease,2,2
HC18373,22,12/19/2025,Diarrheal Disease,36,3
HC18374,6,10/30/2024,Diarrheal Disease,1,2
HC18375,9,5/20/2025,Diarrheal Disease,38,3
HC18376,20,9/10/2024,Typhoid,37,3
HC18377,7,8/29/2024,Food Poisoning,11,2
HC18378,7,5/2/2024,Food Poisoning,27,2
HC18379,18,5/25/2025,Diarrheal Disease,32,3
HC18380,18,3/3/2025,Food Poisoning,38,4
HC18381,16,10/20/2025,Typhoid,39,3
HC18382,16,10/13/2025,Diarrheal Disease,4,5
HC18383,16,6/19/2025,Typhoid,30,2
HC18384,17,7/26/2025,Diarrheal Disease,14,2
HC18385,9,1/25/2024,Diarrheal Disease,34,3
HC18386,20,9/7/2025,Typhoid,17,4
HC18387,11,2/9/2024,Diarrheal Disease,1,1
HC18388,6,12/4/2025,Diarrheal Disease,2,3
HC18389,22,2/23/2024,Food Poisoning,4,2
HC18390,13,10/31/2025,Diarrheal Disease,36,5
HC18391,25,5/25/2025,Diarrheal Disease,14,4
HC18392,23,3/17/2024,Food Poisoning,16,1
HC18393,1,10/13/2024,Diarrheal Disease,14,5
HC18394,6,1/21/2024,Diarrheal Disease,38,5
HC18395,21,5/27/2024,Typhoid,22,1
HC18396,24,10/31/2025,Diarrheal Disease,3,1
HC18397,15,4/29/2025,Diarrheal Disease,33,3
HC18398,10,5/7/2025,Diarrheal Disease,30,5
HC18399,19,3/10/2024,Typhoid,16,4
HC18400,23,6/20/2024,Food Poisoning,18,3
HC18401,8,10/18/2025,Food Poisoning,22,2
HC18402,26,4/27/2024,Diarrheal Disease,20,3
HC18403,26,11/23/2024,Typhoid,27,1
HC18404,24,8/19/2024,Diarrheal Disease,4,5
HC18405,15,8/16/2025,Typhoid,15,4
HC18406,10,8/7/2025,Typhoid,28,4
HC18407,22,1/2/2025,Diarrheal Disease,34,1
HC18408,6,4/13/2025,Typhoid,1,2
HC18409,11,9/4/2025,Food Poisoning,5,1
HC18410,13,2/8/2024,Typhoid,20,3
HC18411,25,4/30/2025,Typhoid,5,4
HC18412,7,8/28/2024,Diarrheal Disease,19,1
HC18413,18,2/6/2025,Typhoid,9,1
HC18414,8,9/6/2025,Food Poisoning,36,1
HC18415,1,6/1/2025,Diarrheal Disease,39,1
HC18416,3,6/19/2025,Diarrheal Disease,34,3
HC18417,17,11/22/2025,Typhoid,24,3
HC18418,19,1/4/2025,Food Poisoning,5,1
HC18419,8,5/12/2024,Typhoid,25,2
HC18420,14,5/13/2025,Diarrheal Disease,7,1
HC18421,16,12/28/2024,Food Poisoning,30,4
HC18422,9,9/29/2024,Diarrheal Disease,18,2
HC18423,5,12/22/2024,Food Poisoning,25,2
HC18424,11,9/24/2024,Food Poisoning,32,4
HC18425,20,9/18/2025,Diarrheal Disease,4,5
HC18426,12,8/12/2025,Typhoid,26,4
HC18427,25,2/20/2024,Typhoid,11,5
HC18428,4,1/7/2024,Typhoid,2,4
HC18429,17,8/27/2024,Food Poisoning,17,2
HC18430,1,4/12/2024,Diarrheal Disease,28,4
HC18431,12,6/2/2024,Typhoid,8,4
HC18432,8,6/22/2025,Typhoid,17,4
HC18433,3,8/7/2025,Typhoid,33,1
HC18434,8,2/14/2025,Typhoid,7,3
HC18435,18,6/28/2024,Diarrheal Disease,23,4
HC18436,21,10/3/2025,Typhoid,15,5
HC18437,1,5/15/2025,Diarrheal Disease,11,5
HC18438,23,8/11/2024,Typhoid,38,2
HC18439,19,9/19/2024,Diarrheal Disease,24,2
HC18440,10,4/29/2024,Diarrheal Disease,26,2
HC18441,21,2/16/2024,Typhoid,7,5
HC18442,8,3/7/2025,Typhoid,1,1
HC18443,6,7/1/2024,Typhoid,29,2
HC18444,16,12/29/2025,Typhoid,16,5
HC18445,16,3/31/2024,Typhoid,35,5
HC18446,18,7/7/2025,Diarrheal Disease,37,3
HC18447,6,12/4/2025,Food Poisoning,20,1
HC18448,20,1/21/2024,Food Poisoning,11,1
HC18449,4,4/16/2024,Food Poisoning,1,3
HC18450,9,11/19/2024,Diarrheal Disease,13,2
HC18451,6,5/21/2024,Food Poisoning,32,5
HC18452,9,7/14/2025,Diarrheal Disease,5,1
HC18453,3,6/22/2024,Food Poisoning,33,3
HC18454,3,12/29/2024,Typhoid,29,2
HC18455,19,3/15/2024,Food Poisoning,38,4
HC18456,2,10/21/2024,Typhoid,4,3
HC18457,15,6/26/2024,Diarrheal Disease,11,3
HC18458,26,8/31/2024,Typhoid,6,2
HC18459,10,6/4/2025,Typhoid,16,2
HC18460,9,7/1/2025,Diarrheal Disease,16,3
HC18461,18,5/15/2025,Diarrheal Disease,15,2
HC18462,17,4/20/2024,Food Poisoning,17,5
HC18463,10,3/24/2025,Diarrheal Disease,38,1
HC18464,1,4/26/2024,Typhoid,39,5
HC18465,11,9/4/2025,Food Poisoning,32,3
HC18466,11,9/5/2024,Typhoid,39,5
HC18467,23,8/30/2025,Food Poisoning,33,4
HC18468,1,9/3/2024,Diarrheal Disease,39,3
HC18469,12,4/25/2025,Diarrheal Disease,32,2
HC18470,20,6/2/2025,Food Poisoning,2,3
HC18471,22,8/17/2024,Typhoid,32,3
HC18472,15,3/23/2025,Diarrheal Disease,38,2
HC18473,24,10/23/2025,Diarrheal Disease,36,3
HC18474,25,12/13/2024,Food Poisoning,7,2
HC18475,15,8/30/2024,Diarrheal Disease,14,5
HC18476,2,2/6/2024,Diarrheal Disease,36,3
HC18477,16,1/26/2024,Food Poisoning,17,4
HC18478,10,11/9/2025,Typhoid,36,5
HC18479,9,3/14/2025,Diarrheal Disease,19,4
HC18480,5,5/28/2024,Food Poisoning,29,5
HC18481,22,3/11/2024,Typhoid,14,1
HC18482,22,10/26/2025,Typhoid,37,4
HC18483,12,9/7/2024,Typhoid,27,3
HC18484,12,2/7/2024,Diarrheal Disease,31,4
HC18485,15,10/2/2025,Food Poisoning,16,4
HC18486,7,8/5/2024,Typhoid,23,4
HC18487,26,10/12/2025,Food Poisoning,10,3
HC18488,1,3/2/2024,Food Poisoning,23,2
HC18489,23,5/26/2025,Food Poisoning,7,5
HC18490,20,10/17/2025,Typhoid,33,1
HC18491,7,3/11/2024,Diarrheal Disease,8,4
HC18492,1,6/3/2024,Typhoid,8,2
HC18493,12,2/12/2024,Typhoid,14,2
HC18494,3,12/16/2025,Diarrheal Disease,36,5
HC18495,26,6/21/2024,Typhoid,35,4
HC18496,19,12/4/2024,Food Poisoning,27,4
HC18497,8,2/28/2025,Diarrheal Disease,14,1
HC18498,23,9/2/2025,Typhoid,38,1
HC18499,23,2/10/2024,Food Poisoning,9,4
HC18500,11,7/1/2024,Diarrheal Disease,27,1
HC18501,11,8/23/2025,Typhoid,15,3
HC18502,1,6/13/2024,Food Poisoning,23,2
HC18503,16,3/19/2024,Typhoid,9,3
HC18504,18,9/21/2025,Typhoid,20,1
HC18505,4,4/13/2025,Typhoid,9,5
HC18506,13,8/22/2024,Food Poisoning,2,4
HC18507,1,9/28/2024,Typhoid,17,2
HC18508,20,8/24/2025,Diarrheal Disease,35,1
HC18509,15,7/8/2025,Typhoid,11,5
HC18510,3,4/20/2025,Diarrheal Disease,20,5
HC18511,26,12/14/2025,Diarrheal Disease,12,1
HC18512,14,4/28/2024,Diarrheal Disease,36,4
HC18513,10,10/6/2025,Diarrheal Disease,34,5
HC18514,19,4/12/2024,Diarrheal Disease,26,2
HC18515,10,12/7/2025,Typhoid,37,2
HC18516,10,11/21/2025,Diarrheal Disease,4,4
HC18517,16,5/21/2024,Diarrheal Disease,25,2
HC18518,9,4/6/2024,Diarrheal Disease,12,4
HC18519,9,1/1/2024,Diarrheal Disease,24,3
HC18520,24,12/30/2024,Typhoid,34,1
HC18521,22,8/11/2025,Diarrheal Disease,24,4
HC18522,12,9/15/2025,Typhoid,4,4
HC18523,7,12/15/2025,Food Poisoning,5,1
HC18524,13,9/14/2025,Typhoid,16,5
HC18525,1,1/9/2025,Diarrheal Disease,24,4
HC18526,3,1/15/2024,Typhoid,37,5
HC18527,11,3/26/2025,Food Poisoning,1,5
HC18528,3,11/14/2025,Typhoid,35,2
HC18529,15,11/23/2025,Diarrheal Disease,37,5
HC18530,23,10/26/2024,Diarrheal Disease,29,2
HC18531,4,5/16/2025,Diarrheal Disease,35,2
HC18532,17,12/11/2025,Typhoid,32,4
HC18533,4,10/20/2025,Typhoid,9,4
HC18534,5,7/24/2024,Diarrheal Disease,3,5
HC18535,13,9/24/2024,Typhoid,5,2
HC18536,21,10/18/2024,Food Poisoning,6,2
HC18537,16,6/11/2024,Typhoid,16,3
HC18538,5,12/5/2025,Typhoid,5,2
HC18539,15,7/9/2024,Food Poisoning,14,4
HC18540,26,12/26/2024,Typhoid,11,2
HC18541,8,2/21/2024,Diarrheal Disease,37,4
HC18542,13,1/4/2024,Diarrheal Disease,32,4
HC18543,23,9/12/2025,Food Poisoning,32,4
HC18544,1,7/17/2025,Food Poisoning,3,4
HC18545,13,7/12/2024,Food Poisoning,37,5
HC18546,12,3/22/2024,Food Poisoning,23,1
HC18547,16,7/10/2024,Diarrheal Disease,11,4
HC18548,22,10/31/2025,Diarrheal Disease,6,2
HC18549,14,5/6/2025,Typhoid,38,4
HC18550,4,4/14/2025,Food Poisoning,32,4
HC18551,18,6/7/2024,Diarrheal Disease,15,3
HC18552,6,6/6/2025,Food Poisoning,27,1
HC18553,26,4/18/2025,Diarrheal Disease,4,4
HC18554,4,7/4/2024,Food Poisoning,3,1
HC18555,2,10/13/2025,Food Poisoning,32,3
HC18556,5,9/5/2025,Typhoid,34,4
HC18557,12,11/20/2024,Diarrheal Disease,9,2
HC18558,11,12/25/2025,Food Poisoning,33,3
HC18559,23,8/8/2024,Diarrheal Disease,4,5
HC18560,11,3/22/2024,Food Poisoning,26,3
HC18561,11,8/5/2024,Typhoid,38,5
HC18562,5,3/26/2024,Typhoid,37,3
HC18563,5,4/1/2025,Diarrheal Disease,1,1
HC18564,7,9/29/2025,Food Poisoning,18,3
HC18565,21,10/15/2025,Diarrheal Disease,20,1
HC18566,24,6/13/2024,Typhoid,33,5
HC18567,11,4/26/2024,Diarrheal Disease,16,2
HC18568,9,10/23/2024,Diarrheal Disease,15,4
HC18569,22,12/12/2024,Diarrheal Disease,28,5
HC18570,4,3/26/2025,Typhoid,10,1
HC18571,6,8/25/2025,Food Poisoning,6,3
HC18572,2,6/7/2025,Typhoid,3,2
HC18573,10,5/2/2025,Diarrheal Disease,8,4
HC18574,2,11/1/2025,Food Poisoning,2,4
HC18575,6,4/5/2024,Typhoid,25,3
HC18576,5,6/9/2024,Food Poisoning,28,1
HC18577,18,1/20/2024,Diarrheal Disease,8,1
HC18578,14,12/29/2025,Diarrheal Disease,21,2
HC18579,7,5/27/2024,Diarrheal Disease,39,2
HC18580,6,9/13/2025,Typhoid,16,5
HC18581,2,4/26/2025,Food Poisoning,36,1
HC18582,4,7/21/2024,Food Poisoning,38,5
HC18583,25,8/26/2024,Diarrheal Disease,7,3
HC18584,12,10/5/2025,Typhoid,3,4
HC18585,4,5/17/2024,Diarrheal Disease,32,2
HC18586,16,6/22/2025,Typhoid,29,5
HC18587,16,11/5/2024,Diarrheal Disease,2,2
HC18588,5,3/2/2025,Typhoid,23,5
HC18589,12,2/23/2025,Food Poisoning,5,3
HC18590,19,7/10/2024,Diarrheal Disease,15,5
HC18591,23,11/11/2025,Diarrheal Disease,16,5
HC18592,21,8/20/2025,Typhoid,20,2
HC18593,3,3/28/2024,Food Poisoning,5,1
HC18594,15,12/25/2025,Food Poisoning,37,3
HC18595,2,6/8/2025,Food Poisoning,34,1
HC18596,1,8/13/2024,Typhoid,31,3
HC18597,12,12/28/2025,Typhoid,14,5
HC18598,13,2/4/2024,Food Poisoning,37,5
HC18599,25,7/31/2025,Food Poisoning,29,2
HC18600,5,7/24/2024,Food Poisoning,28,2
HC18601,25,12/14/2024,Food Poisoning,21,2
HC18602,20,9/20/2025,Diarrheal Disease,25,2
HC18603,9,9/19/2025,Typhoid,9,4
HC18604,15,8/15/2024,Typhoid,2,2
HC18605,16,10/6/2025,Diarrheal Disease,10,5
HC18606,23,7/12/2025,Typhoid,24,1
HC18607,20,7/9/2024,Food Poisoning,10,5
HC18608,17,4/15/2025,Food Poisoning,16,5
HC18609,3,3/27/2024,Food Poisoning,30,2
HC18610,4,4/13/2025,Food Poisoning,24,5
HC18611,6,2/21/2024,Diarrheal Disease,26,1
HC18612,17,5/4/2024,Diarrheal Disease,32,3
HC18613,6,8/5/2025,Typhoid,6,5
HC18614,20,11/13/2024,Diarrheal Disease,30,2
HC18615,11,7/18/2025,Food Poisoning,4,2
HC18616,21,11/1/2024,Diarrheal Disease,7,3
HC18617,11,1/29/2025,Typhoid,35,3
HC18618,1,2/20/2024,Typhoid,21,3
HC18619,6,9/30/2025,Typhoid,18,1
HC18620,11,6/15/2025,Food Poisoning,23,5
HC18621,13,2/9/2025,Food Poisoning,32,4
HC18622,19,3/6/2025,Typhoid,6,1
HC18623,15,1/3/2024,Typhoid,10,2
HC18624,23,10/29/2025,Typhoid,3,4
HC18625,12,12/29/2025,Diarrheal Disease,37,3
HC18626,18,6/1/2025,Diarrheal Disease,33,2
HC18627,15,8/14/2024,Food Poisoning,39,2
HC18628,23,9/29/2024,Typhoid,28,4
HC18629,13,8/15/2025,Typhoid,6,4
HC18630,21,8/8/2025,Typhoid,24,4
HC18631,5,9/26/2024,Typhoid,12,5
HC18632,17,10/26/2025,Diarrheal Disease,30,5
HC18633,24,1/5/2025,Diarrheal Disease,34,3
HC18634,10,7/9/2025,Food Poisoning,23,2
HC18635,20,12/28/2025,Food Poisoning,23,3
HC18636,16,9/2/2024,Diarrheal Disease,2,2
HC18637,23,4/15/2024,Diarrheal Disease,28,1
HC18638,18,2/14/2025,Typhoid,30,3
HC18639,22,4/23/2025,Food Poisoning,2,2
HC18640,16,5/25/2025,Typhoid,16,4
HC18641,3,1/8/2025,Diarrheal Disease,21,5
HC18642,26,11/4/2025,Typhoid,28,4
HC18643,22,2/11/2025,Diarrheal Disease,22,5
HC18644,19,11/4/2024,Diarrheal Disease,35,2
HC18645,4,6/1/2024,Food Poisoning,32,5
HC18646,4,7/31/2024,Typhoid,17,4
HC18647,26,1/11/2024,Typhoid,23,4
HC18648,24,6/5/2025,Diarrheal Disease,11,3
HC18649,10,6/15/2024,Diarrheal Disease,25,3
HC18650,10,11/22/2024,Typhoid,28,1
HC18651,23,12/28/2025,Food Poisoning,19,2
HC18652,21,6/13/2025,Diarrheal Disease,16,3
HC18653,1,11/15/2024,Food Poisoning,1,2
HC18654,5,2/21/2025,Diarrheal Disease,12,1
HC18655,24,7/24/2025,Food Poisoning,10,1
HC18656,25,6/9/2025,Diarrheal Disease,13,2
HC18657,10,8/3/2024,Diarrheal Disease,3,3
HC18658,14,3/1/2024,Typhoid,19,1
HC18659,11,2/20/2024,Typhoid,23,1
HC18660,1,5/21/2025,Food Poisoning,36,2
HC18661,16,2/13/2024,Diarrheal Disease,2,2
HC18662,6,10/27/2024,Typhoid,29,4
HC18663,9,9/27/2025,Diarrheal Disease,32,3
HC18664,20,2/11/2025,Diarrheal Disease,9,5
HC18665,5,11/13/2025,Typhoid,25,5
HC18666,3,9/4/2025,Food Poisoning,31,5
HC18667,19,9/13/2024,Typhoid,19,4
HC18668,26,3/18/2024,Diarrheal Disease,29,2
HC18669,24,4/9/2025,Diarrheal Disease,12,1
HC18670,6,9/5/2024,Diarrheal Disease,6,4
HC18671,5,5/26/2024,Typhoid,9,1
HC18672,20,11/21/2024,Diarrheal Disease,10,3
HC18673,11,1/1/2024,Food Poisoning,28,2
HC18674,2,6/6/2024,Food Poisoning,30,2
HC18675,3,5/17/2024,Typhoid,32,2
HC18676,5,3/21/2025,Typhoid,34,2
HC18677,9,12/24/2025,Typhoid,24,5
HC18678,5,10/26/2025,Typhoid,29,1
HC18679,5,8/24/2025,Food Poisoning,18,4
HC18680,12,10/7/2024,Food Poisoning,30,1
HC18681,22,7/30/2024,Food Poisoning,29,5
HC18682,7,2/13/2025,Diarrheal Disease,33,2
HC18683,16,11/6/2025,Food Poisoning,11,1
HC18684,15,2/22/2024,Diarrheal Disease,21,4
HC18685,3,6/21/2025,Typhoid,5,1
HC18686,17,8/16/2025,Diarrheal Disease,6,1
HC18687,13,3/26/2024,Food Poisoning,39,1
HC18688,6,6/16/2024,Food Poisoning,36,5
HC18689,8,7/4/2024,Typhoid,17,1
HC18690,9,10/7/2025,Typhoid,2,2
HC18691,10,8/5/2024,Food Poisoning,2,4
HC18692,20,8/21/2024,Food Poisoning,32,5
HC18693,17,9/21/2024,Diarrheal Disease,35,2
HC18694,17,6/14/2024,Diarrheal Disease,1,4
HC18695,23,10/29/2024,Typhoid,11,5
HC18696,20,12/26/2025,Typhoid,36,2
HC18697,11,7/21/2025,Typhoid,23,3
HC18698,24,12/10/2024,Typhoid,31,2
HC18699,10,12/17/2025,Typhoid,20,4
HC18700,1,7/6/2025,Diarrheal Disease,14,1
HC18701,16,4/9/2024,Diarrheal Disease,29,4
HC18702,16,11/9/2025,Diarrheal Disease,33,5
HC18703,5,2/24/2024,Typhoid,16,5
HC18704,18,1/9/2025,Food Poisoning,3,1
HC18705,12,2/28/2024,Food Poisoning,29,4
HC18706,18,2/4/2024,Food Poisoning,25,4
HC18707,3,8/11/2024,Diarrheal Disease,17,2
HC18708,21,12/2/2025,Typhoid,15,5
HC18709,23,10/3/2025,Food Poisoning,29,4
HC18710,10,8/20/2025,Food Poisoning,11,3
HC18711,20,1/15/2025,Typhoid,31,3
HC18712,26,5/4/2024,Diarrheal Disease,30,2
HC18713,7,7/30/2024,Diarrheal Disease,24,2
HC18714,19,2/24/2025,Typhoid,21,4
HC18715,26,3/6/2024,Typhoid,13,2
HC18716,2,3/21/2025,Food Poisoning,24,5
HC18717,1,9/23/2025,Diarrheal Disease,29,4
HC18718,25,2/18/2025,Typhoid,13,5
HC18719,24,6/4/2024,Food Poisoning,9,3
HC18720,2,4/30/2024,Diarrheal Disease,24,2
HC18721,24,4/28/2024,Food Poisoning,29,1
HC18722,2,5/13/2025,Typhoid,31,5
HC18723,26,7/30/2025,Food Poisoning,38,2
HC18724,3,3/26/2024,Diarrheal Disease,14,3
HC18725,18,12/10/2025,Food Poisoning,11,4
HC18726,7,6/26/2025,Diarrheal Disease,13,3
HC18727,20,4/19/2025,Food Poisoning,25,4
HC18728,22,12/12/2024,Diarrheal Disease,6,1
HC18729,16,4/23/2024,Typhoid,5,3
HC18730,14,9/24/2024,Typhoid,16,5
HC18731,20,2/13/2024,Food Poisoning,16,1
HC18732,8,12/2/2025,Typhoid,17,1
HC18733,13,10/9/2024,Typhoid,28,4
HC18734,10,12/29/2025,Food Poisoning,18,1
HC18735,22,5/26/2025,Diarrheal Disease,33,5
HC18736,18,6/16/2024,Typhoid,32,5
HC18737,6,5/10/2025,Typhoid,21,1
HC18738,18,5/8/2025,Food Poisoning,2,5
HC18739,16,3/18/2024,Typhoid,15,1
HC18740,3,7/18/2024,Food Poisoning,23,2
HC18741,5,10/20/2025,Food Poisoning,39,1
HC18742,14,2/2/2025,Typhoid,34,3
HC18743,8,3/30/2025,Diarrheal Disease,35,5
HC18744,23,7/31/2024,Diarrheal Disease,35,5
HC18745,15,4/21/2024,Diarrheal Disease,25,4
HC18746,19,2/1/2024,Diarrheal Disease,11,2
HC18747,10,5/11/2024,Food Poisoning,34,5
HC18748,4,8/24/2024,Diarrheal Disease,16,2
HC18749,14,4/19/2024,Diarrheal Disease,16,1
HC18750,7,8/6/2025,Diarrheal Disease,7,2
HC18751,14,4/30/2025,Diarrheal Disease,10,1
HC18752,19,1/21/2025,Food Poisoning,10,2
HC18753,8,10/4/2024,Food Poisoning,24,1
HC18754,9,3/4/2025,Diarrheal Disease,18,4
HC18755,9,10/4/2025,Diarrheal Disease,20,2
HC18756,14,2/6/2025,Food Poisoning,11,5
HC18757,19,8/11/2025,Food Poisoning,27,3
HC18758,8,3/1/2024,Food Poisoning,38,1
HC18759,19,6/2/2025,Typhoid,11,4
HC18760,4,6/6/2024,Diarrheal Disease,25,3
HC18761,15,3/13/2025,Food Poisoning,22,3
HC18762,12,1/19/2024,Food Poisoning,13,3
HC18763,10,6/13/2025,Typhoid,36,3
HC18764,19,3/19/2024,Food Poisoning,35,3
HC18765,23,12/24/2025,Food Poisoning,29,4
HC18766,12,7/3/2025,Diarrheal Disease,7,5
HC18767,13,4/25/2024,Typhoid,3,1
HC18768,4,10/10/2024,Typhoid,13,3
HC18769,19,11/12/2024,Food Poisoning,4,4
HC18770,26,1/4/2024,Typhoid,25,2
HC18771,14,2/2/2025,Typhoid,35,3
HC18772,16,12/2/2025,Typhoid,26,5
HC18773,18,11/23/2025,Diarrheal Disease,36,4
HC18774,2,6/2/2025,Typhoid,5,1
HC18775,4,2/14/2025,Food Poisoning,31,2
HC18776,8,1/1/2024,Diarrheal Disease,14,4
HC18777,22,7/20/2024,Food Poisoning,23,2
HC18778,10,10/13/2024,Food Poisoning,23,5
HC18779,6,9/11/2024,Typhoid,7,4
HC18780,21,10/18/2025,Food Poisoning,24,2
HC18781,9,2/3/2024,Food Poisoning,17,5
HC18782,15,7/5/2024,Food Poisoning,27,2
HC18783,21,3/11/2025,Food Poisoning,37,2
HC18784,3,5/18/2025,Diarrheal Disease,1,1
HC18785,1,5/21/2024,Typhoid,13,3
HC18786,14,9/13/2024,Diarrheal Disease,23,4
HC18787,24,5/6/2025,Diarrheal Disease,26,3
HC18788,17,1/2/2025,Typhoid,13,1
HC18789,19,11/25/2024,Food Poisoning,28,1
HC18790,9,3/12/2024,Typhoid,13,2
HC18791,13,5/6/2025,Food Poisoning,39,5
HC18792,18,6/4/2025,Food Poisoning,2,5
HC18793,1,4/15/2025,Diarrheal Disease,15,1
HC18794,11,9/14/2024,Typhoid,36,1
HC18795,19,5/27/2024,Diarrheal Disease,28,3
HC18796,13,2/1/2025,Food Poisoning,32,4
HC18797,13,3/23/2024,Typhoid,5,3
HC18798,26,2/1/2024,Diarrheal Disease,17,1
HC18799,18,4/1/2024,Diarrheal Disease,1,5
HC18800,13,7/24/2025,Typhoid,7,1
HC18801,16,10/8/2024,Diarrheal Disease,14,4
HC18802,14,12/27/2024,Typhoid,20,4
HC18803,15,3/20/2024,Typhoid,34,1
HC18804,5,9/1/2024,Food Poisoning,32,1
HC18805,4,5/28/2024,Diarrheal Disease,26,2
HC18806,16,9/8/2025,Food Poisoning,2,3
HC18807,15,6/24/2025,Typhoid,18,4
HC18808,5,7/6/2025,Food Poisoning,28,5
HC18809,8,5/22/2025,Typhoid,16,1
HC18810,12,5/16/2024,Typhoid,19,3
HC18811,10,9/25/2025,Diarrheal Disease,36,2
HC18812,25,6/2/2024,Typhoid,24,4
HC18813,14,12/16/2025,Food Poisoning,28,3
HC18814,23,12/26/2025,Food Poisoning,2,2
HC18815,1,3/24/2025,Food Poisoning,8,2
HC18816,12,9/16/2025,Food Poisoning,1,3
HC18817,18,9/11/2025,Food Poisoning,21,4
HC18818,25,8/16/2024,Typhoid,4,1
HC18819,12,4/3/2025,Diarrheal Disease,7,1
HC18820,26,9/9/2024,Food Poisoning,20,5
HC18821,4,11/24/2025,Diarrheal Disease,32,1
HC18822,24,6/5/2025,Food Poisoning,36,1
HC18823,7,5/22/2025,Food Poisoning,33,1
HC18824,7,4/19/2025,Typhoid,19,1
HC18825,26,6/14/2024,Food Poisoning,10,1
HC18826,18,12/2/2025,Food Poisoning,13,2
HC18827,14,10/9/2025,Typhoid,28,5
HC18828,24,4/6/2025,Typhoid,20,4
HC18829,26,10/14/2025,Diarrheal Disease,29,1
HC18830,6,5/31/2025,Typhoid,21,3
HC18831,5,2/28/2024,Diarrheal Disease,30,5
HC18832,12,12/19/2024,Food Poisoning,36,1
HC18833,9,1/5/2024,Typhoid,14,5
HC18834,4,8/13/2024,Food Poisoning,38,3
HC18835,22,8/28/2025,Food Poisoning,14,2
HC18836,11,11/30/2024,Diarrheal Disease,29,1
HC18837,20,9/22/2025,Food Poisoning,21,4
HC18838,3,9/8/2025,Diarrheal Disease,8,1
HC18839,25,6/24/2024,Food Poisoning,22,5
HC18840,23,12/17/2024,Typhoid,38,4
HC18841,4,4/6/2025,Diarrheal Disease,2,4
HC18842,5,6/17/2024,Typhoid,15,5
HC18843,11,3/11/2025,Typhoid,6,2
HC18844,9,1/19/2025,Diarrheal Disease,28,2
HC18845,15,6/11/2024,Food Poisoning,7,4
HC18846,18,11/25/2024,Food Poisoning,9,1
HC18847,16,8/28/2024,Food Poisoning,35,1
HC18848,17,3/11/2025,Food Poisoning,30,5
HC18849,18,9/5/2024,Diarrheal Disease,34,3
HC18850,11,3/25/2024,Typhoid,21,4
HC18851,2,12/14/2025,Typhoid,38,1
HC18852,20,1/27/2025,Diarrheal Disease,3,5
HC18853,13,4/15/2024,Typhoid,15,1
HC18854,19,1/18/2024,Typhoid,22,5
HC18855,6,9/18/2025,Typhoid,2,3
HC18856,8,10/23/2024,Diarrheal Disease,36,3
HC18857,8,10/16/2024,Diarrheal Disease,36,1
HC18858,2,5/30/2024,Food Poisoning,3,5
HC18859,13,6/7/2024,Typhoid,33,3
HC18860,7,10/26/2025,Diarrheal Disease,29,2
HC18861,8,4/26/2024,Typhoid,19,4
HC18862,13,4/26/2025,Typhoid,18,2
HC18863,5,6/10/2024,Typhoid,28,2
HC18864,5,1/3/2025,Food Poisoning,29,4
HC18865,14,10/1/2025,Food Poisoning,8,3
HC18866,22,9/9/2024,Typhoid,38,4
HC18867,2,1/13/2024,Food Poisoning,35,1
HC18868,26,9/24/2025,Diarrheal Disease,19,3
HC18869,19,2/21/2025,Typhoid,17,5
HC18870,13,3/2/2025,Diarrheal Disease,8,5
HC18871,15,2/10/2025,Typhoid,13,1
HC18872,14,11/16/2025,Typhoid,31,5
HC18873,26,9/9/2024,Food Poisoning,1,5
HC18874,25,4/10/2024,Typhoid,33,2
HC18875,5,11/7/2024,Typhoid,29,4
HC18876,9,3/6/2025,Typhoid,15,1
HC18877,10,11/28/2024,Food Poisoning,38,4
HC18878,6,7/24/2025,Diarrheal Disease,32,4
HC18879,21,7/28/2025,Diarrheal Disease,20,2
HC18880,21,11/26/2025,Typhoid,26,3
HC18881,21,6/24/2025,Typhoid,8,4
HC18882,2,3/30/2025,Typhoid,36,5
HC18883,11,8/8/2024,Food Poisoning,27,5
HC18884,3,10/11/2025,Typhoid,32,4
HC18885,18,1/11/2024,Diarrheal Disease,6,2
HC18886,25,2/2/2025,Typhoid,2,1
HC18887,12,8/23/2025,Typhoid,7,2
HC18888,24,2/21/2024,Food Poisoning,31,2
HC18889,22,3/1/2025,Diarrheal Disease,8,3
HC18890,15,5/16/2024,Diarrheal Disease,39,2
HC18891,3,7/31/2024,Food Poisoning,8,3
HC18892,25,4/28/2025,Diarrheal Disease,7,2
HC18893,24,7/16/2025,Food Poisoning,30,5
HC18894,25,12/17/2025,Food Poisoning,30,3
HC18895,15,7/13/2024,Typhoid,3,3
HC18896,3,11/22/2024,Food Poisoning,11,1
HC18897,21,10/18/2024,Diarrheal Disease,7,5
HC18898,23,7/8/2025,Food Poisoning,4,5
HC18899,11,7/1/2025,Food Poisoning,15,4
HC18900,23,4/26/2025,Typhoid,23,1
HC18901,15,2/5/2025,Typhoid,29,4
HC18902,26,8/9/2025,Food Poisoning,25,2
HC18903,11,5/22/2025,Diarrheal Disease,1,3
HC18904,7,1/6/2025,Food Poisoning,15,5
HC18905,18,3/24/2025,Diarrheal Disease,9,1
HC18906,20,1/26/2025,Diarrheal Disease,17,5
HC18907,22,9/23/2025,Food Poisoning,13,1
HC18908,8,6/1/2025,Diarrheal Disease,30,4
HC18909,24,7/4/2024,Typhoid,18,1
HC18910,5,5/30/2025,Food Poisoning,14,4
HC18911,22,8/15/2024,Typhoid,14,3
HC18912,5,10/16/2024,Diarrheal Disease,4,3
HC18913,8,7/6/2024,Typhoid,13,1
HC18914,24,6/9/2025,Typhoid,38,2
HC18915,2,3/21/2025,Typhoid,9,3
HC18916,16,9/10/2024,Diarrheal Disease,2,5
HC18917,10,8/31/2025,Typhoid,33,5
HC18918,24,8/1/2024,Typhoid,38,4
HC18919,1,3/14/2025,Diarrheal Disease,36,1
HC18920,20,11/21/2025,Typhoid,4,4
HC18921,24,8/1/2025,Diarrheal Disease,5,2
HC18922,17,5/14/2025,Food Poisoning,25,5
HC18923,1,4/2/2025,Diarrheal Disease,15,4
HC18924,4,7/14/2024,Diarrheal Disease,24,3
HC18925,22,1/23/2024,Food Poisoning,4,4
HC18926,26,1/29/2024,Diarrheal Disease,30,1
HC18927,20,11/10/2025,Typhoid,32,3
HC18928,23,5/5/2024,Food Poisoning,11,2
HC18929,2,2/1/2024,Food Poisoning,9,4
HC18930,9,2/4/2025,Typhoid,35,1
HC18931,12,2/19/2025,Food Poisoning,12,3
HC18932,6,3/27/2024,Food Poisoning,10,3
HC18933,20,8/8/2025,Food Poisoning,34,4
HC18934,24,9/29/2024,Diarrheal Disease,20,5
HC18935,13,2/25/2024,Food Poisoning,26,2
HC18936,14,2/4/2025,Food Poisoning,20,2
HC18937,13,6/1/2025,Typhoid,8,3
HC18938,3,11/22/2025,Food Poisoning,33,2
HC18939,24,12/7/2025,Typhoid,7,5
HC18940,21,9/29/2024,Diarrheal Disease,18,5
HC18941,23,1/23/2025,Food Poisoning,13,3
HC18942,21,6/7/2025,Diarrheal Disease,16,3
HC18943,26,7/11/2024,Typhoid,34,2
HC18944,4,7/14/2025,Typhoid,8,2
HC18945,14,9/28/2024,Food Poisoning,8,2
HC18946,23,1/26/2024,Diarrheal Disease,36,4
HC18947,8,7/17/2025,Diarrheal Disease,2,5
HC18948,14,8/4/2025,Typhoid,12,4
HC18949,23,10/3/2024,Food Poisoning,36,5
HC18950,14,7/9/2025,Diarrheal Disease,7,5
HC18951,12,11/22/2025,Food Poisoning,39,5
HC18952,6,8/14/2025,Typhoid,3,3
HC18953,22,7/29/2024,Typhoid,20,4
HC18954,24,12/23/2025,Diarrheal Disease,26,1
HC18955,8,2/9/2024,Food Poisoning,22,2
HC18956,11,1/4/2024,Food Poisoning,34,3
HC18957,6,9/23/2025,Diarrheal Disease,28,4
HC18958,6,2/19/2025,Food Poisoning,17,4
HC18959,17,9/22/2025,Diarrheal Disease,6,2
HC18960,25,11/16/2025,Food Poisoning,22,2
HC18961,7,4/2/2024,Food Poisoning,20,2
HC18962,20,10/20/2024,Diarrheal Disease,31,4
HC18963,9,7/9/2025,Typhoid,28,5
HC18964,14,2/22/2024,Diarrheal Disease,30,2
HC18965,20,3/21/2025,Food Poisoning,23,2
HC18966,24,11/14/2024,Typhoid,7,1
HC18967,15,8/5/2024,Typhoid,14,1
HC18968,11,6/28/2024,Typhoid,22,1
HC18969,13,7/8/2025,Typhoid,1,3
HC18970,19,3/8/2024,Typhoid,31,4
HC18971,15,3/7/2025,Typhoid,37,3
HC18972,12,8/28/2024,Food Poisoning,10,5
HC18973,24,9/29/2024,Food Poisoning,13,2
HC18974,1,9/8/2024,Typhoid,21,2
HC18975,5,7/4/2024,Typhoid,29,3
HC18976,13,6/29/2025,Food Poisoning,6,5
HC18977,6,5/27/2025,Diarrheal Disease,3,2
HC18978,24,8/19/2025,Typhoid,34,2
HC18979,8,9/12/2025,Diarrheal Disease,27,3
HC18980,26,8/12/2025,Typhoid,16,3
HC18981,4,7/5/2024,Food Poisoning,27,2
HC18982,6,5/12/2024,Typhoid,32,5
HC18983,12,4/4/2025,Typhoid,11,3
HC18984,3,8/27/2025,Diarrheal Disease,38,1
HC18985,2,9/4/2025,Typhoid,34,2
HC18986,26,10/7/2024,Diarrheal Disease,30,5
HC18987,9,12/27/2024,Food Poisoning,25,1
HC18988,18,1/8/2024,Diarrheal Disease,25,1
HC18989,5,10/6/2025,Food Poisoning,13,3
HC18990,26,11/10/2024,Typhoid,16,3
HC18991,5,9/5/2024,Typhoid,11,2
HC18992,5,11/11/2024,Typhoid,11,5
HC18993,19,1/25/2025,Food Poisoning,3,5
HC18994,15,2/26/2024,Diarrheal Disease,32,3
HC18995,14,9/9/2025,Typhoid,32,4
HC18996,21,9/2/2025,Diarrheal Disease,34,2
HC18997,4,3/3/2025,Diarrheal Disease,23,5
HC18998,13,7/8/2025,Typhoid,30,2
HC18999,20,6/17/2025,Diarrheal Disease,12,4
HC19000,8,8/9/2025,Diarrheal Disease,20,5
HC19001,21,2/22/2025,Food Poisoning,23,2
HC19002,15,2/22/2025,Typhoid,9,1
HC19003,8,3/6/2024,Typhoid,35,1
HC19004,3,9/26/2024,Typhoid,18,3
HC19005,4,6/11/2024,Food Poisoning,28,3
HC19006,7,4/20/2024,Typhoid,13,3
HC19007,19,9/13/2024,Diarrheal Disease,21,4
HC19008,21,5/4/2024,Typhoid,1,3
HC19009,19,12/25/2025,Typhoid,30,5
HC19010,20,4/14/2024,Diarrheal Disease,20,3
HC19011,2,1/3/2024,Typhoid,19,1
HC19012,11,2/24/2024,Typhoid,10,3
HC19013,5,7/11/2024,Typhoid,4,4
HC19014,15,1/4/2024,Diarrheal Disease,38,4
HC19015,4,4/3/2024,Diarrheal Disease,24,2
HC19016,9,1/15/2024,Food Poisoning,12,1
HC19017,10,3/16/2024,Typhoid,20,2
HC19018,12,7/19/2025,Typhoid,5,4
HC19019,1,2/3/2024,Diarrheal Disease,19,2
HC19020,23,12/12/2024,Diarrheal Disease,38,5
HC19021,10,2/7/2025,Diarrheal Disease,36,2
HC19022,11,3/29/2025,Typhoid,29,2
HC19023,6,10/2/2024,Typhoid,8,3
HC19024,15,6/1/2024,Typhoid,9,1
HC19025,12,9/5/2025,Food Poisoning,30,5
HC19026,2,5/13/2024,Diarrheal Disease,21,1
HC19027,25,8/9/2024,Food Poisoning,26,5
HC19028,17,7/5/2025,Typhoid,12,5
HC19029,1,8/11/2024,Food Poisoning,8,1
HC19030,16,10/17/2025,Food Poisoning,28,5
HC19031,14,6/1/2024,Typhoid,29,5
HC19032,25,1/2/2025,Typhoid,34,1
HC19033,9,1/31/2024,Food Poisoning,18,2
HC19034,23,2/7/2024,Diarrheal Disease,15,5
HC19035,17,9/8/2025,Typhoid,21,1
HC19036,24,9/27/2024,Typhoid,33,2
HC19037,17,2/22/2024,Typhoid,20,1
HC19038,7,7/22/2024,Food Poisoning,20,1
HC19039,25,5/4/2025,Food Poisoning,24,1
HC19040,13,9/7/2025,Diarrheal Disease,34,4
HC19041,17,2/1/2024,Diarrheal Disease,33,5
HC19042,1,11/2/2024,Food Poisoning,38,1
HC19043,16,7/11/2025,Diarrheal Disease,27,2
HC19044,5,6/1/2024,Typhoid,5,1
HC19045,22,12/30/2025,Diarrheal Disease,7,2
HC19046,7,6/1/2024,Food Poisoning,12,3
HC19047,25,10/25/2024,Typhoid,6,5
HC19048,3,11/3/2024,Typhoid,37,1
HC19049,25,9/30/2024,Diarrheal Disease,3,2
HC19050,21,10/24/2025,Diarrheal Disease,39,4
HC19051,8,2/2/2025,Diarrheal Disease,36,1
HC19052,4,5/3/2025,Diarrheal Disease,15,4
HC19053,2,8/20/2025,Diarrheal Disease,34,2
HC19054,16,10/31/2024,Diarrheal Disease,28,2
HC19055,1,11/14/2025,Typhoid,38,1
HC19056,3,8/8/2024,Diarrheal Disease,26,5
HC19057,3,9/19/2024,Diarrheal Disease,39,5
HC19058,3,5/20/2025,Food Poisoning,13,1
HC19059,4,6/17/2024,Diarrheal Disease,29,5
HC19060,13,3/27/2025,Food Poisoning,2,3
HC19061,22,8/21/2025,Diarrheal Disease,38,5
HC19062,23,7/10/2025,Typhoid,5,4
HC19063,22,7/2/2024,Typhoid,39,4
HC19064,23,3/27/2024,Food Poisoning,2,2
HC19065,13,12/8/2024,Food Poisoning,39,5
HC19066,13,3/2/2025,Food Poisoning,28,2
HC19067,1,11/18/2025,Food Poisoning,13,5
HC19068,13,4/11/2025,Diarrheal Disease,26,3
HC19069,19,8/1/2025,Typhoid,27,2
HC19070,16,10/7/2024,Diarrheal Disease,3,2
HC19071,20,11/30/2025,Food Poisoning,25,1
HC19072,17,8/25/2025,Typhoid,29,3
HC19073,19,9/1/2024,Typhoid,25,1
HC19074,11,4/6/2024,Food Poisoning,30,4
HC19075,12,3/16/2024,Food Poisoning,10,2
HC19076,13,5/31/2025,Typhoid,3,4
HC19077,26,11/11/2024,Typhoid,10,3
HC19078,20,8/18/2025,Typhoid,8,3
HC19079,25,4/10/2025,Diarrheal Disease,33,4
HC19080,19,10/15/2025,Diarrheal Disease,17,2
HC19081,12,6/17/2025,Typhoid,1,3
HC19082,7,6/18/2025,Diarrheal Disease,35,3
HC19083,3,2/4/2024,Diarrheal Disease,9,3
HC19084,2,3/19/2025,Food Poisoning,20,3
HC19085,24,5/31/2025,Diarrheal Disease,18,1
HC19086,25,12/12/2025,Typhoid,17,3
HC19087,25,4/23/2024,Diarrheal Disease,18,3
HC19088,5,2/13/2024,Diarrheal Disease,24,4
HC19089,17,1/11/2024,Diarrheal Disease,35,1
HC19090,25,3/30/2025,Food Poisoning,18,4
HC19091,24,10/10/2025,Diarrheal Disease,33,1
HC19092,23,4/7/2024,Typhoid,37,5
HC19093,18,8/24/2024,Food Poisoning,32,2
HC19094,20,2/27/2024,Typhoid,6,5
HC19095,26,12/12/2024,Food Poisoning,39,3
HC19096,5,3/23/2025,Diarrheal Disease,15,3
HC19097,24,6/19/2025,Diarrheal Disease,11,4
HC19098,2,7/24/2025,Diarrheal Disease,15,2
HC19099,9,12/16/2025,Diarrheal Disease,8,1
HC19100,15,11/13/2024,Food Poisoning,17,3
HC19101,21,10/24/2024,Typhoid,36,5
HC19102,23,7/15/2024,Typhoid,25,1
HC19103,7,9/17/2024,Food Poisoning,14,4
HC19104,2,1/2/2025,Diarrheal Disease,13,4
HC19105,3,6/19/2025,Typhoid,2,5
HC19106,2,7/26/2024,Diarrheal Disease,16,3
HC19107,9,7/29/2025,Diarrheal Disease,10,3
HC19108,14,2/20/2024,Diarrheal Disease,11,3
HC19109,10,3/2/2024,Diarrheal Disease,18,3
HC19110,22,8/16/2024,Food Poisoning,30,2
HC19111,1,3/4/2024,Typhoid,27,3
HC19112,23,12/12/2025,Typhoid,34,2
HC19113,3,8/1/2024,Typhoid,2,4
HC19114,4,9/4/2025,Food Poisoning,15,5
HC19115,6,11/16/2024,Diarrheal Disease,30,4
HC19116,2,8/6/2025,Food Poisoning,16,4
HC19117,14,8/28/2024,Food Poisoning,25,3
HC19118,13,8/26/2025,Diarrheal Disease,16,3
HC19119,11,4/30/2024,Typhoid,14,2
HC19120,26,9/26/2025,Typhoid,11,3
HC19121,24,3/23/2024,Food Poisoning,4,1
HC19122,13,2/6/2025,Typhoid,2,1
HC19123,2,9/24/2024,Diarrheal Disease,39,3
HC19124,10,11/24/2024,Typhoid,4,1
HC19125,12,10/22/2025,Typhoid,25,3
HC19126,19,2/19/2025,Diarrheal Disease,16,4
HC19127,9,3/23/2025,Diarrheal Disease,36,1
HC19128,7,4/15/2025,Food Poisoning,26,3
HC19129,19,12/10/2024,Food Poisoning,10,2
HC19130,22,1/8/2024,Typhoid,24,4
HC19131,2,6/19/2025,Diarrheal Disease,5,5
HC19132,13,9/7/2024,Food Poisoning,24,5
HC19133,5,2/9/2024,Typhoid,5,3
HC19134,22,5/9/2024,Diarrheal Disease,17,5
HC19135,26,3/31/2024,Typhoid,19,3
HC19136,9,6/14/2025,Typhoid,2,2
HC19137,22,6/14/2025,Diarrheal Disease,34,3
HC19138,26,9/8/2025,Typhoid,35,4
HC19139,14,7/10/2025,Typhoid,39,5
HC19140,11,12/9/2024,Diarrheal Disease,13,1
HC19141,3,10/25/2024,Food Poisoning,20,2
HC19142,1,4/14/2024,Food Poisoning,20,1
HC19143,22,7/8/2024,Food Poisoning,27,5
HC19144,4,2/23/2024,Typhoid,21,2
HC19145,25,8/23/2024,Diarrheal Disease,29,2
HC19146,14,5/20/2025,Diarrheal Disease,19,5
HC19147,10,8/5/2025,Diarrheal Disease,36,4
HC19148,10,6/19/2024,Food Poisoning,17,1
HC19149,26,7/28/2024,Typhoid,24,1
HC19150,22,7/27/2025,Diarrheal Disease,36,5
HC19151,25,6/14/2024,Diarrheal Disease,25,1
HC19152,11,3/30/2025,Diarrheal Disease,5,3
HC19153,26,2/5/2025,Diarrheal Disease,9,2
HC19154,8,4/17/2025,Diarrheal Disease,4,3
HC19155,13,2/2/2024,Diarrheal Disease,5,4
HC19156,14,5/12/2024,Typhoid,25,4
HC19157,10,3/26/2024,Food Poisoning,9,3
HC19158,5,7/3/2025,Diarrheal Disease,1,2
HC19159,21,8/19/2024,Typhoid,25,4
HC19160,10,5/10/2024,Food Poisoning,32,5
HC19161,2,4/16/2024,Food Poisoning,28,1
HC19162,6,8/21/2024,Diarrheal Disease,28,4
HC19163,5,3/8/2024,Typhoid,20,3
HC19164,24,1/22/2025,Diarrheal Disease,33,1
HC19165,16,11/10/2025,Diarrheal Disease,5,3
HC19166,7,9/9/2024,Diarrheal Disease,3,5
HC19167,21,11/18/2024,Diarrheal Disease,21,2
HC19168,3,2/21/2024,Diarrheal Disease,29,4
HC19169,24,2/6/2024,Diarrheal Disease,8,2
HC19170,23,9/12/2025,Food Poisoning,8,4
HC19171,4,8/5/2024,Diarrheal Disease,13,2
HC19172,16,1/10/2025,Food Poisoning,18,3
HC19173,12,3/8/2024,Food Poisoning,14,4
HC19174,25,12/13/2024,Diarrheal Disease,7,4
HC19175,14,3/5/2025,Typhoid,22,5
HC19176,21,1/1/2024,Food Poisoning,19,4
HC19177,17,11/5/2024,Diarrheal Disease,32,3
HC19178,22,9/2/2025,Typhoid,39,1
HC19179,18,10/20/2024,Food Poisoning,13,4
HC19180,6,7/6/2024,Diarrheal Disease,4,2
HC19181,19,1/11/2025,Diarrheal Disease,19,1
HC19182,18,11/18/2024,Diarrheal Disease,9,4
HC19183,4,7/26/2024,Food Poisoning,5,3
HC19184,7,6/26/2025,Typhoid,39,2
HC19185,19,5/4/2025,Diarrheal Disease,2,1
HC19186,17,9/7/2025,Diarrheal Disease,39,5
HC19187,12,12/16/2024,Typhoid,10,5
HC19188,8,3/12/2024,Food Poisoning,20,5
HC19189,8,5/25/2024,Typhoid,36,4
HC19190,11,2/20/2024,Typhoid,13,3
HC19191,16,4/7/2025,Food Poisoning,2,1
HC19192,11,4/18/2025,Diarrheal Disease,12,4
HC19193,13,10/13/2025,Food Poisoning,16,1
HC19194,19,8/14/2025,Diarrheal Disease,21,3
HC19195,16,12/4/2024,Typhoid,27,3
HC19196,20,10/14/2024,Diarrheal Disease,28,2
HC19197,26,1/12/2024,Typhoid,12,1
HC19198,21,5/14/2024,Typhoid,36,5
HC19199,24,6/14/2024,Typhoid,30,1
HC19200,14,5/19/2025,Food Poisoning,17,1
HC19201,26,5/7/2025,Diarrheal Disease,14,2
HC19202,16,9/16/2025,Typhoid,39,4
HC19203,5,2/18/2024,Food Poisoning,35,2
HC19204,4,2/29/2024,Food Poisoning,22,4
HC19205,14,10/12/2025,Diarrheal Disease,5,4
HC19206,7,4/8/2024,Typhoid,18,1
HC19207,24,10/16/2024,Diarrheal Disease,28,1
HC19208,7,7/25/2025,Diarrheal Disease,28,3
HC19209,12,5/29/2024,Typhoid,24,1
HC19210,24,11/19/2024,Diarrheal Disease,35,5
HC19211,14,2/10/2024,Food Poisoning,18,1
HC19212,26,3/25/2024,Typhoid,27,1
HC19213,11,6/17/2025,Food Poisoning,35,5
HC19214,8,2/16/2024,Food Poisoning,13,1
HC19215,22,12/6/2025,Typhoid,7,1
HC19216,13,10/7/2025,Food Poisoning,4,3
HC19217,13,4/8/2024,Typhoid,34,4
HC19218,2,1/23/2024,Food Poisoning,1,5
HC19219,26,3/20/2025,Food Poisoning,29,2
HC19220,24,4/10/2025,Diarrheal Disease,9,2
HC19221,10,1/30/2025,Diarrheal Disease,16,2
HC19222,26,2/12/2024,Diarrheal Disease,30,4
HC19223,15,10/21/2025,Typhoid,24,4
HC19224,11,3/24/2025,Food Poisoning,31,3
HC19225,25,10/23/2025,Diarrheal Disease,37,4
HC19226,1,3/16/2025,Food Poisoning,39,1
HC19227,15,3/8/2025,Diarrheal Disease,17,1
HC19228,4,1/13/2024,Food Poisoning,23,5
HC19229,2,3/25/2025,Food Poisoning,21,4
HC19230,16,12/1/2024,Food Poisoning,14,1
HC19231,15,5/2/2025,Typhoid,11,2
HC19232,6,6/16/2025,Diarrheal Disease,9,4
HC19233,22,5/18/2025,Typhoid,23,1
HC19234,13,3/16/2024,Diarrheal Disease,14,3
HC19235,10,12/22/2025,Typhoid,31,3
HC19236,16,12/29/2025,Food Poisoning,12,5
HC19237,6,10/20/2025,Diarrheal Disease,4,2
HC19238,9,8/10/2024,Typhoid,26,1
HC19239,3,3/11/2025,Diarrheal Disease,32,3
HC19240,26,6/11/2024,Diarrheal Disease,6,3
HC19241,9,8/3/2025,Food Poisoning,27,4
HC19242,10,10/30/2024,Diarrheal Disease,6,5
HC19243,4,1/1/2025,Food Poisoning,8,5
HC19244,10,8/20/2025,Typhoid,33,2
HC19245,24,9/5/2024,Typhoid,34,3
HC19246,23,2/4/2024,Diarrheal Disease,33,1
HC19247,8,5/21/2024,Food Poisoning,28,2
HC19248,13,4/2/2025,Food Poisoning,37,3
HC19249,8,6/25/2024,Typhoid,17,1
HC19250,16,11/25/2025,Typhoid,16,3
HC19251,26,11/14/2024,Typhoid,31,2
HC19252,24,11/4/2024,Typhoid,22,1
HC19253,16,12/20/2025,Typhoid,16,2
HC19254,18,1/8/2025,Food Poisoning,5,5
HC19255,15,12/15/2024,Diarrheal Disease,26,1
HC19256,16,6/29/2025,Food Poisoning,5,1
HC19257,5,7/4/2025,Typhoid,33,2
HC19258,26,4/6/2024,Typhoid,32,2
HC19259,20,12/15/2025,Typhoid,25,4
HC19260,19,12/14/2025,Food Poisoning,5,3
HC19261,2,12/9/2024,Typhoid,16,1
HC19262,11,8/6/2024,Typhoid,15,2
HC19263,19,10/25/2024,Typhoid,38,4
HC19264,8,4/9/2024,Food Poisoning,3,5
HC19265,4,12/18/2024,Diarrheal Disease,39,5
HC19266,14,2/23/2024,Food Poisoning,38,5
HC19267,10,2/19/2024,Diarrheal Disease,4,1
HC19268,6,8/7/2025,Food Poisoning,36,3
HC19269,3,1/3/2024,Diarrheal Disease,30,5
HC19270,25,11/7/2024,Diarrheal Disease,33,4
HC19271,8,11/1/2025,Diarrheal Disease,17,3
HC19272,26,6/23/2024,Diarrheal Disease,18,1
HC19273,2,2/11/2025,Diarrheal Disease,34,4
HC19274,8,7/2/2024,Diarrheal Disease,39,5
HC19275,6,10/8/2025,Diarrheal Disease,14,5
HC19276,24,12/4/2024,Diarrheal Disease,18,1
HC19277,13,5/5/2024,Diarrheal Disease,18,1
HC19278,15,3/6/2025,Diarrheal Disease,17,3
HC19279,21,1/6/2024,Typhoid,33,2
HC19280,14,11/13/2025,Food Poisoning,16,1
HC19281,13,6/20/2025,Typhoid,36,2
HC19282,24,4/12/2025,Diarrheal Disease,9,3
HC19283,17,1/28/2024,Food Poisoning,33,5
HC19284,1,5/8/2024,Typhoid,5,3
HC19285,23,1/18/2025,Typhoid,3,1
HC19286,10,6/9/2024,Food Poisoning,6,2
HC19287,14,4/1/2024,Diarrheal Disease,15,3
HC19288,21,1/26/2025,Diarrheal Disease,15,5
HC19289,8,7/29/2025,Typhoid,24,1
HC19290,1,3/12/2024,Food Poisoning,21,4
HC19291,26,8/22/2024,Diarrheal Disease,35,5
HC19292,3,9/4/2024,Diarrheal Disease,24,5
HC19293,15,6/19/2025,Typhoid,5,5
HC19294,12,2/26/2025,Typhoid,32,5
HC19295,11,8/23/2025,Food Poisoning,17,2
HC19296,17,9/24/2025,Food Poisoning,27,3
HC19297,25,5/6/2024,Typhoid,38,2
HC19298,22,11/8/2025,Food Poisoning,24,3
HC19299,7,1/20/2025,Typhoid,26,1
HC19300,6,10/4/2025,Food Poisoning,20,4
HC19301,19,5/29/2024,Diarrheal Disease,12,3
HC19302,14,12/23/2025,Diarrheal Disease,14,5
HC19303,24,8/9/2025,Diarrheal Disease,24,1
HC19304,6,6/27/2024,Food Poisoning,25,5
HC19305,21,5/30/2025,Food Poisoning,37,1
HC19306,4,9/6/2024,Typhoid,6,4
HC19307,12,4/23/2025,Food Poisoning,28,5
HC19308,3,1/20/2025,Diarrheal Disease,15,3
HC19309,21,7/29/2024,Food Poisoning,27,5
HC19310,6,3/5/2025,Food Poisoning,34,2
HC19311,2,6/3/2024,Diarrheal Disease,34,1
HC19312,9,1/13/2024,Typhoid,6,5
HC19313,17,10/24/2025,Typhoid,4,4
HC19314,2,3/20/2025,Food Poisoning,17,5
HC19315,18,8/21/2024,Diarrheal Disease,23,4
HC19316,6,4/14/2025,Typhoid,39,2
HC19317,26,12/16/2024,Diarrheal Disease,7,1
HC19318,7,12/31/2024,Diarrheal Disease,4,5
HC19319,20,10/8/2025,Food Poisoning,10,1
HC19320,5,10/4/2024,Food Poisoning,25,5
HC19321,10,3/26/2025,Diarrheal Disease,39,2
HC19322,21,11/23/2025,Food Poisoning,19,3
HC19323,13,10/30/2025,Food Poisoning,28,3
HC19324,16,4/27/2024,Food Poisoning,31,2
HC19325,2,11/14/2024,Diarrheal Disease,16,3
HC19326,6,10/9/2024,Diarrheal Disease,23,4
HC19327,8,9/20/2025,Typhoid,19,3
HC19328,4,1/24/2024,Food Poisoning,2,2
HC19329,12,12/24/2024,Typhoid,18,4
HC19330,8,9/1/2024,Food Poisoning,22,4
HC19331,18,8/16/2024,Diarrheal Disease,25,5
HC19332,10,4/29/2025,Diarrheal Disease,28,2
HC19333,13,10/10/2024,Food Poisoning,15,5
HC19334,17,10/24/2024,Typhoid,20,1
HC19335,12,12/7/2025,Typhoid,14,2
HC19336,25,12/1/2025,Food Poisoning,25,4
HC19337,12,9/23/2025,Food Poisoning,23,2
HC19338,7,6/16/2025,Typhoid,18,3
HC19339,4,3/25/2024,Food Poisoning,28,1
HC19340,20,10/9/2025,Typhoid,3,4
HC19341,7,12/27/2024,Food Poisoning,31,5
HC19342,11,9/3/2024,Diarrheal Disease,17,2
HC19343,12,7/22/2025,Food Poisoning,6,1
HC19344,19,3/25/2024,Typhoid,35,5
HC19345,6,5/10/2024,Typhoid,19,5
HC19346,7,8/11/2024,Food Poisoning,11,2
HC19347,20,6/4/2024,Diarrheal Disease,10,1
HC19348,9,4/19/2025,Typhoid,19,1
HC19349,19,5/21/2024,Food Poisoning,26,4
HC19350,24,11/14/2024,Food Poisoning,14,2
HC19351,19,2/9/2024,Food Poisoning,2,2
HC19352,16,2/14/2024,Typhoid,22,4
HC19353,15,7/1/2025,Typhoid,14,1
HC19354,26,6/7/2024,Diarrheal Disease,34,4
HC19355,9,1/23/2025,Food Poisoning,15,3
HC19356,24,12/26/2025,Food Poisoning,30,3
HC19357,25,12/30/2024,Food Poisoning,9,5
HC19358,14,9/12/2025,Food Poisoning,1,1
HC19359,20,2/29/2024,Diarrheal Disease,27,5
HC19360,15,11/4/2025,Food Poisoning,6,4
HC19361,10,1/13/2024,Typhoid,30,2
HC19362,25,3/13/2024,Typhoid,19,5
HC19363,3,9/27/2024,Diarrheal Disease,35,2
HC19364,12,3/5/2024,Diarrheal Disease,33,3
HC19365,26,1/4/2024,Food Poisoning,6,3
HC19366,24,6/18/2025,Food Poisoning,7,3
HC19367,2,1/2/2024,Typhoid,33,4
HC19368,19,6/1/2024,Typhoid,31,5
HC19369,21,11/4/2025,Diarrheal Disease,11,2
HC19370,12,2/22/2025,Typhoid,15,3
HC19371,17,6/25/2025,Typhoid,32,1
HC19372,22,9/14/2024,Food Poisoning,3,3
HC19373,14,7/23/2024,Typhoid,32,3
HC19374,7,1/25/2024,Typhoid,20,4
HC19375,4,11/22/2025,Typhoid,31,5
HC19376,13,3/2/2025,Food Poisoning,26,3
HC19377,8,1/27/2025,Food Poisoning,11,4
HC19378,23,5/28/2024,Food Poisoning,33,1
HC19379,15,9/8/2025,Diarrheal Disease,22,4
HC19380,19,1/31/2025,Diarrheal Disease,13,1
HC19381,20,5/16/2025,Diarrheal Disease,27,1
HC19382,7,12/28/2025,Diarrheal Disease,27,2
HC19383,20,7/3/2024,Typhoid,24,3
HC19384,4,5/17/2025,Diarrheal Disease,18,5
HC19385,4,2/20/2025,Typhoid,5,3
HC19386,8,8/15/2025,Diarrheal Disease,26,2
HC19387,5,11/25/2024,Diarrheal Disease,1,2
HC19388,6,10/5/2025,Diarrheal Disease,26,2
HC19389,22,6/3/2025,Diarrheal Disease,33,1
HC19390,12,8/18/2025,Diarrheal Disease,21,5
HC19391,25,12/4/2024,Diarrheal Disease,28,3
HC19392,2,10/9/2024,Typhoid,13,5
HC19393,20,1/27/2025,Typhoid,13,4
HC19394,7,4/16/2024,Food Poisoning,25,3
HC19395,9,3/10/2024,Diarrheal Disease,8,5
HC19396,14,9/13/2025,Typhoid,21,2
HC19397,22,1/4/2025,Diarrheal Disease,28,4
HC19398,3,11/4/2025,Food Poisoning,14,2
HC19399,20,3/9/2024,Typhoid,18,1
HC19400,25,8/24/2025,Typhoid,31,2
HC19401,18,12/12/2025,Food Poisoning,32,5
HC19402,20,10/4/2024,Food Poisoning,1,2
HC19403,21,12/27/2024,Food Poisoning,30,2
HC19404,3,9/19/2025,Food Poisoning,4,2
HC19405,19,2/28/2024,Diarrheal Disease,1,5
HC19406,23,11/5/2024,Diarrheal Disease,20,5
HC19407,25,7/8/2025,Food Poisoning,21,1
HC19408,20,10/26/2025,Typhoid,19,1
HC19409,13,11/25/2025,Food Poisoning,5,4
HC19410,8,2/23/2024,Food Poisoning,7,4
HC19411,25,12/12/2025,Typhoid,33,3
HC19412,20,5/23/2024,Typhoid,26,1
HC19413,5,11/27/2025,Typhoid,21,2
HC19414,21,2/1/2024,Typhoid,31,1
HC19415,22,4/8/2024,Diarrheal Disease,4,4
HC19416,22,4/28/2025,Food Poisoning,9,5
HC19417,21,6/30/2024,Typhoid,2,4
HC19418,8,6/15/2024,Diarrheal Disease,21,4
HC19419,10,5/2/2024,Food Poisoning,37,1
HC19420,25,4/2/2025,Typhoid,35,5
HC19421,16,3/21/2025,Food Poisoning,31,1
HC19422,17,9/22/2025,Food Poisoning,31,5
HC19423,6,6/25/2024,Food Poisoning,11,2
HC19424,14,2/20/2024,Diarrheal Disease,14,5
HC19425,24,1/15/2025,Diarrheal Disease,1,4
HC19426,7,3/10/2025,Food Poisoning,3,1
HC19427,13,4/16/2025,Food Poisoning,7,5
HC19428,1,9/1/2024,Food Poisoning,11,5
HC19429,3,11/27/2024,Diarrheal Disease,10,5
HC19430,3,5/31/2025,Diarrheal Disease,9,3
HC19431,19,12/22/2024,Diarrheal Disease,4,3
HC19432,12,9/13/2024,Food Poisoning,10,1
HC19433,7,12/31/2025,Food Poisoning,4,1
HC19434,7,4/13/2025,Typhoid,31,3
HC19435,14,7/5/2024,Diarrheal Disease,26,5
HC19436,16,12/31/2025,Diarrheal Disease,39,2
HC19437,2,9/10/2025,Food Poisoning,38,1
HC19438,25,12/12/2025,Typhoid,9,1
HC19439,1,11/26/2024,Food Poisoning,23,5
HC19440,21,6/19/2024,Diarrheal Disease,1,4
HC19441,5,12/13/2025,Typhoid,35,1
HC19442,25,5/9/2024,Food Poisoning,7,3
HC19443,12,8/12/2024,Typhoid,38,1
HC19444,12,10/4/2025,Typhoid,19,4
HC19445,7,12/5/2024,Diarrheal Disease,35,5
HC19446,8,3/17/2025,Diarrheal Disease,25,2
HC19447,16,2/26/2024,Diarrheal Disease,8,2
HC19448,10,5/9/2024,Food Poisoning,36,3
HC19449,21,9/8/2024,Food Poisoning,16,2
HC19450,19,5/4/2024,Typhoid,18,1
HC19451,21,4/25/2025,Typhoid,10,4
HC19452,7,5/3/2025,Typhoid,22,5
HC19453,20,4/4/2025,Diarrheal Disease,11,4
HC19454,16,4/15/2025,Typhoid,39,3
HC19455,20,2/11/2025,Typhoid,26,2
HC19456,12,6/24/2025,Typhoid,22,1
HC19457,11,3/17/2025,Typhoid,38,3
HC19458,15,3/22/2024,Food Poisoning,34,4
HC19459,12,1/1/2024,Diarrheal Disease,27,2
HC19460,21,10/13/2025,Food Poisoning,38,5
HC19461,23,2/21/2025,Food Poisoning,34,4
HC19462,15,2/16/2025,Diarrheal Disease,33,4
HC19463,1,3/20/2025,Typhoid,13,1
HC19464,6,6/29/2025,Food Poisoning,3,1
HC19465,22,5/27/2024,Diarrheal Disease,32,2
HC19466,21,4/21/2024,Food Poisoning,7,1
HC19467,10,1/20/2025,Diarrheal Disease,1,1
HC19468,7,10/15/2025,Diarrheal Disease,19,4
HC19469,4,2/20/2025,Food Poisoning,36,3
HC19470,12,8/28/2025,Diarrheal Disease,21,1
HC19471,21,7/15/2025,Food Poisoning,23,1
HC19472,2,9/30/2024,Typhoid,38,5
HC19473,12,6/2/2024,Diarrheal Disease,11,1
HC19474,17,9/17/2025,Typhoid,6,3
HC19475,21,6/26/2024,Diarrheal Disease,20,2
HC19476,25,9/6/2025,Food Poisoning,15,4
HC19477,25,6/12/2024,Typhoid,34,4
HC19478,21,11/1/2025,Food Poisoning,25,3
HC19479,15,10/25/2024,Food Poisoning,26,2
HC19480,9,5/28/2025,Diarrheal Disease,8,4
HC19481,16,3/26/2025,Diarrheal Disease,23,2
HC19482,6,6/28/2024,Food Poisoning,38,3
HC19483,23,2/5/2025,Food Poisoning,10,5
HC19484,8,7/9/2025,Food Poisoning,7,4
HC19485,15,11/21/2024,Food Poisoning,24,3
HC19486,19,6/14/2025,Diarrheal Disease,37,1
HC19487,15,10/13/2025,Diarrheal Disease,1,4
HC19488,9,6/30/2024,Food Poisoning,12,4
HC19489,2,9/18/2024,Typhoid,10,3
HC19490,12,3/5/2024,Food Poisoning,32,3
HC19491,7,2/26/2024,Typhoid,28,4
HC19492,16,9/29/2025,Food Poisoning,32,5
HC19493,10,10/24/2025,Diarrheal Disease,30,2
HC19494,25,10/15/2025,Diarrheal Disease,37,2
HC19495,13,9/10/2025,Typhoid,15,2
HC19496,18,11/23/2024,Food Poisoning,3,1
HC19497,23,4/3/2025,Typhoid,34,1
HC19498,14,5/1/2025,Food Poisoning,32,1
HC19499,4,5/27/2024,Food Poisoning,31,4
HC19500,23,12/3/2024,Typhoid,10,1
HC19501,24,3/1/2024,Diarrheal Disease,39,5
HC19502,18,5/13/2024,Diarrheal Disease,29,4
HC19503,2,2/26/2025,Food Poisoning,35,1
HC19504,10,9/26/2025,Food Poisoning,17,3
HC19505,1,11/30/2025,Food Poisoning,39,3
HC19506,2,6/6/2024,Typhoid,18,5
HC19507,11,5/15/2025,Diarrheal Disease,34,2
HC19508,16,12/12/2024,Diarrheal Disease,28,2
HC19509,2,9/9/2024,Typhoid,36,2
HC19510,9,10/30/2025,Food Poisoning,27,4
HC19511,17,10/31/2025,Typhoid,15,4
HC19512,5,7/5/2024,Typhoid,17,4
HC19513,13,9/21/2024,Typhoid,34,4
HC19514,22,2/4/2025,Diarrheal Disease,18,3
HC19515,25,11/2/2024,Diarrheal Disease,1,1
HC19516,21,6/26/2024,Typhoid,19,1
HC19517,13,3/5/2024,Typhoid,2,1
HC19518,15,12/17/2024,Diarrheal Disease,25,4
HC19519,12,9/12/2024,Diarrheal Disease,38,2
HC19520,16,1/5/2024,Typhoid,37,1
HC19521,5,1/1/2024,Diarrheal Disease,15,3
HC19522,4,5/14/2024,Typhoid,30,5
HC19523,17,12/31/2025,Typhoid,20,2
HC19524,24,8/23/2024,Typhoid,22,4
HC19525,26,8/29/2025,Typhoid,5,5
HC19526,6,10/24/2024,Typhoid,15,3
HC19527,10,1/13/2025,Food Poisoning,39,3
HC19528,18,12/23/2024,Typhoid,11,2
HC19529,2,5/5/2025,Food Poisoning,26,5
HC19530,7,10/31/2025,Typhoid,39,5
HC19531,13,2/18/2025,Diarrheal Disease,23,4
HC19532,1,3/3/2025,Typhoid,27,3
HC19533,26,11/4/2024,Typhoid,27,4
HC19534,11,3/1/2025,Food Poisoning,13,1
HC19535,9,3/11/2025,Food Poisoning,39,4
HC19536,12,7/21/2025,Diarrheal Disease,15,3
HC19537,16,10/18/2024,Food Poisoning,38,1
HC19538,4,2/13/2024,Food Poisoning,27,5
HC19539,4,10/3/2025,Diarrheal Disease,19,2
HC19540,18,6/7/2025,Diarrheal Disease,7,4
HC19541,8,6/30/2025,Food Poisoning,38,4
HC19542,3,3/20/2024,Diarrheal Disease,28,4
HC19543,21,1/16/2024,Food Poisoning,15,5
HC19544,5,1/8/2024,Food Poisoning,11,5
HC19545,20,5/24/2024,Typhoid,36,1
HC19546,26,10/22/2024,Food Poisoning,23,5
HC19547,3,12/23/2024,Diarrheal Disease,10,1
HC19548,13,8/13/2025,Diarrheal Disease,5,5
HC19549,5,1/22/2024,Typhoid,21,5
HC19550,24,7/31/2024,Typhoid,14,3
HC19551,20,3/4/2025,Food Poisoning,19,5
HC19552,25,11/16/2025,Food Poisoning,19,5
HC19553,21,6/6/2025,Typhoid,38,3
HC19554,23,8/10/2025,Typhoid,5,2
HC19555,14,9/11/2024,Typhoid,19,4
HC19556,11,12/24/2025,Diarrheal Disease,38,5
HC19557,16,12/15/2024,Diarrheal Disease,4,5
HC19558,11,2/4/2025,Food Poisoning,7,4
HC19559,13,3/15/2024,Food Poisoning,28,4
HC19560,16,5/24/2025,Typhoid,15,5
HC19561,11,10/24/2024,Diarrheal Disease,33,2
HC19562,8,1/27/2025,Diarrheal Disease,39,5
HC19563,4,8/20/2024,Diarrheal Disease,20,5
HC19564,3,8/13/2024,Food Poisoning,7,1
HC19565,9,3/8/2024,Diarrheal Disease,35,5
HC19566,25,10/31/2024,Diarrheal Disease,5,4
HC19567,5,9/16/2024,Food Poisoning,3,1
HC19568,19,3/2/2025,Typhoid,9,3
HC19569,18,12/6/2025,Food Poisoning,4,5
HC19570,16,11/8/2024,Diarrheal Disease,37,1
HC19571,4,8/7/2024,Typhoid,16,3
HC19572,17,8/23/2024,Diarrheal Disease,5,1
HC19573,10,3/31/2025,Diarrheal Disease,19,2
HC19574,4,9/28/2024,Food Poisoning,31,2
HC19575,18,10/20/2024,Diarrheal Disease,13,5
HC19576,2,4/9/2025,Food Poisoning,26,3
HC19577,9,11/20/2025,Diarrheal Disease,14,4
HC19578,1,11/2/2025,Food Poisoning,10,2
HC19579,12,8/27/2025,Food Poisoning,21,2
HC19580,12,10/1/2025,Typhoid,5,5
HC19581,25,10/10/2024,Typhoid,37,1
HC19582,22,11/21/2024,Diarrheal Disease,20,1
HC19583,26,3/11/2024,Typhoid,1,2
HC19584,2,5/10/2025,Typhoid,34,3
HC19585,5,10/28/2024,Typhoid,13,1
HC19586,21,8/15/2025,Typhoid,10,1
HC19587,11,3/24/2025,Food Poisoning,10,1
HC19588,11,10/1/2025,Food Poisoning,37,4
HC19589,16,3/27/2024,Diarrheal Disease,14,1
HC19590,15,8/23/2024,Food Poisoning,28,4
HC19591,2,5/28/2025,Typhoid,10,1
HC19592,20,3/6/2024,Typhoid,2,1
HC19593,24,4/20/2025,Diarrheal Disease,10,4
HC19594,24,6/16/2024,Typhoid,14,2
HC19595,13,2/16/2025,Food Poisoning,10,1
HC19596,8,6/27/2024,Diarrheal Disease,23,5
HC19597,10,12/24/2024,Food Poisoning,23,2
HC19598,18,11/25/2025,Typhoid,18,3
HC19599,26,12/16/2024,Typhoid,9,5
HC19600,23,6/1/2024,Diarrheal Disease,22,2
HC19601,3,6/19/2024,Typhoid,10,4
HC19602,9,2/6/2024,Diarrheal Disease,16,1
HC19603,22,2/18/2024,Diarrheal Disease,14,1
HC19604,3,11/1/2024,Diarrheal Disease,31,5
HC19605,25,9/13/2024,Typhoid,10,1
HC19606,5,7/5/2024,Food Poisoning,13,3
HC19607,20,12/13/2025,Diarrheal Disease,10,3
HC19608,19,9/10/2024,Diarrheal Disease,16,4
HC19609,19,6/10/2025,Typhoid,32,5
HC19610,11,2/10/2024,Diarrheal Disease,25,5
HC19611,15,10/1/2024,Food Poisoning,13,5
HC19612,14,11/28/2024,Diarrheal Disease,5,4
HC19613,13,10/18/2024,Typhoid,9,1
HC19614,25,7/13/2025,Typhoid,4,4
HC19615,21,12/27/2024,Diarrheal Disease,31,4
HC19616,5,9/19/2024,Food Poisoning,26,4
HC19617,5,4/3/2024,Typhoid,38,5
HC19618,6,3/23/2024,Food Poisoning,3,1
HC19619,9,12/15/2025,Diarrheal Disease,6,5
HC19620,2,3/25/2024,Food Poisoning,20,5
HC19621,8,9/3/2025,Typhoid,35,2
HC19622,20,9/4/2025,Food Poisoning,23,3
HC19623,1,8/19/2025,Typhoid,13,4
HC19624,25,7/12/2025,Food Poisoning,32,2
HC19625,23,8/13/2025,Typhoid,13,1
HC19626,7,9/28/2025,Food Poisoning,6,4
HC19627,7,5/15/2024,Diarrheal Disease,10,5
HC19628,1,4/15/2024,Food Poisoning,14,1
HC19629,19,11/11/2024,Typhoid,4,4
HC19630,25,9/27/2024,Typhoid,29,4
HC19631,21,6/28/2024,Typhoid,2,5
HC19632,15,1/4/2025,Food Poisoning,1,2
HC19633,26,11/27/2024,Typhoid,22,2
HC19634,16,11/4/2024,Typhoid,8,3
HC19635,6,5/29/2024,Typhoid,17,3
HC19636,15,6/12/2025,Food Poisoning,14,4
HC19637,8,10/7/2025,Food Poisoning,39,2
HC19638,19,4/20/2025,Diarrheal Disease,3,2
HC19639,6,10/18/2025,Diarrheal Disease,13,3
HC19640,9,3/8/2025,Typhoid,31,1
HC19641,19,4/23/2024,Diarrheal Disease,37,4
HC19642,23,5/28/2024,Diarrheal Disease,18,4
HC19643,4,10/29/2025,Typhoid,33,5
HC19644,3,6/25/2025,Typhoid,35,1
HC19645,7,12/30/2024,Diarrheal Disease,26,5
HC19646,13,12/28/2024,Typhoid,30,1
HC19647,12,1/19/2024,Typhoid,20,4
HC19648,24,3/22/2024,Typhoid,8,3
HC19649,20,2/26/2025,Food Poisoning,31,3
HC19650,12,10/21/2024,Food Poisoning,25,4
HC19651,1,1/18/2024,Food Poisoning,32,5
HC19652,24,2/5/2025,Food Poisoning,38,3
HC19653,14,9/3/2024,Typhoid,1,2
HC19654,16,5/11/2024,Typhoid,24,2
HC19655,5,5/4/2025,Diarrheal Disease,15,3
HC19656,20,10/15/2025,Typhoid,4,5
HC19657,10,9/9/2024,Food Poisoning,16,5
HC19658,12,1/13/2024,Diarrheal Disease,12,5
HC19659,24,9/13/2024,Diarrheal Disease,20,2
HC19660,23,8/9/2025,Food Poisoning,19,3
HC19661,19,9/28/2025,Diarrheal Disease,28,3
HC19662,6,8/29/2025,Typhoid,20,3
HC19663,4,10/3/2025,Diarrheal Disease,3,2
HC19664,7,7/8/2024,Food Poisoning,27,1
HC19665,3,4/5/2025,Diarrheal Disease,38,1
HC19666,26,12/16/2025,Food Poisoning,37,3
HC19667,12,8/18/2024,Typhoid,14,2
HC19668,23,11/25/2025,Food Poisoning,21,1
HC19669,1,2/3/2024,Typhoid,3,2
HC19670,20,5/18/2025,Typhoid,8,2
HC19671,22,5/4/2025,Food Poisoning,24,4
HC19672,11,2/10/2024,Typhoid,34,5
HC19673,20,2/29/2024,Food Poisoning,12,2
HC19674,8,4/23/2024,Food Poisoning,36,5
HC19675,23,3/10/2025,Diarrheal Disease,34,1
HC19676,18,12/14/2025,Diarrheal Disease,15,5
HC19677,8,4/22/2025,Typhoid,15,1
HC19678,24,12/3/2024,Typhoid,33,1
HC19679,18,2/14/2025,Diarrheal Disease,17,3
HC19680,2,9/18/2024,Food Poisoning,39,3
HC19681,1,7/24/2024,Food Poisoning,14,2
HC19682,12,8/11/2024,Diarrheal Disease,35,2
HC19683,1,1/22/2024,Food Poisoning,14,4
HC19684,5,7/13/2025,Diarrheal Disease,38,3
HC19685,10,11/10/2024,Food Poisoning,38,4
HC19686,16,2/10/2024,Food Poisoning,5,1
HC19687,22,6/3/2025,Diarrheal Disease,12,1
HC19688,20,10/31/2024,Typhoid,24,4
HC19689,14,8/27/2024,Food Poisoning,34,4
HC19690,26,2/10/2024,Typhoid,16,3
HC19691,10,9/17/2024,Typhoid,27,3
HC19692,17,2/9/2024,Food Poisoning,24,5
HC19693,21,4/26/2025,Food Poisoning,14,1
HC19694,15,2/12/2025,Food Poisoning,27,2
HC19695,11,5/15/2025,Diarrheal Disease,23,4
HC19696,11,9/19/2024,Food Poisoning,12,3
HC19697,9,2/27/2025,Diarrheal Disease,25,3
HC19698,15,7/13/2025,Food Poisoning,13,4
HC19699,24,3/6/2024,Food Poisoning,26,3
HC19700,8,8/12/2025,Diarrheal Disease,16,5
HC19701,9,5/15/2024,Typhoid,9,3
HC19702,1,9/19/2024,Typhoid,34,3
HC19703,23,1/20/2025,Food Poisoning,31,2
HC19704,20,10/3/2025,Typhoid,32,5
HC19705,10,7/28/2025,Diarrheal Disease,14,1
HC19706,24,10/17/2024,Diarrheal Disease,32,4
HC19707,12,8/25/2024,Typhoid,12,1
HC19708,22,2/13/2025,Typhoid,3,3
HC19709,1,1/26/2025,Food Poisoning,26,3
HC19710,2,3/11/2025,Food Poisoning,16,4
HC19711,14,9/1/2025,Diarrheal Disease,12,2
HC19712,8,1/25/2025,Typhoid,9,5
HC19713,10,5/19/2024,Typhoid,37,2
HC19714,6,5/11/2024,Diarrheal Disease,4,4
HC19715,1,4/7/2025,Typhoid,27,3
HC19716,1,6/1/2025,Diarrheal Disease,22,5
HC19717,20,1/8/2025,Food Poisoning,29,4
HC19718,13,8/30/2025,Typhoid,27,1
HC19719,9,9/28/2025,Food Poisoning,38,2
HC19720,6,6/10/2025,Typhoid,26,2
HC19721,3,1/28/2025,Typhoid,28,3
HC19722,6,7/20/2025,Diarrheal Disease,36,3
HC19723,6,5/18/2025,Typhoid,5,5
HC19724,18,12/15/2024,Diarrheal Disease,17,4
HC19725,18,5/6/2024,Typhoid,31,2
HC19726,8,8/27/2024,Food Poisoning,28,2
HC19727,3,12/27/2025,Diarrheal Disease,9,1
HC19728,8,10/11/2025,Food Poisoning,35,1
HC19729,13,8/5/2024,Food Poisoning,26,5
HC19730,16,6/17/2025,Typhoid,24,1
HC19731,24,12/31/2024,Food Poisoning,25,3
HC19732,25,2/7/2025,Food Poisoning,7,1
HC19733,3,3/12/2024,Typhoid,22,4
HC19734,18,4/29/2024,Food Poisoning,39,1
HC19735,1,11/19/2025,Typhoid,28,5
HC19736,16,10/25/2024,Diarrheal Disease,19,5
HC19737,14,9/7/2025,Food Poisoning,23,3
HC19738,2,3/3/2025,Typhoid,24,4
HC19739,23,2/22/2024,Typhoid,22,2
HC19740,9,8/29/2024,Typhoid,25,4
HC19741,24,5/2/2025,Food Poisoning,3,4
HC19742,2,10/24/2025,Food Poisoning,10,1
HC19743,6,8/28/2024,Diarrheal Disease,21,1
HC19744,9,11/4/2024,Diarrheal Disease,29,1
HC19745,18,1/8/2025,Diarrheal Disease,21,5
HC19746,11,3/1/2025,Diarrheal Disease,9,2
HC19747,11,1/6/2025,Diarrheal Disease,18,1
HC19748,20,7/6/2024,Typhoid,15,1
HC19749,26,4/25/2025,Food Poisoning,1,4
HC19750,2,8/19/2025,Typhoid,28,4
HC19751,9,12/19/2025,Typhoid,13,1
HC19752,19,2/6/2024,Typhoid,5,5
HC19753,8,4/6/2024,Diarrheal Disease,5,2
HC19754,7,9/25/2024,Diarrheal Disease,24,2
HC19755,23,4/3/2025,Diarrheal Disease,30,3
HC19756,7,2/22/2024,Diarrheal Disease,26,2
HC19757,9,4/25/2024,Diarrheal Disease,9,5
HC19758,19,1/12/2025,Food Poisoning,39,2
HC19759,4,1/5/2024,Typhoid,19,3
HC19760,23,3/17/2024,Diarrheal Disease,39,3
HC19761,4,2/22/2025,Typhoid,3,4
HC19762,16,1/26/2025,Diarrheal Disease,31,2
HC19763,16,8/24/2025,Typhoid,39,1
HC19764,14,5/20/2025,Food Poisoning,12,4
HC19765,7,9/21/2025,Food Poisoning,27,1
HC19766,21,1/5/2025,Food Poisoning,7,3
HC19767,5,6/16/2025,Typhoid,6,4
HC19768,1,3/18/2024,Typhoid,7,1
HC19769,15,12/5/2025,Typhoid,2,1
HC19770,14,10/25/2025,Diarrheal Disease,29,5
HC19771,21,3/15/2025,Food Poisoning,28,4
HC19772,18,10/14/2025,Food Poisoning,17,5
HC19773,25,7/27/2024,Food Poisoning,17,3
HC19774,11,9/1/2025,Diarrheal Disease,32,3
HC19775,7,8/12/2024,Food Poisoning,15,5
HC19776,4,6/7/2025,Diarrheal Disease,23,1
HC19777,22,8/28/2024,Food Poisoning,29,4
HC19778,22,1/5/2025,Diarrheal Disease,36,4
HC19779,15,9/9/2024,Typhoid,19,4
HC19780,1,9/15/2024,Food Poisoning,15,4
HC19781,5,8/30/2025,Food Poisoning,22,2
HC19782,13,2/21/2024,Food Poisoning,8,1
HC19783,16,11/19/2024,Typhoid,38,5
HC19784,19,10/18/2025,Food Poisoning,10,3
HC19785,16,1/15/2024,Food Poisoning,19,1
HC19786,26,11/5/2025,Diarrheal Disease,24,4
HC19787,20,11/22/2025,Food Poisoning,35,5
HC19788,8,11/17/2025,Typhoid,35,2
HC19789,5,1/3/2025,Food Poisoning,2,5
HC19790,22,1/30/2024,Food Poisoning,9,3
HC19791,25,6/15/2025,Food Poisoning,2,3
HC19792,12,12/21/2025,Food Poisoning,34,5
HC19793,20,3/23/2024,Diarrheal Disease,24,2
HC19794,13,4/3/2024,Typhoid,39,4
HC19795,14,7/30/2024,Diarrheal Disease,39,3
HC19796,26,10/6/2024,Food Poisoning,37,3
HC19797,11,1/23/2025,Diarrheal Disease,21,1
HC19798,11,4/27/2025,Typhoid,6,5
HC19799,9,2/20/2025,Food Poisoning,20,2
HC19800,8,5/22/2024,Diarrheal Disease,31,2
HC19801,8,7/17/2025,Food Poisoning,6,4
HC19802,22,8/26/2025,Typhoid,24,1
HC19803,6,10/19/2025,Typhoid,23,4
HC19804,25,7/29/2025,Typhoid,1,4
HC19805,5,10/12/2024,Diarrheal Disease,31,4
HC19806,11,12/21/2025,Diarrheal Disease,1,4
HC19807,25,6/9/2025,Typhoid,28,1
HC19808,10,11/12/2025,Typhoid,29,4
HC19809,8,10/8/2025,Diarrheal Disease,15,5
HC19810,2,5/24/2025,Typhoid,25,5
HC19811,1,7/4/2025,Diarrheal Disease,18,5
HC19812,11,2/13/2025,Food Poisoning,30,4
HC19813,11,5/28/2025,Diarrheal Disease,16,5
HC19814,3,6/8/2025,Diarrheal Disease,38,1
HC19815,2,5/7/2024,Diarrheal Disease,1,2
HC19816,9,1/21/2025,Diarrheal Disease,1,3
HC19817,19,3/25/2025,Diarrheal Disease,39,5
HC19818,14,10/8/2025,Diarrheal Disease,24,2
HC19819,20,1/13/2024,Diarrheal Disease,25,2
HC19820,18,11/20/2024,Diarrheal Disease,33,4
HC19821,1,5/17/2025,Food Poisoning,21,5
HC19822,20,12/15/2024,Typhoid,6,5
HC19823,15,11/21/2024,Diarrheal Disease,13,4
HC19824,8,5/29/2025,Diarrheal Disease,21,3
HC19825,7,11/17/2024,Typhoid,26,1
HC19826,10,6/12/2024,Diarrheal Disease,34,1
HC19827,24,3/27/2025,Food Poisoning,18,2
HC19828,9,11/26/2024,Typhoid,1,2
HC19829,10,11/12/2025,Food Poisoning,16,3
HC19830,22,8/20/2024,Food Poisoning,33,2
HC19831,6,1/30/2025,Typhoid,33,3
HC19832,16,7/21/2024,Food Poisoning,3,5
HC19833,6,6/14/2025,Diarrheal Disease,24,5
HC19834,12,10/15/2024,Typhoid,16,5
HC19835,9,12/15/2025,Diarrheal Disease,5,4
HC19836,11,12/30/2025,Diarrheal Disease,24,3
HC19837,18,2/18/2024,Typhoid,30,2
HC19838,25,12/6/2024,Typhoid,31,4
HC19839,2,7/4/2024,Typhoid,10,2
HC19840,9,11/11/2024,Food Poisoning,8,3
HC19841,2,4/15/2024,Typhoid,28,3
HC19842,6,8/24/2024,Food Poisoning,22,5
HC19843,8,4/17/2025,Food Poisoning,38,3
HC19844,10,9/16/2024,Food Poisoning,26,4
HC19845,25,3/9/2024,Diarrheal Disease,22,3
HC19846,7,11/29/2025,Food Poisoning,13,1
HC19847,6,3/22/2025,Diarrheal Disease,39,3
HC19848,7,10/8/2024,Diarrheal Disease,11,5
HC19849,12,5/20/2024,Diarrheal Disease,31,1
HC19850,10,1/2/2025,Food Poisoning,20,2
HC19851,26,8/7/2025,Diarrheal Disease,1,5
HC19852,15,6/30/2025,Typhoid,6,3
HC19853,6,6/7/2025,Diarrheal Disease,1,4
HC19854,18,1/1/2025,Food Poisoning,2,4
HC19855,8,1/15/2025,Typhoid,16,3
HC19856,1,5/7/2024,Food Poisoning,36,4
HC19857,1,5/2/2024,Typhoid,23,5
HC19858,8,8/23/2025,Diarrheal Disease,29,4
HC19859,12,10/25/2024,Diarrheal Disease,17,4
HC19860,18,12/17/2025,Diarrheal Disease,4,1
HC19861,6,3/15/2025,Food Poisoning,14,4
HC19862,25,5/15/2024,Diarrheal Disease,28,3
HC19863,11,4/24/2024,Diarrheal Disease,15,5
HC19864,14,1/29/2024,Typhoid,19,3
HC19865,4,7/21/2024,Diarrheal Disease,6,1
HC19866,12,6/10/2025,Diarrheal Disease,26,4
HC19867,3,7/2/2025,Food Poisoning,1,2
HC19868,9,11/19/2025,Diarrheal Disease,20,3
HC19869,26,2/8/2024,Diarrheal Disease,24,4
HC19870,9,5/26/2024,Diarrheal Disease,30,2
HC19871,17,2/13/2025,Food Poisoning,27,2
HC19872,14,2/14/2024,Food Poisoning,35,4
HC19873,20,7/25/2024,Food Poisoning,20,1
HC19874,6,3/29/2025,Diarrheal Disease,35,4
HC19875,7,6/6/2025,Diarrheal Disease,31,1
HC19876,7,5/21/2025,Diarrheal Disease,5,5
HC19877,4,12/31/2025,Typhoid,19,2
HC19878,23,3/14/2025,Food Poisoning,23,4
HC19879,13,6/18/2024,Food Poisoning,18,1
HC19880,16,9/18/2024,Typhoid,17,1
HC19881,20,4/17/2025,Diarrheal Disease,3,5
HC19882,14,10/19/2025,Typhoid,33,3
HC19883,5,1/23/2024,Food Poisoning,38,3
HC19884,3,2/20/2024,Food Poisoning,34,2
HC19885,18,3/5/2024,Typhoid,37,5
HC19886,6,3/3/2025,Food Poisoning,35,1
HC19887,22,9/30/2024,Food Poisoning,8,3
HC19888,16,8/6/2024,Typhoid,12,5
HC19889,22,7/13/2025,Diarrheal Disease,32,5
HC19890,23,7/14/2024,Typhoid,9,2
HC19891,20,3/19/2025,Diarrheal Disease,14,4
HC19892,26,3/19/2025,Diarrheal Disease,21,4
HC19893,1,7/31/2024,Food Poisoning,32,4
HC19894,6,3/23/2025,Food Poisoning,15,2
HC19895,9,1/15/2024,Food Poisoning,14,1
HC19896,25,11/24/2024,Food Poisoning,8,1
HC19897,9,6/1/2025,Food Poisoning,25,2
HC19898,10,11/23/2024,Food Poisoning,9,5
HC19899,12,1/4/2025,Food Poisoning,13,4
HC19900,20,3/17/2024,Food Poisoning,14,3
HC19901,11,3/27/2024,Diarrheal Disease,37,4
HC19902,25,3/8/2024,Typhoid,11,3
HC19903,17,9/17/2024,Diarrheal Disease,30,2
HC19904,26,7/7/2025,Food Poisoning,26,5
HC19905,6,10/1/2025,Diarrheal Disease,23,5
HC19906,7,12/26/2025,Food Poisoning,23,5
HC19907,3,1/4/2025,Food Poisoning,39,4
HC19908,13,10/9/2024,Typhoid,23,3
HC19909,24,12/26/2024,Diarrheal Disease,25,3
HC19910,17,8/24/2025,Diarrheal Disease,35,3
HC19911,13,11/13/2025,Diarrheal Disease,17,5
HC19912,3,10/26/2025,Typhoid,20,5
HC19913,6,2/23/2024,Food Poisoning,38,5
HC19914,4,4/16/2024,Typhoid,18,2
HC19915,1,1/3/2024,Diarrheal Disease,17,3
HC19916,8,9/12/2025,Food Poisoning,39,5
HC19917,3,8/2/2025,Food Poisoning,29,4
HC19918,5,5/8/2025,Food Poisoning,25,3
HC19919,4,1/3/2024,Food Poisoning,33,4
HC19920,2,11/17/2024,Food Poisoning,35,1
HC19921,14,7/5/2024,Food Poisoning,3,1
HC19922,26,4/24/2024,Food Poisoning,38,3
HC19923,15,4/11/2024,Diarrheal Disease,39,5
HC19924,2,5/13/2024,Typhoid,5,1
HC19925,11,7/12/2025,Typhoid,12,2
HC19926,25,8/15/2024,Food Poisoning,2,3
HC19927,9,3/15/2025,Diarrheal Disease,37,1
HC19928,4,5/29/2025,Typhoid,11,3
HC19929,5,7/4/2025,Food Poisoning,15,2
HC19930,4,12/26/2024,Diarrheal Disease,11,1
HC19931,1,12/16/2025,Food Poisoning,11,1
HC19932,21,1/6/2024,Diarrheal Disease,3,1
HC19933,13,12/7/2024,Typhoid,20,1
HC19934,9,5/6/2024,Diarrheal Disease,30,5
HC19935,11,2/19/2024,Typhoid,3,5
HC19936,1,12/7/2024,Food Poisoning,6,5
HC19937,24,7/28/2025,Typhoid,39,3
HC19938,5,6/13/2025,Typhoid,2,5
HC19939,17,8/24/2025,Typhoid,19,3
HC19940,8,12/11/2024,Typhoid,3,2
HC19941,25,7/8/2025,Diarrheal Disease,12,1
HC19942,8,6/20/2025,Diarrheal Disease,37,3
HC19943,8,7/17/2025,Diarrheal Disease,1,4
HC19944,2,4/17/2025,Diarrheal Disease,12,2
HC19945,15,11/9/2025,Food Poisoning,26,4
HC19946,24,12/17/2025,Food Poisoning,18,4
HC19947,9,1/30/2025,Food Poisoning,28,3
HC19948,18,4/29/2024,Diarrheal Disease,28,3
HC19949,26,7/2/2024,Food Poisoning,39,3
HC19950,14,6/28/2024,Typhoid,34,2
HC19951,13,10/2/2024,Diarrheal Disease,10,3
HC19952,17,5/21/2025,Diarrheal Disease,39,2
HC19953,2,3/25/2024,Diarrheal Disease,36,5
HC19954,26,10/27/2024,Diarrheal Disease,8,2
HC19955,16,12/14/2024,Diarrheal Disease,18,1
HC19956,18,10/11/2024,Diarrheal Disease,1,4
HC19957,1,6/10/2024,Typhoid,12,4
HC19958,8,4/21/2024,Typhoid,34,1
HC19959,19,10/27/2024,Typhoid,2,3
HC19960,19,7/11/2024,Food Poisoning,37,3
HC19961,25,6/7/2025,Diarrheal Disease,27,5
HC19962,16,3/9/2024,Typhoid,25,1
HC19963,12,5/23/2024,Diarrheal Disease,21,3
HC19964,11,7/5/2025,Food Poisoning,11,4
HC19965,13,4/13/2025,Food Poisoning,25,2
HC19966,12,3/14/2024,Typhoid,3,1
HC19967,4,11/27/2024,Diarrheal Disease,34,5
HC19968,23,8/13/2025,Food Poisoning,21,5
HC19969,8,5/29/2025,Diarrheal Disease,31,2
HC19970,14,9/18/2024,Typhoid,17,3
HC19971,1,12/13/2025,Typhoid,4,4
HC19972,21,4/17/2024,Diarrheal Disease,4,1
HC19973,25,8/8/2025,Typhoid,22,4
HC19974,21,11/18/2025,Food Poisoning,27,4
HC19975,19,11/17/2025,Typhoid,23,2
HC19976,21,12/29/2024,Typhoid,7,2
HC19977,12,9/24/2025,Typhoid,33,5
HC19978,1,3/11/2025,Diarrheal Disease,24,4
HC19979,18,6/30/2024,Diarrheal Disease,31,1
HC19980,25,2/27/2024,Food Poisoning,2,2
HC19981,12,7/13/2025,Diarrheal Disease,36,3
HC19982,10,9/9/2024,Diarrheal Disease,9,3
HC19983,19,6/13/2024,Typhoid,24,1
HC19984,20,6/6/2024,Diarrheal Disease,9,1
HC19985,17,11/9/2024,Diarrheal Disease,34,1
HC19986,19,4/15/2025,Food Poisoning,38,3
HC19987,1,3/8/2024,Diarrheal Disease,24,4
HC19988,20,7/26/2024,Typhoid,19,3
HC19989,6,5/15/2025,Typhoid,22,5
HC19990,9,2/5/2025,Typhoid,13,2
HC19991,11,3/31/2024,Food Poisoning,7,4
HC19992,21,1/27/2024,Food Poisoning,23,1
HC19993,21,4/28/2025,Typhoid,26,3
HC19994,1,1/31/2024,Food Poisoning,39,2
HC19995,23,8/31/2024,Typhoid,39,4
HC19996,26,1/17/2025,Typhoid,39,2
HC19997,12,10/25/2024,Food Poisoning,22,2
HC19998,10,1/19/2024,Diarrheal Disease,31,1
HC19999,24,5/20/2024,Food Poisoning,37,2
HC20000,25,5/21/2024,Food Poisoning,11,5
