SampleID,DistrictID,CategoryID,TestResult,AdulterantFound,DateTested
SMP000001,9,12,Fail,Synthetic Color,2024-01-01
SMP000002,25,3,Pass,None,2024-01-01
SMP000003,20,5,Pass,None,2024-01-01
SMP000004,17,11,Pass,None,2024-01-01
SMP000005,5,8,Pass,None,2024-01-01
SMP000006,5,12,Pass,None,2024-01-01
SMP000007,2,16,Pass,None,2024-01-01
SMP000008,23,2,Pass,None,2024-01-01
SMP000009,17,12,Pass,None,2024-01-01
SMP000010,19,4,Pass,None,2024-01-01
SMP000011,1,6,Pass,None,2024-01-01
SMP000012,25,1,Fail,Formalin,2024-01-01
SMP000013,23,2,Fail,Chalk Powder,2024-01-01
SMP000014,6,5,Pass,None,2024-01-01
SMP000015,5,5,Fail,Starch,2024-01-01
SMP000016,5,15,Pass,None,2024-01-01
SMP000017,8,12,Pass,None,2024-01-01
SMP000018,15,16,Pass,None,2024-01-01
SMP000019,12,10,Pass,None,2024-01-01
SMP000020,8,4,Fail,Starch,2024-01-01
SMP000021,17,5,Pass,None,2024-01-01
SMP000022,4,5,Fail,Starch,2024-01-01
SMP000023,8,5,Pass,None,2024-01-01
SMP000024,9,11,Pass,None,2024-01-01
SMP000025,13,9,Pass,None,2024-01-01
SMP000026,22,6,Fail,Synthetic Color,2024-01-01
SMP000027,5,3,Pass,None,2024-01-01
SMP000028,15,1,Pass,None,2024-01-01
SMP000029,17,4,Fail,Urea,2024-01-02
SMP000030,2,2,Pass,None,2024-01-02
SMP000031,17,13,Fail,Chalk Powder,2024-01-02
SMP000032,5,2,Pass,None,2024-01-02
SMP000033,2,12,Pass,None,2024-01-02
SMP000034,25,6,Pass,None,2024-01-02
SMP000035,25,1,Pass,None,2024-01-02
SMP000036,22,13,Pass,None,2024-01-02
SMP000037,8,10,Pass,None,2024-01-02
SMP000038,3,4,Pass,None,2024-01-02
SMP000039,19,15,Pass,None,2024-01-02
SMP000040,12,1,Pass,None,2024-01-02
SMP000041,4,4,Pass,None,2024-01-02
SMP000042,14,12,Pass,None,2024-01-02
SMP000043,1,12,Pass,None,2024-01-02
SMP000044,24,5,Pass,None,2024-01-02
SMP000045,7,1,Pass,None,2024-01-02
SMP000046,18,14,Pass,None,2024-01-02
SMP000047,8,5,Fail,Detergent,2024-01-02
SMP000048,15,3,Pass,None,2024-01-02
SMP000049,16,8,Pass,None,2024-01-02
SMP000050,5,15,Pass,None,2024-01-02
SMP000051,25,1,Pass,None,2024-01-02
SMP000052,21,13,Pass,None,2024-01-02
SMP000053,25,9,Pass,None,2024-01-02
SMP000054,24,6,Pass,None,2024-01-02
SMP000055,17,12,Pass,None,2024-01-02
SMP000056,24,16,Fail,Detergent,2024-01-03
SMP000057,3,4,Pass,None,2024-01-03
SMP000058,5,3,Pass,None,2024-01-03
SMP000059,2,15,Fail,Starch,2024-01-03
SMP000060,9,11,Pass,None,2024-01-03
SMP000061,10,7,Fail,Starch,2024-01-03
SMP000062,7,9,Pass,None,2024-01-03
SMP000063,23,12,Fail,Starch,2024-01-03
SMP000064,9,13,Pass,None,2024-01-03
SMP000065,7,15,Pass,None,2024-01-03
SMP000066,16,6,Fail,Synthetic Color,2024-01-03
SMP000067,5,5,Pass,None,2024-01-03
SMP000068,22,11,Pass,None,2024-01-03
SMP000069,2,6,Pass,None,2024-01-03
SMP000070,26,10,Pass,None,2024-01-03
SMP000071,21,6,Pass,None,2024-01-03
SMP000072,5,3,Pass,None,2024-01-03
SMP000073,1,7,Pass,None,2024-01-03
SMP000074,22,11,Pass,None,2024-01-03
SMP000075,19,13,Pass,None,2024-01-03
SMP000076,20,8,Pass,None,2024-01-03
SMP000077,21,3,Pass,None,2024-01-03
SMP000078,2,6,Pass,None,2024-01-03
SMP000079,9,13,Pass,None,2024-01-03
SMP000080,4,6,Fail,Detergent,2024-01-03
SMP000081,23,11,Fail,Formalin,2024-01-03
SMP000082,17,8,Pass,None,2024-01-03
SMP000083,9,4,Fail,Urea,2024-01-03
SMP000084,2,13,Pass,None,2024-01-04
SMP000085,8,2,Pass,None,2024-01-04
SMP000086,9,8,Pass,None,2024-01-04
SMP000087,20,4,Fail,Formalin,2024-01-04
SMP000088,18,1,Pass,None,2024-01-04
SMP000089,24,8,Pass,None,2024-01-04
SMP000090,13,8,Fail,Urea,2024-01-04
SMP000091,4,12,Pass,None,2024-01-04
SMP000092,19,12,Pass,None,2024-01-04
SMP000093,21,12,Pass,None,2024-01-04
SMP000094,16,6,Fail,Synthetic Color,2024-01-04
SMP000095,21,11,Fail,Urea,2024-01-04
SMP000096,14,9,Pass,None,2024-01-04
SMP000097,15,6,Pass,None,2024-01-04
SMP000098,12,10,Pass,None,2024-01-04
SMP000099,1,16,Fail,Synthetic Color,2024-01-04
SMP000100,3,3,Pass,None,2024-01-04
SMP000101,1,15,Pass,None,2024-01-04
SMP000102,18,1,Pass,None,2024-01-04
SMP000103,8,5,Pass,None,2024-01-04
SMP000104,15,5,Pass,None,2024-01-04
SMP000105,24,10,Fail,Detergent,2024-01-04
SMP000106,7,2,Pass,None,2024-01-04
SMP000107,11,15,Fail,Urea,2024-01-04
SMP000108,21,14,Pass,None,2024-01-04
SMP000109,6,11,Pass,None,2024-01-04
SMP000110,2,7,Pass,None,2024-01-04
SMP000111,8,15,Pass,None,2024-01-05
SMP000112,5,14,Fail,Starch,2024-01-05
SMP000113,24,8,Fail,Starch,2024-01-05
SMP000114,22,12,Pass,None,2024-01-05
SMP000115,17,9,Pass,None,2024-01-05
SMP000116,23,10,Pass,None,2024-01-05
SMP000117,22,5,Pass,None,2024-01-05
SMP000118,5,7,Pass,None,2024-01-05
SMP000119,24,2,Fail,Synthetic Color,2024-01-05
SMP000120,16,5,Fail,Detergent,2024-01-05
SMP000121,22,11,Fail,Synthetic Color,2024-01-05
SMP000122,24,16,Pass,None,2024-01-05
SMP000123,8,16,Pass,None,2024-01-05
SMP000124,3,9,Pass,None,2024-01-05
SMP000125,6,10,Pass,None,2024-01-05
SMP000126,12,3,Pass,None,2024-01-05
SMP000127,22,11,Pass,None,2024-01-05
SMP000128,23,1,Pass,None,2024-01-05
SMP000129,1,5,Pass,None,2024-01-05
SMP000130,15,11,Pass,None,2024-01-05
SMP000131,12,5,Pass,None,2024-01-05
SMP000132,6,1,Fail,Formalin,2024-01-05
SMP000133,4,14,Pass,None,2024-01-05
SMP000134,9,5,Pass,None,2024-01-05
SMP000135,25,1,Pass,None,2024-01-05
SMP000136,9,1,Fail,Formalin,2024-01-05
SMP000137,15,4,Fail,Formalin,2024-01-05
SMP000138,19,3,Fail,Starch,2024-01-06
SMP000139,9,13,Fail,Chalk Powder,2024-01-06
SMP000140,25,5,Pass,None,2024-01-06
SMP000141,25,13,Fail,Formalin,2024-01-06
SMP000142,7,3,Pass,None,2024-01-06
SMP000143,14,8,Pass,None,2024-01-06
SMP000144,8,11,Pass,None,2024-01-06
SMP000145,8,11,Fail,Urea,2024-01-06
SMP000146,2,10,Pass,None,2024-01-06
SMP000147,17,15,Fail,Formalin,2024-01-06
SMP000148,14,4,Fail,Starch,2024-01-06
SMP000149,2,8,Pass,None,2024-01-06
SMP000150,7,15,Pass,None,2024-01-06
SMP000151,24,2,Fail,Urea,2024-01-06
SMP000152,7,1,Pass,None,2024-01-06
SMP000153,5,4,Fail,Detergent,2024-01-06
SMP000154,14,11,Pass,None,2024-01-06
SMP000155,26,4,Pass,None,2024-01-06
SMP000156,7,3,Pass,None,2024-01-06
SMP000157,19,7,Fail,Synthetic Color,2024-01-06
SMP000158,21,10,Pass,None,2024-01-06
SMP000159,6,4,Pass,None,2024-01-06
SMP000160,20,5,Fail,Synthetic Color,2024-01-06
SMP000161,9,10,Pass,None,2024-01-06
SMP000162,17,16,Pass,None,2024-01-06
SMP000163,17,11,Pass,None,2024-01-06
SMP000164,16,13,Pass,None,2024-01-06
SMP000165,3,6,Fail,Chalk Powder,2024-01-06
SMP000166,23,4,Fail,Urea,2024-01-07
SMP000167,9,7,Pass,None,2024-01-07
SMP000168,5,13,Fail,Chalk Powder,2024-01-07
SMP000169,2,7,Pass,None,2024-01-07
SMP000170,17,14,Pass,None,2024-01-07
SMP000171,19,16,Pass,None,2024-01-07
SMP000172,1,1,Pass,None,2024-01-07
SMP000173,15,1,Pass,None,2024-01-07
SMP000174,6,3,Fail,Urea,2024-01-07
SMP000175,18,6,Fail,Chalk Powder,2024-01-07
SMP000176,5,2,Pass,None,2024-01-07
SMP000177,19,15,Pass,None,2024-01-07
SMP000178,10,1,Pass,None,2024-01-07
SMP000179,25,5,Pass,None,2024-01-07
SMP000180,4,3,Pass,None,2024-01-07
SMP000181,9,15,Pass,None,2024-01-07
SMP000182,4,11,Fail,Synthetic Color,2024-01-07
SMP000183,24,15,Pass,None,2024-01-07
SMP000184,23,16,Pass,None,2024-01-07
SMP000185,7,8,Pass,None,2024-01-07
SMP000186,18,4,Fail,Synthetic Color,2024-01-07
SMP000187,22,3,Pass,None,2024-01-07
SMP000188,16,4,Pass,None,2024-01-07
SMP000189,16,12,Fail,Urea,2024-01-07
SMP000190,7,1,Pass,None,2024-01-07
SMP000191,3,1,Pass,None,2024-01-07
SMP000192,24,10,Pass,None,2024-01-07
SMP000193,24,11,Pass,None,2024-01-08
SMP000194,17,11,Fail,Synthetic Color,2024-01-08
SMP000195,9,6,Pass,None,2024-01-08
SMP000196,9,13,Fail,Chalk Powder,2024-01-08
SMP000197,19,9,Pass,None,2024-01-08
SMP000198,24,2,Fail,Detergent,2024-01-08
SMP000199,24,13,Pass,None,2024-01-08
SMP000200,22,16,Fail,Formalin,2024-01-08
SMP000201,18,1,Fail,Chalk Powder,2024-01-08
SMP000202,3,6,Pass,None,2024-01-08
SMP000203,5,8,Pass,None,2024-01-08
SMP000204,24,3,Pass,None,2024-01-08
SMP000205,17,15,Fail,Formalin,2024-01-08
SMP000206,1,5,Pass,None,2024-01-08
SMP000207,3,13,Pass,None,2024-01-08
SMP000208,18,11,Pass,None,2024-01-08
SMP000209,1,10,Pass,None,2024-01-08
SMP000210,5,3,Fail,Detergent,2024-01-08
SMP000211,16,4,Fail,Formalin,2024-01-08
SMP000212,19,1,Pass,None,2024-01-08
SMP000213,18,4,Pass,None,2024-01-08
SMP000214,6,5,Pass,None,2024-01-08
SMP000215,19,14,Pass,None,2024-01-08
SMP000216,6,6,Pass,None,2024-01-08
SMP000217,9,12,Pass,None,2024-01-08
SMP000218,21,7,Pass,None,2024-01-08
SMP000219,18,13,Pass,None,2024-01-08
SMP000220,23,16,Fail,Formalin,2024-01-08
SMP000221,18,4,Fail,Formalin,2024-01-09
SMP000222,16,14,Pass,None,2024-01-09
SMP000223,3,10,Pass,None,2024-01-09
SMP000224,9,14,Fail,Starch,2024-01-09
SMP000225,7,11,Fail,Chalk Powder,2024-01-09
SMP000226,7,6,Pass,None,2024-01-09
SMP000227,25,4,Fail,Chalk Powder,2024-01-09
SMP000228,10,1,Pass,None,2024-01-09
SMP000229,24,9,Pass,None,2024-01-09
SMP000230,17,16,Pass,None,2024-01-09
SMP000231,22,12,Pass,None,2024-01-09
SMP000232,14,5,Fail,Detergent,2024-01-09
SMP000233,17,14,Pass,None,2024-01-09
SMP000234,14,13,Fail,Chalk Powder,2024-01-09
SMP000235,5,5,Pass,None,2024-01-09
SMP000236,19,1,Pass,None,2024-01-09
SMP000237,7,2,Fail,Synthetic Color,2024-01-09
SMP000238,1,15,Fail,Urea,2024-01-09
SMP000239,18,14,Fail,Detergent,2024-01-09
SMP000240,5,5,Pass,None,2024-01-09
SMP000241,25,5,Fail,Detergent,2024-01-09
SMP000242,25,13,Pass,None,2024-01-09
SMP000243,24,16,Pass,None,2024-01-09
SMP000244,9,13,Pass,None,2024-01-09
SMP000245,1,10,Pass,None,2024-01-09
SMP000246,24,4,Fail,Chalk Powder,2024-01-09
SMP000247,12,8,Pass,None,2024-01-09
SMP000248,25,4,Fail,Starch,2024-01-10
SMP000249,25,13,Fail,Starch,2024-01-10
SMP000250,23,6,Pass,None,2024-01-10
SMP000251,8,14,Pass,None,2024-01-10
SMP000252,10,6,Fail,Formalin,2024-01-10
SMP000253,23,14,Pass,None,2024-01-10
SMP000254,8,5,Pass,None,2024-01-10
SMP000255,5,7,Pass,None,2024-01-10
SMP000256,16,10,Pass,None,2024-01-10
SMP000257,25,1,Pass,None,2024-01-10
SMP000258,19,16,Pass,None,2024-01-10
SMP000259,16,9,Pass,None,2024-01-10
SMP000260,3,8,Pass,None,2024-01-10
SMP000261,17,14,Pass,None,2024-01-10
SMP000262,26,15,Pass,None,2024-01-10
SMP000263,4,8,Fail,Starch,2024-01-10
SMP000264,15,15,Fail,Synthetic Color,2024-01-10
SMP000265,23,1,Fail,Synthetic Color,2024-01-10
SMP000266,21,2,Pass,None,2024-01-10
SMP000267,19,10,Fail,Formalin,2024-01-10
SMP000268,19,5,Fail,Starch,2024-01-10
SMP000269,9,7,Pass,None,2024-01-10
SMP000270,8,5,Pass,None,2024-01-10
SMP000271,22,6,Pass,None,2024-01-10
SMP000272,22,14,Pass,None,2024-01-10
SMP000273,23,10,Pass,None,2024-01-10
SMP000274,24,16,Pass,None,2024-01-10
SMP000275,15,13,Pass,None,2024-01-11
SMP000276,14,4,Pass,None,2024-01-11
SMP000277,22,4,Pass,None,2024-01-11
SMP000278,18,5,Pass,None,2024-01-11
SMP000279,19,14,Pass,None,2024-01-11
SMP000280,22,1,Pass,None,2024-01-11
SMP000281,24,4,Pass,None,2024-01-11
SMP000282,9,15,Pass,None,2024-01-11
SMP000283,9,11,Pass,None,2024-01-11
SMP000284,3,4,Pass,None,2024-01-11
SMP000285,17,4,Pass,None,2024-01-11
SMP000286,2,14,Pass,None,2024-01-11
SMP000287,13,15,Pass,None,2024-01-11
SMP000288,16,4,Pass,None,2024-01-11
SMP000289,8,6,Fail,Formalin,2024-01-11
SMP000290,17,14,Fail,Urea,2024-01-11
SMP000291,1,13,Pass,None,2024-01-11
SMP000292,2,13,Pass,None,2024-01-11
SMP000293,22,8,Pass,None,2024-01-11
SMP000294,9,15,Pass,None,2024-01-11
SMP000295,4,5,Pass,None,2024-01-11
SMP000296,15,3,Pass,None,2024-01-11
SMP000297,21,12,Pass,None,2024-01-11
SMP000298,6,9,Pass,None,2024-01-11
SMP000299,17,14,Fail,Starch,2024-01-11
SMP000300,3,2,Pass,None,2024-01-11
SMP000301,2,14,Pass,None,2024-01-11
SMP000302,16,5,Pass,None,2024-01-11
SMP000303,16,11,Pass,None,2024-01-12
SMP000304,18,1,Pass,None,2024-01-12
SMP000305,20,10,Pass,None,2024-01-12
SMP000306,25,12,Fail,Starch,2024-01-12
SMP000307,15,6,Pass,None,2024-01-12
SMP000308,9,4,Fail,Starch,2024-01-12
SMP000309,22,9,Pass,None,2024-01-12
SMP000310,7,14,Pass,None,2024-01-12
SMP000311,12,5,Pass,None,2024-01-12
SMP000312,2,4,Pass,None,2024-01-12
SMP000313,1,4,Fail,Starch,2024-01-12
SMP000314,25,16,Fail,Synthetic Color,2024-01-12
SMP000315,23,5,Pass,None,2024-01-12
SMP000316,19,1,Pass,None,2024-01-12
SMP000317,11,13,Fail,Chalk Powder,2024-01-12
SMP000318,5,12,Fail,Formalin,2024-01-12
SMP000319,5,2,Pass,None,2024-01-12
SMP000320,7,16,Fail,Synthetic Color,2024-01-12
SMP000321,16,10,Fail,Formalin,2024-01-12
SMP000322,19,8,Pass,None,2024-01-12
SMP000323,18,6,Pass,None,2024-01-12
SMP000324,7,15,Pass,None,2024-01-12
SMP000325,25,4,Pass,None,2024-01-12
SMP000326,20,5,Pass,None,2024-01-12
SMP000327,16,2,Pass,None,2024-01-12
SMP000328,17,13,Fail,Urea,2024-01-12
SMP000329,12,10,Pass,None,2024-01-12
SMP000330,7,10,Fail,Starch,2024-01-13
SMP000331,9,4,Pass,None,2024-01-13
SMP000332,21,11,Pass,None,2024-01-13
SMP000333,1,13,Pass,None,2024-01-13
SMP000334,4,5,Pass,None,2024-01-13
SMP000335,2,13,Pass,None,2024-01-13
SMP000336,2,5,Pass,None,2024-01-13
SMP000337,23,12,Pass,None,2024-01-13
SMP000338,19,1,Fail,Detergent,2024-01-13
SMP000339,13,9,Pass,None,2024-01-13
SMP000340,3,16,Pass,None,2024-01-13
SMP000341,14,16,Fail,Synthetic Color,2024-01-13
SMP000342,13,5,Fail,Chalk Powder,2024-01-13
SMP000343,5,7,Pass,None,2024-01-13
SMP000344,12,1,Pass,None,2024-01-13
SMP000345,10,15,Fail,Detergent,2024-01-13
SMP000346,17,9,Pass,None,2024-01-13
SMP000347,18,6,Pass,None,2024-01-13
SMP000348,2,2,Pass,None,2024-01-13
SMP000349,9,16,Pass,None,2024-01-13
SMP000350,17,9,Pass,None,2024-01-13
SMP000351,14,5,Pass,None,2024-01-13
SMP000352,23,5,Pass,None,2024-01-13
SMP000353,18,4,Fail,Urea,2024-01-13
SMP000354,5,10,Pass,None,2024-01-13
SMP000355,2,15,Pass,None,2024-01-13
SMP000356,18,14,Fail,Detergent,2024-01-13
SMP000357,1,7,Pass,None,2024-01-13
SMP000358,17,14,Pass,None,2024-01-14
SMP000359,25,6,Fail,Urea,2024-01-14
SMP000360,17,4,Fail,Synthetic Color,2024-01-14
SMP000361,10,16,Fail,Urea,2024-01-14
SMP000362,18,5,Pass,None,2024-01-14
SMP000363,13,5,Pass,None,2024-01-14
SMP000364,16,16,Pass,None,2024-01-14
SMP000365,25,2,Fail,Synthetic Color,2024-01-14
SMP000366,10,13,Pass,None,2024-01-14
SMP000367,25,16,Fail,Chalk Powder,2024-01-14
SMP000368,24,8,Pass,None,2024-01-14
SMP000369,5,1,Pass,None,2024-01-14
SMP000370,2,6,Fail,Synthetic Color,2024-01-14
SMP000371,3,2,Pass,None,2024-01-14
SMP000372,1,6,Pass,None,2024-01-14
SMP000373,3,13,Pass,None,2024-01-14
SMP000374,19,7,Pass,None,2024-01-14
SMP000375,2,6,Pass,None,2024-01-14
SMP000376,9,9,Pass,None,2024-01-14
SMP000377,23,10,Pass,None,2024-01-14
SMP000378,1,14,Pass,None,2024-01-14
SMP000379,22,5,Pass,None,2024-01-14
SMP000380,8,14,Pass,None,2024-01-14
SMP000381,4,9,Pass,None,2024-01-14
SMP000382,19,5,Pass,None,2024-01-14
SMP000383,17,5,Pass,None,2024-01-14
SMP000384,23,6,Pass,None,2024-01-14
SMP000385,20,10,Pass,None,2024-01-15
SMP000386,22,4,Fail,Detergent,2024-01-15
SMP000387,8,15,Pass,None,2024-01-15
SMP000388,5,9,Pass,None,2024-01-15
SMP000389,21,15,Pass,None,2024-01-15
SMP000390,22,1,Pass,None,2024-01-15
SMP000391,26,5,Pass,None,2024-01-15
SMP000392,11,1,Pass,None,2024-01-15
SMP000393,9,4,Fail,Formalin,2024-01-15
SMP000394,21,14,Fail,Chalk Powder,2024-01-15
SMP000395,9,1,Fail,Formalin,2024-01-15
SMP000396,24,6,Fail,Formalin,2024-01-15
SMP000397,23,2,Pass,None,2024-01-15
SMP000398,12,6,Pass,None,2024-01-15
SMP000399,21,14,Fail,Starch,2024-01-15
SMP000400,21,10,Pass,None,2024-01-15
SMP000401,3,12,Pass,None,2024-01-15
SMP000402,24,5,Fail,Detergent,2024-01-15
SMP000403,15,16,Pass,None,2024-01-15
SMP000404,23,12,Pass,None,2024-01-15
SMP000405,9,6,Fail,Urea,2024-01-15
SMP000406,24,6,Fail,Formalin,2024-01-15
SMP000407,10,15,Pass,None,2024-01-15
SMP000408,1,9,Pass,None,2024-01-15
SMP000409,24,12,Pass,None,2024-01-15
SMP000410,3,6,Pass,None,2024-01-15
SMP000411,9,4,Pass,None,2024-01-15
SMP000412,25,12,Pass,None,2024-01-16
SMP000413,25,10,Pass,None,2024-01-16
SMP000414,17,8,Pass,None,2024-01-16
SMP000415,17,10,Pass,None,2024-01-16
SMP000416,13,4,Fail,Detergent,2024-01-16
SMP000417,8,13,Pass,None,2024-01-16
SMP000418,9,16,Pass,None,2024-01-16
SMP000419,19,15,Pass,None,2024-01-16
SMP000420,21,5,Pass,None,2024-01-16
SMP000421,22,6,Fail,Starch,2024-01-16
SMP000422,22,13,Fail,Detergent,2024-01-16
SMP000423,3,10,Pass,None,2024-01-16
SMP000424,14,9,Pass,None,2024-01-16
SMP000425,2,15,Pass,None,2024-01-16
SMP000426,16,9,Fail,Urea,2024-01-16
SMP000427,12,8,Pass,None,2024-01-16
SMP000428,24,1,Fail,Formalin,2024-01-16
SMP000429,9,1,Pass,None,2024-01-16
SMP000430,4,1,Fail,Urea,2024-01-16
SMP000431,5,15,Pass,None,2024-01-16
SMP000432,21,6,Pass,None,2024-01-16
SMP000433,17,7,Pass,None,2024-01-16
SMP000434,3,14,Pass,None,2024-01-16
SMP000435,3,10,Pass,None,2024-01-16
SMP000436,19,10,Pass,None,2024-01-16
SMP000437,2,5,Pass,None,2024-01-16
SMP000438,22,14,Pass,None,2024-01-16
SMP000439,19,3,Pass,None,2024-01-16
SMP000440,3,1,Pass,None,2024-01-17
SMP000441,3,3,Pass,None,2024-01-17
SMP000442,26,4,Fail,Starch,2024-01-17
SMP000443,9,5,Pass,None,2024-01-17
SMP000444,9,11,Pass,None,2024-01-17
SMP000445,22,4,Pass,None,2024-01-17
SMP000446,25,11,Pass,None,2024-01-17
SMP000447,26,2,Pass,None,2024-01-17
SMP000448,21,3,Pass,None,2024-01-17
SMP000449,9,8,Fail,Urea,2024-01-17
SMP000450,3,15,Pass,None,2024-01-17
SMP000451,21,14,Pass,None,2024-01-17
SMP000452,16,16,Pass,None,2024-01-17
SMP000453,12,11,Pass,None,2024-01-17
SMP000454,24,11,Pass,None,2024-01-17
SMP000455,3,10,Fail,Chalk Powder,2024-01-17
SMP000456,14,10,Pass,None,2024-01-17
SMP000457,1,3,Pass,None,2024-01-17
SMP000458,13,9,Fail,Starch,2024-01-17
SMP000459,2,6,Fail,Urea,2024-01-17
SMP000460,4,7,Pass,None,2024-01-17
SMP000461,4,8,Fail,Starch,2024-01-17
SMP000462,18,2,Fail,Detergent,2024-01-17
SMP000463,21,5,Pass,None,2024-01-17
SMP000464,17,1,Pass,None,2024-01-17
SMP000465,25,16,Pass,None,2024-01-17
SMP000466,9,2,Pass,None,2024-01-17
SMP000467,8,4,Pass,None,2024-01-18
SMP000468,23,15,Pass,None,2024-01-18
SMP000469,6,8,Pass,None,2024-01-18
SMP000470,25,2,Pass,None,2024-01-18
SMP000471,1,6,Pass,None,2024-01-18
SMP000472,25,2,Pass,None,2024-01-18
SMP000473,2,3,Pass,None,2024-01-18
SMP000474,24,1,Pass,None,2024-01-18
SMP000475,15,7,Pass,None,2024-01-18
SMP000476,26,13,Pass,None,2024-01-18
SMP000477,2,10,Pass,None,2024-01-18
SMP000478,16,10,Fail,Detergent,2024-01-18
SMP000479,25,3,Pass,None,2024-01-18
SMP000480,15,5,Pass,None,2024-01-18
SMP000481,17,14,Pass,None,2024-01-18
SMP000482,19,2,Pass,None,2024-01-18
SMP000483,13,14,Pass,None,2024-01-18
SMP000484,17,8,Pass,None,2024-01-18
SMP000485,17,14,Pass,None,2024-01-18
SMP000486,24,5,Pass,None,2024-01-18
SMP000487,2,5,Pass,None,2024-01-18
SMP000488,7,12,Pass,None,2024-01-18
SMP000489,25,13,Pass,None,2024-01-18
SMP000490,24,4,Pass,None,2024-01-18
SMP000491,13,16,Pass,None,2024-01-18
SMP000492,17,2,Fail,Detergent,2024-01-18
SMP000493,7,1,Pass,None,2024-01-18
SMP000494,5,10,Pass,None,2024-01-18
SMP000495,13,12,Pass,None,2024-01-19
SMP000496,9,16,Pass,None,2024-01-19
SMP000497,17,6,Fail,Chalk Powder,2024-01-19
SMP000498,2,1,Fail,Chalk Powder,2024-01-19
SMP000499,25,10,Pass,None,2024-01-19
SMP000500,26,5,Fail,Detergent,2024-01-19
SMP000501,19,6,Fail,Urea,2024-01-19
SMP000502,16,8,Pass,None,2024-01-19
SMP000503,8,1,Pass,None,2024-01-19
SMP000504,22,8,Fail,Chalk Powder,2024-01-19
SMP000505,19,6,Fail,Synthetic Color,2024-01-19
SMP000506,5,12,Fail,Starch,2024-01-19
SMP000507,24,11,Fail,Starch,2024-01-19
SMP000508,22,3,Fail,Synthetic Color,2024-01-19
SMP000509,25,4,Pass,None,2024-01-19
SMP000510,19,4,Pass,None,2024-01-19
SMP000511,17,3,Pass,None,2024-01-19
SMP000512,12,11,Pass,None,2024-01-19
SMP000513,24,16,Pass,None,2024-01-19
SMP000514,23,11,Fail,Starch,2024-01-19
SMP000515,2,10,Pass,None,2024-01-19
SMP000516,1,6,Pass,None,2024-01-19
SMP000517,9,5,Pass,None,2024-01-19
SMP000518,22,15,Fail,Starch,2024-01-19
SMP000519,26,16,Fail,Detergent,2024-01-19
SMP000520,5,8,Pass,None,2024-01-19
SMP000521,17,5,Pass,None,2024-01-19
SMP000522,10,13,Pass,None,2024-01-20
SMP000523,25,2,Pass,None,2024-01-20
SMP000524,23,13,Fail,Starch,2024-01-20
SMP000525,23,14,Fail,Starch,2024-01-20
SMP000526,13,2,Pass,None,2024-01-20
SMP000527,12,16,Pass,None,2024-01-20
SMP000528,7,16,Fail,Formalin,2024-01-20
SMP000529,2,16,Pass,None,2024-01-20
SMP000530,23,8,Pass,None,2024-01-20
SMP000531,22,4,Fail,Starch,2024-01-20
SMP000532,26,10,Pass,None,2024-01-20
SMP000533,26,6,Pass,None,2024-01-20
SMP000534,16,4,Pass,None,2024-01-20
SMP000535,21,6,Pass,None,2024-01-20
SMP000536,25,11,Fail,Synthetic Color,2024-01-20
SMP000537,23,1,Pass,None,2024-01-20
SMP000538,7,5,Pass,None,2024-01-20
SMP000539,13,1,Fail,Starch,2024-01-20
SMP000540,4,12,Pass,None,2024-01-20
SMP000541,25,11,Fail,Synthetic Color,2024-01-20
SMP000542,17,1,Fail,Chalk Powder,2024-01-20
SMP000543,6,16,Pass,None,2024-01-20
SMP000544,19,1,Fail,Starch,2024-01-20
SMP000545,17,10,Pass,None,2024-01-20
SMP000546,9,13,Pass,None,2024-01-20
SMP000547,4,13,Fail,Synthetic Color,2024-01-20
SMP000548,19,1,Pass,None,2024-01-20
SMP000549,15,15,Pass,None,2024-01-21
SMP000550,21,15,Pass,None,2024-01-21
SMP000551,15,9,Pass,None,2024-01-21
SMP000552,23,8,Pass,None,2024-01-21
SMP000553,16,1,Fail,Starch,2024-01-21
SMP000554,16,9,Fail,Chalk Powder,2024-01-21
SMP000555,23,6,Pass,None,2024-01-21
SMP000556,11,13,Fail,Starch,2024-01-21
SMP000557,4,6,Pass,None,2024-01-21
SMP000558,1,11,Pass,None,2024-01-21
SMP000559,21,2,Fail,Formalin,2024-01-21
SMP000560,17,2,Fail,Chalk Powder,2024-01-21
SMP000561,19,2,Fail,Formalin,2024-01-21
SMP000562,6,1,Pass,None,2024-01-21
SMP000563,4,9,Pass,None,2024-01-21
SMP000564,1,13,Fail,Starch,2024-01-21
SMP000565,9,10,Pass,None,2024-01-21
SMP000566,17,9,Pass,None,2024-01-21
SMP000567,10,11,Fail,Formalin,2024-01-21
SMP000568,12,5,Pass,None,2024-01-21
SMP000569,24,6,Pass,None,2024-01-21
SMP000570,9,5,Pass,None,2024-01-21
SMP000571,15,12,Pass,None,2024-01-21
SMP000572,22,3,Pass,None,2024-01-21
SMP000573,10,1,Fail,Urea,2024-01-21
SMP000574,17,10,Fail,Chalk Powder,2024-01-21
SMP000575,23,16,Pass,None,2024-01-21
SMP000576,25,10,Pass,None,2024-01-21
SMP000577,5,13,Fail,Urea,2024-01-22
SMP000578,24,11,Fail,Chalk Powder,2024-01-22
SMP000579,14,8,Fail,Detergent,2024-01-22
SMP000580,7,12,Fail,Chalk Powder,2024-01-22
SMP000581,13,14,Pass,None,2024-01-22
SMP000582,25,4,Fail,Detergent,2024-01-22
SMP000583,14,5,Pass,None,2024-01-22
SMP000584,9,4,Pass,None,2024-01-22
SMP000585,17,7,Pass,None,2024-01-22
SMP000586,7,15,Pass,None,2024-01-22
SMP000587,2,5,Pass,None,2024-01-22
SMP000588,4,6,Fail,Urea,2024-01-22
SMP000589,4,14,Fail,Chalk Powder,2024-01-22
SMP000590,5,8,Fail,Detergent,2024-01-22
SMP000591,4,9,Pass,None,2024-01-22
SMP000592,18,14,Fail,Starch,2024-01-22
SMP000593,5,8,Pass,None,2024-01-22
SMP000594,9,11,Pass,None,2024-01-22
SMP000595,24,2,Fail,Starch,2024-01-22
SMP000596,13,3,Pass,None,2024-01-22
SMP000597,18,6,Pass,None,2024-01-22
SMP000598,5,8,Pass,None,2024-01-22
SMP000599,5,16,Pass,None,2024-01-22
SMP000600,2,16,Fail,Detergent,2024-01-22
SMP000601,5,14,Fail,Urea,2024-01-22
SMP000602,7,5,Fail,Synthetic Color,2024-01-22
SMP000603,5,16,Fail,Chalk Powder,2024-01-22
SMP000604,3,11,Pass,None,2024-01-23
SMP000605,4,6,Pass,None,2024-01-23
SMP000606,13,12,Fail,Starch,2024-01-23
SMP000607,5,1,Fail,Chalk Powder,2024-01-23
SMP000608,9,3,Pass,None,2024-01-23
SMP000609,14,14,Fail,Formalin,2024-01-23
SMP000610,19,11,Pass,None,2024-01-23
SMP000611,2,6,Fail,Synthetic Color,2024-01-23
SMP000612,22,8,Pass,None,2024-01-23
SMP000613,17,15,Pass,None,2024-01-23
SMP000614,3,11,Pass,None,2024-01-23
SMP000615,23,6,Fail,Formalin,2024-01-23
SMP000616,24,2,Pass,None,2024-01-23
SMP000617,2,5,Fail,Starch,2024-01-23
SMP000618,7,16,Pass,None,2024-01-23
SMP000619,22,7,Pass,None,2024-01-23
SMP000620,21,7,Pass,None,2024-01-23
SMP000621,5,8,Pass,None,2024-01-23
SMP000622,5,15,Fail,Detergent,2024-01-23
SMP000623,9,10,Pass,None,2024-01-23
SMP000624,14,11,Pass,None,2024-01-23
SMP000625,17,6,Fail,Formalin,2024-01-23
SMP000626,9,1,Pass,None,2024-01-23
SMP000627,13,15,Pass,None,2024-01-23
SMP000628,21,16,Pass,None,2024-01-23
SMP000629,2,16,Pass,None,2024-01-23
SMP000630,7,16,Fail,Chalk Powder,2024-01-23
SMP000631,19,14,Fail,Urea,2024-01-23
SMP000632,24,11,Fail,Formalin,2024-01-24
SMP000633,15,14,Pass,None,2024-01-24
SMP000634,16,10,Pass,None,2024-01-24
SMP000635,3,2,Pass,None,2024-01-24
SMP000636,13,6,Pass,None,2024-01-24
SMP000637,16,16,Fail,Urea,2024-01-24
SMP000638,7,5,Pass,None,2024-01-24
SMP000639,7,15,Pass,None,2024-01-24
SMP000640,9,2,Pass,None,2024-01-24
SMP000641,1,5,Pass,None,2024-01-24
SMP000642,9,5,Pass,None,2024-01-24
SMP000643,6,1,Pass,None,2024-01-24
SMP000644,9,2,Pass,None,2024-01-24
SMP000645,4,3,Pass,None,2024-01-24
SMP000646,24,14,Pass,None,2024-01-24
SMP000647,17,1,Pass,None,2024-01-24
SMP000648,19,5,Fail,Synthetic Color,2024-01-24
SMP000649,22,1,Pass,None,2024-01-24
SMP000650,14,11,Fail,Synthetic Color,2024-01-24
SMP000651,3,10,Fail,Detergent,2024-01-24
SMP000652,16,11,Fail,Urea,2024-01-24
SMP000653,17,6,Fail,Chalk Powder,2024-01-24
SMP000654,21,4,Fail,Detergent,2024-01-24
SMP000655,12,12,Pass,None,2024-01-24
SMP000656,4,13,Pass,None,2024-01-24
SMP000657,8,2,Fail,Formalin,2024-01-24
SMP000658,9,8,Pass,None,2024-01-24
SMP000659,18,4,Fail,Detergent,2024-01-25
SMP000660,16,3,Fail,Chalk Powder,2024-01-25
SMP000661,9,12,Pass,None,2024-01-25
SMP000662,26,9,Pass,None,2024-01-25
SMP000663,17,4,Fail,Formalin,2024-01-25
SMP000664,6,5,Pass,None,2024-01-25
SMP000665,3,16,Fail,Synthetic Color,2024-01-25
SMP000666,5,14,Pass,None,2024-01-25
SMP000667,7,15,Fail,Detergent,2024-01-25
SMP000668,5,7,Pass,None,2024-01-25
SMP000669,5,10,Pass,None,2024-01-25
SMP000670,8,6,Pass,None,2024-01-25
SMP000671,5,2,Pass,None,2024-01-25
SMP000672,24,6,Pass,None,2024-01-25
SMP000673,3,10,Pass,None,2024-01-25
SMP000674,15,5,Pass,None,2024-01-25
SMP000675,11,14,Fail,Chalk Powder,2024-01-25
SMP000676,26,3,Pass,None,2024-01-25
SMP000677,3,6,Fail,Synthetic Color,2024-01-25
SMP000678,10,2,Pass,None,2024-01-25
SMP000679,25,6,Fail,Formalin,2024-01-25
SMP000680,23,1,Fail,Urea,2024-01-25
SMP000681,22,4,Fail,Starch,2024-01-25
SMP000682,7,6,Pass,None,2024-01-25
SMP000683,5,7,Pass,None,2024-01-25
SMP000684,19,9,Fail,Formalin,2024-01-25
SMP000685,24,4,Fail,Formalin,2024-01-25
SMP000686,16,8,Pass,None,2024-01-26
SMP000687,16,8,Pass,None,2024-01-26
SMP000688,7,5,Pass,None,2024-01-26
SMP000689,21,14,Fail,Starch,2024-01-26
SMP000690,5,9,Pass,None,2024-01-26
SMP000691,9,5,Pass,None,2024-01-26
SMP000692,12,16,Pass,None,2024-01-26
SMP000693,15,14,Pass,None,2024-01-26
SMP000694,7,16,Fail,Starch,2024-01-26
SMP000695,4,11,Pass,None,2024-01-26
SMP000696,17,6,Pass,None,2024-01-26
SMP000697,8,4,Pass,None,2024-01-26
SMP000698,17,11,Pass,None,2024-01-26
SMP000699,5,16,Pass,None,2024-01-26
SMP000700,14,10,Pass,None,2024-01-26
SMP000701,16,15,Pass,None,2024-01-26
SMP000702,2,5,Fail,Synthetic Color,2024-01-26
SMP000703,9,6,Pass,None,2024-01-26
SMP000704,4,15,Pass,None,2024-01-26
SMP000705,2,12,Pass,None,2024-01-26
SMP000706,26,16,Fail,Formalin,2024-01-26
SMP000707,9,13,Fail,Formalin,2024-01-26
SMP000708,22,7,Fail,Detergent,2024-01-26
SMP000709,7,9,Fail,Starch,2024-01-26
SMP000710,19,15,Fail,Chalk Powder,2024-01-26
SMP000711,21,9,Fail,Urea,2024-01-26
SMP000712,17,4,Fail,Formalin,2024-01-26
SMP000713,13,6,Fail,Detergent,2024-01-26
SMP000714,11,8,Pass,None,2024-01-27
SMP000715,9,2,Pass,None,2024-01-27
SMP000716,24,12,Fail,Urea,2024-01-27
SMP000717,23,2,Fail,Synthetic Color,2024-01-27
SMP000718,25,6,Pass,None,2024-01-27
SMP000719,4,13,Fail,Chalk Powder,2024-01-27
SMP000720,20,7,Pass,None,2024-01-27
SMP000721,25,14,Pass,None,2024-01-27
SMP000722,5,5,Fail,Detergent,2024-01-27
SMP000723,2,16,Pass,None,2024-01-27
SMP000724,21,4,Pass,None,2024-01-27
SMP000725,17,1,Pass,None,2024-01-27
SMP000726,23,15,Fail,Urea,2024-01-27
SMP000727,4,12,Pass,None,2024-01-27
SMP000728,22,4,Pass,None,2024-01-27
SMP000729,5,16,Pass,None,2024-01-27
SMP000730,5,8,Pass,None,2024-01-27
SMP000731,5,16,Pass,None,2024-01-27
SMP000732,22,8,Pass,None,2024-01-27
SMP000733,18,7,Pass,None,2024-01-27
SMP000734,15,7,Pass,None,2024-01-27
SMP000735,9,5,Pass,None,2024-01-27
SMP000736,23,9,Pass,None,2024-01-27
SMP000737,10,7,Pass,None,2024-01-27
SMP000738,22,1,Pass,None,2024-01-27
SMP000739,12,4,Pass,None,2024-01-27
SMP000740,9,4,Fail,Formalin,2024-01-27
SMP000741,13,15,Pass,None,2024-01-28
SMP000742,8,10,Fail,Detergent,2024-01-28
SMP000743,21,13,Pass,None,2024-01-28
SMP000744,14,16,Pass,None,2024-01-28
SMP000745,6,11,Pass,None,2024-01-28
SMP000746,24,16,Pass,None,2024-01-28
SMP000747,10,5,Pass,None,2024-01-28
SMP000748,16,3,Fail,Starch,2024-01-28
SMP000749,24,6,Pass,None,2024-01-28
SMP000750,17,7,Pass,None,2024-01-28
SMP000751,4,15,Pass,None,2024-01-28
SMP000752,25,9,Pass,None,2024-01-28
SMP000753,17,5,Pass,None,2024-01-28
SMP000754,9,12,Fail,Urea,2024-01-28
SMP000755,4,8,Pass,None,2024-01-28
SMP000756,22,3,Fail,Formalin,2024-01-28
SMP000757,17,9,Fail,Detergent,2024-01-28
SMP000758,16,15,Pass,None,2024-01-28
SMP000759,24,14,Pass,None,2024-01-28
SMP000760,22,10,Fail,Chalk Powder,2024-01-28
SMP000761,5,6,Pass,None,2024-01-28
SMP000762,8,2,Pass,None,2024-01-28
SMP000763,7,7,Pass,None,2024-01-28
SMP000764,21,12,Pass,None,2024-01-28
SMP000765,1,6,Fail,Urea,2024-01-28
SMP000766,16,4,Pass,None,2024-01-28
SMP000767,21,15,Pass,None,2024-01-28
SMP000768,23,14,Pass,None,2024-01-28
SMP000769,9,11,Pass,None,2024-01-29
SMP000770,22,2,Fail,Synthetic Color,2024-01-29
SMP000771,3,3,Pass,None,2024-01-29
SMP000772,23,2,Fail,Synthetic Color,2024-01-29
SMP000773,4,10,Pass,None,2024-01-29
SMP000774,10,2,Pass,None,2024-01-29
SMP000775,22,14,Pass,None,2024-01-29
SMP000776,5,16,Fail,Starch,2024-01-29
SMP000777,6,6,Pass,None,2024-01-29
SMP000778,19,7,Pass,None,2024-01-29
SMP000779,19,12,Fail,Detergent,2024-01-29
SMP000780,18,16,Pass,None,2024-01-29
SMP000781,19,15,Fail,Detergent,2024-01-29
SMP000782,16,1,Fail,Starch,2024-01-29
SMP000783,7,3,Fail,Detergent,2024-01-29
SMP000784,9,12,Pass,None,2024-01-29
SMP000785,5,11,Fail,Synthetic Color,2024-01-29
SMP000786,24,2,Pass,None,2024-01-29
SMP000787,17,8,Pass,None,2024-01-29
SMP000788,11,13,Pass,None,2024-01-29
SMP000789,13,4,Fail,Synthetic Color,2024-01-29
SMP000790,25,15,Pass,None,2024-01-29
SMP000791,5,1,Pass,None,2024-01-29
SMP000792,17,13,Pass,None,2024-01-29
SMP000793,15,10,Pass,None,2024-01-29
SMP000794,17,5,Fail,Starch,2024-01-29
SMP000795,1,12,Pass,None,2024-01-29
SMP000796,23,13,Pass,None,2024-01-30
SMP000797,24,16,Pass,None,2024-01-30
SMP000798,16,6,Fail,Formalin,2024-01-30
SMP000799,19,11,Fail,Starch,2024-01-30
SMP000800,24,10,Fail,Synthetic Color,2024-01-30
SMP000801,19,8,Pass,None,2024-01-30
SMP000802,5,15,Pass,None,2024-01-30
SMP000803,17,1,Fail,Starch,2024-01-30
SMP000804,17,5,Pass,None,2024-01-30
SMP000805,12,9,Pass,None,2024-01-30
SMP000806,20,3,Pass,None,2024-01-30
SMP000807,24,15,Pass,None,2024-01-30
SMP000808,24,11,Pass,None,2024-01-30
SMP000809,13,7,Pass,None,2024-01-30
SMP000810,4,14,Fail,Synthetic Color,2024-01-30
SMP000811,26,7,Pass,None,2024-01-30
SMP000812,23,9,Fail,Formalin,2024-01-30
SMP000813,4,1,Fail,Synthetic Color,2024-01-30
SMP000814,24,6,Fail,Chalk Powder,2024-01-30
SMP000815,23,2,Pass,None,2024-01-30
SMP000816,15,11,Pass,None,2024-01-30
SMP000817,17,7,Pass,None,2024-01-30
SMP000818,10,5,Pass,None,2024-01-30
SMP000819,2,7,Fail,Detergent,2024-01-30
SMP000820,9,4,Pass,None,2024-01-30
SMP000821,22,15,Pass,None,2024-01-30
SMP000822,1,1,Fail,Urea,2024-01-30
SMP000823,9,15,Fail,Formalin,2024-01-31
SMP000824,10,8,Pass,None,2024-01-31
SMP000825,16,10,Pass,None,2024-01-31
SMP000826,24,5,Fail,Urea,2024-01-31
SMP000827,9,16,Pass,None,2024-01-31
SMP000828,9,5,Pass,None,2024-01-31
SMP000829,20,10,Fail,Formalin,2024-01-31
SMP000830,13,16,Pass,None,2024-01-31
SMP000831,6,15,Fail,Formalin,2024-01-31
SMP000832,13,9,Fail,Formalin,2024-01-31
SMP000833,5,16,Fail,Chalk Powder,2024-01-31
SMP000834,5,12,Pass,None,2024-01-31
SMP000835,14,4,Pass,None,2024-01-31
SMP000836,12,6,Pass,None,2024-01-31
SMP000837,24,5,Fail,Formalin,2024-01-31
SMP000838,9,5,Fail,Synthetic Color,2024-01-31
SMP000839,17,13,Pass,None,2024-01-31
SMP000840,17,10,Pass,None,2024-01-31
SMP000841,1,1,Pass,None,2024-01-31
SMP000842,18,15,Fail,Detergent,2024-01-31
SMP000843,5,5,Pass,None,2024-01-31
SMP000844,25,16,Pass,None,2024-01-31
SMP000845,5,16,Fail,Synthetic Color,2024-01-31
SMP000846,12,16,Pass,None,2024-01-31
SMP000847,3,13,Pass,None,2024-01-31
SMP000848,26,4,Fail,Synthetic Color,2024-01-31
SMP000849,14,9,Pass,None,2024-01-31
SMP000850,17,4,Pass,None,2024-01-31
SMP000851,2,4,Fail,Chalk Powder,2024-02-01
SMP000852,21,10,Fail,Detergent,2024-02-01
SMP000853,5,1,Pass,None,2024-02-01
SMP000854,24,16,Fail,Chalk Powder,2024-02-01
SMP000855,5,15,Pass,None,2024-02-01
SMP000856,5,6,Pass,None,2024-02-01
SMP000857,2,8,Pass,None,2024-02-01
SMP000858,13,7,Pass,None,2024-02-01
SMP000859,16,15,Fail,Formalin,2024-02-01
SMP000860,2,11,Pass,None,2024-02-01
SMP000861,21,4,Fail,Detergent,2024-02-01
SMP000862,13,7,Pass,None,2024-02-01
SMP000863,15,6,Pass,None,2024-02-01
SMP000864,12,16,Pass,None,2024-02-01
SMP000865,11,3,Pass,None,2024-02-01
SMP000866,16,2,Pass,None,2024-02-01
SMP000867,5,15,Pass,None,2024-02-01
SMP000868,5,15,Pass,None,2024-02-01
SMP000869,23,15,Fail,Urea,2024-02-01
SMP000870,25,8,Pass,None,2024-02-01
SMP000871,9,11,Fail,Detergent,2024-02-01
SMP000872,7,9,Fail,Synthetic Color,2024-02-01
SMP000873,18,1,Fail,Formalin,2024-02-01
SMP000874,11,10,Fail,Synthetic Color,2024-02-01
SMP000875,1,1,Pass,None,2024-02-01
SMP000876,5,5,Pass,None,2024-02-01
SMP000877,19,15,Pass,None,2024-02-01
SMP000878,18,5,Pass,None,2024-02-02
SMP000879,1,16,Pass,None,2024-02-02
SMP000880,6,4,Pass,None,2024-02-02
SMP000881,6,5,Pass,None,2024-02-02
SMP000882,19,10,Pass,None,2024-02-02
SMP000883,1,13,Fail,Urea,2024-02-02
SMP000884,3,8,Pass,None,2024-02-02
SMP000885,22,15,Pass,None,2024-02-02
SMP000886,5,1,Fail,Chalk Powder,2024-02-02
SMP000887,18,15,Pass,None,2024-02-02
SMP000888,6,3,Pass,None,2024-02-02
SMP000889,3,15,Fail,Chalk Powder,2024-02-02
SMP000890,7,6,Pass,None,2024-02-02
SMP000891,19,14,Pass,None,2024-02-02
SMP000892,23,11,Fail,Formalin,2024-02-02
SMP000893,23,3,Pass,None,2024-02-02
SMP000894,10,15,Pass,None,2024-02-02
SMP000895,19,4,Pass,None,2024-02-02
SMP000896,5,4,Fail,Starch,2024-02-02
SMP000897,8,14,Pass,None,2024-02-02
SMP000898,24,2,Fail,Chalk Powder,2024-02-02
SMP000899,1,4,Fail,Synthetic Color,2024-02-02
SMP000900,3,8,Pass,None,2024-02-02
SMP000901,5,14,Pass,None,2024-02-02
SMP000902,1,3,Pass,None,2024-02-02
SMP000903,5,9,Pass,None,2024-02-02
SMP000904,17,12,Pass,None,2024-02-02
SMP000905,12,14,Pass,None,2024-02-02
SMP000906,24,16,Fail,Synthetic Color,2024-02-03
SMP000907,22,13,Pass,None,2024-02-03
SMP000908,9,11,Pass,None,2024-02-03
SMP000909,7,6,Fail,Detergent,2024-02-03
SMP000910,10,2,Pass,None,2024-02-03
SMP000911,17,12,Pass,None,2024-02-03
SMP000912,7,16,Fail,Formalin,2024-02-03
SMP000913,17,12,Fail,Chalk Powder,2024-02-03
SMP000914,11,1,Pass,None,2024-02-03
SMP000915,16,8,Pass,None,2024-02-03
SMP000916,12,10,Fail,Chalk Powder,2024-02-03
SMP000917,8,11,Pass,None,2024-02-03
SMP000918,25,12,Pass,None,2024-02-03
SMP000919,21,9,Pass,None,2024-02-03
SMP000920,4,4,Pass,None,2024-02-03
SMP000921,23,16,Pass,None,2024-02-03
SMP000922,14,11,Pass,None,2024-02-03
SMP000923,24,4,Pass,None,2024-02-03
SMP000924,22,5,Fail,Chalk Powder,2024-02-03
SMP000925,12,15,Fail,Chalk Powder,2024-02-03
SMP000926,1,15,Pass,None,2024-02-03
SMP000927,7,6,Pass,None,2024-02-03
SMP000928,16,1,Fail,Synthetic Color,2024-02-03
SMP000929,17,1,Fail,Urea,2024-02-03
SMP000930,7,5,Pass,None,2024-02-03
SMP000931,4,10,Pass,None,2024-02-03
SMP000932,23,10,Fail,Formalin,2024-02-03
SMP000933,26,11,Pass,None,2024-02-04
SMP000934,15,12,Pass,None,2024-02-04
SMP000935,5,1,Pass,None,2024-02-04
SMP000936,7,2,Pass,None,2024-02-04
SMP000937,1,5,Pass,None,2024-02-04
SMP000938,24,3,Fail,Formalin,2024-02-04
SMP000939,4,1,Pass,None,2024-02-04
SMP000940,17,11,Fail,Detergent,2024-02-04
SMP000941,7,14,Pass,None,2024-02-04
SMP000942,16,12,Pass,None,2024-02-04
SMP000943,18,14,Pass,None,2024-02-04
SMP000944,23,11,Pass,None,2024-02-04
SMP000945,5,12,Pass,None,2024-02-04
SMP000946,1,4,Fail,Synthetic Color,2024-02-04
SMP000947,4,16,Fail,Synthetic Color,2024-02-04
SMP000948,24,3,Pass,None,2024-02-04
SMP000949,23,4,Fail,Starch,2024-02-04
SMP000950,17,5,Fail,Starch,2024-02-04
SMP000951,17,16,Pass,None,2024-02-04
SMP000952,18,16,Pass,None,2024-02-04
SMP000953,5,13,Fail,Formalin,2024-02-04
SMP000954,24,10,Pass,None,2024-02-04
SMP000955,12,8,Pass,None,2024-02-04
SMP000956,10,16,Pass,None,2024-02-04
SMP000957,15,11,Fail,Synthetic Color,2024-02-04
SMP000958,2,16,Pass,None,2024-02-04
SMP000959,5,5,Pass,None,2024-02-04
SMP000960,20,5,Pass,None,2024-02-05
SMP000961,3,14,Pass,None,2024-02-05
SMP000962,17,3,Pass,None,2024-02-05
SMP000963,7,16,Pass,None,2024-02-05
SMP000964,10,8,Pass,None,2024-02-05
SMP000965,8,15,Fail,Chalk Powder,2024-02-05
SMP000966,9,5,Pass,None,2024-02-05
SMP000967,19,12,Fail,Detergent,2024-02-05
SMP000968,8,8,Fail,Synthetic Color,2024-02-05
SMP000969,16,10,Pass,None,2024-02-05
SMP000970,14,8,Pass,None,2024-02-05
SMP000971,18,16,Fail,Detergent,2024-02-05
SMP000972,25,11,Pass,None,2024-02-05
SMP000973,20,4,Pass,None,2024-02-05
SMP000974,6,15,Pass,None,2024-02-05
SMP000975,1,5,Pass,None,2024-02-05
SMP000976,7,6,Pass,None,2024-02-05
SMP000977,17,2,Pass,None,2024-02-05
SMP000978,2,15,Pass,None,2024-02-05
SMP000979,14,5,Pass,None,2024-02-05
SMP000980,17,4,Pass,None,2024-02-05
SMP000981,9,15,Pass,None,2024-02-05
SMP000982,21,13,Pass,None,2024-02-05
SMP000983,3,2,Pass,None,2024-02-05
SMP000984,2,13,Fail,Starch,2024-02-05
SMP000985,20,15,Pass,None,2024-02-05
SMP000986,14,2,Fail,Chalk Powder,2024-02-05
SMP000987,19,14,Pass,None,2024-02-05
SMP000988,12,9,Fail,Urea,2024-02-06
SMP000989,7,11,Pass,None,2024-02-06
SMP000990,22,8,Pass,None,2024-02-06
SMP000991,22,11,Pass,None,2024-02-06
SMP000992,19,1,Fail,Chalk Powder,2024-02-06
SMP000993,7,13,Pass,None,2024-02-06
SMP000994,17,1,Fail,Synthetic Color,2024-02-06
SMP000995,9,7,Pass,None,2024-02-06
SMP000996,3,3,Pass,None,2024-02-06
SMP000997,24,14,Pass,None,2024-02-06
SMP000998,4,5,Fail,Chalk Powder,2024-02-06
SMP000999,25,7,Pass,None,2024-02-06
SMP001000,13,6,Pass,None,2024-02-06
SMP001001,5,13,Fail,Chalk Powder,2024-02-06
SMP001002,16,8,Pass,None,2024-02-06
SMP001003,23,13,Pass,None,2024-02-06
SMP001004,20,1,Pass,None,2024-02-06
SMP001005,22,3,Fail,Starch,2024-02-06
SMP001006,18,9,Pass,None,2024-02-06
SMP001007,19,16,Pass,None,2024-02-06
SMP001008,23,1,Pass,None,2024-02-06
SMP001009,7,1,Pass,None,2024-02-06
SMP001010,14,3,Pass,None,2024-02-06
SMP001011,6,11,Pass,None,2024-02-06
SMP001012,26,6,Pass,None,2024-02-06
SMP001013,25,14,Pass,None,2024-02-06
SMP001014,2,1,Pass,None,2024-02-06
SMP001015,19,3,Fail,Urea,2024-02-07
SMP001016,24,5,Pass,None,2024-02-07
SMP001017,5,10,Pass,None,2024-02-07
SMP001018,16,11,Pass,None,2024-02-07
SMP001019,24,2,Pass,None,2024-02-07
SMP001020,1,16,Fail,Urea,2024-02-07
SMP001021,19,5,Pass,None,2024-02-07
SMP001022,8,12,Pass,None,2024-02-07
SMP001023,24,8,Fail,Starch,2024-02-07
SMP001024,25,4,Pass,None,2024-02-07
SMP001025,25,14,Pass,None,2024-02-07
SMP001026,14,14,Fail,Starch,2024-02-07
SMP001027,23,6,Pass,None,2024-02-07
SMP001028,23,10,Pass,None,2024-02-07
SMP001029,9,4,Fail,Starch,2024-02-07
SMP001030,23,11,Pass,None,2024-02-07
SMP001031,2,5,Pass,None,2024-02-07
SMP001032,17,14,Fail,Detergent,2024-02-07
SMP001033,6,4,Fail,Formalin,2024-02-07
SMP001034,4,1,Pass,None,2024-02-07
SMP001035,2,4,Fail,Formalin,2024-02-07
SMP001036,19,3,Pass,None,2024-02-07
SMP001037,9,8,Pass,None,2024-02-07
SMP001038,19,4,Pass,None,2024-02-07
SMP001039,2,13,Pass,None,2024-02-07
SMP001040,8,4,Pass,None,2024-02-07
SMP001041,16,12,Pass,None,2024-02-07
SMP001042,22,9,Pass,None,2024-02-07
SMP001043,9,16,Pass,None,2024-02-08
SMP001044,17,16,Pass,None,2024-02-08
SMP001045,24,15,Fail,Formalin,2024-02-08
SMP001046,17,13,Fail,Chalk Powder,2024-02-08
SMP001047,6,6,Fail,Detergent,2024-02-08
SMP001048,1,12,Pass,None,2024-02-08
SMP001049,23,16,Fail,Starch,2024-02-08
SMP001050,1,1,Fail,Formalin,2024-02-08
SMP001051,23,9,Pass,None,2024-02-08
SMP001052,15,4,Fail,Detergent,2024-02-08
SMP001053,25,9,Fail,Detergent,2024-02-08
SMP001054,22,7,Pass,None,2024-02-08
SMP001055,26,9,Pass,None,2024-02-08
SMP001056,9,9,Fail,Starch,2024-02-08
SMP001057,21,16,Pass,None,2024-02-08
SMP001058,11,9,Pass,None,2024-02-08
SMP001059,14,14,Pass,None,2024-02-08
SMP001060,17,5,Pass,None,2024-02-08
SMP001061,23,7,Pass,None,2024-02-08
SMP001062,26,7,Pass,None,2024-02-08
SMP001063,21,4,Pass,None,2024-02-08
SMP001064,12,6,Pass,None,2024-02-08
SMP001065,12,10,Pass,None,2024-02-08
SMP001066,20,10,Pass,None,2024-02-08
SMP001067,6,11,Pass,None,2024-02-08
SMP001068,3,5,Pass,None,2024-02-08
SMP001069,9,5,Pass,None,2024-02-08
SMP001070,8,10,Pass,None,2024-02-09
SMP001071,8,2,Pass,None,2024-02-09
SMP001072,6,4,Fail,Urea,2024-02-09
SMP001073,2,1,Pass,None,2024-02-09
SMP001074,1,1,Fail,Detergent,2024-02-09
SMP001075,26,4,Pass,None,2024-02-09
SMP001076,12,1,Fail,Synthetic Color,2024-02-09
SMP001077,10,4,Fail,Detergent,2024-02-09
SMP001078,19,11,Pass,None,2024-02-09
SMP001079,6,1,Fail,Urea,2024-02-09
SMP001080,25,6,Fail,Urea,2024-02-09
SMP001081,22,15,Pass,None,2024-02-09
SMP001082,3,13,Pass,None,2024-02-09
SMP001083,12,5,Fail,Chalk Powder,2024-02-09
SMP001084,23,15,Pass,None,2024-02-09
SMP001085,25,5,Fail,Synthetic Color,2024-02-09
SMP001086,13,1,Pass,None,2024-02-09
SMP001087,17,16,Pass,None,2024-02-09
SMP001088,5,15,Pass,None,2024-02-09
SMP001089,26,7,Pass,None,2024-02-09
SMP001090,6,11,Pass,None,2024-02-09
SMP001091,25,11,Pass,None,2024-02-09
SMP001092,18,3,Fail,Formalin,2024-02-09
SMP001093,17,3,Fail,Detergent,2024-02-09
SMP001094,15,7,Pass,None,2024-02-09
SMP001095,6,15,Fail,Starch,2024-02-09
SMP001096,5,1,Pass,None,2024-02-09
SMP001097,6,13,Fail,Chalk Powder,2024-02-10
SMP001098,5,1,Pass,None,2024-02-10
SMP001099,22,7,Pass,None,2024-02-10
SMP001100,9,11,Pass,None,2024-02-10
SMP001101,2,11,Pass,None,2024-02-10
SMP001102,25,1,Pass,None,2024-02-10
SMP001103,23,6,Pass,None,2024-02-10
SMP001104,24,10,Fail,Starch,2024-02-10
SMP001105,26,1,Pass,None,2024-02-10
SMP001106,5,2,Pass,None,2024-02-10
SMP001107,10,11,Pass,None,2024-02-10
SMP001108,21,8,Fail,Synthetic Color,2024-02-10
SMP001109,19,3,Fail,Urea,2024-02-10
SMP001110,5,9,Pass,None,2024-02-10
SMP001111,22,15,Fail,Formalin,2024-02-10
SMP001112,6,1,Pass,None,2024-02-10
SMP001113,6,11,Pass,None,2024-02-10
SMP001114,16,1,Fail,Detergent,2024-02-10
SMP001115,17,1,Pass,None,2024-02-10
SMP001116,17,3,Pass,None,2024-02-10
SMP001117,3,6,Pass,None,2024-02-10
SMP001118,23,13,Pass,None,2024-02-10
SMP001119,7,5,Pass,None,2024-02-10
SMP001120,4,10,Pass,None,2024-02-10
SMP001121,24,6,Pass,None,2024-02-10
SMP001122,25,4,Pass,None,2024-02-10
SMP001123,23,8,Pass,None,2024-02-10
SMP001124,22,13,Pass,None,2024-02-10
SMP001125,18,14,Pass,None,2024-02-11
SMP001126,16,14,Pass,None,2024-02-11
SMP001127,3,5,Fail,Detergent,2024-02-11
SMP001128,11,13,Fail,Detergent,2024-02-11
SMP001129,9,4,Pass,None,2024-02-11
SMP001130,7,12,Fail,Starch,2024-02-11
SMP001131,19,16,Pass,None,2024-02-11
SMP001132,14,1,Pass,None,2024-02-11
SMP001133,3,7,Pass,None,2024-02-11
SMP001134,6,11,Fail,Formalin,2024-02-11
SMP001135,19,12,Pass,None,2024-02-11
SMP001136,2,3,Fail,Synthetic Color,2024-02-11
SMP001137,23,16,Pass,None,2024-02-11
SMP001138,14,10,Pass,None,2024-02-11
SMP001139,14,3,Fail,Starch,2024-02-11
SMP001140,17,1,Fail,Urea,2024-02-11
SMP001141,23,13,Fail,Formalin,2024-02-11
SMP001142,9,2,Fail,Chalk Powder,2024-02-11
SMP001143,19,2,Fail,Urea,2024-02-11
SMP001144,16,9,Pass,None,2024-02-11
SMP001145,7,10,Pass,None,2024-02-11
SMP001146,23,11,Pass,None,2024-02-11
SMP001147,22,6,Pass,None,2024-02-11
SMP001148,18,13,Pass,None,2024-02-11
SMP001149,23,16,Fail,Detergent,2024-02-11
SMP001150,23,4,Fail,Chalk Powder,2024-02-11
SMP001151,19,12,Pass,None,2024-02-11
SMP001152,23,15,Pass,None,2024-02-12
SMP001153,19,11,Fail,Starch,2024-02-12
SMP001154,19,11,Pass,None,2024-02-12
SMP001155,17,4,Fail,Formalin,2024-02-12
SMP001156,21,9,Pass,None,2024-02-12
SMP001157,5,9,Pass,None,2024-02-12
SMP001158,23,12,Pass,None,2024-02-12
SMP001159,23,16,Fail,Chalk Powder,2024-02-12
SMP001160,1,1,Fail,Starch,2024-02-12
SMP001161,23,1,Pass,None,2024-02-12
SMP001162,4,2,Pass,None,2024-02-12
SMP001163,9,12,Pass,None,2024-02-12
SMP001164,21,2,Pass,None,2024-02-12
SMP001165,5,10,Pass,None,2024-02-12
SMP001166,22,5,Fail,Formalin,2024-02-12
SMP001167,23,7,Pass,None,2024-02-12
SMP001168,15,4,Fail,Detergent,2024-02-12
SMP001169,1,15,Pass,None,2024-02-12
SMP001170,8,10,Pass,None,2024-02-12
SMP001171,17,16,Pass,None,2024-02-12
SMP001172,26,9,Fail,Formalin,2024-02-12
SMP001173,17,2,Pass,None,2024-02-12
SMP001174,7,3,Fail,Detergent,2024-02-12
SMP001175,17,16,Pass,None,2024-02-12
SMP001176,16,12,Pass,None,2024-02-12
SMP001177,22,1,Pass,None,2024-02-12
SMP001178,3,12,Pass,None,2024-02-12
SMP001179,21,6,Pass,None,2024-02-12
SMP001180,16,5,Fail,Starch,2024-02-13
SMP001181,25,3,Pass,None,2024-02-13
SMP001182,9,14,Fail,Starch,2024-02-13
SMP001183,17,1,Pass,None,2024-02-13
SMP001184,24,5,Fail,Chalk Powder,2024-02-13
SMP001185,3,5,Fail,Starch,2024-02-13
SMP001186,25,3,Fail,Detergent,2024-02-13
SMP001187,19,8,Fail,Urea,2024-02-13
SMP001188,2,1,Pass,None,2024-02-13
SMP001189,8,5,Pass,None,2024-02-13
SMP001190,19,16,Fail,Urea,2024-02-13
SMP001191,2,5,Fail,Formalin,2024-02-13
SMP001192,17,6,Pass,None,2024-02-13
SMP001193,9,7,Pass,None,2024-02-13
SMP001194,17,9,Pass,None,2024-02-13
SMP001195,2,13,Pass,None,2024-02-13
SMP001196,23,3,Pass,None,2024-02-13
SMP001197,25,15,Pass,None,2024-02-13
SMP001198,25,12,Pass,None,2024-02-13
SMP001199,21,12,Fail,Starch,2024-02-13
SMP001200,4,2,Pass,None,2024-02-13
SMP001201,21,1,Fail,Chalk Powder,2024-02-13
SMP001202,1,10,Pass,None,2024-02-13
SMP001203,1,15,Pass,None,2024-02-13
SMP001204,9,10,Pass,None,2024-02-13
SMP001205,14,4,Fail,Urea,2024-02-13
SMP001206,21,2,Pass,None,2024-02-13
SMP001207,19,12,Fail,Synthetic Color,2024-02-14
SMP001208,13,12,Pass,None,2024-02-14
SMP001209,7,3,Pass,None,2024-02-14
SMP001210,26,1,Pass,None,2024-02-14
SMP001211,12,6,Pass,None,2024-02-14
SMP001212,13,10,Pass,None,2024-02-14
SMP001213,5,12,Pass,None,2024-02-14
SMP001214,22,13,Pass,None,2024-02-14
SMP001215,19,10,Fail,Starch,2024-02-14
SMP001216,6,2,Pass,None,2024-02-14
SMP001217,3,11,Pass,None,2024-02-14
SMP001218,19,16,Pass,None,2024-02-14
SMP001219,18,15,Fail,Chalk Powder,2024-02-14
SMP001220,7,15,Pass,None,2024-02-14
SMP001221,25,5,Fail,Synthetic Color,2024-02-14
SMP001222,5,12,Pass,None,2024-02-14
SMP001223,12,14,Pass,None,2024-02-14
SMP001224,25,11,Pass,None,2024-02-14
SMP001225,12,4,Pass,None,2024-02-14
SMP001226,18,16,Pass,None,2024-02-14
SMP001227,10,7,Pass,None,2024-02-14
SMP001228,7,2,Pass,None,2024-02-14
SMP001229,26,2,Pass,None,2024-02-14
SMP001230,11,11,Pass,None,2024-02-14
SMP001231,24,7,Pass,None,2024-02-14
SMP001232,6,2,Fail,Chalk Powder,2024-02-14
SMP001233,6,12,Pass,None,2024-02-14
SMP001234,1,13,Pass,None,2024-02-15
SMP001235,18,12,Fail,Urea,2024-02-15
SMP001236,9,4,Pass,None,2024-02-15
SMP001237,23,11,Fail,Detergent,2024-02-15
SMP001238,13,1,Fail,Synthetic Color,2024-02-15
SMP001239,25,5,Fail,Chalk Powder,2024-02-15
SMP001240,5,6,Pass,None,2024-02-15
SMP001241,23,14,Pass,None,2024-02-15
SMP001242,21,6,Pass,None,2024-02-15
SMP001243,21,1,Pass,None,2024-02-15
SMP001244,23,5,Pass,None,2024-02-15
SMP001245,21,8,Pass,None,2024-02-15
SMP001246,17,16,Pass,None,2024-02-15
SMP001247,4,16,Pass,None,2024-02-15
SMP001248,1,3,Pass,None,2024-02-15
SMP001249,24,3,Pass,None,2024-02-15
SMP001250,17,3,Fail,Synthetic Color,2024-02-15
SMP001251,22,13,Fail,Starch,2024-02-15
SMP001252,14,1,Fail,Formalin,2024-02-15
SMP001253,4,2,Pass,None,2024-02-15
SMP001254,4,9,Pass,None,2024-02-15
SMP001255,19,4,Pass,None,2024-02-15
SMP001256,12,2,Pass,None,2024-02-15
SMP001257,5,5,Pass,None,2024-02-15
SMP001258,14,4,Pass,None,2024-02-15
SMP001259,2,8,Pass,None,2024-02-15
SMP001260,17,16,Pass,None,2024-02-15
SMP001261,7,2,Pass,None,2024-02-15
SMP001262,22,6,Pass,None,2024-02-16
SMP001263,8,15,Pass,None,2024-02-16
SMP001264,13,15,Pass,None,2024-02-16
SMP001265,1,6,Pass,None,2024-02-16
SMP001266,2,12,Fail,Detergent,2024-02-16
SMP001267,10,2,Fail,Starch,2024-02-16
SMP001268,14,12,Fail,Chalk Powder,2024-02-16
SMP001269,17,16,Pass,None,2024-02-16
SMP001270,8,9,Pass,None,2024-02-16
SMP001271,19,8,Pass,None,2024-02-16
SMP001272,23,3,Pass,None,2024-02-16
SMP001273,22,11,Fail,Starch,2024-02-16
SMP001274,2,10,Fail,Urea,2024-02-16
SMP001275,14,11,Pass,None,2024-02-16
SMP001276,3,1,Pass,None,2024-02-16
SMP001277,7,9,Pass,None,2024-02-16
SMP001278,26,10,Pass,None,2024-02-16
SMP001279,5,4,Fail,Formalin,2024-02-16
SMP001280,14,4,Fail,Chalk Powder,2024-02-16
SMP001281,17,4,Pass,None,2024-02-16
SMP001282,19,12,Pass,None,2024-02-16
SMP001283,16,10,Pass,None,2024-02-16
SMP001284,1,14,Pass,None,2024-02-16
SMP001285,9,5,Pass,None,2024-02-16
SMP001286,15,15,Pass,None,2024-02-16
SMP001287,3,12,Pass,None,2024-02-16
SMP001288,9,6,Pass,None,2024-02-16
SMP001289,1,2,Pass,None,2024-02-17
SMP001290,2,4,Fail,Formalin,2024-02-17
SMP001291,10,16,Pass,None,2024-02-17
SMP001292,4,5,Pass,None,2024-02-17
SMP001293,16,5,Pass,None,2024-02-17
SMP001294,19,3,Pass,None,2024-02-17
SMP001295,22,13,Pass,None,2024-02-17
SMP001296,5,4,Fail,Detergent,2024-02-17
SMP001297,5,5,Pass,None,2024-02-17
SMP001298,3,6,Pass,None,2024-02-17
SMP001299,18,6,Pass,None,2024-02-17
SMP001300,19,6,Fail,Detergent,2024-02-17
SMP001301,1,8,Pass,None,2024-02-17
SMP001302,25,14,Pass,None,2024-02-17
SMP001303,2,14,Pass,None,2024-02-17
SMP001304,16,13,Fail,Formalin,2024-02-17
SMP001305,19,2,Pass,None,2024-02-17
SMP001306,23,13,Fail,Synthetic Color,2024-02-17
SMP001307,19,2,Pass,None,2024-02-17
SMP001308,22,2,Fail,Chalk Powder,2024-02-17
SMP001309,9,16,Pass,None,2024-02-17
SMP001310,22,14,Pass,None,2024-02-17
SMP001311,3,9,Pass,None,2024-02-17
SMP001312,24,15,Fail,Synthetic Color,2024-02-17
SMP001313,16,16,Fail,Starch,2024-02-17
SMP001314,22,10,Pass,None,2024-02-17
SMP001315,13,10,Pass,None,2024-02-17
SMP001316,18,12,Pass,None,2024-02-17
SMP001317,15,4,Pass,None,2024-02-18
SMP001318,20,3,Pass,None,2024-02-18
SMP001319,3,13,Pass,None,2024-02-18
SMP001320,2,5,Pass,None,2024-02-18
SMP001321,7,2,Fail,Chalk Powder,2024-02-18
SMP001322,5,5,Pass,None,2024-02-18
SMP001323,23,5,Fail,Formalin,2024-02-18
SMP001324,6,16,Pass,None,2024-02-18
SMP001325,25,11,Pass,None,2024-02-18
SMP001326,9,9,Pass,None,2024-02-18
SMP001327,5,16,Fail,Starch,2024-02-18
SMP001328,22,15,Pass,None,2024-02-18
SMP001329,18,8,Fail,Synthetic Color,2024-02-18
SMP001330,14,15,Pass,None,2024-02-18
SMP001331,16,6,Fail,Detergent,2024-02-18
SMP001332,19,4,Fail,Chalk Powder,2024-02-18
SMP001333,6,4,Fail,Formalin,2024-02-18
SMP001334,26,11,Fail,Urea,2024-02-18
SMP001335,25,8,Pass,None,2024-02-18
SMP001336,18,11,Pass,None,2024-02-18
SMP001337,5,11,Fail,Starch,2024-02-18
SMP001338,19,1,Fail,Chalk Powder,2024-02-18
SMP001339,2,1,Fail,Formalin,2024-02-18
SMP001340,1,9,Pass,None,2024-02-18
SMP001341,7,3,Pass,None,2024-02-18
SMP001342,13,11,Fail,Urea,2024-02-18
SMP001343,23,9,Pass,None,2024-02-18
SMP001344,20,10,Pass,None,2024-02-19
SMP001345,21,5,Fail,Starch,2024-02-19
SMP001346,12,11,Pass,None,2024-02-19
SMP001347,9,14,Pass,None,2024-02-19
SMP001348,9,16,Fail,Synthetic Color,2024-02-19
SMP001349,26,14,Fail,Starch,2024-02-19
SMP001350,2,9,Fail,Detergent,2024-02-19
SMP001351,23,3,Pass,None,2024-02-19
SMP001352,17,11,Fail,Chalk Powder,2024-02-19
SMP001353,12,16,Pass,None,2024-02-19
SMP001354,19,4,Pass,None,2024-02-19
SMP001355,14,4,Fail,Starch,2024-02-19
SMP001356,23,3,Pass,None,2024-02-19
SMP001357,24,12,Pass,None,2024-02-19
SMP001358,12,6,Fail,Starch,2024-02-19
SMP001359,7,1,Fail,Chalk Powder,2024-02-19
SMP001360,17,15,Pass,None,2024-02-19
SMP001361,24,9,Fail,Chalk Powder,2024-02-19
SMP001362,6,5,Pass,None,2024-02-19
SMP001363,17,5,Fail,Formalin,2024-02-19
SMP001364,17,5,Pass,None,2024-02-19
SMP001365,20,7,Pass,None,2024-02-19
SMP001366,4,5,Fail,Formalin,2024-02-19
SMP001367,19,9,Fail,Synthetic Color,2024-02-19
SMP001368,24,13,Fail,Detergent,2024-02-19
SMP001369,5,11,Pass,None,2024-02-19
SMP001370,6,5,Pass,None,2024-02-19
SMP001371,25,9,Fail,Detergent,2024-02-20
SMP001372,5,14,Pass,None,2024-02-20
SMP001373,23,1,Pass,None,2024-02-20
SMP001374,14,2,Pass,None,2024-02-20
SMP001375,7,9,Pass,None,2024-02-20
SMP001376,23,11,Pass,None,2024-02-20
SMP001377,13,4,Pass,None,2024-02-20
SMP001378,15,12,Pass,None,2024-02-20
SMP001379,9,11,Fail,Synthetic Color,2024-02-20
SMP001380,17,15,Fail,Urea,2024-02-20
SMP001381,5,3,Pass,None,2024-02-20
SMP001382,10,12,Pass,None,2024-02-20
SMP001383,25,2,Fail,Starch,2024-02-20
SMP001384,7,9,Pass,None,2024-02-20
SMP001385,18,9,Pass,None,2024-02-20
SMP001386,9,6,Fail,Formalin,2024-02-20
SMP001387,21,14,Fail,Chalk Powder,2024-02-20
SMP001388,4,1,Fail,Chalk Powder,2024-02-20
SMP001389,25,8,Pass,None,2024-02-20
SMP001390,13,4,Fail,Synthetic Color,2024-02-20
SMP001391,6,12,Fail,Chalk Powder,2024-02-20
SMP001392,2,1,Pass,None,2024-02-20
SMP001393,5,14,Fail,Synthetic Color,2024-02-20
SMP001394,15,14,Pass,None,2024-02-20
SMP001395,9,14,Pass,None,2024-02-20
SMP001396,23,3,Fail,Formalin,2024-02-20
SMP001397,12,11,Fail,Formalin,2024-02-20
SMP001398,7,1,Pass,None,2024-02-20
SMP001399,17,14,Pass,None,2024-02-21
SMP001400,19,12,Pass,None,2024-02-21
SMP001401,5,9,Pass,None,2024-02-21
SMP001402,5,12,Pass,None,2024-02-21
SMP001403,2,2,Fail,Chalk Powder,2024-02-21
SMP001404,20,9,Pass,None,2024-02-21
SMP001405,18,5,Fail,Urea,2024-02-21
SMP001406,14,16,Pass,None,2024-02-21
SMP001407,23,14,Fail,Detergent,2024-02-21
SMP001408,22,12,Pass,None,2024-02-21
SMP001409,17,16,Pass,None,2024-02-21
SMP001410,23,5,Fail,Formalin,2024-02-21
SMP001411,5,15,Fail,Synthetic Color,2024-02-21
SMP001412,3,5,Pass,None,2024-02-21
SMP001413,7,12,Fail,Starch,2024-02-21
SMP001414,2,12,Pass,None,2024-02-21
SMP001415,16,1,Pass,None,2024-02-21
SMP001416,25,6,Pass,None,2024-02-21
SMP001417,2,1,Pass,None,2024-02-21
SMP001418,4,16,Pass,None,2024-02-21
SMP001419,13,2,Fail,Urea,2024-02-21
SMP001420,24,9,Pass,None,2024-02-21
SMP001421,8,13,Pass,None,2024-02-21
SMP001422,15,4,Pass,None,2024-02-21
SMP001423,2,8,Pass,None,2024-02-21
SMP001424,5,10,Pass,None,2024-02-21
SMP001425,26,3,Pass,None,2024-02-21
SMP001426,25,13,Pass,None,2024-02-22
SMP001427,1,5,Pass,None,2024-02-22
SMP001428,25,4,Pass,None,2024-02-22
SMP001429,18,9,Pass,None,2024-02-22
SMP001430,23,6,Fail,Starch,2024-02-22
SMP001431,13,15,Pass,None,2024-02-22
SMP001432,15,15,Pass,None,2024-02-22
SMP001433,14,8,Pass,None,2024-02-22
SMP001434,18,5,Pass,None,2024-02-22
SMP001435,4,5,Pass,None,2024-02-22
SMP001436,1,4,Pass,None,2024-02-22
SMP001437,8,9,Pass,None,2024-02-22
SMP001438,19,13,Pass,None,2024-02-22
SMP001439,5,5,Fail,Chalk Powder,2024-02-22
SMP001440,19,3,Pass,None,2024-02-22
SMP001441,25,7,Pass,None,2024-02-22
SMP001442,3,1,Pass,None,2024-02-22
SMP001443,19,12,Pass,None,2024-02-22
SMP001444,13,8,Pass,None,2024-02-22
SMP001445,23,8,Pass,None,2024-02-22
SMP001446,5,5,Pass,None,2024-02-22
SMP001447,19,15,Pass,None,2024-02-22
SMP001448,23,2,Fail,Starch,2024-02-22
SMP001449,25,15,Fail,Chalk Powder,2024-02-22
SMP001450,19,6,Pass,None,2024-02-22
SMP001451,14,15,Fail,Chalk Powder,2024-02-22
SMP001452,17,12,Pass,None,2024-02-22
SMP001453,23,2,Fail,Detergent,2024-02-23
SMP001454,16,14,Pass,None,2024-02-23
SMP001455,1,11,Pass,None,2024-02-23
SMP001456,24,1,Pass,None,2024-02-23
SMP001457,19,2,Fail,Starch,2024-02-23
SMP001458,19,11,Pass,None,2024-02-23
SMP001459,6,11,Fail,Synthetic Color,2024-02-23
SMP001460,18,12,Pass,None,2024-02-23
SMP001461,10,12,Pass,None,2024-02-23
SMP001462,18,11,Pass,None,2024-02-23
SMP001463,3,13,Pass,None,2024-02-23
SMP001464,18,9,Pass,None,2024-02-23
SMP001465,26,4,Fail,Synthetic Color,2024-02-23
SMP001466,2,15,Pass,None,2024-02-23
SMP001467,25,1,Pass,None,2024-02-23
SMP001468,11,6,Fail,Formalin,2024-02-23
SMP001469,23,12,Pass,None,2024-02-23
SMP001470,22,6,Fail,Detergent,2024-02-23
SMP001471,16,1,Fail,Formalin,2024-02-23
SMP001472,20,1,Pass,None,2024-02-23
SMP001473,23,11,Pass,None,2024-02-23
SMP001474,11,16,Pass,None,2024-02-23
SMP001475,9,9,Pass,None,2024-02-23
SMP001476,18,8,Fail,Starch,2024-02-23
SMP001477,22,5,Fail,Synthetic Color,2024-02-23
SMP001478,21,4,Pass,None,2024-02-23
SMP001479,22,1,Pass,None,2024-02-23
SMP001480,12,4,Fail,Formalin,2024-02-23
SMP001481,22,7,Pass,None,2024-02-24
SMP001482,4,3,Pass,None,2024-02-24
SMP001483,16,2,Fail,Synthetic Color,2024-02-24
SMP001484,1,12,Pass,None,2024-02-24
SMP001485,9,15,Pass,None,2024-02-24
SMP001486,9,16,Fail,Chalk Powder,2024-02-24
SMP001487,10,10,Pass,None,2024-02-24
SMP001488,19,1,Pass,None,2024-02-24
SMP001489,10,12,Pass,None,2024-02-24
SMP001490,13,2,Pass,None,2024-02-24
SMP001491,6,11,Fail,Formalin,2024-02-24
SMP001492,9,13,Fail,Urea,2024-02-24
SMP001493,6,12,Pass,None,2024-02-24
SMP001494,2,16,Pass,None,2024-02-24
SMP001495,17,12,Fail,Detergent,2024-02-24
SMP001496,19,11,Fail,Formalin,2024-02-24
SMP001497,17,4,Pass,None,2024-02-24
SMP001498,13,15,Pass,None,2024-02-24
SMP001499,10,3,Fail,Starch,2024-02-24
SMP001500,23,15,Pass,None,2024-02-24
SMP001501,15,5,Fail,Synthetic Color,2024-02-24
SMP001502,14,2,Fail,Synthetic Color,2024-02-24
SMP001503,1,14,Pass,None,2024-02-24
SMP001504,9,1,Pass,None,2024-02-24
SMP001505,10,14,Pass,None,2024-02-24
SMP001506,10,4,Pass,None,2024-02-24
SMP001507,17,15,Fail,Detergent,2024-02-24
SMP001508,16,11,Pass,None,2024-02-25
SMP001509,17,11,Fail,Chalk Powder,2024-02-25
SMP001510,21,6,Pass,None,2024-02-25
SMP001511,22,1,Pass,None,2024-02-25
SMP001512,19,14,Fail,Detergent,2024-02-25
SMP001513,25,3,Fail,Urea,2024-02-25
SMP001514,1,6,Pass,None,2024-02-25
SMP001515,5,10,Pass,None,2024-02-25
SMP001516,1,8,Fail,Chalk Powder,2024-02-25
SMP001517,18,3,Pass,None,2024-02-25
SMP001518,24,2,Fail,Chalk Powder,2024-02-25
SMP001519,7,2,Pass,None,2024-02-25
SMP001520,24,15,Pass,None,2024-02-25
SMP001521,2,1,Pass,None,2024-02-25
SMP001522,24,16,Fail,Formalin,2024-02-25
SMP001523,9,3,Fail,Urea,2024-02-25
SMP001524,3,2,Pass,None,2024-02-25
SMP001525,14,9,Pass,None,2024-02-25
SMP001526,7,2,Pass,None,2024-02-25
SMP001527,8,10,Pass,None,2024-02-25
SMP001528,8,14,Pass,None,2024-02-25
SMP001529,22,1,Fail,Formalin,2024-02-25
SMP001530,16,13,Pass,None,2024-02-25
SMP001531,8,6,Pass,None,2024-02-25
SMP001532,17,3,Pass,None,2024-02-25
SMP001533,19,3,Pass,None,2024-02-25
SMP001534,7,15,Pass,None,2024-02-25
SMP001535,12,2,Pass,None,2024-02-25
SMP001536,4,15,Pass,None,2024-02-26
SMP001537,5,9,Pass,None,2024-02-26
SMP001538,19,1,Pass,None,2024-02-26
SMP001539,5,7,Pass,None,2024-02-26
SMP001540,15,14,Pass,None,2024-02-26
SMP001541,19,12,Fail,Chalk Powder,2024-02-26
SMP001542,3,8,Pass,None,2024-02-26
SMP001543,16,14,Pass,None,2024-02-26
SMP001544,7,2,Pass,None,2024-02-26
SMP001545,25,15,Pass,None,2024-02-26
SMP001546,14,14,Fail,Formalin,2024-02-26
SMP001547,22,12,Fail,Detergent,2024-02-26
SMP001548,16,14,Pass,None,2024-02-26
SMP001549,2,9,Pass,None,2024-02-26
SMP001550,17,11,Pass,None,2024-02-26
SMP001551,25,9,Pass,None,2024-02-26
SMP001552,17,5,Pass,None,2024-02-26
SMP001553,22,9,Pass,None,2024-02-26
SMP001554,23,4,Fail,Detergent,2024-02-26
SMP001555,6,7,Pass,None,2024-02-26
SMP001556,6,4,Pass,None,2024-02-26
SMP001557,17,2,Pass,None,2024-02-26
SMP001558,11,5,Fail,Formalin,2024-02-26
SMP001559,23,14,Fail,Chalk Powder,2024-02-26
SMP001560,24,6,Fail,Chalk Powder,2024-02-26
SMP001561,9,12,Pass,None,2024-02-26
SMP001562,6,3,Pass,None,2024-02-26
SMP001563,22,6,Pass,None,2024-02-27
SMP001564,7,2,Pass,None,2024-02-27
SMP001565,22,2,Pass,None,2024-02-27
SMP001566,12,10,Pass,None,2024-02-27
SMP001567,18,10,Pass,None,2024-02-27
SMP001568,3,4,Pass,None,2024-02-27
SMP001569,17,7,Pass,None,2024-02-27
SMP001570,13,15,Pass,None,2024-02-27
SMP001571,17,3,Fail,Chalk Powder,2024-02-27
SMP001572,5,1,Pass,None,2024-02-27
SMP001573,20,11,Pass,None,2024-02-27
SMP001574,23,1,Pass,None,2024-02-27
SMP001575,6,16,Pass,None,2024-02-27
SMP001576,3,10,Pass,None,2024-02-27
SMP001577,1,7,Pass,None,2024-02-27
SMP001578,18,6,Pass,None,2024-02-27
SMP001579,17,9,Fail,Chalk Powder,2024-02-27
SMP001580,16,2,Fail,Detergent,2024-02-27
SMP001581,6,15,Pass,None,2024-02-27
SMP001582,10,10,Fail,Chalk Powder,2024-02-27
SMP001583,17,3,Pass,None,2024-02-27
SMP001584,14,9,Fail,Chalk Powder,2024-02-27
SMP001585,26,2,Pass,None,2024-02-27
SMP001586,4,1,Pass,None,2024-02-27
SMP001587,19,11,Pass,None,2024-02-27
SMP001588,11,11,Pass,None,2024-02-27
SMP001589,12,10,Pass,None,2024-02-27
SMP001590,19,3,Fail,Formalin,2024-02-28
SMP001591,19,10,Pass,None,2024-02-28
SMP001592,26,1,Fail,Detergent,2024-02-28
SMP001593,4,10,Pass,None,2024-02-28
SMP001594,3,9,Fail,Starch,2024-02-28
SMP001595,19,11,Fail,Formalin,2024-02-28
SMP001596,17,15,Fail,Chalk Powder,2024-02-28
SMP001597,7,14,Pass,None,2024-02-28
SMP001598,3,16,Pass,None,2024-02-28
SMP001599,3,16,Pass,None,2024-02-28
SMP001600,24,13,Pass,None,2024-02-28
SMP001601,5,16,Fail,Synthetic Color,2024-02-28
SMP001602,9,15,Pass,None,2024-02-28
SMP001603,6,12,Pass,None,2024-02-28
SMP001604,9,2,Fail,Starch,2024-02-28
SMP001605,2,1,Fail,Urea,2024-02-28
SMP001606,15,14,Pass,None,2024-02-28
SMP001607,2,8,Pass,None,2024-02-28
SMP001608,22,14,Pass,None,2024-02-28
SMP001609,6,5,Fail,Chalk Powder,2024-02-28
SMP001610,16,6,Pass,None,2024-02-28
SMP001611,23,12,Pass,None,2024-02-28
SMP001612,18,15,Pass,None,2024-02-28
SMP001613,16,2,Pass,None,2024-02-28
SMP001614,9,14,Pass,None,2024-02-28
SMP001615,9,13,Fail,Detergent,2024-02-28
SMP001616,19,5,Fail,Urea,2024-02-28
SMP001617,26,5,Pass,None,2024-02-28
SMP001618,18,1,Fail,Synthetic Color,2024-02-29
SMP001619,16,1,Pass,None,2024-02-29
SMP001620,20,7,Pass,None,2024-02-29
SMP001621,13,2,Fail,Detergent,2024-02-29
SMP001622,2,3,Pass,None,2024-02-29
SMP001623,16,14,Pass,None,2024-02-29
SMP001624,25,9,Pass,None,2024-02-29
SMP001625,5,11,Pass,None,2024-02-29
SMP001626,19,3,Pass,None,2024-02-29
SMP001627,5,14,Pass,None,2024-02-29
SMP001628,16,15,Pass,None,2024-02-29
SMP001629,3,8,Pass,None,2024-02-29
SMP001630,13,15,Pass,None,2024-02-29
SMP001631,21,14,Pass,None,2024-02-29
SMP001632,9,12,Pass,None,2024-02-29
SMP001633,18,12,Pass,None,2024-02-29
SMP001634,22,2,Pass,None,2024-02-29
SMP001635,24,4,Fail,Urea,2024-02-29
SMP001636,6,1,Pass,None,2024-02-29
SMP001637,10,1,Pass,None,2024-02-29
SMP001638,5,3,Pass,None,2024-02-29
SMP001639,26,15,Pass,None,2024-02-29
SMP001640,24,4,Pass,None,2024-02-29
SMP001641,16,16,Pass,None,2024-02-29
SMP001642,23,10,Pass,None,2024-02-29
SMP001643,15,4,Fail,Starch,2024-02-29
SMP001644,17,8,Fail,Urea,2024-02-29
SMP001645,3,4,Pass,None,2024-03-01
SMP001646,21,16,Pass,None,2024-03-01
SMP001647,4,14,Fail,Detergent,2024-03-01
SMP001648,23,1,Fail,Starch,2024-03-01
SMP001649,22,16,Fail,Synthetic Color,2024-03-01
SMP001650,19,12,Pass,None,2024-03-01
SMP001651,2,2,Fail,Chalk Powder,2024-03-01
SMP001652,8,11,Fail,Urea,2024-03-01
SMP001653,7,11,Fail,Formalin,2024-03-01
SMP001654,9,4,Pass,None,2024-03-01
SMP001655,3,12,Pass,None,2024-03-01
SMP001656,25,2,Pass,None,2024-03-01
SMP001657,16,8,Fail,Detergent,2024-03-01
SMP001658,8,1,Pass,None,2024-03-01
SMP001659,10,16,Fail,Formalin,2024-03-01
SMP001660,13,12,Fail,Formalin,2024-03-01
SMP001661,17,3,Pass,None,2024-03-01
SMP001662,15,5,Pass,None,2024-03-01
SMP001663,24,3,Pass,None,2024-03-01
SMP001664,14,13,Pass,None,2024-03-01
SMP001665,26,1,Fail,Urea,2024-03-01
SMP001666,23,14,Pass,None,2024-03-01
SMP001667,5,16,Fail,Formalin,2024-03-01
SMP001668,24,11,Fail,Chalk Powder,2024-03-01
SMP001669,4,4,Fail,Starch,2024-03-01
SMP001670,22,5,Pass,None,2024-03-01
SMP001671,10,7,Pass,None,2024-03-01
SMP001672,23,10,Fail,Chalk Powder,2024-03-01
SMP001673,23,11,Fail,Synthetic Color,2024-03-02
SMP001674,22,9,Pass,None,2024-03-02
SMP001675,22,5,Pass,None,2024-03-02
SMP001676,8,15,Pass,None,2024-03-02
SMP001677,3,2,Fail,Synthetic Color,2024-03-02
SMP001678,11,7,Pass,None,2024-03-02
SMP001679,5,13,Pass,None,2024-03-02
SMP001680,19,1,Pass,None,2024-03-02
SMP001681,9,12,Fail,Formalin,2024-03-02
SMP001682,25,14,Pass,None,2024-03-02
SMP001683,18,11,Fail,Detergent,2024-03-02
SMP001684,22,1,Pass,None,2024-03-02
SMP001685,4,3,Fail,Formalin,2024-03-02
SMP001686,23,5,Pass,None,2024-03-02
SMP001687,24,4,Fail,Detergent,2024-03-02
SMP001688,14,16,Pass,None,2024-03-02
SMP001689,17,11,Pass,None,2024-03-02
SMP001690,21,5,Pass,None,2024-03-02
SMP001691,5,15,Pass,None,2024-03-02
SMP001692,14,12,Fail,Chalk Powder,2024-03-02
SMP001693,10,5,Fail,Synthetic Color,2024-03-02
SMP001694,5,6,Pass,None,2024-03-02
SMP001695,9,3,Pass,None,2024-03-02
SMP001696,2,16,Fail,Starch,2024-03-02
SMP001697,1,8,Pass,None,2024-03-02
SMP001698,4,15,Fail,Detergent,2024-03-02
SMP001699,25,5,Pass,None,2024-03-02
SMP001700,16,14,Fail,Synthetic Color,2024-03-03
SMP001701,25,1,Fail,Urea,2024-03-03
SMP001702,12,16,Fail,Formalin,2024-03-03
SMP001703,8,15,Pass,None,2024-03-03
SMP001704,15,6,Fail,Chalk Powder,2024-03-03
SMP001705,12,13,Pass,None,2024-03-03
SMP001706,3,12,Pass,None,2024-03-03
SMP001707,18,15,Fail,Detergent,2024-03-03
SMP001708,6,5,Pass,None,2024-03-03
SMP001709,17,7,Pass,None,2024-03-03
SMP001710,18,15,Pass,None,2024-03-03
SMP001711,5,13,Pass,None,2024-03-03
SMP001712,2,6,Fail,Starch,2024-03-03
SMP001713,22,14,Pass,None,2024-03-03
SMP001714,13,1,Fail,Formalin,2024-03-03
SMP001715,2,13,Pass,None,2024-03-03
SMP001716,26,4,Pass,None,2024-03-03
SMP001717,2,5,Fail,Chalk Powder,2024-03-03
SMP001718,19,8,Pass,None,2024-03-03
SMP001719,26,7,Fail,Chalk Powder,2024-03-03
SMP001720,6,8,Pass,None,2024-03-03
SMP001721,5,9,Pass,None,2024-03-03
SMP001722,4,5,Fail,Chalk Powder,2024-03-03
SMP001723,8,3,Fail,Synthetic Color,2024-03-03
SMP001724,3,13,Fail,Chalk Powder,2024-03-03
SMP001725,19,6,Pass,None,2024-03-03
SMP001726,2,8,Pass,None,2024-03-03
SMP001727,15,11,Pass,None,2024-03-04
SMP001728,26,15,Pass,None,2024-03-04
SMP001729,22,12,Fail,Synthetic Color,2024-03-04
SMP001730,17,1,Fail,Synthetic Color,2024-03-04
SMP001731,8,14,Pass,None,2024-03-04
SMP001732,17,16,Pass,None,2024-03-04
SMP001733,15,7,Pass,None,2024-03-04
SMP001734,12,16,Pass,None,2024-03-04
SMP001735,4,9,Pass,None,2024-03-04
SMP001736,24,7,Fail,Detergent,2024-03-04
SMP001737,13,5,Pass,None,2024-03-04
SMP001738,5,11,Fail,Chalk Powder,2024-03-04
SMP001739,9,4,Pass,None,2024-03-04
SMP001740,12,2,Fail,Urea,2024-03-04
SMP001741,23,1,Pass,None,2024-03-04
SMP001742,20,5,Pass,None,2024-03-04
SMP001743,21,6,Pass,None,2024-03-04
SMP001744,1,9,Pass,None,2024-03-04
SMP001745,12,5,Pass,None,2024-03-04
SMP001746,14,16,Fail,Urea,2024-03-04
SMP001747,1,5,Pass,None,2024-03-04
SMP001748,7,7,Fail,Synthetic Color,2024-03-04
SMP001749,21,2,Fail,Formalin,2024-03-04
SMP001750,4,4,Pass,None,2024-03-04
SMP001751,16,1,Pass,None,2024-03-04
SMP001752,6,9,Fail,Starch,2024-03-04
SMP001753,1,12,Pass,None,2024-03-04
SMP001754,7,3,Fail,Formalin,2024-03-04
SMP001755,25,6,Pass,None,2024-03-05
SMP001756,22,1,Pass,None,2024-03-05
SMP001757,25,14,Pass,None,2024-03-05
SMP001758,14,13,Fail,Detergent,2024-03-05
SMP001759,3,1,Fail,Urea,2024-03-05
SMP001760,16,6,Fail,Starch,2024-03-05
SMP001761,13,16,Fail,Synthetic Color,2024-03-05
SMP001762,23,6,Pass,None,2024-03-05
SMP001763,3,9,Pass,None,2024-03-05
SMP001764,14,5,Pass,None,2024-03-05
SMP001765,5,10,Pass,None,2024-03-05
SMP001766,9,16,Pass,None,2024-03-05
SMP001767,20,16,Fail,Synthetic Color,2024-03-05
SMP001768,14,13,Fail,Detergent,2024-03-05
SMP001769,9,6,Pass,None,2024-03-05
SMP001770,10,8,Pass,None,2024-03-05
SMP001771,13,5,Pass,None,2024-03-05
SMP001772,22,16,Pass,None,2024-03-05
SMP001773,24,12,Fail,Detergent,2024-03-05
SMP001774,25,7,Pass,None,2024-03-05
SMP001775,22,1,Pass,None,2024-03-05
SMP001776,8,8,Pass,None,2024-03-05
SMP001777,19,16,Pass,None,2024-03-05
SMP001778,12,8,Pass,None,2024-03-05
SMP001779,7,3,Pass,None,2024-03-05
SMP001780,23,1,Pass,None,2024-03-05
SMP001781,2,5,Fail,Chalk Powder,2024-03-05
SMP001782,24,15,Pass,None,2024-03-06
SMP001783,13,16,Fail,Detergent,2024-03-06
SMP001784,18,16,Pass,None,2024-03-06
SMP001785,18,12,Pass,None,2024-03-06
SMP001786,24,9,Pass,None,2024-03-06
SMP001787,18,10,Fail,Detergent,2024-03-06
SMP001788,17,9,Pass,None,2024-03-06
SMP001789,2,12,Pass,None,2024-03-06
SMP001790,15,6,Fail,Synthetic Color,2024-03-06
SMP001791,5,11,Fail,Synthetic Color,2024-03-06
SMP001792,20,2,Pass,None,2024-03-06
SMP001793,15,4,Pass,None,2024-03-06
SMP001794,19,14,Pass,None,2024-03-06
SMP001795,2,15,Pass,None,2024-03-06
SMP001796,3,9,Pass,None,2024-03-06
SMP001797,19,1,Pass,None,2024-03-06
SMP001798,2,15,Pass,None,2024-03-06
SMP001799,2,12,Pass,None,2024-03-06
SMP001800,1,6,Pass,None,2024-03-06
SMP001801,25,10,Pass,None,2024-03-06
SMP001802,20,6,Pass,None,2024-03-06
SMP001803,9,7,Pass,None,2024-03-06
SMP001804,8,15,Pass,None,2024-03-06
SMP001805,9,3,Pass,None,2024-03-06
SMP001806,21,2,Pass,None,2024-03-06
SMP001807,18,1,Fail,Detergent,2024-03-06
SMP001808,5,5,Pass,None,2024-03-06
SMP001809,5,3,Pass,None,2024-03-06
SMP001810,3,4,Fail,Synthetic Color,2024-03-07
SMP001811,18,1,Pass,None,2024-03-07
SMP001812,21,4,Fail,Detergent,2024-03-07
SMP001813,7,5,Pass,None,2024-03-07
SMP001814,1,1,Pass,None,2024-03-07
SMP001815,3,10,Pass,None,2024-03-07
SMP001816,25,9,Pass,None,2024-03-07
SMP001817,8,2,Pass,None,2024-03-07
SMP001818,21,10,Pass,None,2024-03-07
SMP001819,17,16,Pass,None,2024-03-07
SMP001820,10,16,Fail,Starch,2024-03-07
SMP001821,5,1,Fail,Detergent,2024-03-07
SMP001822,4,13,Pass,None,2024-03-07
SMP001823,17,5,Pass,None,2024-03-07
SMP001824,21,1,Fail,Chalk Powder,2024-03-07
SMP001825,18,5,Fail,Detergent,2024-03-07
SMP001826,16,5,Fail,Starch,2024-03-07
SMP001827,2,8,Pass,None,2024-03-07
SMP001828,25,11,Pass,None,2024-03-07
SMP001829,22,12,Fail,Urea,2024-03-07
SMP001830,8,4,Fail,Formalin,2024-03-07
SMP001831,25,5,Pass,None,2024-03-07
SMP001832,17,5,Fail,Detergent,2024-03-07
SMP001833,17,6,Pass,None,2024-03-07
SMP001834,21,16,Pass,None,2024-03-07
SMP001835,22,13,Pass,None,2024-03-07
SMP001836,18,16,Fail,Starch,2024-03-07
SMP001837,4,11,Fail,Starch,2024-03-08
SMP001838,9,6,Pass,None,2024-03-08
SMP001839,24,6,Pass,None,2024-03-08
SMP001840,6,8,Pass,None,2024-03-08
SMP001841,9,6,Fail,Synthetic Color,2024-03-08
SMP001842,12,14,Pass,None,2024-03-08
SMP001843,12,7,Fail,Chalk Powder,2024-03-08
SMP001844,17,5,Pass,None,2024-03-08
SMP001845,25,13,Fail,Detergent,2024-03-08
SMP001846,7,14,Pass,None,2024-03-08
SMP001847,4,6,Fail,Chalk Powder,2024-03-08
SMP001848,5,11,Pass,None,2024-03-08
SMP001849,24,1,Pass,None,2024-03-08
SMP001850,18,9,Pass,None,2024-03-08
SMP001851,8,1,Fail,Starch,2024-03-08
SMP001852,22,1,Pass,None,2024-03-08
SMP001853,23,10,Pass,None,2024-03-08
SMP001854,23,5,Pass,None,2024-03-08
SMP001855,24,12,Pass,None,2024-03-08
SMP001856,7,15,Pass,None,2024-03-08
SMP001857,21,2,Fail,Chalk Powder,2024-03-08
SMP001858,13,12,Pass,None,2024-03-08
SMP001859,23,8,Pass,None,2024-03-08
SMP001860,20,2,Pass,None,2024-03-08
SMP001861,21,11,Pass,None,2024-03-08
SMP001862,18,10,Pass,None,2024-03-08
SMP001863,5,8,Pass,None,2024-03-08
SMP001864,16,15,Fail,Urea,2024-03-09
SMP001865,26,8,Pass,None,2024-03-09
SMP001866,25,16,Pass,None,2024-03-09
SMP001867,2,8,Fail,Urea,2024-03-09
SMP001868,5,2,Pass,None,2024-03-09
SMP001869,4,7,Pass,None,2024-03-09
SMP001870,20,3,Pass,None,2024-03-09
SMP001871,22,10,Pass,None,2024-03-09
SMP001872,6,11,Pass,None,2024-03-09
SMP001873,15,7,Pass,None,2024-03-09
SMP001874,23,2,Pass,None,2024-03-09
SMP001875,20,7,Fail,Formalin,2024-03-09
SMP001876,16,2,Pass,None,2024-03-09
SMP001877,17,11,Pass,None,2024-03-09
SMP001878,15,13,Pass,None,2024-03-09
SMP001879,8,16,Pass,None,2024-03-09
SMP001880,16,3,Fail,Synthetic Color,2024-03-09
SMP001881,19,9,Fail,Chalk Powder,2024-03-09
SMP001882,23,9,Pass,None,2024-03-09
SMP001883,18,15,Fail,Synthetic Color,2024-03-09
SMP001884,21,10,Pass,None,2024-03-09
SMP001885,5,3,Pass,None,2024-03-09
SMP001886,13,6,Fail,Synthetic Color,2024-03-09
SMP001887,1,11,Fail,Detergent,2024-03-09
SMP001888,7,12,Fail,Chalk Powder,2024-03-09
SMP001889,20,15,Fail,Urea,2024-03-09
SMP001890,26,3,Fail,Detergent,2024-03-09
SMP001891,3,16,Pass,None,2024-03-09
SMP001892,11,1,Pass,None,2024-03-10
SMP001893,22,16,Fail,Starch,2024-03-10
SMP001894,5,14,Pass,None,2024-03-10
SMP001895,16,11,Fail,Formalin,2024-03-10
SMP001896,20,12,Pass,None,2024-03-10
SMP001897,17,1,Fail,Chalk Powder,2024-03-10
SMP001898,5,1,Fail,Formalin,2024-03-10
SMP001899,9,2,Pass,None,2024-03-10
SMP001900,22,2,Pass,None,2024-03-10
SMP001901,16,9,Pass,None,2024-03-10
SMP001902,1,4,Pass,None,2024-03-10
SMP001903,21,14,Fail,Detergent,2024-03-10
SMP001904,1,7,Pass,None,2024-03-10
SMP001905,21,11,Pass,None,2024-03-10
SMP001906,5,11,Fail,Chalk Powder,2024-03-10
SMP001907,25,5,Fail,Formalin,2024-03-10
SMP001908,9,4,Pass,None,2024-03-10
SMP001909,9,5,Pass,None,2024-03-10
SMP001910,5,13,Pass,None,2024-03-10
SMP001911,8,10,Pass,None,2024-03-10
SMP001912,23,4,Pass,None,2024-03-10
SMP001913,26,14,Pass,None,2024-03-10
SMP001914,9,1,Pass,None,2024-03-10
SMP001915,13,12,Pass,None,2024-03-10
SMP001916,19,7,Pass,None,2024-03-10
SMP001917,24,12,Pass,None,2024-03-10
SMP001918,17,15,Pass,None,2024-03-10
SMP001919,10,12,Pass,None,2024-03-11
SMP001920,11,7,Pass,None,2024-03-11
SMP001921,19,3,Fail,Detergent,2024-03-11
SMP001922,1,13,Pass,None,2024-03-11
SMP001923,17,7,Pass,None,2024-03-11
SMP001924,9,1,Pass,None,2024-03-11
SMP001925,22,12,Pass,None,2024-03-11
SMP001926,3,5,Pass,None,2024-03-11
SMP001927,17,1,Fail,Synthetic Color,2024-03-11
SMP001928,14,15,Pass,None,2024-03-11
SMP001929,18,8,Fail,Starch,2024-03-11
SMP001930,2,4,Pass,None,2024-03-11
SMP001931,17,12,Fail,Synthetic Color,2024-03-11
SMP001932,16,15,Pass,None,2024-03-11
SMP001933,16,1,Pass,None,2024-03-11
SMP001934,17,11,Pass,None,2024-03-11
SMP001935,19,13,Pass,None,2024-03-11
SMP001936,22,4,Pass,None,2024-03-11
SMP001937,7,8,Pass,None,2024-03-11
SMP001938,23,2,Pass,None,2024-03-11
SMP001939,14,12,Fail,Formalin,2024-03-11
SMP001940,2,14,Fail,Starch,2024-03-11
SMP001941,2,2,Fail,Urea,2024-03-11
SMP001942,9,14,Pass,None,2024-03-11
SMP001943,22,13,Fail,Detergent,2024-03-11
SMP001944,19,5,Pass,None,2024-03-11
SMP001945,22,11,Fail,Starch,2024-03-11
SMP001946,15,1,Pass,None,2024-03-11
SMP001947,12,15,Pass,None,2024-03-12
SMP001948,5,9,Pass,None,2024-03-12
SMP001949,9,10,Pass,None,2024-03-12
SMP001950,12,11,Pass,None,2024-03-12
SMP001951,3,9,Fail,Chalk Powder,2024-03-12
SMP001952,6,14,Pass,None,2024-03-12
SMP001953,17,10,Pass,None,2024-03-12
SMP001954,20,15,Fail,Detergent,2024-03-12
SMP001955,26,10,Fail,Starch,2024-03-12
SMP001956,24,3,Pass,None,2024-03-12
SMP001957,18,15,Fail,Formalin,2024-03-12
SMP001958,12,11,Pass,None,2024-03-12
SMP001959,18,12,Fail,Synthetic Color,2024-03-12
SMP001960,22,16,Pass,None,2024-03-12
SMP001961,4,1,Pass,None,2024-03-12
SMP001962,11,6,Pass,None,2024-03-12
SMP001963,23,4,Fail,Chalk Powder,2024-03-12
SMP001964,10,11,Pass,None,2024-03-12
SMP001965,16,13,Pass,None,2024-03-12
SMP001966,17,16,Pass,None,2024-03-12
SMP001967,5,7,Pass,None,2024-03-12
SMP001968,9,13,Pass,None,2024-03-12
SMP001969,9,15,Pass,None,2024-03-12
SMP001970,1,11,Pass,None,2024-03-12
SMP001971,1,4,Fail,Formalin,2024-03-12
SMP001972,23,10,Pass,None,2024-03-12
SMP001973,7,16,Pass,None,2024-03-12
SMP001974,15,16,Fail,Chalk Powder,2024-03-13
SMP001975,8,11,Pass,None,2024-03-13
SMP001976,25,15,Pass,None,2024-03-13
SMP001977,7,3,Fail,Chalk Powder,2024-03-13
SMP001978,12,4,Fail,Urea,2024-03-13
SMP001979,23,16,Pass,None,2024-03-13
SMP001980,23,2,Pass,None,2024-03-13
SMP001981,5,3,Pass,None,2024-03-13
SMP001982,22,6,Fail,Chalk Powder,2024-03-13
SMP001983,13,10,Pass,None,2024-03-13
SMP001984,14,10,Fail,Formalin,2024-03-13
SMP001985,4,5,Pass,None,2024-03-13
SMP001986,3,15,Pass,None,2024-03-13
SMP001987,20,15,Fail,Starch,2024-03-13
SMP001988,14,6,Fail,Urea,2024-03-13
SMP001989,12,6,Pass,None,2024-03-13
SMP001990,20,12,Fail,Starch,2024-03-13
SMP001991,21,11,Pass,None,2024-03-13
SMP001992,5,6,Pass,None,2024-03-13
SMP001993,17,6,Pass,None,2024-03-13
SMP001994,4,5,Pass,None,2024-03-13
SMP001995,21,4,Pass,None,2024-03-13
SMP001996,18,7,Fail,Synthetic Color,2024-03-13
SMP001997,25,11,Fail,Chalk Powder,2024-03-13
SMP001998,2,12,Pass,None,2024-03-13
SMP001999,2,13,Pass,None,2024-03-13
SMP002000,8,6,Fail,Detergent,2024-03-13
SMP002001,7,13,Pass,None,2024-03-14
SMP002002,7,1,Pass,None,2024-03-14
SMP002003,24,7,Pass,None,2024-03-14
SMP002004,7,13,Pass,None,2024-03-14
SMP002005,7,11,Fail,Synthetic Color,2024-03-14
SMP002006,21,7,Fail,Synthetic Color,2024-03-14
SMP002007,13,11,Pass,None,2024-03-14
SMP002008,21,15,Fail,Chalk Powder,2024-03-14
SMP002009,2,9,Pass,None,2024-03-14
SMP002010,14,13,Pass,None,2024-03-14
SMP002011,1,16,Pass,None,2024-03-14
SMP002012,2,12,Fail,Synthetic Color,2024-03-14
SMP002013,24,9,Fail,Starch,2024-03-14
SMP002014,4,1,Pass,None,2024-03-14
SMP002015,16,6,Pass,None,2024-03-14
SMP002016,11,9,Pass,None,2024-03-14
SMP002017,9,13,Pass,None,2024-03-14
SMP002018,24,7,Pass,None,2024-03-14
SMP002019,1,16,Pass,None,2024-03-14
SMP002020,18,4,Pass,None,2024-03-14
SMP002021,25,12,Pass,None,2024-03-14
SMP002022,16,6,Pass,None,2024-03-14
SMP002023,25,8,Fail,Detergent,2024-03-14
SMP002024,2,13,Fail,Starch,2024-03-14
SMP002025,12,5,Pass,None,2024-03-14
SMP002026,7,2,Fail,Urea,2024-03-14
SMP002027,20,8,Fail,Chalk Powder,2024-03-14
SMP002028,26,9,Pass,None,2024-03-14
SMP002029,7,13,Pass,None,2024-03-15
SMP002030,18,16,Pass,None,2024-03-15
SMP002031,5,1,Pass,None,2024-03-15
SMP002032,16,10,Fail,Starch,2024-03-15
SMP002033,13,11,Fail,Synthetic Color,2024-03-15
SMP002034,25,16,Pass,None,2024-03-15
SMP002035,17,16,Pass,None,2024-03-15
SMP002036,9,12,Pass,None,2024-03-15
SMP002037,4,8,Pass,None,2024-03-15
SMP002038,5,3,Pass,None,2024-03-15
SMP002039,6,6,Fail,Formalin,2024-03-15
SMP002040,7,10,Pass,None,2024-03-15
SMP002041,23,12,Pass,None,2024-03-15
SMP002042,16,11,Pass,None,2024-03-15
SMP002043,15,12,Fail,Formalin,2024-03-15
SMP002044,4,6,Fail,Starch,2024-03-15
SMP002045,23,12,Pass,None,2024-03-15
SMP002046,19,3,Fail,Synthetic Color,2024-03-15
SMP002047,2,3,Pass,None,2024-03-15
SMP002048,19,3,Fail,Synthetic Color,2024-03-15
SMP002049,16,15,Fail,Formalin,2024-03-15
SMP002050,3,2,Fail,Detergent,2024-03-15
SMP002051,13,13,Pass,None,2024-03-15
SMP002052,14,4,Pass,None,2024-03-15
SMP002053,5,7,Pass,None,2024-03-15
SMP002054,25,15,Pass,None,2024-03-15
SMP002055,23,10,Pass,None,2024-03-15
SMP002056,19,4,Pass,None,2024-03-16
SMP002057,13,5,Pass,None,2024-03-16
SMP002058,11,15,Pass,None,2024-03-16
SMP002059,18,6,Pass,None,2024-03-16
SMP002060,16,10,Pass,None,2024-03-16
SMP002061,2,7,Pass,None,2024-03-16
SMP002062,15,6,Pass,None,2024-03-16
SMP002063,22,4,Pass,None,2024-03-16
SMP002064,13,11,Pass,None,2024-03-16
SMP002065,2,12,Pass,None,2024-03-16
SMP002066,22,4,Fail,Detergent,2024-03-16
SMP002067,5,13,Pass,None,2024-03-16
SMP002068,7,14,Pass,None,2024-03-16
SMP002069,5,15,Pass,None,2024-03-16
SMP002070,9,3,Pass,None,2024-03-16
SMP002071,21,5,Pass,None,2024-03-16
SMP002072,15,14,Pass,None,2024-03-16
SMP002073,5,3,Fail,Synthetic Color,2024-03-16
SMP002074,23,1,Fail,Urea,2024-03-16
SMP002075,23,15,Pass,None,2024-03-16
SMP002076,23,5,Pass,None,2024-03-16
SMP002077,6,6,Fail,Urea,2024-03-16
SMP002078,13,7,Pass,None,2024-03-16
SMP002079,26,14,Pass,None,2024-03-16
SMP002080,21,5,Pass,None,2024-03-16
SMP002081,1,15,Pass,None,2024-03-16
SMP002082,2,10,Fail,Urea,2024-03-16
SMP002083,13,9,Pass,None,2024-03-16
SMP002084,24,5,Fail,Chalk Powder,2024-03-17
SMP002085,16,4,Pass,None,2024-03-17
SMP002086,14,10,Fail,Urea,2024-03-17
SMP002087,3,7,Pass,None,2024-03-17
SMP002088,18,15,Fail,Urea,2024-03-17
SMP002089,22,8,Pass,None,2024-03-17
SMP002090,10,8,Pass,None,2024-03-17
SMP002091,21,6,Fail,Formalin,2024-03-17
SMP002092,25,13,Fail,Synthetic Color,2024-03-17
SMP002093,5,6,Pass,None,2024-03-17
SMP002094,15,4,Pass,None,2024-03-17
SMP002095,8,14,Fail,Starch,2024-03-17
SMP002096,22,10,Pass,None,2024-03-17
SMP002097,17,10,Pass,None,2024-03-17
SMP002098,17,10,Fail,Formalin,2024-03-17
SMP002099,22,12,Fail,Formalin,2024-03-17
SMP002100,10,5,Pass,None,2024-03-17
SMP002101,24,1,Fail,Chalk Powder,2024-03-17
SMP002102,16,13,Fail,Synthetic Color,2024-03-17
SMP002103,5,2,Pass,None,2024-03-17
SMP002104,19,12,Fail,Detergent,2024-03-17
SMP002105,22,2,Pass,None,2024-03-17
SMP002106,8,6,Fail,Formalin,2024-03-17
SMP002107,23,1,Pass,None,2024-03-17
SMP002108,24,8,Pass,None,2024-03-17
SMP002109,7,11,Pass,None,2024-03-17
SMP002110,26,3,Pass,None,2024-03-17
SMP002111,4,6,Pass,None,2024-03-18
SMP002112,5,15,Pass,None,2024-03-18
SMP002113,5,7,Pass,None,2024-03-18
SMP002114,24,13,Pass,None,2024-03-18
SMP002115,18,15,Fail,Formalin,2024-03-18
SMP002116,5,16,Pass,None,2024-03-18
SMP002117,12,15,Fail,Chalk Powder,2024-03-18
SMP002118,17,5,Pass,None,2024-03-18
SMP002119,3,16,Pass,None,2024-03-18
SMP002120,23,13,Fail,Starch,2024-03-18
SMP002121,22,14,Fail,Urea,2024-03-18
SMP002122,15,1,Pass,None,2024-03-18
SMP002123,25,16,Pass,None,2024-03-18
SMP002124,12,13,Pass,None,2024-03-18
SMP002125,26,13,Pass,None,2024-03-18
SMP002126,19,2,Fail,Formalin,2024-03-18
SMP002127,17,4,Pass,None,2024-03-18
SMP002128,5,16,Pass,None,2024-03-18
SMP002129,23,8,Pass,None,2024-03-18
SMP002130,12,6,Fail,Urea,2024-03-18
SMP002131,5,14,Pass,None,2024-03-18
SMP002132,1,2,Fail,Synthetic Color,2024-03-18
SMP002133,16,6,Fail,Formalin,2024-03-18
SMP002134,15,6,Pass,None,2024-03-18
SMP002135,19,5,Pass,None,2024-03-18
SMP002136,24,5,Fail,Starch,2024-03-18
SMP002137,3,4,Pass,None,2024-03-18
SMP002138,20,3,Pass,None,2024-03-19
SMP002139,5,11,Fail,Starch,2024-03-19
SMP002140,23,15,Pass,None,2024-03-19
SMP002141,22,8,Pass,None,2024-03-19
SMP002142,16,5,Fail,Synthetic Color,2024-03-19
SMP002143,19,3,Fail,Urea,2024-03-19
SMP002144,8,14,Pass,None,2024-03-19
SMP002145,13,16,Fail,Detergent,2024-03-19
SMP002146,22,5,Pass,None,2024-03-19
SMP002147,13,5,Pass,None,2024-03-19
SMP002148,9,10,Pass,None,2024-03-19
SMP002149,14,13,Pass,None,2024-03-19
SMP002150,23,7,Pass,None,2024-03-19
SMP002151,9,11,Pass,None,2024-03-19
SMP002152,5,12,Fail,Synthetic Color,2024-03-19
SMP002153,19,16,Fail,Detergent,2024-03-19
SMP002154,23,3,Pass,None,2024-03-19
SMP002155,3,16,Fail,Starch,2024-03-19
SMP002156,7,6,Fail,Starch,2024-03-19
SMP002157,5,12,Pass,None,2024-03-19
SMP002158,9,9,Fail,Formalin,2024-03-19
SMP002159,13,8,Pass,None,2024-03-19
SMP002160,21,11,Pass,None,2024-03-19
SMP002161,18,6,Pass,None,2024-03-19
SMP002162,17,2,Pass,None,2024-03-19
SMP002163,9,8,Pass,None,2024-03-19
SMP002164,23,8,Pass,None,2024-03-19
SMP002165,13,4,Pass,None,2024-03-19
SMP002166,25,16,Fail,Starch,2024-03-20
SMP002167,17,4,Pass,None,2024-03-20
SMP002168,4,6,Pass,None,2024-03-20
SMP002169,19,3,Pass,None,2024-03-20
SMP002170,9,9,Pass,None,2024-03-20
SMP002171,19,5,Pass,None,2024-03-20
SMP002172,2,8,Fail,Urea,2024-03-20
SMP002173,5,4,Fail,Starch,2024-03-20
SMP002174,23,1,Fail,Chalk Powder,2024-03-20
SMP002175,6,13,Fail,Formalin,2024-03-20
SMP002176,23,11,Pass,None,2024-03-20
SMP002177,7,5,Pass,None,2024-03-20
SMP002178,18,1,Fail,Synthetic Color,2024-03-20
SMP002179,19,15,Pass,None,2024-03-20
SMP002180,15,3,Pass,None,2024-03-20
SMP002181,8,15,Pass,None,2024-03-20
SMP002182,6,7,Pass,None,2024-03-20
SMP002183,1,5,Pass,None,2024-03-20
SMP002184,8,12,Fail,Chalk Powder,2024-03-20
SMP002185,18,15,Pass,None,2024-03-20
SMP002186,25,6,Pass,None,2024-03-20
SMP002187,23,6,Pass,None,2024-03-20
SMP002188,21,6,Pass,None,2024-03-20
SMP002189,22,15,Fail,Formalin,2024-03-20
SMP002190,18,11,Fail,Synthetic Color,2024-03-20
SMP002191,7,4,Fail,Formalin,2024-03-20
SMP002192,24,3,Pass,None,2024-03-20
SMP002193,19,4,Pass,None,2024-03-21
SMP002194,16,4,Fail,Starch,2024-03-21
SMP002195,3,4,Fail,Detergent,2024-03-21
SMP002196,13,11,Pass,None,2024-03-21
SMP002197,13,2,Pass,None,2024-03-21
SMP002198,23,6,Pass,None,2024-03-21
SMP002199,16,10,Fail,Chalk Powder,2024-03-21
SMP002200,10,5,Pass,None,2024-03-21
SMP002201,25,1,Fail,Urea,2024-03-21
SMP002202,3,2,Pass,None,2024-03-21
SMP002203,12,2,Pass,None,2024-03-21
SMP002204,2,14,Pass,None,2024-03-21
SMP002205,21,11,Pass,None,2024-03-21
SMP002206,24,1,Fail,Detergent,2024-03-21
SMP002207,7,6,Pass,None,2024-03-21
SMP002208,23,4,Pass,None,2024-03-21
SMP002209,8,9,Pass,None,2024-03-21
SMP002210,24,8,Fail,Urea,2024-03-21
SMP002211,21,8,Pass,None,2024-03-21
SMP002212,22,5,Pass,None,2024-03-21
SMP002213,1,2,Fail,Starch,2024-03-21
SMP002214,25,12,Pass,None,2024-03-21
SMP002215,20,15,Pass,None,2024-03-21
SMP002216,8,16,Fail,Chalk Powder,2024-03-21
SMP002217,23,1,Pass,None,2024-03-21
SMP002218,8,12,Pass,None,2024-03-21
SMP002219,23,12,Pass,None,2024-03-21
SMP002220,3,16,Pass,None,2024-03-21
SMP002221,19,4,Pass,None,2024-03-22
SMP002222,16,12,Pass,None,2024-03-22
SMP002223,3,1,Fail,Formalin,2024-03-22
SMP002224,7,11,Pass,None,2024-03-22
SMP002225,1,5,Pass,None,2024-03-22
SMP002226,13,13,Pass,None,2024-03-22
SMP002227,8,15,Pass,None,2024-03-22
SMP002228,17,6,Pass,None,2024-03-22
SMP002229,8,8,Fail,Formalin,2024-03-22
SMP002230,8,2,Pass,None,2024-03-22
SMP002231,21,6,Pass,None,2024-03-22
SMP002232,2,6,Pass,None,2024-03-22
SMP002233,24,3,Pass,None,2024-03-22
SMP002234,23,15,Fail,Synthetic Color,2024-03-22
SMP002235,19,3,Pass,None,2024-03-22
SMP002236,17,11,Pass,None,2024-03-22
SMP002237,24,15,Pass,None,2024-03-22
SMP002238,5,15,Fail,Detergent,2024-03-22
SMP002239,2,13,Pass,None,2024-03-22
SMP002240,7,3,Pass,None,2024-03-22
SMP002241,22,14,Pass,None,2024-03-22
SMP002242,1,4,Pass,None,2024-03-22
SMP002243,17,15,Pass,None,2024-03-22
SMP002244,26,12,Fail,Urea,2024-03-22
SMP002245,23,13,Pass,None,2024-03-22
SMP002246,15,2,Pass,None,2024-03-22
SMP002247,2,10,Pass,None,2024-03-22
SMP002248,23,14,Pass,None,2024-03-23
SMP002249,17,14,Pass,None,2024-03-23
SMP002250,4,1,Pass,None,2024-03-23
SMP002251,3,16,Fail,Formalin,2024-03-23
SMP002252,24,1,Fail,Starch,2024-03-23
SMP002253,19,10,Pass,None,2024-03-23
SMP002254,23,11,Pass,None,2024-03-23
SMP002255,23,2,Pass,None,2024-03-23
SMP002256,16,1,Pass,None,2024-03-23
SMP002257,15,13,Pass,None,2024-03-23
SMP002258,12,6,Pass,None,2024-03-23
SMP002259,8,2,Fail,Formalin,2024-03-23
SMP002260,12,13,Fail,Synthetic Color,2024-03-23
SMP002261,21,14,Pass,None,2024-03-23
SMP002262,17,10,Pass,None,2024-03-23
SMP002263,24,3,Pass,None,2024-03-23
SMP002264,13,1,Pass,None,2024-03-23
SMP002265,17,12,Pass,None,2024-03-23
SMP002266,17,9,Fail,Chalk Powder,2024-03-23
SMP002267,17,11,Pass,None,2024-03-23
SMP002268,19,13,Pass,None,2024-03-23
SMP002269,6,6,Pass,None,2024-03-23
SMP002270,15,2,Pass,None,2024-03-23
SMP002271,3,16,Pass,None,2024-03-23
SMP002272,10,9,Pass,None,2024-03-23
SMP002273,14,10,Pass,None,2024-03-23
SMP002274,18,16,Pass,None,2024-03-23
SMP002275,25,15,Pass,None,2024-03-24
SMP002276,17,9,Pass,None,2024-03-24
SMP002277,21,5,Fail,Formalin,2024-03-24
SMP002278,15,16,Pass,None,2024-03-24
SMP002279,17,11,Pass,None,2024-03-24
SMP002280,2,6,Fail,Starch,2024-03-24
SMP002281,7,9,Pass,None,2024-03-24
SMP002282,9,6,Pass,None,2024-03-24
SMP002283,13,15,Pass,None,2024-03-24
SMP002284,2,8,Pass,None,2024-03-24
SMP002285,4,14,Fail,Formalin,2024-03-24
SMP002286,7,14,Pass,None,2024-03-24
SMP002287,25,14,Fail,Urea,2024-03-24
SMP002288,9,12,Pass,None,2024-03-24
SMP002289,14,14,Pass,None,2024-03-24
SMP002290,5,6,Pass,None,2024-03-24
SMP002291,17,2,Pass,None,2024-03-24
SMP002292,7,14,Pass,None,2024-03-24
SMP002293,5,8,Pass,None,2024-03-24
SMP002294,15,2,Fail,Urea,2024-03-24
SMP002295,1,2,Fail,Formalin,2024-03-24
SMP002296,1,3,Fail,Starch,2024-03-24
SMP002297,6,12,Pass,None,2024-03-24
SMP002298,2,12,Pass,None,2024-03-24
SMP002299,3,4,Pass,None,2024-03-24
SMP002300,9,14,Pass,None,2024-03-24
SMP002301,22,4,Fail,Chalk Powder,2024-03-24
SMP002302,16,13,Pass,None,2024-03-24
SMP002303,15,8,Pass,None,2024-03-25
SMP002304,8,12,Fail,Starch,2024-03-25
SMP002305,24,6,Pass,None,2024-03-25
SMP002306,10,5,Fail,Formalin,2024-03-25
SMP002307,3,14,Pass,None,2024-03-25
SMP002308,17,1,Pass,None,2024-03-25
SMP002309,4,16,Pass,None,2024-03-25
SMP002310,9,11,Pass,None,2024-03-25
SMP002311,15,6,Pass,None,2024-03-25
SMP002312,23,10,Pass,None,2024-03-25
SMP002313,14,2,Pass,None,2024-03-25
SMP002314,19,8,Fail,Starch,2024-03-25
SMP002315,26,16,Pass,None,2024-03-25
SMP002316,4,4,Pass,None,2024-03-25
SMP002317,7,12,Pass,None,2024-03-25
SMP002318,10,6,Fail,Urea,2024-03-25
SMP002319,12,11,Fail,Urea,2024-03-25
SMP002320,11,4,Pass,None,2024-03-25
SMP002321,24,7,Fail,Urea,2024-03-25
SMP002322,19,16,Pass,None,2024-03-25
SMP002323,17,3,Pass,None,2024-03-25
SMP002324,8,11,Pass,None,2024-03-25
SMP002325,22,9,Fail,Synthetic Color,2024-03-25
SMP002326,25,9,Pass,None,2024-03-25
SMP002327,22,10,Pass,None,2024-03-25
SMP002328,1,8,Pass,None,2024-03-25
SMP002329,18,1,Pass,None,2024-03-25
SMP002330,2,15,Pass,None,2024-03-26
SMP002331,7,14,Pass,None,2024-03-26
SMP002332,2,3,Pass,None,2024-03-26
SMP002333,17,6,Fail,Chalk Powder,2024-03-26
SMP002334,19,13,Fail,Detergent,2024-03-26
SMP002335,4,16,Pass,None,2024-03-26
SMP002336,10,16,Fail,Urea,2024-03-26
SMP002337,13,15,Pass,None,2024-03-26
SMP002338,9,3,Pass,None,2024-03-26
SMP002339,4,15,Pass,None,2024-03-26
SMP002340,12,15,Pass,None,2024-03-26
SMP002341,21,6,Pass,None,2024-03-26
SMP002342,2,6,Fail,Formalin,2024-03-26
SMP002343,3,7,Pass,None,2024-03-26
SMP002344,9,11,Fail,Chalk Powder,2024-03-26
SMP002345,25,4,Pass,None,2024-03-26
SMP002346,19,1,Fail,Synthetic Color,2024-03-26
SMP002347,19,2,Pass,None,2024-03-26
SMP002348,9,7,Fail,Formalin,2024-03-26
SMP002349,17,5,Pass,None,2024-03-26
SMP002350,1,13,Pass,None,2024-03-26
SMP002351,18,2,Fail,Starch,2024-03-26
SMP002352,24,15,Pass,None,2024-03-26
SMP002353,17,15,Fail,Detergent,2024-03-26
SMP002354,23,15,Pass,None,2024-03-26
SMP002355,19,12,Pass,None,2024-03-26
SMP002356,4,2,Pass,None,2024-03-26
SMP002357,24,7,Fail,Synthetic Color,2024-03-26
SMP002358,2,2,Fail,Starch,2024-03-27
SMP002359,16,16,Pass,None,2024-03-27
SMP002360,5,5,Pass,None,2024-03-27
SMP002361,1,10,Pass,None,2024-03-27
SMP002362,12,13,Pass,None,2024-03-27
SMP002363,8,15,Pass,None,2024-03-27
SMP002364,14,12,Pass,None,2024-03-27
SMP002365,17,11,Fail,Starch,2024-03-27
SMP002366,2,7,Fail,Urea,2024-03-27
SMP002367,4,10,Pass,None,2024-03-27
SMP002368,16,2,Fail,Formalin,2024-03-27
SMP002369,9,15,Pass,None,2024-03-27
SMP002370,20,9,Pass,None,2024-03-27
SMP002371,18,1,Pass,None,2024-03-27
SMP002372,23,15,Fail,Starch,2024-03-27
SMP002373,19,8,Pass,None,2024-03-27
SMP002374,12,15,Pass,None,2024-03-27
SMP002375,19,14,Pass,None,2024-03-27
SMP002376,7,14,Pass,None,2024-03-27
SMP002377,8,1,Fail,Chalk Powder,2024-03-27
SMP002378,22,4,Pass,None,2024-03-27
SMP002379,13,15,Pass,None,2024-03-27
SMP002380,22,15,Pass,None,2024-03-27
SMP002381,22,7,Fail,Starch,2024-03-27
SMP002382,23,7,Pass,None,2024-03-27
SMP002383,24,3,Pass,None,2024-03-27
SMP002384,12,16,Pass,None,2024-03-27
SMP002385,9,4,Fail,Starch,2024-03-28
SMP002386,17,3,Pass,None,2024-03-28
SMP002387,9,11,Fail,Detergent,2024-03-28
SMP002388,17,4,Pass,None,2024-03-28
SMP002389,19,16,Pass,None,2024-03-28
SMP002390,19,1,Pass,None,2024-03-28
SMP002391,9,1,Fail,Synthetic Color,2024-03-28
SMP002392,5,8,Pass,None,2024-03-28
SMP002393,12,8,Pass,None,2024-03-28
SMP002394,5,3,Pass,None,2024-03-28
SMP002395,24,8,Pass,None,2024-03-28
SMP002396,9,6,Pass,None,2024-03-28
SMP002397,5,15,Pass,None,2024-03-28
SMP002398,1,1,Pass,None,2024-03-28
SMP002399,18,16,Pass,None,2024-03-28
SMP002400,18,10,Fail,Chalk Powder,2024-03-28
SMP002401,9,3,Pass,None,2024-03-28
SMP002402,2,1,Fail,Chalk Powder,2024-03-28
SMP002403,11,9,Fail,Chalk Powder,2024-03-28
SMP002404,8,4,Pass,None,2024-03-28
SMP002405,19,5,Pass,None,2024-03-28
SMP002406,17,4,Fail,Urea,2024-03-28
SMP002407,9,11,Fail,Synthetic Color,2024-03-28
SMP002408,6,9,Fail,Starch,2024-03-28
SMP002409,26,2,Fail,Chalk Powder,2024-03-28
SMP002410,13,9,Pass,None,2024-03-28
SMP002411,19,13,Pass,None,2024-03-28
SMP002412,4,2,Pass,None,2024-03-29
SMP002413,14,15,Fail,Detergent,2024-03-29
SMP002414,1,9,Pass,None,2024-03-29
SMP002415,15,16,Fail,Starch,2024-03-29
SMP002416,25,3,Pass,None,2024-03-29
SMP002417,10,16,Fail,Formalin,2024-03-29
SMP002418,2,11,Pass,None,2024-03-29
SMP002419,1,9,Fail,Synthetic Color,2024-03-29
SMP002420,10,8,Pass,None,2024-03-29
SMP002421,5,1,Fail,Urea,2024-03-29
SMP002422,1,16,Fail,Detergent,2024-03-29
SMP002423,21,11,Pass,None,2024-03-29
SMP002424,13,2,Pass,None,2024-03-29
SMP002425,8,1,Pass,None,2024-03-29
SMP002426,24,1,Pass,None,2024-03-29
SMP002427,4,10,Pass,None,2024-03-29
SMP002428,25,10,Pass,None,2024-03-29
SMP002429,8,8,Pass,None,2024-03-29
SMP002430,24,5,Pass,None,2024-03-29
SMP002431,17,9,Fail,Synthetic Color,2024-03-29
SMP002432,23,8,Pass,None,2024-03-29
SMP002433,26,1,Pass,None,2024-03-29
SMP002434,8,5,Pass,None,2024-03-29
SMP002435,25,1,Pass,None,2024-03-29
SMP002436,10,15,Pass,None,2024-03-29
SMP002437,10,12,Pass,None,2024-03-29
SMP002438,9,16,Fail,Starch,2024-03-29
SMP002439,16,5,Fail,Urea,2024-03-29
SMP002440,5,15,Fail,Detergent,2024-03-30
SMP002441,16,10,Pass,None,2024-03-30
SMP002442,16,7,Pass,None,2024-03-30
SMP002443,21,4,Pass,None,2024-03-30
SMP002444,23,12,Fail,Chalk Powder,2024-03-30
SMP002445,12,15,Fail,Starch,2024-03-30
SMP002446,8,4,Fail,Starch,2024-03-30
SMP002447,7,3,Fail,Synthetic Color,2024-03-30
SMP002448,5,11,Pass,None,2024-03-30
SMP002449,2,16,Pass,None,2024-03-30
SMP002450,9,12,Pass,None,2024-03-30
SMP002451,7,5,Pass,None,2024-03-30
SMP002452,25,6,Pass,None,2024-03-30
SMP002453,16,6,Pass,None,2024-03-30
SMP002454,9,14,Pass,None,2024-03-30
SMP002455,17,13,Pass,None,2024-03-30
SMP002456,4,10,Fail,Starch,2024-03-30
SMP002457,13,4,Pass,None,2024-03-30
SMP002458,17,16,Fail,Starch,2024-03-30
SMP002459,14,11,Pass,None,2024-03-30
SMP002460,11,16,Pass,None,2024-03-30
SMP002461,26,10,Pass,None,2024-03-30
SMP002462,23,14,Pass,None,2024-03-30
SMP002463,17,13,Fail,Detergent,2024-03-30
SMP002464,16,5,Pass,None,2024-03-30
SMP002465,17,16,Pass,None,2024-03-30
SMP002466,5,1,Fail,Starch,2024-03-30
SMP002467,10,13,Pass,None,2024-03-31
SMP002468,2,16,Pass,None,2024-03-31
SMP002469,14,5,Fail,Formalin,2024-03-31
SMP002470,16,11,Fail,Formalin,2024-03-31
SMP002471,6,9,Pass,None,2024-03-31
SMP002472,25,13,Pass,None,2024-03-31
SMP002473,24,15,Fail,Urea,2024-03-31
SMP002474,19,10,Pass,None,2024-03-31
SMP002475,16,14,Pass,None,2024-03-31
SMP002476,23,5,Pass,None,2024-03-31
SMP002477,4,4,Pass,None,2024-03-31
SMP002478,22,6,Fail,Chalk Powder,2024-03-31
SMP002479,4,11,Fail,Formalin,2024-03-31
SMP002480,22,3,Fail,Chalk Powder,2024-03-31
SMP002481,7,11,Pass,None,2024-03-31
SMP002482,23,6,Pass,None,2024-03-31
SMP002483,25,13,Pass,None,2024-03-31
SMP002484,5,1,Pass,None,2024-03-31
SMP002485,13,11,Pass,None,2024-03-31
SMP002486,26,11,Fail,Formalin,2024-03-31
SMP002487,14,16,Pass,None,2024-03-31
SMP002488,23,12,Fail,Synthetic Color,2024-03-31
SMP002489,17,13,Pass,None,2024-03-31
SMP002490,9,15,Pass,None,2024-03-31
SMP002491,8,11,Pass,None,2024-03-31
SMP002492,5,5,Pass,None,2024-03-31
SMP002493,21,15,Fail,Formalin,2024-03-31
SMP002494,10,12,Fail,Starch,2024-03-31
SMP002495,15,6,Pass,None,2024-04-01
SMP002496,14,12,Pass,None,2024-04-01
SMP002497,17,15,Fail,Synthetic Color,2024-04-01
SMP002498,23,16,Fail,Formalin,2024-04-01
SMP002499,25,16,Fail,Starch,2024-04-01
SMP002500,11,5,Pass,None,2024-04-01
SMP002501,23,6,Pass,None,2024-04-01
SMP002502,21,2,Pass,None,2024-04-01
SMP002503,17,4,Pass,None,2024-04-01
SMP002504,25,15,Pass,None,2024-04-01
SMP002505,5,6,Fail,Urea,2024-04-01
SMP002506,3,10,Pass,None,2024-04-01
SMP002507,23,11,Pass,None,2024-04-01
SMP002508,12,13,Fail,Synthetic Color,2024-04-01
SMP002509,23,3,Pass,None,2024-04-01
SMP002510,24,5,Pass,None,2024-04-01
SMP002511,2,7,Pass,None,2024-04-01
SMP002512,23,6,Pass,None,2024-04-01
SMP002513,13,16,Pass,None,2024-04-01
SMP002514,15,14,Pass,None,2024-04-01
SMP002515,17,8,Pass,None,2024-04-01
SMP002516,24,15,Pass,None,2024-04-01
SMP002517,1,5,Fail,Starch,2024-04-01
SMP002518,14,13,Pass,None,2024-04-01
SMP002519,19,4,Fail,Synthetic Color,2024-04-01
SMP002520,19,13,Pass,None,2024-04-01
SMP002521,19,7,Pass,None,2024-04-01
SMP002522,4,2,Fail,Urea,2024-04-02
SMP002523,8,4,Pass,None,2024-04-02
SMP002524,9,6,Pass,None,2024-04-02
SMP002525,22,12,Pass,None,2024-04-02
SMP002526,7,1,Pass,None,2024-04-02
SMP002527,6,11,Pass,None,2024-04-02
SMP002528,25,12,Pass,None,2024-04-02
SMP002529,1,11,Fail,Urea,2024-04-02
SMP002530,26,13,Fail,Synthetic Color,2024-04-02
SMP002531,19,3,Fail,Starch,2024-04-02
SMP002532,23,10,Pass,None,2024-04-02
SMP002533,8,16,Fail,Detergent,2024-04-02
SMP002534,1,10,Pass,None,2024-04-02
SMP002535,20,10,Pass,None,2024-04-02
SMP002536,23,12,Pass,None,2024-04-02
SMP002537,21,5,Fail,Synthetic Color,2024-04-02
SMP002538,5,12,Pass,None,2024-04-02
SMP002539,21,15,Pass,None,2024-04-02
SMP002540,21,1,Pass,None,2024-04-02
SMP002541,18,15,Pass,None,2024-04-02
SMP002542,21,4,Pass,None,2024-04-02
SMP002543,23,7,Fail,Chalk Powder,2024-04-02
SMP002544,17,14,Pass,None,2024-04-02
SMP002545,3,14,Pass,None,2024-04-02
SMP002546,14,15,Pass,None,2024-04-02
SMP002547,2,16,Pass,None,2024-04-02
SMP002548,11,7,Pass,None,2024-04-02
SMP002549,11,11,Pass,None,2024-04-03
SMP002550,2,6,Pass,None,2024-04-03
SMP002551,9,5,Pass,None,2024-04-03
SMP002552,3,6,Pass,None,2024-04-03
SMP002553,22,12,Pass,None,2024-04-03
SMP002554,25,8,Fail,Detergent,2024-04-03
SMP002555,2,13,Pass,None,2024-04-03
SMP002556,25,12,Fail,Chalk Powder,2024-04-03
SMP002557,15,1,Pass,None,2024-04-03
SMP002558,8,11,Pass,None,2024-04-03
SMP002559,2,6,Pass,None,2024-04-03
SMP002560,14,7,Pass,None,2024-04-03
SMP002561,22,14,Pass,None,2024-04-03
SMP002562,19,9,Pass,None,2024-04-03
SMP002563,2,15,Pass,None,2024-04-03
SMP002564,2,12,Pass,None,2024-04-03
SMP002565,11,9,Pass,None,2024-04-03
SMP002566,8,12,Pass,None,2024-04-03
SMP002567,6,1,Pass,None,2024-04-03
SMP002568,7,1,Pass,None,2024-04-03
SMP002569,22,2,Pass,None,2024-04-03
SMP002570,24,7,Pass,None,2024-04-03
SMP002571,11,4,Pass,None,2024-04-03
SMP002572,24,16,Fail,Starch,2024-04-03
SMP002573,9,9,Fail,Chalk Powder,2024-04-03
SMP002574,14,11,Fail,Formalin,2024-04-03
SMP002575,6,4,Pass,None,2024-04-03
SMP002576,18,5,Pass,None,2024-04-03
SMP002577,25,5,Pass,None,2024-04-04
SMP002578,17,12,Pass,None,2024-04-04
SMP002579,9,7,Pass,None,2024-04-04
SMP002580,18,8,Pass,None,2024-04-04
SMP002581,4,10,Pass,None,2024-04-04
SMP002582,24,13,Pass,None,2024-04-04
SMP002583,14,2,Pass,None,2024-04-04
SMP002584,13,13,Pass,None,2024-04-04
SMP002585,17,9,Fail,Synthetic Color,2024-04-04
SMP002586,17,11,Fail,Urea,2024-04-04
SMP002587,2,5,Fail,Chalk Powder,2024-04-04
SMP002588,19,6,Pass,None,2024-04-04
SMP002589,7,4,Pass,None,2024-04-04
SMP002590,19,16,Pass,None,2024-04-04
SMP002591,22,8,Fail,Chalk Powder,2024-04-04
SMP002592,22,16,Pass,None,2024-04-04
SMP002593,16,8,Pass,None,2024-04-04
SMP002594,15,4,Pass,None,2024-04-04
SMP002595,5,8,Fail,Formalin,2024-04-04
SMP002596,21,1,Pass,None,2024-04-04
SMP002597,7,15,Pass,None,2024-04-04
SMP002598,14,14,Pass,None,2024-04-04
SMP002599,8,12,Pass,None,2024-04-04
SMP002600,4,10,Fail,Starch,2024-04-04
SMP002601,17,10,Pass,None,2024-04-04
SMP002602,2,16,Pass,None,2024-04-04
SMP002603,21,4,Fail,Urea,2024-04-04
SMP002604,8,13,Pass,None,2024-04-05
SMP002605,1,10,Pass,None,2024-04-05
SMP002606,15,16,Pass,None,2024-04-05
SMP002607,2,14,Pass,None,2024-04-05
SMP002608,7,16,Pass,None,2024-04-05
SMP002609,19,10,Pass,None,2024-04-05
SMP002610,2,4,Pass,None,2024-04-05
SMP002611,23,8,Pass,None,2024-04-05
SMP002612,1,12,Fail,Synthetic Color,2024-04-05
SMP002613,7,13,Pass,None,2024-04-05
SMP002614,21,1,Pass,None,2024-04-05
SMP002615,8,8,Pass,None,2024-04-05
SMP002616,3,4,Pass,None,2024-04-05
SMP002617,9,15,Pass,None,2024-04-05
SMP002618,7,3,Pass,None,2024-04-05
SMP002619,23,11,Pass,None,2024-04-05
SMP002620,8,4,Pass,None,2024-04-05
SMP002621,22,5,Fail,Starch,2024-04-05
SMP002622,24,16,Pass,None,2024-04-05
SMP002623,12,4,Fail,Synthetic Color,2024-04-05
SMP002624,24,2,Pass,None,2024-04-05
SMP002625,9,1,Pass,None,2024-04-05
SMP002626,25,8,Fail,Formalin,2024-04-05
SMP002627,3,11,Fail,Synthetic Color,2024-04-05
SMP002628,19,5,Fail,Chalk Powder,2024-04-05
SMP002629,14,11,Fail,Urea,2024-04-05
SMP002630,10,1,Pass,None,2024-04-05
SMP002631,17,14,Pass,None,2024-04-05
SMP002632,19,14,Fail,Synthetic Color,2024-04-06
SMP002633,1,16,Fail,Formalin,2024-04-06
SMP002634,5,16,Pass,None,2024-04-06
SMP002635,19,5,Fail,Formalin,2024-04-06
SMP002636,18,6,Pass,None,2024-04-06
SMP002637,25,12,Fail,Urea,2024-04-06
SMP002638,21,2,Pass,None,2024-04-06
SMP002639,25,5,Pass,None,2024-04-06
SMP002640,19,2,Fail,Detergent,2024-04-06
SMP002641,8,7,Pass,None,2024-04-06
SMP002642,3,9,Pass,None,2024-04-06
SMP002643,22,4,Pass,None,2024-04-06
SMP002644,18,1,Pass,None,2024-04-06
SMP002645,2,12,Fail,Chalk Powder,2024-04-06
SMP002646,9,1,Pass,None,2024-04-06
SMP002647,25,16,Pass,None,2024-04-06
SMP002648,14,4,Pass,None,2024-04-06
SMP002649,12,11,Fail,Detergent,2024-04-06
SMP002650,13,6,Pass,None,2024-04-06
SMP002651,5,1,Pass,None,2024-04-06
SMP002652,9,7,Pass,None,2024-04-06
SMP002653,9,8,Pass,None,2024-04-06
SMP002654,2,14,Fail,Synthetic Color,2024-04-06
SMP002655,21,12,Fail,Formalin,2024-04-06
SMP002656,12,2,Fail,Starch,2024-04-06
SMP002657,22,4,Fail,Starch,2024-04-06
SMP002658,23,5,Fail,Formalin,2024-04-06
SMP002659,6,2,Fail,Starch,2024-04-07
SMP002660,18,7,Fail,Chalk Powder,2024-04-07
SMP002661,13,16,Fail,Urea,2024-04-07
SMP002662,23,8,Pass,None,2024-04-07
SMP002663,6,12,Fail,Synthetic Color,2024-04-07
SMP002664,19,11,Fail,Formalin,2024-04-07
SMP002665,17,14,Pass,None,2024-04-07
SMP002666,8,4,Fail,Synthetic Color,2024-04-07
SMP002667,4,12,Fail,Urea,2024-04-07
SMP002668,18,15,Fail,Starch,2024-04-07
SMP002669,20,3,Pass,None,2024-04-07
SMP002670,8,5,Pass,None,2024-04-07
SMP002671,18,16,Fail,Formalin,2024-04-07
SMP002672,10,13,Pass,None,2024-04-07
SMP002673,19,5,Pass,None,2024-04-07
SMP002674,5,9,Pass,None,2024-04-07
SMP002675,24,6,Pass,None,2024-04-07
SMP002676,8,8,Pass,None,2024-04-07
SMP002677,9,5,Fail,Chalk Powder,2024-04-07
SMP002678,2,4,Pass,None,2024-04-07
SMP002679,3,11,Pass,None,2024-04-07
SMP002680,15,13,Pass,None,2024-04-07
SMP002681,7,15,Pass,None,2024-04-07
SMP002682,23,3,Fail,Urea,2024-04-07
SMP002683,1,14,Pass,None,2024-04-07
SMP002684,10,4,Pass,None,2024-04-07
SMP002685,9,6,Pass,None,2024-04-07
SMP002686,1,15,Pass,None,2024-04-08
SMP002687,4,7,Pass,None,2024-04-08
SMP002688,12,3,Fail,Urea,2024-04-08
SMP002689,14,3,Pass,None,2024-04-08
SMP002690,11,7,Pass,None,2024-04-08
SMP002691,16,13,Pass,None,2024-04-08
SMP002692,17,16,Pass,None,2024-04-08
SMP002693,1,13,Pass,None,2024-04-08
SMP002694,13,15,Fail,Chalk Powder,2024-04-08
SMP002695,25,12,Fail,Synthetic Color,2024-04-08
SMP002696,15,15,Fail,Formalin,2024-04-08
SMP002697,19,2,Pass,None,2024-04-08
SMP002698,8,15,Pass,None,2024-04-08
SMP002699,21,6,Fail,Synthetic Color,2024-04-08
SMP002700,21,15,Pass,None,2024-04-08
SMP002701,15,2,Fail,Synthetic Color,2024-04-08
SMP002702,25,12,Fail,Urea,2024-04-08
SMP002703,4,12,Pass,None,2024-04-08
SMP002704,1,16,Pass,None,2024-04-08
SMP002705,21,13,Pass,None,2024-04-08
SMP002706,22,6,Pass,None,2024-04-08
SMP002707,4,9,Pass,None,2024-04-08
SMP002708,7,6,Pass,None,2024-04-08
SMP002709,1,3,Pass,None,2024-04-08
SMP002710,8,4,Fail,Synthetic Color,2024-04-08
SMP002711,21,4,Pass,None,2024-04-08
SMP002712,15,9,Pass,None,2024-04-08
SMP002713,9,15,Pass,None,2024-04-08
SMP002714,9,15,Fail,Starch,2024-04-09
SMP002715,1,1,Fail,Starch,2024-04-09
SMP002716,8,2,Pass,None,2024-04-09
SMP002717,18,4,Pass,None,2024-04-09
SMP002718,25,4,Fail,Urea,2024-04-09
SMP002719,23,2,Pass,None,2024-04-09
SMP002720,1,6,Pass,None,2024-04-09
SMP002721,24,10,Pass,None,2024-04-09
SMP002722,22,9,Pass,None,2024-04-09
SMP002723,22,9,Fail,Synthetic Color,2024-04-09
SMP002724,13,5,Pass,None,2024-04-09
SMP002725,10,12,Pass,None,2024-04-09
SMP002726,8,14,Pass,None,2024-04-09
SMP002727,2,5,Fail,Starch,2024-04-09
SMP002728,6,2,Fail,Detergent,2024-04-09
SMP002729,7,5,Pass,None,2024-04-09
SMP002730,14,2,Fail,Detergent,2024-04-09
SMP002731,21,7,Pass,None,2024-04-09
SMP002732,13,3,Pass,None,2024-04-09
SMP002733,2,7,Fail,Synthetic Color,2024-04-09
SMP002734,25,4,Pass,None,2024-04-09
SMP002735,25,12,Pass,None,2024-04-09
SMP002736,22,1,Pass,None,2024-04-09
SMP002737,26,9,Pass,None,2024-04-09
SMP002738,16,3,Pass,None,2024-04-09
SMP002739,25,1,Pass,None,2024-04-09
SMP002740,2,15,Pass,None,2024-04-09
SMP002741,9,11,Pass,None,2024-04-10
SMP002742,6,2,Fail,Urea,2024-04-10
SMP002743,5,11,Pass,None,2024-04-10
SMP002744,5,10,Pass,None,2024-04-10
SMP002745,17,7,Pass,None,2024-04-10
SMP002746,22,6,Pass,None,2024-04-10
SMP002747,17,15,Pass,None,2024-04-10
SMP002748,5,4,Fail,Starch,2024-04-10
SMP002749,22,6,Pass,None,2024-04-10
SMP002750,18,5,Fail,Formalin,2024-04-10
SMP002751,10,13,Pass,None,2024-04-10
SMP002752,19,15,Pass,None,2024-04-10
SMP002753,7,14,Pass,None,2024-04-10
SMP002754,9,13,Pass,None,2024-04-10
SMP002755,24,16,Pass,None,2024-04-10
SMP002756,8,11,Pass,None,2024-04-10
SMP002757,13,12,Pass,None,2024-04-10
SMP002758,24,16,Pass,None,2024-04-10
SMP002759,19,1,Fail,Formalin,2024-04-10
SMP002760,2,11,Pass,None,2024-04-10
SMP002761,5,12,Pass,None,2024-04-10
SMP002762,1,15,Fail,Starch,2024-04-10
SMP002763,17,15,Fail,Synthetic Color,2024-04-10
SMP002764,13,14,Pass,None,2024-04-10
SMP002765,4,16,Pass,None,2024-04-10
SMP002766,25,9,Pass,None,2024-04-10
SMP002767,16,1,Pass,None,2024-04-10
SMP002768,7,1,Pass,None,2024-04-11
SMP002769,14,9,Pass,None,2024-04-11
SMP002770,19,6,Pass,None,2024-04-11
SMP002771,2,7,Pass,None,2024-04-11
SMP002772,7,6,Fail,Detergent,2024-04-11
SMP002773,22,15,Pass,None,2024-04-11
SMP002774,13,5,Pass,None,2024-04-11
SMP002775,16,14,Pass,None,2024-04-11
SMP002776,12,15,Pass,None,2024-04-11
SMP002777,2,8,Pass,None,2024-04-11
SMP002778,5,7,Pass,None,2024-04-11
SMP002779,13,13,Pass,None,2024-04-11
SMP002780,5,12,Pass,None,2024-04-11
SMP002781,2,5,Fail,Detergent,2024-04-11
SMP002782,23,2,Pass,None,2024-04-11
SMP002783,26,4,Pass,None,2024-04-11
SMP002784,22,2,Pass,None,2024-04-11
SMP002785,23,5,Pass,None,2024-04-11
SMP002786,7,4,Pass,None,2024-04-11
SMP002787,25,11,Fail,Starch,2024-04-11
SMP002788,5,16,Pass,None,2024-04-11
SMP002789,25,11,Pass,None,2024-04-11
SMP002790,26,15,Pass,None,2024-04-11
SMP002791,19,13,Pass,None,2024-04-11
SMP002792,26,12,Pass,None,2024-04-11
SMP002793,16,6,Fail,Chalk Powder,2024-04-11
SMP002794,7,5,Fail,Detergent,2024-04-11
SMP002795,12,14,Pass,None,2024-04-11
SMP002796,17,15,Fail,Starch,2024-04-12
SMP002797,2,7,Pass,None,2024-04-12
SMP002798,17,1,Pass,None,2024-04-12
SMP002799,26,13,Pass,None,2024-04-12
SMP002800,5,5,Pass,None,2024-04-12
SMP002801,22,1,Pass,None,2024-04-12
SMP002802,24,13,Fail,Urea,2024-04-12
SMP002803,25,8,Pass,None,2024-04-12
SMP002804,25,11,Pass,None,2024-04-12
SMP002805,15,15,Pass,None,2024-04-12
SMP002806,25,9,Fail,Detergent,2024-04-12
SMP002807,21,8,Pass,None,2024-04-12
SMP002808,5,5,Pass,None,2024-04-12
SMP002809,14,5,Fail,Chalk Powder,2024-04-12
SMP002810,19,13,Pass,None,2024-04-12
SMP002811,7,7,Pass,None,2024-04-12
SMP002812,18,3,Pass,None,2024-04-12
SMP002813,18,2,Pass,None,2024-04-12
SMP002814,5,7,Pass,None,2024-04-12
SMP002815,16,7,Pass,None,2024-04-12
SMP002816,21,11,Pass,None,2024-04-12
SMP002817,14,7,Pass,None,2024-04-12
SMP002818,1,3,Pass,None,2024-04-12
SMP002819,1,8,Fail,Synthetic Color,2024-04-12
SMP002820,9,15,Pass,None,2024-04-12
SMP002821,24,3,Fail,Chalk Powder,2024-04-12
SMP002822,6,11,Pass,None,2024-04-12
SMP002823,17,10,Fail,Detergent,2024-04-13
SMP002824,6,12,Pass,None,2024-04-13
SMP002825,9,3,Pass,None,2024-04-13
SMP002826,23,16,Pass,None,2024-04-13
SMP002827,20,10,Pass,None,2024-04-13
SMP002828,3,14,Pass,None,2024-04-13
SMP002829,12,4,Fail,Starch,2024-04-13
SMP002830,1,12,Pass,None,2024-04-13
SMP002831,14,13,Pass,None,2024-04-13
SMP002832,18,6,Pass,None,2024-04-13
SMP002833,4,6,Pass,None,2024-04-13
SMP002834,8,11,Pass,None,2024-04-13
SMP002835,10,2,Pass,None,2024-04-13
SMP002836,24,12,Fail,Formalin,2024-04-13
SMP002837,26,1,Pass,None,2024-04-13
SMP002838,2,3,Pass,None,2024-04-13
SMP002839,21,11,Pass,None,2024-04-13
SMP002840,9,2,Pass,None,2024-04-13
SMP002841,10,16,Pass,None,2024-04-13
SMP002842,21,15,Pass,None,2024-04-13
SMP002843,24,10,Fail,Detergent,2024-04-13
SMP002844,25,14,Pass,None,2024-04-13
SMP002845,17,15,Fail,Chalk Powder,2024-04-13
SMP002846,9,4,Fail,Starch,2024-04-13
SMP002847,22,14,Pass,None,2024-04-13
SMP002848,7,3,Fail,Detergent,2024-04-13
SMP002849,16,6,Pass,None,2024-04-13
SMP002850,9,9,Pass,None,2024-04-13
SMP002851,18,12,Pass,None,2024-04-14
SMP002852,7,1,Fail,Detergent,2024-04-14
SMP002853,5,5,Fail,Detergent,2024-04-14
SMP002854,24,10,Pass,None,2024-04-14
SMP002855,3,5,Pass,None,2024-04-14
SMP002856,15,13,Pass,None,2024-04-14
SMP002857,6,11,Fail,Formalin,2024-04-14
SMP002858,2,4,Fail,Starch,2024-04-14
SMP002859,2,3,Fail,Chalk Powder,2024-04-14
SMP002860,5,10,Pass,None,2024-04-14
SMP002861,23,7,Pass,None,2024-04-14
SMP002862,8,3,Pass,None,2024-04-14
SMP002863,25,5,Pass,None,2024-04-14
SMP002864,17,5,Fail,Urea,2024-04-14
SMP002865,12,2,Pass,None,2024-04-14
SMP002866,17,9,Pass,None,2024-04-14
SMP002867,15,13,Fail,Chalk Powder,2024-04-14
SMP002868,21,9,Pass,None,2024-04-14
SMP002869,8,14,Pass,None,2024-04-14
SMP002870,9,2,Pass,None,2024-04-14
SMP002871,24,6,Pass,None,2024-04-14
SMP002872,25,10,Pass,None,2024-04-14
SMP002873,24,11,Pass,None,2024-04-14
SMP002874,12,11,Fail,Synthetic Color,2024-04-14
SMP002875,22,12,Fail,Formalin,2024-04-14
SMP002876,14,11,Pass,None,2024-04-14
SMP002877,14,2,Fail,Synthetic Color,2024-04-14
SMP002878,5,11,Pass,None,2024-04-15
SMP002879,17,12,Pass,None,2024-04-15
SMP002880,5,16,Pass,None,2024-04-15
SMP002881,9,11,Pass,None,2024-04-15
SMP002882,23,11,Pass,None,2024-04-15
SMP002883,5,8,Fail,Synthetic Color,2024-04-15
SMP002884,2,15,Pass,None,2024-04-15
SMP002885,2,16,Pass,None,2024-04-15
SMP002886,25,13,Fail,Urea,2024-04-15
SMP002887,15,10,Pass,None,2024-04-15
SMP002888,11,2,Fail,Detergent,2024-04-15
SMP002889,22,12,Pass,None,2024-04-15
SMP002890,23,12,Pass,None,2024-04-15
SMP002891,9,13,Pass,None,2024-04-15
SMP002892,19,2,Fail,Urea,2024-04-15
SMP002893,21,11,Fail,Synthetic Color,2024-04-15
SMP002894,18,5,Fail,Formalin,2024-04-15
SMP002895,5,13,Pass,None,2024-04-15
SMP002896,23,4,Pass,None,2024-04-15
SMP002897,16,11,Pass,None,2024-04-15
SMP002898,8,5,Pass,None,2024-04-15
SMP002899,12,1,Pass,None,2024-04-15
SMP002900,2,11,Pass,None,2024-04-15
SMP002901,4,2,Fail,Synthetic Color,2024-04-15
SMP002902,21,11,Fail,Synthetic Color,2024-04-15
SMP002903,1,15,Fail,Urea,2024-04-15
SMP002904,12,16,Pass,None,2024-04-15
SMP002905,15,4,Fail,Starch,2024-04-16
SMP002906,2,13,Pass,None,2024-04-16
SMP002907,25,5,Pass,None,2024-04-16
SMP002908,6,15,Pass,None,2024-04-16
SMP002909,8,13,Pass,None,2024-04-16
SMP002910,8,1,Pass,None,2024-04-16
SMP002911,6,6,Pass,None,2024-04-16
SMP002912,1,5,Pass,None,2024-04-16
SMP002913,20,13,Pass,None,2024-04-16
SMP002914,25,6,Pass,None,2024-04-16
SMP002915,6,11,Fail,Synthetic Color,2024-04-16
SMP002916,18,10,Pass,None,2024-04-16
SMP002917,21,16,Pass,None,2024-04-16
SMP002918,23,16,Pass,None,2024-04-16
SMP002919,12,6,Fail,Starch,2024-04-16
SMP002920,8,12,Pass,None,2024-04-16
SMP002921,9,14,Pass,None,2024-04-16
SMP002922,19,15,Fail,Detergent,2024-04-16
SMP002923,22,1,Pass,None,2024-04-16
SMP002924,5,5,Pass,None,2024-04-16
SMP002925,9,5,Pass,None,2024-04-16
SMP002926,24,6,Pass,None,2024-04-16
SMP002927,22,3,Fail,Synthetic Color,2024-04-16
SMP002928,26,8,Pass,None,2024-04-16
SMP002929,21,11,Pass,None,2024-04-16
SMP002930,10,8,Pass,None,2024-04-16
SMP002931,17,11,Pass,None,2024-04-16
SMP002932,18,1,Fail,Urea,2024-04-16
SMP002933,2,15,Pass,None,2024-04-17
SMP002934,16,16,Pass,None,2024-04-17
SMP002935,19,10,Pass,None,2024-04-17
SMP002936,5,15,Fail,Chalk Powder,2024-04-17
SMP002937,22,2,Pass,None,2024-04-17
SMP002938,17,13,Pass,None,2024-04-17
SMP002939,25,2,Fail,Detergent,2024-04-17
SMP002940,2,6,Fail,Formalin,2024-04-17
SMP002941,7,5,Fail,Synthetic Color,2024-04-17
SMP002942,17,10,Pass,None,2024-04-17
SMP002943,8,5,Pass,None,2024-04-17
SMP002944,19,11,Fail,Urea,2024-04-17
SMP002945,21,6,Pass,None,2024-04-17
SMP002946,3,14,Fail,Synthetic Color,2024-04-17
SMP002947,15,11,Pass,None,2024-04-17
SMP002948,15,4,Pass,None,2024-04-17
SMP002949,9,5,Pass,None,2024-04-17
SMP002950,24,14,Pass,None,2024-04-17
SMP002951,23,6,Fail,Urea,2024-04-17
SMP002952,19,9,Fail,Urea,2024-04-17
SMP002953,19,11,Pass,None,2024-04-17
SMP002954,13,5,Fail,Starch,2024-04-17
SMP002955,24,5,Pass,None,2024-04-17
SMP002956,19,7,Pass,None,2024-04-17
SMP002957,20,4,Pass,None,2024-04-17
SMP002958,23,5,Fail,Synthetic Color,2024-04-17
SMP002959,7,1,Pass,None,2024-04-17
SMP002960,22,5,Pass,None,2024-04-18
SMP002961,5,5,Pass,None,2024-04-18
SMP002962,9,16,Pass,None,2024-04-18
SMP002963,9,10,Pass,None,2024-04-18
SMP002964,25,13,Pass,None,2024-04-18
SMP002965,23,1,Pass,None,2024-04-18
SMP002966,19,2,Pass,None,2024-04-18
SMP002967,20,14,Pass,None,2024-04-18
SMP002968,16,10,Fail,Urea,2024-04-18
SMP002969,25,3,Fail,Urea,2024-04-18
SMP002970,14,6,Fail,Detergent,2024-04-18
SMP002971,10,9,Fail,Synthetic Color,2024-04-18
SMP002972,5,14,Pass,None,2024-04-18
SMP002973,22,1,Pass,None,2024-04-18
SMP002974,20,10,Pass,None,2024-04-18
SMP002975,10,12,Pass,None,2024-04-18
SMP002976,1,16,Pass,None,2024-04-18
SMP002977,23,13,Pass,None,2024-04-18
SMP002978,1,4,Pass,None,2024-04-18
SMP002979,19,12,Pass,None,2024-04-18
SMP002980,25,13,Pass,None,2024-04-18
SMP002981,12,12,Pass,None,2024-04-18
SMP002982,6,14,Pass,None,2024-04-18
SMP002983,19,15,Pass,None,2024-04-18
SMP002984,22,2,Pass,None,2024-04-18
SMP002985,16,2,Pass,None,2024-04-18
SMP002986,25,13,Pass,None,2024-04-18
SMP002987,2,4,Fail,Chalk Powder,2024-04-18
SMP002988,15,1,Fail,Chalk Powder,2024-04-19
SMP002989,19,6,Fail,Detergent,2024-04-19
SMP002990,23,14,Fail,Starch,2024-04-19
SMP002991,5,2,Pass,None,2024-04-19
SMP002992,22,11,Fail,Starch,2024-04-19
SMP002993,16,1,Pass,None,2024-04-19
SMP002994,10,2,Fail,Urea,2024-04-19
SMP002995,4,5,Pass,None,2024-04-19
SMP002996,23,2,Fail,Urea,2024-04-19
SMP002997,5,14,Pass,None,2024-04-19
SMP002998,8,15,Pass,None,2024-04-19
SMP002999,8,12,Pass,None,2024-04-19
SMP003000,23,4,Pass,None,2024-04-19
SMP003001,19,8,Fail,Urea,2024-04-19
SMP003002,22,3,Pass,None,2024-04-19
SMP003003,7,4,Pass,None,2024-04-19
SMP003004,17,8,Pass,None,2024-04-19
SMP003005,16,12,Fail,Synthetic Color,2024-04-19
SMP003006,23,2,Fail,Synthetic Color,2024-04-19
SMP003007,24,5,Pass,None,2024-04-19
SMP003008,1,15,Pass,None,2024-04-19
SMP003009,19,6,Fail,Chalk Powder,2024-04-19
SMP003010,2,16,Pass,None,2024-04-19
SMP003011,16,16,Fail,Formalin,2024-04-19
SMP003012,8,9,Fail,Urea,2024-04-19
SMP003013,8,5,Pass,None,2024-04-19
SMP003014,9,13,Pass,None,2024-04-19
SMP003015,17,3,Pass,None,2024-04-20
SMP003016,9,4,Pass,None,2024-04-20
SMP003017,20,13,Pass,None,2024-04-20
SMP003018,11,6,Fail,Chalk Powder,2024-04-20
SMP003019,2,4,Fail,Detergent,2024-04-20
SMP003020,22,11,Pass,None,2024-04-20
SMP003021,8,12,Pass,None,2024-04-20
SMP003022,12,2,Fail,Chalk Powder,2024-04-20
SMP003023,19,4,Pass,None,2024-04-20
SMP003024,9,4,Pass,None,2024-04-20
SMP003025,2,6,Pass,None,2024-04-20
SMP003026,9,13,Pass,None,2024-04-20
SMP003027,25,12,Fail,Formalin,2024-04-20
SMP003028,18,11,Fail,Synthetic Color,2024-04-20
SMP003029,19,1,Pass,None,2024-04-20
SMP003030,17,2,Fail,Synthetic Color,2024-04-20
SMP003031,5,4,Fail,Urea,2024-04-20
SMP003032,12,4,Fail,Detergent,2024-04-20
SMP003033,21,3,Pass,None,2024-04-20
SMP003034,3,6,Fail,Detergent,2024-04-20
SMP003035,7,1,Fail,Chalk Powder,2024-04-20
SMP003036,7,12,Fail,Starch,2024-04-20
SMP003037,12,13,Pass,None,2024-04-20
SMP003038,25,9,Pass,None,2024-04-20
SMP003039,2,2,Fail,Urea,2024-04-20
SMP003040,15,15,Pass,None,2024-04-20
SMP003041,5,16,Pass,None,2024-04-20
SMP003042,25,4,Pass,None,2024-04-21
SMP003043,4,12,Fail,Synthetic Color,2024-04-21
SMP003044,11,14,Pass,None,2024-04-21
SMP003045,20,9,Pass,None,2024-04-21
SMP003046,19,5,Fail,Urea,2024-04-21
SMP003047,12,7,Fail,Chalk Powder,2024-04-21
SMP003048,9,8,Pass,None,2024-04-21
SMP003049,10,6,Pass,None,2024-04-21
SMP003050,7,15,Pass,None,2024-04-21
SMP003051,5,12,Fail,Urea,2024-04-21
SMP003052,14,4,Fail,Starch,2024-04-21
SMP003053,7,10,Pass,None,2024-04-21
SMP003054,8,11,Pass,None,2024-04-21
SMP003055,18,2,Pass,None,2024-04-21
SMP003056,25,5,Pass,None,2024-04-21
SMP003057,17,15,Pass,None,2024-04-21
SMP003058,2,9,Fail,Starch,2024-04-21
SMP003059,2,4,Pass,None,2024-04-21
SMP003060,25,2,Fail,Formalin,2024-04-21
SMP003061,8,8,Pass,None,2024-04-21
SMP003062,3,9,Pass,None,2024-04-21
SMP003063,17,5,Pass,None,2024-04-21
SMP003064,17,11,Fail,Urea,2024-04-21
SMP003065,18,1,Fail,Synthetic Color,2024-04-21
SMP003066,7,3,Pass,None,2024-04-21
SMP003067,1,9,Pass,None,2024-04-21
SMP003068,25,1,Pass,None,2024-04-21
SMP003069,7,15,Pass,None,2024-04-21
SMP003070,19,2,Fail,Chalk Powder,2024-04-22
SMP003071,19,11,Pass,None,2024-04-22
SMP003072,17,6,Pass,None,2024-04-22
SMP003073,8,6,Pass,None,2024-04-22
SMP003074,7,13,Pass,None,2024-04-22
SMP003075,17,8,Fail,Chalk Powder,2024-04-22
SMP003076,23,12,Fail,Starch,2024-04-22
SMP003077,25,8,Pass,None,2024-04-22
SMP003078,3,10,Pass,None,2024-04-22
SMP003079,5,13,Pass,None,2024-04-22
SMP003080,25,10,Pass,None,2024-04-22
SMP003081,20,10,Pass,None,2024-04-22
SMP003082,23,13,Pass,None,2024-04-22
SMP003083,5,16,Pass,None,2024-04-22
SMP003084,17,6,Fail,Formalin,2024-04-22
SMP003085,19,9,Pass,None,2024-04-22
SMP003086,19,2,Pass,None,2024-04-22
SMP003087,11,5,Pass,None,2024-04-22
SMP003088,1,6,Pass,None,2024-04-22
SMP003089,17,14,Fail,Formalin,2024-04-22
SMP003090,7,8,Fail,Chalk Powder,2024-04-22
SMP003091,13,12,Pass,None,2024-04-22
SMP003092,25,1,Fail,Formalin,2024-04-22
SMP003093,10,7,Pass,None,2024-04-22
SMP003094,23,15,Pass,None,2024-04-22
SMP003095,5,4,Pass,None,2024-04-22
SMP003096,19,1,Fail,Synthetic Color,2024-04-22
SMP003097,25,6,Pass,None,2024-04-23
SMP003098,3,12,Pass,None,2024-04-23
SMP003099,1,7,Pass,None,2024-04-23
SMP003100,12,7,Fail,Chalk Powder,2024-04-23
SMP003101,3,11,Pass,None,2024-04-23
SMP003102,21,4,Fail,Starch,2024-04-23
SMP003103,24,12,Pass,None,2024-04-23
SMP003104,12,3,Pass,None,2024-04-23
SMP003105,7,6,Pass,None,2024-04-23
SMP003106,12,11,Fail,Detergent,2024-04-23
SMP003107,19,14,Fail,Synthetic Color,2024-04-23
SMP003108,1,13,Pass,None,2024-04-23
SMP003109,17,12,Pass,None,2024-04-23
SMP003110,17,5,Fail,Chalk Powder,2024-04-23
SMP003111,18,2,Pass,None,2024-04-23
SMP003112,7,4,Fail,Urea,2024-04-23
SMP003113,19,15,Fail,Detergent,2024-04-23
SMP003114,3,14,Pass,None,2024-04-23
SMP003115,5,16,Fail,Synthetic Color,2024-04-23
SMP003116,23,2,Pass,None,2024-04-23
SMP003117,21,9,Pass,None,2024-04-23
SMP003118,1,11,Pass,None,2024-04-23
SMP003119,7,12,Pass,None,2024-04-23
SMP003120,6,11,Fail,Starch,2024-04-23
SMP003121,7,13,Pass,None,2024-04-23
SMP003122,7,5,Pass,None,2024-04-23
SMP003123,2,3,Pass,None,2024-04-23
SMP003124,13,4,Pass,None,2024-04-23
SMP003125,20,1,Pass,None,2024-04-24
SMP003126,17,5,Pass,None,2024-04-24
SMP003127,19,2,Pass,None,2024-04-24
SMP003128,3,5,Fail,Formalin,2024-04-24
SMP003129,25,10,Pass,None,2024-04-24
SMP003130,23,15,Pass,None,2024-04-24
SMP003131,22,14,Fail,Synthetic Color,2024-04-24
SMP003132,22,4,Fail,Urea,2024-04-24
SMP003133,24,2,Pass,None,2024-04-24
SMP003134,16,3,Pass,None,2024-04-24
SMP003135,5,16,Pass,None,2024-04-24
SMP003136,17,9,Pass,None,2024-04-24
SMP003137,21,3,Fail,Urea,2024-04-24
SMP003138,20,14,Pass,None,2024-04-24
SMP003139,15,6,Pass,None,2024-04-24
SMP003140,2,15,Pass,None,2024-04-24
SMP003141,9,4,Pass,None,2024-04-24
SMP003142,24,6,Pass,None,2024-04-24
SMP003143,17,8,Pass,None,2024-04-24
SMP003144,16,15,Fail,Urea,2024-04-24
SMP003145,7,15,Pass,None,2024-04-24
SMP003146,9,9,Fail,Chalk Powder,2024-04-24
SMP003147,24,4,Pass,None,2024-04-24
SMP003148,18,6,Pass,None,2024-04-24
SMP003149,22,16,Fail,Detergent,2024-04-24
SMP003150,13,10,Pass,None,2024-04-24
SMP003151,17,13,Pass,None,2024-04-24
SMP003152,7,7,Pass,None,2024-04-25
SMP003153,19,9,Fail,Chalk Powder,2024-04-25
SMP003154,12,6,Fail,Formalin,2024-04-25
SMP003155,12,12,Pass,None,2024-04-25
SMP003156,18,14,Pass,None,2024-04-25
SMP003157,25,8,Pass,None,2024-04-25
SMP003158,2,8,Pass,None,2024-04-25
SMP003159,23,5,Fail,Synthetic Color,2024-04-25
SMP003160,8,3,Fail,Detergent,2024-04-25
SMP003161,13,16,Pass,None,2024-04-25
SMP003162,1,5,Fail,Synthetic Color,2024-04-25
SMP003163,8,13,Pass,None,2024-04-25
SMP003164,14,12,Pass,None,2024-04-25
SMP003165,2,13,Pass,None,2024-04-25
SMP003166,14,16,Pass,None,2024-04-25
SMP003167,24,10,Pass,None,2024-04-25
SMP003168,3,15,Pass,None,2024-04-25
SMP003169,21,3,Pass,None,2024-04-25
SMP003170,11,10,Pass,None,2024-04-25
SMP003171,18,13,Fail,Starch,2024-04-25
SMP003172,7,4,Pass,None,2024-04-25
SMP003173,5,12,Fail,Starch,2024-04-25
SMP003174,5,13,Pass,None,2024-04-25
SMP003175,2,14,Pass,None,2024-04-25
SMP003176,5,5,Pass,None,2024-04-25
SMP003177,18,11,Fail,Synthetic Color,2024-04-25
SMP003178,23,5,Pass,None,2024-04-25
SMP003179,22,12,Pass,None,2024-04-26
SMP003180,19,7,Pass,None,2024-04-26
SMP003181,3,10,Fail,Detergent,2024-04-26
SMP003182,8,6,Pass,None,2024-04-26
SMP003183,8,3,Pass,None,2024-04-26
SMP003184,7,3,Pass,None,2024-04-26
SMP003185,15,2,Fail,Urea,2024-04-26
SMP003186,16,10,Fail,Detergent,2024-04-26
SMP003187,9,14,Pass,None,2024-04-26
SMP003188,9,1,Pass,None,2024-04-26
SMP003189,23,1,Pass,None,2024-04-26
SMP003190,22,7,Pass,None,2024-04-26
SMP003191,8,12,Pass,None,2024-04-26
SMP003192,24,3,Pass,None,2024-04-26
SMP003193,25,4,Fail,Chalk Powder,2024-04-26
SMP003194,9,4,Pass,None,2024-04-26
SMP003195,9,6,Fail,Detergent,2024-04-26
SMP003196,15,4,Pass,None,2024-04-26
SMP003197,25,5,Pass,None,2024-04-26
SMP003198,23,12,Fail,Synthetic Color,2024-04-26
SMP003199,3,10,Pass,None,2024-04-26
SMP003200,10,2,Pass,None,2024-04-26
SMP003201,16,11,Fail,Detergent,2024-04-26
SMP003202,14,7,Pass,None,2024-04-26
SMP003203,5,16,Pass,None,2024-04-26
SMP003204,23,5,Pass,None,2024-04-26
SMP003205,19,12,Pass,None,2024-04-26
SMP003206,23,12,Pass,None,2024-04-26
SMP003207,23,4,Pass,None,2024-04-27
SMP003208,21,15,Fail,Starch,2024-04-27
SMP003209,12,8,Fail,Synthetic Color,2024-04-27
SMP003210,17,11,Pass,None,2024-04-27
SMP003211,5,3,Pass,None,2024-04-27
SMP003212,19,4,Fail,Chalk Powder,2024-04-27
SMP003213,5,10,Fail,Synthetic Color,2024-04-27
SMP003214,19,5,Pass,None,2024-04-27
SMP003215,6,8,Pass,None,2024-04-27
SMP003216,4,6,Fail,Synthetic Color,2024-04-27
SMP003217,5,11,Fail,Detergent,2024-04-27
SMP003218,1,8,Pass,None,2024-04-27
SMP003219,19,1,Pass,None,2024-04-27
SMP003220,20,11,Pass,None,2024-04-27
SMP003221,15,6,Pass,None,2024-04-27
SMP003222,5,5,Pass,None,2024-04-27
SMP003223,3,2,Fail,Formalin,2024-04-27
SMP003224,1,4,Pass,None,2024-04-27
SMP003225,5,4,Fail,Chalk Powder,2024-04-27
SMP003226,24,16,Pass,None,2024-04-27
SMP003227,7,6,Pass,None,2024-04-27
SMP003228,9,1,Fail,Chalk Powder,2024-04-27
SMP003229,3,2,Pass,None,2024-04-27
SMP003230,6,2,Fail,Urea,2024-04-27
SMP003231,15,10,Pass,None,2024-04-27
SMP003232,17,3,Fail,Chalk Powder,2024-04-27
SMP003233,7,8,Fail,Urea,2024-04-27
SMP003234,2,6,Pass,None,2024-04-28
SMP003235,10,13,Pass,None,2024-04-28
SMP003236,6,5,Pass,None,2024-04-28
SMP003237,6,7,Fail,Starch,2024-04-28
SMP003238,25,12,Pass,None,2024-04-28
SMP003239,17,6,Pass,None,2024-04-28
SMP003240,16,13,Pass,None,2024-04-28
SMP003241,12,11,Pass,None,2024-04-28
SMP003242,12,6,Pass,None,2024-04-28
SMP003243,16,8,Pass,None,2024-04-28
SMP003244,19,16,Pass,None,2024-04-28
SMP003245,19,11,Pass,None,2024-04-28
SMP003246,5,15,Pass,None,2024-04-28
SMP003247,14,3,Pass,None,2024-04-28
SMP003248,11,8,Fail,Synthetic Color,2024-04-28
SMP003249,23,15,Pass,None,2024-04-28
SMP003250,17,5,Pass,None,2024-04-28
SMP003251,16,16,Pass,None,2024-04-28
SMP003252,4,2,Pass,None,2024-04-28
SMP003253,17,15,Pass,None,2024-04-28
SMP003254,4,7,Pass,None,2024-04-28
SMP003255,9,1,Pass,None,2024-04-28
SMP003256,5,15,Pass,None,2024-04-28
SMP003257,19,4,Pass,None,2024-04-28
SMP003258,5,1,Fail,Urea,2024-04-28
SMP003259,10,2,Pass,None,2024-04-28
SMP003260,24,11,Pass,None,2024-04-28
SMP003261,5,16,Fail,Detergent,2024-04-28
SMP003262,15,2,Fail,Chalk Powder,2024-04-29
SMP003263,12,7,Pass,None,2024-04-29
SMP003264,1,3,Pass,None,2024-04-29
SMP003265,22,12,Pass,None,2024-04-29
SMP003266,2,2,Fail,Detergent,2024-04-29
SMP003267,14,4,Fail,Detergent,2024-04-29
SMP003268,16,3,Fail,Chalk Powder,2024-04-29
SMP003269,17,9,Pass,None,2024-04-29
SMP003270,19,15,Pass,None,2024-04-29
SMP003271,7,8,Pass,None,2024-04-29
SMP003272,1,1,Pass,None,2024-04-29
SMP003273,19,9,Pass,None,2024-04-29
SMP003274,16,13,Fail,Starch,2024-04-29
SMP003275,23,2,Fail,Synthetic Color,2024-04-29
SMP003276,22,1,Fail,Urea,2024-04-29
SMP003277,23,3,Pass,None,2024-04-29
SMP003278,14,12,Pass,None,2024-04-29
SMP003279,9,10,Pass,None,2024-04-29
SMP003280,22,9,Fail,Synthetic Color,2024-04-29
SMP003281,13,4,Fail,Synthetic Color,2024-04-29
SMP003282,5,5,Pass,None,2024-04-29
SMP003283,23,16,Pass,None,2024-04-29
SMP003284,23,4,Pass,None,2024-04-29
SMP003285,13,15,Pass,None,2024-04-29
SMP003286,2,10,Fail,Detergent,2024-04-29
SMP003287,10,2,Pass,None,2024-04-29
SMP003288,22,7,Pass,None,2024-04-29
SMP003289,24,16,Pass,None,2024-04-30
SMP003290,5,6,Fail,Urea,2024-04-30
SMP003291,2,15,Pass,None,2024-04-30
SMP003292,23,4,Fail,Starch,2024-04-30
SMP003293,10,9,Fail,Synthetic Color,2024-04-30
SMP003294,16,14,Fail,Chalk Powder,2024-04-30
SMP003295,25,15,Pass,None,2024-04-30
SMP003296,2,8,Pass,None,2024-04-30
SMP003297,18,11,Pass,None,2024-04-30
SMP003298,2,1,Pass,None,2024-04-30
SMP003299,9,4,Pass,None,2024-04-30
SMP003300,22,4,Pass,None,2024-04-30
SMP003301,12,2,Fail,Formalin,2024-04-30
SMP003302,26,4,Pass,None,2024-04-30
SMP003303,16,5,Pass,None,2024-04-30
SMP003304,9,16,Pass,None,2024-04-30
SMP003305,6,11,Pass,None,2024-04-30
SMP003306,9,6,Pass,None,2024-04-30
SMP003307,9,16,Fail,Detergent,2024-04-30
SMP003308,2,3,Pass,None,2024-04-30
SMP003309,9,7,Fail,Formalin,2024-04-30
SMP003310,13,11,Fail,Starch,2024-04-30
SMP003311,19,1,Pass,None,2024-04-30
SMP003312,18,12,Pass,None,2024-04-30
SMP003313,19,2,Fail,Starch,2024-04-30
SMP003314,1,2,Pass,None,2024-04-30
SMP003315,6,3,Pass,None,2024-04-30
SMP003316,18,15,Fail,Starch,2024-05-01
SMP003317,14,11,Pass,None,2024-05-01
SMP003318,1,11,Fail,Starch,2024-05-01
SMP003319,22,9,Pass,None,2024-05-01
SMP003320,21,5,Fail,Urea,2024-05-01
SMP003321,16,10,Pass,None,2024-05-01
SMP003322,2,6,Pass,None,2024-05-01
SMP003323,21,3,Pass,None,2024-05-01
SMP003324,17,11,Pass,None,2024-05-01
SMP003325,22,2,Fail,Formalin,2024-05-01
SMP003326,21,3,Fail,Detergent,2024-05-01
SMP003327,22,14,Pass,None,2024-05-01
SMP003328,15,11,Pass,None,2024-05-01
SMP003329,4,11,Pass,None,2024-05-01
SMP003330,19,6,Fail,Formalin,2024-05-01
SMP003331,17,6,Pass,None,2024-05-01
SMP003332,21,11,Pass,None,2024-05-01
SMP003333,5,12,Pass,None,2024-05-01
SMP003334,5,8,Pass,None,2024-05-01
SMP003335,24,16,Pass,None,2024-05-01
SMP003336,21,16,Pass,None,2024-05-01
SMP003337,24,6,Pass,None,2024-05-01
SMP003338,21,14,Pass,None,2024-05-01
SMP003339,17,9,Pass,None,2024-05-01
SMP003340,18,8,Fail,Urea,2024-05-01
SMP003341,24,1,Pass,None,2024-05-01
SMP003342,17,9,Pass,None,2024-05-01
SMP003343,17,15,Pass,None,2024-05-01
SMP003344,5,13,Fail,Synthetic Color,2024-05-02
SMP003345,13,13,Pass,None,2024-05-02
SMP003346,19,3,Fail,Starch,2024-05-02
SMP003347,7,5,Fail,Synthetic Color,2024-05-02
SMP003348,5,4,Fail,Starch,2024-05-02
SMP003349,8,5,Fail,Detergent,2024-05-02
SMP003350,7,9,Pass,None,2024-05-02
SMP003351,6,6,Fail,Starch,2024-05-02
SMP003352,12,9,Fail,Starch,2024-05-02
SMP003353,24,7,Pass,None,2024-05-02
SMP003354,15,5,Pass,None,2024-05-02
SMP003355,5,2,Pass,None,2024-05-02
SMP003356,2,15,Pass,None,2024-05-02
SMP003357,19,1,Pass,None,2024-05-02
SMP003358,10,1,Pass,None,2024-05-02
SMP003359,22,14,Pass,None,2024-05-02
SMP003360,18,16,Fail,Chalk Powder,2024-05-02
SMP003361,22,12,Pass,None,2024-05-02
SMP003362,7,1,Fail,Synthetic Color,2024-05-02
SMP003363,19,4,Pass,None,2024-05-02
SMP003364,7,16,Pass,None,2024-05-02
SMP003365,25,13,Fail,Chalk Powder,2024-05-02
SMP003366,18,9,Pass,None,2024-05-02
SMP003367,9,4,Pass,None,2024-05-02
SMP003368,7,1,Pass,None,2024-05-02
SMP003369,5,1,Pass,None,2024-05-02
SMP003370,19,10,Fail,Synthetic Color,2024-05-02
SMP003371,6,1,Pass,None,2024-05-03
SMP003372,17,16,Pass,None,2024-05-03
SMP003373,7,3,Pass,None,2024-05-03
SMP003374,18,12,Pass,None,2024-05-03
SMP003375,22,3,Pass,None,2024-05-03
SMP003376,21,9,Pass,None,2024-05-03
SMP003377,21,2,Pass,None,2024-05-03
SMP003378,5,13,Pass,None,2024-05-03
SMP003379,3,10,Fail,Synthetic Color,2024-05-03
SMP003380,19,2,Pass,None,2024-05-03
SMP003381,9,14,Pass,None,2024-05-03
SMP003382,12,9,Pass,None,2024-05-03
SMP003383,1,15,Fail,Urea,2024-05-03
SMP003384,7,15,Fail,Starch,2024-05-03
SMP003385,1,15,Pass,None,2024-05-03
SMP003386,23,2,Pass,None,2024-05-03
SMP003387,7,2,Pass,None,2024-05-03
SMP003388,16,16,Fail,Synthetic Color,2024-05-03
SMP003389,2,8,Pass,None,2024-05-03
SMP003390,18,4,Pass,None,2024-05-03
SMP003391,9,13,Pass,None,2024-05-03
SMP003392,24,4,Pass,None,2024-05-03
SMP003393,24,12,Fail,Urea,2024-05-03
SMP003394,9,14,Pass,None,2024-05-03
SMP003395,24,13,Pass,None,2024-05-03
SMP003396,26,4,Pass,None,2024-05-03
SMP003397,23,6,Pass,None,2024-05-03
SMP003398,23,6,Pass,None,2024-05-03
SMP003399,7,8,Pass,None,2024-05-04
SMP003400,17,3,Pass,None,2024-05-04
SMP003401,2,7,Pass,None,2024-05-04
SMP003402,3,8,Pass,None,2024-05-04
SMP003403,26,9,Pass,None,2024-05-04
SMP003404,9,14,Pass,None,2024-05-04
SMP003405,21,8,Pass,None,2024-05-04
SMP003406,22,4,Pass,None,2024-05-04
SMP003407,23,11,Pass,None,2024-05-04
SMP003408,26,13,Pass,None,2024-05-04
SMP003409,7,5,Pass,None,2024-05-04
SMP003410,2,11,Fail,Chalk Powder,2024-05-04
SMP003411,11,3,Pass,None,2024-05-04
SMP003412,4,5,Pass,None,2024-05-04
SMP003413,1,15,Fail,Chalk Powder,2024-05-04
SMP003414,9,15,Pass,None,2024-05-04
SMP003415,22,9,Fail,Detergent,2024-05-04
SMP003416,16,12,Pass,None,2024-05-04
SMP003417,8,14,Fail,Detergent,2024-05-04
SMP003418,18,16,Pass,None,2024-05-04
SMP003419,6,8,Pass,None,2024-05-04
SMP003420,1,9,Pass,None,2024-05-04
SMP003421,21,6,Fail,Starch,2024-05-04
SMP003422,17,1,Pass,None,2024-05-04
SMP003423,21,6,Pass,None,2024-05-04
SMP003424,2,13,Pass,None,2024-05-04
SMP003425,23,13,Fail,Synthetic Color,2024-05-04
SMP003426,17,15,Pass,None,2024-05-05
SMP003427,16,1,Pass,None,2024-05-05
SMP003428,17,9,Fail,Starch,2024-05-05
SMP003429,23,2,Fail,Starch,2024-05-05
SMP003430,17,3,Pass,None,2024-05-05
SMP003431,17,15,Pass,None,2024-05-05
SMP003432,26,8,Pass,None,2024-05-05
SMP003433,21,12,Pass,None,2024-05-05
SMP003434,12,1,Pass,None,2024-05-05
SMP003435,19,6,Pass,None,2024-05-05
SMP003436,10,11,Fail,Starch,2024-05-05
SMP003437,6,2,Fail,Urea,2024-05-05
SMP003438,17,5,Fail,Starch,2024-05-05
SMP003439,24,1,Fail,Chalk Powder,2024-05-05
SMP003440,24,11,Fail,Detergent,2024-05-05
SMP003441,9,16,Fail,Synthetic Color,2024-05-05
SMP003442,15,14,Pass,None,2024-05-05
SMP003443,6,16,Pass,None,2024-05-05
SMP003444,26,14,Pass,None,2024-05-05
SMP003445,26,14,Pass,None,2024-05-05
SMP003446,18,9,Fail,Formalin,2024-05-05
SMP003447,22,8,Pass,None,2024-05-05
SMP003448,19,6,Fail,Formalin,2024-05-05
SMP003449,17,14,Pass,None,2024-05-05
SMP003450,2,3,Pass,None,2024-05-05
SMP003451,13,1,Pass,None,2024-05-05
SMP003452,19,16,Pass,None,2024-05-05
SMP003453,19,1,Pass,None,2024-05-06
SMP003454,9,16,Pass,None,2024-05-06
SMP003455,25,12,Fail,Formalin,2024-05-06
SMP003456,5,5,Fail,Synthetic Color,2024-05-06
SMP003457,14,11,Pass,None,2024-05-06
SMP003458,19,14,Pass,None,2024-05-06
SMP003459,19,4,Pass,None,2024-05-06
SMP003460,18,13,Fail,Starch,2024-05-06
SMP003461,7,13,Pass,None,2024-05-06
SMP003462,5,4,Fail,Chalk Powder,2024-05-06
SMP003463,18,1,Pass,None,2024-05-06
SMP003464,17,4,Fail,Synthetic Color,2024-05-06
SMP003465,5,3,Fail,Synthetic Color,2024-05-06
SMP003466,19,1,Pass,None,2024-05-06
SMP003467,13,12,Pass,None,2024-05-06
SMP003468,19,6,Fail,Chalk Powder,2024-05-06
SMP003469,23,15,Pass,None,2024-05-06
SMP003470,5,4,Fail,Urea,2024-05-06
SMP003471,1,7,Pass,None,2024-05-06
SMP003472,22,11,Pass,None,2024-05-06
SMP003473,17,15,Pass,None,2024-05-06
SMP003474,19,8,Pass,None,2024-05-06
SMP003475,23,6,Fail,Chalk Powder,2024-05-06
SMP003476,22,15,Fail,Synthetic Color,2024-05-06
SMP003477,25,5,Pass,None,2024-05-06
SMP003478,16,2,Pass,None,2024-05-06
SMP003479,14,7,Pass,None,2024-05-06
SMP003480,11,13,Fail,Urea,2024-05-06
SMP003481,5,1,Pass,None,2024-05-07
SMP003482,16,10,Pass,None,2024-05-07
SMP003483,7,10,Fail,Detergent,2024-05-07
SMP003484,24,15,Pass,None,2024-05-07
SMP003485,17,5,Pass,None,2024-05-07
SMP003486,17,4,Pass,None,2024-05-07
SMP003487,9,7,Pass,None,2024-05-07
SMP003488,2,5,Pass,None,2024-05-07
SMP003489,1,12,Fail,Urea,2024-05-07
SMP003490,12,11,Pass,None,2024-05-07
SMP003491,3,13,Pass,None,2024-05-07
SMP003492,17,14,Pass,None,2024-05-07
SMP003493,23,15,Fail,Formalin,2024-05-07
SMP003494,23,6,Pass,None,2024-05-07
SMP003495,18,16,Pass,None,2024-05-07
SMP003496,6,4,Pass,None,2024-05-07
SMP003497,23,12,Pass,None,2024-05-07
SMP003498,24,9,Fail,Urea,2024-05-07
SMP003499,5,14,Pass,None,2024-05-07
SMP003500,20,7,Pass,None,2024-05-07
SMP003501,8,13,Fail,Detergent,2024-05-07
SMP003502,22,15,Fail,Synthetic Color,2024-05-07
SMP003503,26,12,Pass,None,2024-05-07
SMP003504,1,13,Pass,None,2024-05-07
SMP003505,24,1,Pass,None,2024-05-07
SMP003506,17,4,Pass,None,2024-05-07
SMP003507,25,16,Fail,Formalin,2024-05-07
SMP003508,13,11,Pass,None,2024-05-08
SMP003509,23,9,Pass,None,2024-05-08
SMP003510,2,6,Pass,None,2024-05-08
SMP003511,9,1,Pass,None,2024-05-08
SMP003512,2,6,Fail,Urea,2024-05-08
SMP003513,25,8,Pass,None,2024-05-08
SMP003514,22,4,Fail,Chalk Powder,2024-05-08
SMP003515,23,3,Fail,Starch,2024-05-08
SMP003516,25,8,Pass,None,2024-05-08
SMP003517,3,10,Fail,Chalk Powder,2024-05-08
SMP003518,10,4,Pass,None,2024-05-08
SMP003519,2,10,Fail,Synthetic Color,2024-05-08
SMP003520,6,15,Pass,None,2024-05-08
SMP003521,6,7,Fail,Formalin,2024-05-08
SMP003522,13,14,Pass,None,2024-05-08
SMP003523,7,15,Fail,Formalin,2024-05-08
SMP003524,3,2,Pass,None,2024-05-08
SMP003525,5,2,Pass,None,2024-05-08
SMP003526,5,7,Pass,None,2024-05-08
SMP003527,25,10,Pass,None,2024-05-08
SMP003528,21,6,Fail,Urea,2024-05-08
SMP003529,25,5,Fail,Synthetic Color,2024-05-08
SMP003530,12,11,Fail,Synthetic Color,2024-05-08
SMP003531,7,1,Pass,None,2024-05-08
SMP003532,22,16,Pass,None,2024-05-08
SMP003533,9,4,Fail,Starch,2024-05-08
SMP003534,8,15,Pass,None,2024-05-08
SMP003535,6,2,Pass,None,2024-05-08
SMP003536,4,4,Fail,Starch,2024-05-09
SMP003537,7,4,Pass,None,2024-05-09
SMP003538,9,16,Pass,None,2024-05-09
SMP003539,19,1,Pass,None,2024-05-09
SMP003540,2,11,Pass,None,2024-05-09
SMP003541,6,15,Fail,Formalin,2024-05-09
SMP003542,22,11,Pass,None,2024-05-09
SMP003543,5,6,Pass,None,2024-05-09
SMP003544,9,16,Pass,None,2024-05-09
SMP003545,23,15,Pass,None,2024-05-09
SMP003546,5,6,Pass,None,2024-05-09
SMP003547,3,9,Fail,Chalk Powder,2024-05-09
SMP003548,14,16,Pass,None,2024-05-09
SMP003549,8,16,Pass,None,2024-05-09
SMP003550,16,7,Pass,None,2024-05-09
SMP003551,22,14,Pass,None,2024-05-09
SMP003552,4,5,Fail,Formalin,2024-05-09
SMP003553,17,6,Fail,Detergent,2024-05-09
SMP003554,15,3,Pass,None,2024-05-09
SMP003555,5,4,Fail,Formalin,2024-05-09
SMP003556,17,11,Fail,Starch,2024-05-09
SMP003557,7,8,Pass,None,2024-05-09
SMP003558,14,4,Fail,Urea,2024-05-09
SMP003559,3,6,Fail,Detergent,2024-05-09
SMP003560,13,6,Pass,None,2024-05-09
SMP003561,8,16,Pass,None,2024-05-09
SMP003562,22,14,Fail,Formalin,2024-05-09
SMP003563,2,6,Pass,None,2024-05-10
SMP003564,12,15,Fail,Starch,2024-05-10
SMP003565,13,5,Fail,Chalk Powder,2024-05-10
SMP003566,19,11,Pass,None,2024-05-10
SMP003567,17,16,Fail,Detergent,2024-05-10
SMP003568,18,6,Pass,None,2024-05-10
SMP003569,21,11,Pass,None,2024-05-10
SMP003570,23,5,Fail,Urea,2024-05-10
SMP003571,8,4,Fail,Urea,2024-05-10
SMP003572,16,9,Fail,Chalk Powder,2024-05-10
SMP003573,23,16,Fail,Starch,2024-05-10
SMP003574,26,7,Pass,None,2024-05-10
SMP003575,24,16,Pass,None,2024-05-10
SMP003576,9,15,Fail,Synthetic Color,2024-05-10
SMP003577,5,4,Pass,None,2024-05-10
SMP003578,14,6,Fail,Chalk Powder,2024-05-10
SMP003579,21,11,Fail,Starch,2024-05-10
SMP003580,14,8,Fail,Starch,2024-05-10
SMP003581,14,2,Pass,None,2024-05-10
SMP003582,23,16,Fail,Starch,2024-05-10
SMP003583,9,12,Pass,None,2024-05-10
SMP003584,23,7,Fail,Synthetic Color,2024-05-10
SMP003585,11,10,Pass,None,2024-05-10
SMP003586,9,2,Pass,None,2024-05-10
SMP003587,13,8,Fail,Formalin,2024-05-10
SMP003588,21,15,Pass,None,2024-05-10
SMP003589,4,15,Pass,None,2024-05-10
SMP003590,5,5,Fail,Formalin,2024-05-11
SMP003591,25,9,Pass,None,2024-05-11
SMP003592,5,11,Pass,None,2024-05-11
SMP003593,16,5,Pass,None,2024-05-11
SMP003594,17,1,Pass,None,2024-05-11
SMP003595,14,8,Pass,None,2024-05-11
SMP003596,18,10,Pass,None,2024-05-11
SMP003597,6,1,Fail,Urea,2024-05-11
SMP003598,16,2,Pass,None,2024-05-11
SMP003599,9,4,Pass,None,2024-05-11
SMP003600,18,5,Pass,None,2024-05-11
SMP003601,5,9,Fail,Formalin,2024-05-11
SMP003602,16,5,Pass,None,2024-05-11
SMP003603,5,4,Pass,None,2024-05-11
SMP003604,7,15,Pass,None,2024-05-11
SMP003605,6,3,Pass,None,2024-05-11
SMP003606,5,8,Pass,None,2024-05-11
SMP003607,23,16,Pass,None,2024-05-11
SMP003608,8,10,Pass,None,2024-05-11
SMP003609,24,12,Fail,Starch,2024-05-11
SMP003610,25,6,Fail,Chalk Powder,2024-05-11
SMP003611,16,1,Fail,Formalin,2024-05-11
SMP003612,5,11,Fail,Synthetic Color,2024-05-11
SMP003613,9,11,Fail,Chalk Powder,2024-05-11
SMP003614,22,2,Pass,None,2024-05-11
SMP003615,9,7,Pass,None,2024-05-11
SMP003616,3,15,Pass,None,2024-05-11
SMP003617,16,4,Pass,None,2024-05-11
SMP003618,23,7,Pass,None,2024-05-12
SMP003619,22,7,Pass,None,2024-05-12
SMP003620,5,13,Pass,None,2024-05-12
SMP003621,19,14,Fail,Formalin,2024-05-12
SMP003622,6,13,Pass,None,2024-05-12
SMP003623,6,6,Pass,None,2024-05-12
SMP003624,23,1,Fail,Starch,2024-05-12
SMP003625,7,5,Pass,None,2024-05-12
SMP003626,7,11,Fail,Formalin,2024-05-12
SMP003627,1,12,Fail,Chalk Powder,2024-05-12
SMP003628,23,16,Pass,None,2024-05-12
SMP003629,22,7,Pass,None,2024-05-12
SMP003630,17,11,Fail,Urea,2024-05-12
SMP003631,21,9,Pass,None,2024-05-12
SMP003632,5,3,Pass,None,2024-05-12
SMP003633,13,7,Pass,None,2024-05-12
SMP003634,9,9,Pass,None,2024-05-12
SMP003635,3,16,Fail,Formalin,2024-05-12
SMP003636,14,6,Fail,Urea,2024-05-12
SMP003637,24,16,Pass,None,2024-05-12
SMP003638,2,9,Pass,None,2024-05-12
SMP003639,8,4,Pass,None,2024-05-12
SMP003640,5,3,Fail,Detergent,2024-05-12
SMP003641,6,2,Fail,Synthetic Color,2024-05-12
SMP003642,24,7,Pass,None,2024-05-12
SMP003643,13,1,Pass,None,2024-05-12
SMP003644,13,7,Pass,None,2024-05-12
SMP003645,21,16,Pass,None,2024-05-13
SMP003646,5,11,Pass,None,2024-05-13
SMP003647,14,13,Pass,None,2024-05-13
SMP003648,12,2,Fail,Urea,2024-05-13
SMP003649,17,7,Fail,Chalk Powder,2024-05-13
SMP003650,26,5,Pass,None,2024-05-13
SMP003651,21,15,Pass,None,2024-05-13
SMP003652,10,3,Pass,None,2024-05-13
SMP003653,23,7,Pass,None,2024-05-13
SMP003654,5,10,Pass,None,2024-05-13
SMP003655,1,8,Pass,None,2024-05-13
SMP003656,5,14,Fail,Detergent,2024-05-13
SMP003657,9,4,Fail,Detergent,2024-05-13
SMP003658,15,6,Pass,None,2024-05-13
SMP003659,17,13,Pass,None,2024-05-13
SMP003660,24,9,Pass,None,2024-05-13
SMP003661,15,6,Fail,Starch,2024-05-13
SMP003662,14,1,Fail,Detergent,2024-05-13
SMP003663,2,12,Pass,None,2024-05-13
SMP003664,1,16,Pass,None,2024-05-13
SMP003665,16,10,Fail,Synthetic Color,2024-05-13
SMP003666,12,14,Pass,None,2024-05-13
SMP003667,23,8,Pass,None,2024-05-13
SMP003668,5,4,Pass,None,2024-05-13
SMP003669,1,1,Pass,None,2024-05-13
SMP003670,13,11,Pass,None,2024-05-13
SMP003671,6,8,Fail,Synthetic Color,2024-05-13
SMP003672,2,13,Pass,None,2024-05-13
SMP003673,19,11,Fail,Synthetic Color,2024-05-14
SMP003674,3,16,Fail,Synthetic Color,2024-05-14
SMP003675,17,8,Fail,Starch,2024-05-14
SMP003676,7,6,Pass,None,2024-05-14
SMP003677,5,5,Pass,None,2024-05-14
SMP003678,10,7,Pass,None,2024-05-14
SMP003679,22,15,Pass,None,2024-05-14
SMP003680,10,1,Pass,None,2024-05-14
SMP003681,21,16,Fail,Formalin,2024-05-14
SMP003682,4,16,Pass,None,2024-05-14
SMP003683,21,10,Pass,None,2024-05-14
SMP003684,6,5,Pass,None,2024-05-14
SMP003685,19,4,Fail,Chalk Powder,2024-05-14
SMP003686,16,4,Pass,None,2024-05-14
SMP003687,24,1,Fail,Chalk Powder,2024-05-14
SMP003688,10,7,Fail,Urea,2024-05-14
SMP003689,2,1,Pass,None,2024-05-14
SMP003690,1,12,Fail,Starch,2024-05-14
SMP003691,23,6,Pass,None,2024-05-14
SMP003692,15,3,Pass,None,2024-05-14
SMP003693,21,9,Pass,None,2024-05-14
SMP003694,6,16,Pass,None,2024-05-14
SMP003695,9,11,Pass,None,2024-05-14
SMP003696,1,8,Fail,Chalk Powder,2024-05-14
SMP003697,25,13,Pass,None,2024-05-14
SMP003698,19,12,Pass,None,2024-05-14
SMP003699,24,15,Pass,None,2024-05-14
SMP003700,7,4,Pass,None,2024-05-15
SMP003701,17,14,Fail,Starch,2024-05-15
SMP003702,19,5,Pass,None,2024-05-15
SMP003703,8,16,Pass,None,2024-05-15
SMP003704,23,4,Fail,Urea,2024-05-15
SMP003705,25,15,Fail,Chalk Powder,2024-05-15
SMP003706,23,16,Fail,Urea,2024-05-15
SMP003707,21,3,Fail,Formalin,2024-05-15
SMP003708,7,16,Fail,Formalin,2024-05-15
SMP003709,8,2,Pass,None,2024-05-15
SMP003710,25,4,Fail,Synthetic Color,2024-05-15
SMP003711,1,7,Fail,Chalk Powder,2024-05-15
SMP003712,19,16,Pass,None,2024-05-15
SMP003713,19,8,Pass,None,2024-05-15
SMP003714,17,9,Pass,None,2024-05-15
SMP003715,26,11,Fail,Formalin,2024-05-15
SMP003716,8,16,Pass,None,2024-05-15
SMP003717,9,13,Pass,None,2024-05-15
SMP003718,2,4,Pass,None,2024-05-15
SMP003719,13,5,Pass,None,2024-05-15
SMP003720,7,2,Pass,None,2024-05-15
SMP003721,9,11,Pass,None,2024-05-15
SMP003722,23,3,Fail,Formalin,2024-05-15
SMP003723,25,4,Pass,None,2024-05-15
SMP003724,5,15,Fail,Urea,2024-05-15
SMP003725,9,5,Pass,None,2024-05-15
SMP003726,24,9,Pass,None,2024-05-15
SMP003727,2,6,Pass,None,2024-05-16
SMP003728,3,1,Pass,None,2024-05-16
SMP003729,5,6,Pass,None,2024-05-16
SMP003730,17,6,Fail,Detergent,2024-05-16
SMP003731,5,15,Fail,Synthetic Color,2024-05-16
SMP003732,25,5,Pass,None,2024-05-16
SMP003733,13,6,Pass,None,2024-05-16
SMP003734,14,13,Pass,None,2024-05-16
SMP003735,7,13,Fail,Synthetic Color,2024-05-16
SMP003736,13,13,Fail,Starch,2024-05-16
SMP003737,18,16,Fail,Formalin,2024-05-16
SMP003738,21,13,Pass,None,2024-05-16
SMP003739,21,6,Pass,None,2024-05-16
SMP003740,17,14,Fail,Formalin,2024-05-16
SMP003741,24,8,Pass,None,2024-05-16
SMP003742,22,4,Pass,None,2024-05-16
SMP003743,21,5,Fail,Urea,2024-05-16
SMP003744,2,4,Pass,None,2024-05-16
SMP003745,1,3,Pass,None,2024-05-16
SMP003746,6,3,Pass,None,2024-05-16
SMP003747,18,1,Pass,None,2024-05-16
SMP003748,11,15,Fail,Formalin,2024-05-16
SMP003749,11,15,Pass,None,2024-05-16
SMP003750,23,10,Pass,None,2024-05-16
SMP003751,24,14,Pass,None,2024-05-16
SMP003752,24,3,Pass,None,2024-05-16
SMP003753,8,15,Pass,None,2024-05-16
SMP003754,19,8,Pass,None,2024-05-16
SMP003755,7,1,Fail,Starch,2024-05-17
SMP003756,5,2,Pass,None,2024-05-17
SMP003757,5,5,Pass,None,2024-05-17
SMP003758,9,1,Pass,None,2024-05-17
SMP003759,12,5,Fail,Urea,2024-05-17
SMP003760,23,1,Pass,None,2024-05-17
SMP003761,4,4,Pass,None,2024-05-17
SMP003762,20,4,Pass,None,2024-05-17
SMP003763,16,16,Pass,None,2024-05-17
SMP003764,8,4,Pass,None,2024-05-17
SMP003765,14,4,Fail,Synthetic Color,2024-05-17
SMP003766,8,11,Fail,Formalin,2024-05-17
SMP003767,17,14,Pass,None,2024-05-17
SMP003768,12,6,Pass,None,2024-05-17
SMP003769,5,15,Pass,None,2024-05-17
SMP003770,4,5,Fail,Formalin,2024-05-17
SMP003771,16,3,Pass,None,2024-05-17
SMP003772,24,5,Fail,Starch,2024-05-17
SMP003773,9,10,Fail,Chalk Powder,2024-05-17
SMP003774,20,6,Fail,Starch,2024-05-17
SMP003775,18,11,Pass,None,2024-05-17
SMP003776,24,4,Fail,Urea,2024-05-17
SMP003777,22,12,Fail,Synthetic Color,2024-05-17
SMP003778,16,5,Pass,None,2024-05-17
SMP003779,18,7,Fail,Chalk Powder,2024-05-17
SMP003780,24,9,Pass,None,2024-05-17
SMP003781,10,11,Pass,None,2024-05-17
SMP003782,9,4,Pass,None,2024-05-18
SMP003783,1,14,Pass,None,2024-05-18
SMP003784,23,12,Pass,None,2024-05-18
SMP003785,22,4,Pass,None,2024-05-18
SMP003786,3,16,Pass,None,2024-05-18
SMP003787,17,11,Pass,None,2024-05-18
SMP003788,13,7,Pass,None,2024-05-18
SMP003789,4,3,Pass,None,2024-05-18
SMP003790,25,9,Pass,None,2024-05-18
SMP003791,6,3,Pass,None,2024-05-18
SMP003792,2,6,Fail,Chalk Powder,2024-05-18
SMP003793,17,6,Pass,None,2024-05-18
SMP003794,21,12,Pass,None,2024-05-18
SMP003795,1,3,Fail,Starch,2024-05-18
SMP003796,18,14,Pass,None,2024-05-18
SMP003797,16,5,Fail,Starch,2024-05-18
SMP003798,3,7,Fail,Synthetic Color,2024-05-18
SMP003799,5,13,Pass,None,2024-05-18
SMP003800,16,10,Fail,Detergent,2024-05-18
SMP003801,8,5,Pass,None,2024-05-18
SMP003802,25,6,Fail,Urea,2024-05-18
SMP003803,22,5,Pass,None,2024-05-18
SMP003804,26,10,Pass,None,2024-05-18
SMP003805,7,5,Pass,None,2024-05-18
SMP003806,25,12,Pass,None,2024-05-18
SMP003807,12,10,Fail,Chalk Powder,2024-05-18
SMP003808,9,3,Pass,None,2024-05-18
SMP003809,2,5,Pass,None,2024-05-18
SMP003810,2,4,Pass,None,2024-05-19
SMP003811,19,6,Pass,None,2024-05-19
SMP003812,13,8,Pass,None,2024-05-19
SMP003813,6,8,Pass,None,2024-05-19
SMP003814,17,12,Pass,None,2024-05-19
SMP003815,7,3,Pass,None,2024-05-19
SMP003816,17,16,Fail,Detergent,2024-05-19
SMP003817,9,5,Pass,None,2024-05-19
SMP003818,22,5,Fail,Synthetic Color,2024-05-19
SMP003819,22,11,Pass,None,2024-05-19
SMP003820,14,13,Fail,Chalk Powder,2024-05-19
SMP003821,9,6,Pass,None,2024-05-19
SMP003822,9,12,Pass,None,2024-05-19
SMP003823,22,15,Fail,Chalk Powder,2024-05-19
SMP003824,9,13,Pass,None,2024-05-19
SMP003825,5,1,Pass,None,2024-05-19
SMP003826,3,14,Pass,None,2024-05-19
SMP003827,13,13,Pass,None,2024-05-19
SMP003828,14,11,Fail,Formalin,2024-05-19
SMP003829,23,13,Pass,None,2024-05-19
SMP003830,6,16,Pass,None,2024-05-19
SMP003831,10,6,Pass,None,2024-05-19
SMP003832,22,1,Pass,None,2024-05-19
SMP003833,22,7,Fail,Chalk Powder,2024-05-19
SMP003834,10,1,Pass,None,2024-05-19
SMP003835,13,5,Fail,Urea,2024-05-19
SMP003836,8,10,Pass,None,2024-05-19
SMP003837,24,5,Pass,None,2024-05-20
SMP003838,4,11,Fail,Synthetic Color,2024-05-20
SMP003839,24,14,Pass,None,2024-05-20
SMP003840,19,6,Fail,Synthetic Color,2024-05-20
SMP003841,16,15,Pass,None,2024-05-20
SMP003842,1,2,Pass,None,2024-05-20
SMP003843,14,14,Pass,None,2024-05-20
SMP003844,11,14,Fail,Chalk Powder,2024-05-20
SMP003845,5,5,Fail,Urea,2024-05-20
SMP003846,18,5,Fail,Detergent,2024-05-20
SMP003847,25,5,Pass,None,2024-05-20
SMP003848,16,13,Pass,None,2024-05-20
SMP003849,19,14,Fail,Formalin,2024-05-20
SMP003850,2,5,Pass,None,2024-05-20
SMP003851,12,10,Pass,None,2024-05-20
SMP003852,4,2,Pass,None,2024-05-20
SMP003853,17,7,Fail,Detergent,2024-05-20
SMP003854,25,16,Pass,None,2024-05-20
SMP003855,18,3,Pass,None,2024-05-20
SMP003856,2,16,Pass,None,2024-05-20
SMP003857,9,14,Pass,None,2024-05-20
SMP003858,16,16,Pass,None,2024-05-20
SMP003859,11,3,Pass,None,2024-05-20
SMP003860,23,4,Pass,None,2024-05-20
SMP003861,22,1,Fail,Starch,2024-05-20
SMP003862,17,12,Pass,None,2024-05-20
SMP003863,9,11,Pass,None,2024-05-20
SMP003864,7,3,Fail,Detergent,2024-05-21
SMP003865,3,13,Pass,None,2024-05-21
SMP003866,9,5,Pass,None,2024-05-21
SMP003867,11,2,Pass,None,2024-05-21
SMP003868,19,6,Pass,None,2024-05-21
SMP003869,18,2,Fail,Starch,2024-05-21
SMP003870,2,4,Fail,Urea,2024-05-21
SMP003871,10,6,Fail,Chalk Powder,2024-05-21
SMP003872,5,14,Fail,Starch,2024-05-21
SMP003873,5,13,Fail,Synthetic Color,2024-05-21
SMP003874,23,7,Pass,None,2024-05-21
SMP003875,2,12,Pass,None,2024-05-21
SMP003876,12,9,Pass,None,2024-05-21
SMP003877,5,5,Pass,None,2024-05-21
SMP003878,23,12,Fail,Chalk Powder,2024-05-21
SMP003879,16,11,Pass,None,2024-05-21
SMP003880,6,10,Pass,None,2024-05-21
SMP003881,14,10,Pass,None,2024-05-21
SMP003882,20,11,Pass,None,2024-05-21
SMP003883,25,6,Fail,Chalk Powder,2024-05-21
SMP003884,6,15,Pass,None,2024-05-21
SMP003885,24,3,Pass,None,2024-05-21
SMP003886,24,15,Pass,None,2024-05-21
SMP003887,24,5,Fail,Chalk Powder,2024-05-21
SMP003888,18,2,Pass,None,2024-05-21
SMP003889,17,10,Fail,Starch,2024-05-21
SMP003890,11,6,Pass,None,2024-05-21
SMP003891,21,14,Pass,None,2024-05-21
SMP003892,16,6,Pass,None,2024-05-22
SMP003893,19,11,Pass,None,2024-05-22
SMP003894,12,5,Pass,None,2024-05-22
SMP003895,20,4,Pass,None,2024-05-22
SMP003896,23,6,Pass,None,2024-05-22
SMP003897,5,10,Fail,Synthetic Color,2024-05-22
SMP003898,23,11,Pass,None,2024-05-22
SMP003899,16,9,Pass,None,2024-05-22
SMP003900,23,16,Pass,None,2024-05-22
SMP003901,12,11,Fail,Synthetic Color,2024-05-22
SMP003902,10,15,Fail,Detergent,2024-05-22
SMP003903,24,2,Pass,None,2024-05-22
SMP003904,7,1,Pass,None,2024-05-22
SMP003905,23,5,Fail,Chalk Powder,2024-05-22
SMP003906,14,2,Fail,Chalk Powder,2024-05-22
SMP003907,15,8,Pass,None,2024-05-22
SMP003908,8,8,Fail,Formalin,2024-05-22
SMP003909,17,9,Pass,None,2024-05-22
SMP003910,9,12,Pass,None,2024-05-22
SMP003911,2,16,Fail,Chalk Powder,2024-05-22
SMP003912,7,15,Pass,None,2024-05-22
SMP003913,1,2,Fail,Detergent,2024-05-22
SMP003914,25,5,Pass,None,2024-05-22
SMP003915,25,4,Pass,None,2024-05-22
SMP003916,10,3,Pass,None,2024-05-22
SMP003917,20,9,Pass,None,2024-05-22
SMP003918,9,9,Pass,None,2024-05-22
SMP003919,19,4,Pass,None,2024-05-23
SMP003920,22,12,Pass,None,2024-05-23
SMP003921,25,12,Pass,None,2024-05-23
SMP003922,10,1,Pass,None,2024-05-23
SMP003923,22,6,Fail,Detergent,2024-05-23
SMP003924,7,15,Pass,None,2024-05-23
SMP003925,26,8,Pass,None,2024-05-23
SMP003926,1,5,Pass,None,2024-05-23
SMP003927,17,4,Pass,None,2024-05-23
SMP003928,18,4,Pass,None,2024-05-23
SMP003929,19,2,Fail,Synthetic Color,2024-05-23
SMP003930,4,14,Pass,None,2024-05-23
SMP003931,25,2,Pass,None,2024-05-23
SMP003932,5,5,Pass,None,2024-05-23
SMP003933,17,1,Pass,None,2024-05-23
SMP003934,6,13,Pass,None,2024-05-23
SMP003935,8,1,Pass,None,2024-05-23
SMP003936,16,5,Pass,None,2024-05-23
SMP003937,12,9,Pass,None,2024-05-23
SMP003938,5,6,Pass,None,2024-05-23
SMP003939,5,5,Fail,Formalin,2024-05-23
SMP003940,12,4,Pass,None,2024-05-23
SMP003941,21,13,Fail,Synthetic Color,2024-05-23
SMP003942,24,16,Pass,None,2024-05-23
SMP003943,3,5,Pass,None,2024-05-23
SMP003944,10,1,Fail,Chalk Powder,2024-05-23
SMP003945,3,1,Pass,None,2024-05-23
SMP003946,1,13,Fail,Formalin,2024-05-23
SMP003947,18,9,Pass,None,2024-05-24
SMP003948,17,13,Pass,None,2024-05-24
SMP003949,5,11,Pass,None,2024-05-24
SMP003950,6,15,Pass,None,2024-05-24
SMP003951,1,15,Pass,None,2024-05-24
SMP003952,23,13,Fail,Starch,2024-05-24
SMP003953,25,7,Pass,None,2024-05-24
SMP003954,4,5,Pass,None,2024-05-24
SMP003955,6,8,Pass,None,2024-05-24
SMP003956,23,8,Fail,Synthetic Color,2024-05-24
SMP003957,24,10,Fail,Detergent,2024-05-24
SMP003958,12,3,Fail,Synthetic Color,2024-05-24
SMP003959,2,11,Pass,None,2024-05-24
SMP003960,2,7,Pass,None,2024-05-24
SMP003961,17,10,Pass,None,2024-05-24
SMP003962,10,4,Fail,Urea,2024-05-24
SMP003963,1,6,Pass,None,2024-05-24
SMP003964,17,4,Pass,None,2024-05-24
SMP003965,1,15,Pass,None,2024-05-24
SMP003966,22,8,Fail,Urea,2024-05-24
SMP003967,8,4,Pass,None,2024-05-24
SMP003968,2,1,Pass,None,2024-05-24
SMP003969,17,11,Pass,None,2024-05-24
SMP003970,10,4,Pass,None,2024-05-24
SMP003971,25,16,Pass,None,2024-05-24
SMP003972,16,9,Pass,None,2024-05-24
SMP003973,7,5,Fail,Urea,2024-05-24
SMP003974,19,11,Fail,Detergent,2024-05-25
SMP003975,7,4,Fail,Detergent,2024-05-25
SMP003976,24,14,Pass,None,2024-05-25
SMP003977,9,5,Pass,None,2024-05-25
SMP003978,16,16,Pass,None,2024-05-25
SMP003979,2,10,Pass,None,2024-05-25
SMP003980,12,14,Fail,Urea,2024-05-25
SMP003981,23,1,Fail,Chalk Powder,2024-05-25
SMP003982,22,5,Fail,Detergent,2024-05-25
SMP003983,6,12,Fail,Chalk Powder,2024-05-25
SMP003984,6,11,Fail,Detergent,2024-05-25
SMP003985,22,3,Fail,Detergent,2024-05-25
SMP003986,24,5,Pass,None,2024-05-25
SMP003987,3,4,Pass,None,2024-05-25
SMP003988,13,10,Fail,Urea,2024-05-25
SMP003989,9,5,Pass,None,2024-05-25
SMP003990,23,5,Pass,None,2024-05-25
SMP003991,3,4,Pass,None,2024-05-25
SMP003992,6,6,Pass,None,2024-05-25
SMP003993,21,3,Pass,None,2024-05-25
SMP003994,2,16,Pass,None,2024-05-25
SMP003995,14,3,Fail,Starch,2024-05-25
SMP003996,12,15,Fail,Chalk Powder,2024-05-25
SMP003997,9,6,Pass,None,2024-05-25
SMP003998,10,6,Pass,None,2024-05-25
SMP003999,16,4,Pass,None,2024-05-25
SMP004000,5,11,Pass,None,2024-05-25
SMP004001,16,11,Fail,Chalk Powder,2024-05-26
SMP004002,22,7,Pass,None,2024-05-26
SMP004003,21,1,Fail,Starch,2024-05-26
SMP004004,5,15,Pass,None,2024-05-26
SMP004005,5,16,Fail,Formalin,2024-05-26
SMP004006,7,6,Pass,None,2024-05-26
SMP004007,9,10,Pass,None,2024-05-26
SMP004008,11,7,Fail,Synthetic Color,2024-05-26
SMP004009,19,5,Fail,Starch,2024-05-26
SMP004010,2,2,Fail,Formalin,2024-05-26
SMP004011,1,7,Pass,None,2024-05-26
SMP004012,10,14,Pass,None,2024-05-26
SMP004013,19,1,Fail,Starch,2024-05-26
SMP004014,5,10,Pass,None,2024-05-26
SMP004015,18,15,Pass,None,2024-05-26
SMP004016,7,4,Fail,Urea,2024-05-26
SMP004017,24,3,Pass,None,2024-05-26
SMP004018,24,13,Fail,Formalin,2024-05-26
SMP004019,8,4,Fail,Urea,2024-05-26
SMP004020,6,3,Pass,None,2024-05-26
SMP004021,11,6,Fail,Urea,2024-05-26
SMP004022,7,6,Pass,None,2024-05-26
SMP004023,19,15,Pass,None,2024-05-26
SMP004024,23,10,Pass,None,2024-05-26
SMP004025,19,6,Pass,None,2024-05-26
SMP004026,23,9,Pass,None,2024-05-26
SMP004027,10,16,Fail,Formalin,2024-05-26
SMP004028,5,2,Pass,None,2024-05-26
SMP004029,20,4,Pass,None,2024-05-27
SMP004030,9,16,Fail,Chalk Powder,2024-05-27
SMP004031,19,16,Pass,None,2024-05-27
SMP004032,7,3,Pass,None,2024-05-27
SMP004033,3,3,Pass,None,2024-05-27
SMP004034,26,6,Fail,Chalk Powder,2024-05-27
SMP004035,5,1,Fail,Formalin,2024-05-27
SMP004036,26,11,Fail,Starch,2024-05-27
SMP004037,25,2,Pass,None,2024-05-27
SMP004038,22,1,Pass,None,2024-05-27
SMP004039,18,8,Pass,None,2024-05-27
SMP004040,17,16,Pass,None,2024-05-27
SMP004041,23,6,Pass,None,2024-05-27
SMP004042,8,5,Fail,Starch,2024-05-27
SMP004043,13,16,Pass,None,2024-05-27
SMP004044,17,9,Pass,None,2024-05-27
SMP004045,11,6,Pass,None,2024-05-27
SMP004046,12,6,Fail,Synthetic Color,2024-05-27
SMP004047,9,3,Pass,None,2024-05-27
SMP004048,16,8,Fail,Starch,2024-05-27
SMP004049,23,7,Pass,None,2024-05-27
SMP004050,5,4,Pass,None,2024-05-27
SMP004051,24,3,Pass,None,2024-05-27
SMP004052,19,5,Pass,None,2024-05-27
SMP004053,22,8,Pass,None,2024-05-27
SMP004054,16,1,Fail,Chalk Powder,2024-05-27
SMP004055,22,3,Pass,None,2024-05-27
SMP004056,1,16,Pass,None,2024-05-28
SMP004057,22,9,Pass,None,2024-05-28
SMP004058,2,1,Pass,None,2024-05-28
SMP004059,24,11,Pass,None,2024-05-28
SMP004060,26,1,Pass,None,2024-05-28
SMP004061,8,12,Pass,None,2024-05-28
SMP004062,6,12,Fail,Formalin,2024-05-28
SMP004063,21,11,Fail,Starch,2024-05-28
SMP004064,7,12,Pass,None,2024-05-28
SMP004065,23,2,Fail,Formalin,2024-05-28
SMP004066,3,12,Pass,None,2024-05-28
SMP004067,4,2,Fail,Synthetic Color,2024-05-28
SMP004068,25,5,Pass,None,2024-05-28
SMP004069,19,16,Pass,None,2024-05-28
SMP004070,23,8,Pass,None,2024-05-28
SMP004071,9,16,Pass,None,2024-05-28
SMP004072,19,2,Fail,Formalin,2024-05-28
SMP004073,17,7,Pass,None,2024-05-28
SMP004074,17,1,Pass,None,2024-05-28
SMP004075,19,11,Pass,None,2024-05-28
SMP004076,17,2,Fail,Synthetic Color,2024-05-28
SMP004077,12,3,Pass,None,2024-05-28
SMP004078,7,4,Fail,Synthetic Color,2024-05-28
SMP004079,21,12,Pass,None,2024-05-28
SMP004080,6,3,Pass,None,2024-05-28
SMP004081,19,14,Pass,None,2024-05-28
SMP004082,6,2,Pass,None,2024-05-28
SMP004083,17,1,Fail,Synthetic Color,2024-05-29
SMP004084,21,6,Pass,None,2024-05-29
SMP004085,6,16,Pass,None,2024-05-29
SMP004086,2,2,Pass,None,2024-05-29
SMP004087,4,2,Pass,None,2024-05-29
SMP004088,17,12,Pass,None,2024-05-29
SMP004089,23,5,Pass,None,2024-05-29
SMP004090,2,12,Pass,None,2024-05-29
SMP004091,20,3,Pass,None,2024-05-29
SMP004092,9,7,Fail,Urea,2024-05-29
SMP004093,14,4,Pass,None,2024-05-29
SMP004094,24,7,Pass,None,2024-05-29
SMP004095,9,13,Pass,None,2024-05-29
SMP004096,13,13,Pass,None,2024-05-29
SMP004097,1,8,Pass,None,2024-05-29
SMP004098,3,15,Fail,Chalk Powder,2024-05-29
SMP004099,7,4,Pass,None,2024-05-29
SMP004100,1,4,Pass,None,2024-05-29
SMP004101,17,10,Fail,Detergent,2024-05-29
SMP004102,12,10,Fail,Chalk Powder,2024-05-29
SMP004103,16,1,Pass,None,2024-05-29
SMP004104,5,10,Pass,None,2024-05-29
SMP004105,8,6,Fail,Formalin,2024-05-29
SMP004106,18,12,Pass,None,2024-05-29
SMP004107,25,13,Pass,None,2024-05-29
SMP004108,2,9,Pass,None,2024-05-29
SMP004109,24,1,Pass,None,2024-05-29
SMP004110,17,11,Pass,None,2024-05-29
SMP004111,16,12,Fail,Chalk Powder,2024-05-30
SMP004112,14,4,Fail,Starch,2024-05-30
SMP004113,2,7,Pass,None,2024-05-30
SMP004114,3,16,Fail,Detergent,2024-05-30
SMP004115,17,5,Pass,None,2024-05-30
SMP004116,9,4,Pass,None,2024-05-30
SMP004117,24,4,Pass,None,2024-05-30
SMP004118,11,9,Pass,None,2024-05-30
SMP004119,5,16,Pass,None,2024-05-30
SMP004120,19,10,Fail,Chalk Powder,2024-05-30
SMP004121,8,5,Pass,None,2024-05-30
SMP004122,15,11,Pass,None,2024-05-30
SMP004123,19,10,Pass,None,2024-05-30
SMP004124,24,10,Pass,None,2024-05-30
SMP004125,22,3,Pass,None,2024-05-30
SMP004126,19,11,Pass,None,2024-05-30
SMP004127,19,6,Pass,None,2024-05-30
SMP004128,25,1,Fail,Detergent,2024-05-30
SMP004129,8,9,Pass,None,2024-05-30
SMP004130,1,16,Fail,Chalk Powder,2024-05-30
SMP004131,7,5,Pass,None,2024-05-30
SMP004132,6,16,Pass,None,2024-05-30
SMP004133,18,2,Fail,Urea,2024-05-30
SMP004134,17,12,Pass,None,2024-05-30
SMP004135,17,2,Fail,Formalin,2024-05-30
SMP004136,1,4,Fail,Formalin,2024-05-30
SMP004137,20,9,Pass,None,2024-05-30
SMP004138,9,10,Pass,None,2024-05-31
SMP004139,18,13,Pass,None,2024-05-31
SMP004140,16,10,Pass,None,2024-05-31
SMP004141,9,10,Pass,None,2024-05-31
SMP004142,4,15,Fail,Starch,2024-05-31
SMP004143,3,7,Pass,None,2024-05-31
SMP004144,23,4,Pass,None,2024-05-31
SMP004145,24,3,Pass,None,2024-05-31
SMP004146,18,6,Pass,None,2024-05-31
SMP004147,3,12,Fail,Urea,2024-05-31
SMP004148,11,1,Pass,None,2024-05-31
SMP004149,20,2,Pass,None,2024-05-31
SMP004150,22,2,Fail,Chalk Powder,2024-05-31
SMP004151,4,10,Pass,None,2024-05-31
SMP004152,1,4,Fail,Chalk Powder,2024-05-31
SMP004153,19,3,Fail,Chalk Powder,2024-05-31
SMP004154,9,10,Fail,Chalk Powder,2024-05-31
SMP004155,7,13,Pass,None,2024-05-31
SMP004156,1,5,Pass,None,2024-05-31
SMP004157,16,9,Fail,Detergent,2024-05-31
SMP004158,23,2,Pass,None,2024-05-31
SMP004159,25,16,Fail,Chalk Powder,2024-05-31
SMP004160,16,5,Fail,Formalin,2024-05-31
SMP004161,15,16,Fail,Urea,2024-05-31
SMP004162,3,16,Pass,None,2024-05-31
SMP004163,16,13,Pass,None,2024-05-31
SMP004164,10,1,Pass,None,2024-05-31
SMP004165,17,9,Fail,Synthetic Color,2024-05-31
SMP004166,10,2,Pass,None,2024-06-01
SMP004167,7,15,Pass,None,2024-06-01
SMP004168,3,13,Pass,None,2024-06-01
SMP004169,8,16,Pass,None,2024-06-01
SMP004170,3,10,Pass,None,2024-06-01
SMP004171,5,8,Fail,Formalin,2024-06-01
SMP004172,26,8,Pass,None,2024-06-01
SMP004173,13,6,Pass,None,2024-06-01
SMP004174,16,7,Pass,None,2024-06-01
SMP004175,23,11,Fail,Chalk Powder,2024-06-01
SMP004176,26,15,Fail,Detergent,2024-06-01
SMP004177,17,10,Pass,None,2024-06-01
SMP004178,22,14,Pass,None,2024-06-01
SMP004179,9,15,Pass,None,2024-06-01
SMP004180,8,8,Pass,None,2024-06-01
SMP004181,11,5,Fail,Synthetic Color,2024-06-01
SMP004182,19,11,Pass,None,2024-06-01
SMP004183,19,7,Pass,None,2024-06-01
SMP004184,8,2,Pass,None,2024-06-01
SMP004185,4,6,Pass,None,2024-06-01
SMP004186,17,16,Pass,None,2024-06-01
SMP004187,4,1,Pass,None,2024-06-01
SMP004188,17,11,Fail,Synthetic Color,2024-06-01
SMP004189,19,14,Pass,None,2024-06-01
SMP004190,19,11,Pass,None,2024-06-01
SMP004191,21,9,Pass,None,2024-06-01
SMP004192,23,12,Fail,Chalk Powder,2024-06-01
SMP004193,14,6,Fail,Synthetic Color,2024-06-02
SMP004194,20,2,Pass,None,2024-06-02
SMP004195,17,16,Pass,None,2024-06-02
SMP004196,5,6,Pass,None,2024-06-02
SMP004197,1,11,Pass,None,2024-06-02
SMP004198,8,9,Pass,None,2024-06-02
SMP004199,13,1,Fail,Chalk Powder,2024-06-02
SMP004200,17,16,Fail,Detergent,2024-06-02
SMP004201,23,13,Pass,None,2024-06-02
SMP004202,5,3,Pass,None,2024-06-02
SMP004203,4,16,Pass,None,2024-06-02
SMP004204,25,12,Pass,None,2024-06-02
SMP004205,3,7,Pass,None,2024-06-02
SMP004206,14,10,Fail,Urea,2024-06-02
SMP004207,17,2,Pass,None,2024-06-02
SMP004208,16,9,Fail,Formalin,2024-06-02
SMP004209,3,1,Fail,Urea,2024-06-02
SMP004210,2,9,Pass,None,2024-06-02
SMP004211,3,9,Pass,None,2024-06-02
SMP004212,17,15,Pass,None,2024-06-02
SMP004213,16,12,Pass,None,2024-06-02
SMP004214,6,4,Fail,Chalk Powder,2024-06-02
SMP004215,18,15,Pass,None,2024-06-02
SMP004216,22,9,Fail,Detergent,2024-06-02
SMP004217,2,10,Fail,Starch,2024-06-02
SMP004218,14,3,Pass,None,2024-06-02
SMP004219,19,14,Fail,Chalk Powder,2024-06-02
SMP004220,7,15,Pass,None,2024-06-03
SMP004221,8,13,Fail,Formalin,2024-06-03
SMP004222,17,16,Pass,None,2024-06-03
SMP004223,24,5,Pass,None,2024-06-03
SMP004224,22,14,Pass,None,2024-06-03
SMP004225,17,8,Pass,None,2024-06-03
SMP004226,20,3,Pass,None,2024-06-03
SMP004227,9,11,Pass,None,2024-06-03
SMP004228,18,11,Pass,None,2024-06-03
SMP004229,13,5,Pass,None,2024-06-03
SMP004230,5,1,Fail,Formalin,2024-06-03
SMP004231,19,3,Pass,None,2024-06-03
SMP004232,16,6,Pass,None,2024-06-03
SMP004233,9,3,Fail,Chalk Powder,2024-06-03
SMP004234,24,3,Pass,None,2024-06-03
SMP004235,1,6,Pass,None,2024-06-03
SMP004236,8,16,Pass,None,2024-06-03
SMP004237,2,13,Fail,Starch,2024-06-03
SMP004238,21,5,Pass,None,2024-06-03
SMP004239,19,16,Pass,None,2024-06-03
SMP004240,9,11,Pass,None,2024-06-03
SMP004241,19,7,Pass,None,2024-06-03
SMP004242,10,7,Pass,None,2024-06-03
SMP004243,21,6,Fail,Synthetic Color,2024-06-03
SMP004244,13,4,Fail,Formalin,2024-06-03
SMP004245,11,6,Pass,None,2024-06-03
SMP004246,24,9,Pass,None,2024-06-03
SMP004247,7,9,Fail,Formalin,2024-06-03
SMP004248,4,13,Pass,None,2024-06-04
SMP004249,17,5,Fail,Chalk Powder,2024-06-04
SMP004250,25,12,Pass,None,2024-06-04
SMP004251,10,9,Fail,Formalin,2024-06-04
SMP004252,2,16,Pass,None,2024-06-04
SMP004253,9,6,Pass,None,2024-06-04
SMP004254,15,15,Pass,None,2024-06-04
SMP004255,5,14,Pass,None,2024-06-04
SMP004256,18,11,Pass,None,2024-06-04
SMP004257,26,11,Pass,None,2024-06-04
SMP004258,13,2,Fail,Detergent,2024-06-04
SMP004259,9,16,Pass,None,2024-06-04
SMP004260,11,2,Pass,None,2024-06-04
SMP004261,4,9,Pass,None,2024-06-04
SMP004262,23,5,Pass,None,2024-06-04
SMP004263,12,6,Pass,None,2024-06-04
SMP004264,10,10,Fail,Starch,2024-06-04
SMP004265,18,15,Pass,None,2024-06-04
SMP004266,12,7,Pass,None,2024-06-04
SMP004267,18,16,Pass,None,2024-06-04
SMP004268,2,10,Pass,None,2024-06-04
SMP004269,22,3,Pass,None,2024-06-04
SMP004270,25,3,Fail,Formalin,2024-06-04
SMP004271,18,12,Fail,Chalk Powder,2024-06-04
SMP004272,25,1,Pass,None,2024-06-04
SMP004273,5,8,Pass,None,2024-06-04
SMP004274,14,3,Pass,None,2024-06-04
SMP004275,17,6,Pass,None,2024-06-05
SMP004276,17,12,Fail,Starch,2024-06-05
SMP004277,11,7,Pass,None,2024-06-05
SMP004278,9,3,Pass,None,2024-06-05
SMP004279,4,4,Pass,None,2024-06-05
SMP004280,10,6,Pass,None,2024-06-05
SMP004281,5,1,Pass,None,2024-06-05
SMP004282,20,10,Pass,None,2024-06-05
SMP004283,5,10,Fail,Synthetic Color,2024-06-05
SMP004284,2,1,Fail,Formalin,2024-06-05
SMP004285,16,6,Fail,Urea,2024-06-05
SMP004286,17,6,Pass,None,2024-06-05
SMP004287,23,5,Fail,Chalk Powder,2024-06-05
SMP004288,17,9,Pass,None,2024-06-05
SMP004289,9,5,Pass,None,2024-06-05
SMP004290,22,6,Pass,None,2024-06-05
SMP004291,16,13,Pass,None,2024-06-05
SMP004292,3,3,Fail,Urea,2024-06-05
SMP004293,16,10,Pass,None,2024-06-05
SMP004294,24,8,Pass,None,2024-06-05
SMP004295,10,5,Fail,Chalk Powder,2024-06-05
SMP004296,8,12,Pass,None,2024-06-05
SMP004297,5,9,Fail,Urea,2024-06-05
SMP004298,5,7,Pass,None,2024-06-05
SMP004299,12,11,Fail,Urea,2024-06-05
SMP004300,17,13,Pass,None,2024-06-05
SMP004301,3,16,Pass,None,2024-06-05
SMP004302,25,10,Fail,Chalk Powder,2024-06-05
SMP004303,21,15,Pass,None,2024-06-06
SMP004304,17,1,Fail,Detergent,2024-06-06
SMP004305,23,9,Fail,Chalk Powder,2024-06-06
SMP004306,3,4,Fail,Synthetic Color,2024-06-06
SMP004307,14,2,Pass,None,2024-06-06
SMP004308,17,9,Pass,None,2024-06-06
SMP004309,23,12,Fail,Formalin,2024-06-06
SMP004310,22,6,Fail,Synthetic Color,2024-06-06
SMP004311,7,11,Pass,None,2024-06-06
SMP004312,25,8,Pass,None,2024-06-06
SMP004313,4,6,Fail,Chalk Powder,2024-06-06
SMP004314,23,5,Pass,None,2024-06-06
SMP004315,25,6,Pass,None,2024-06-06
SMP004316,5,5,Fail,Urea,2024-06-06
SMP004317,19,11,Fail,Chalk Powder,2024-06-06
SMP004318,2,2,Fail,Synthetic Color,2024-06-06
SMP004319,11,2,Pass,None,2024-06-06
SMP004320,15,11,Fail,Synthetic Color,2024-06-06
SMP004321,17,9,Pass,None,2024-06-06
SMP004322,25,6,Pass,None,2024-06-06
SMP004323,19,3,Pass,None,2024-06-06
SMP004324,14,6,Fail,Detergent,2024-06-06
SMP004325,22,13,Pass,None,2024-06-06
SMP004326,25,15,Pass,None,2024-06-06
SMP004327,1,12,Pass,None,2024-06-06
SMP004328,26,1,Pass,None,2024-06-06
SMP004329,3,11,Pass,None,2024-06-06
SMP004330,22,4,Pass,None,2024-06-07
SMP004331,7,5,Pass,None,2024-06-07
SMP004332,4,3,Fail,Chalk Powder,2024-06-07
SMP004333,12,13,Pass,None,2024-06-07
SMP004334,18,11,Pass,None,2024-06-07
SMP004335,10,10,Pass,None,2024-06-07
SMP004336,2,11,Pass,None,2024-06-07
SMP004337,17,4,Pass,None,2024-06-07
SMP004338,24,7,Fail,Urea,2024-06-07
SMP004339,10,11,Pass,None,2024-06-07
SMP004340,6,11,Fail,Starch,2024-06-07
SMP004341,12,13,Pass,None,2024-06-07
SMP004342,2,5,Fail,Synthetic Color,2024-06-07
SMP004343,22,13,Pass,None,2024-06-07
SMP004344,23,7,Pass,None,2024-06-07
SMP004345,17,11,Fail,Chalk Powder,2024-06-07
SMP004346,9,7,Fail,Synthetic Color,2024-06-07
SMP004347,22,16,Pass,None,2024-06-07
SMP004348,16,3,Fail,Urea,2024-06-07
SMP004349,23,11,Pass,None,2024-06-07
SMP004350,17,9,Pass,None,2024-06-07
SMP004351,22,3,Pass,None,2024-06-07
SMP004352,17,1,Pass,None,2024-06-07
SMP004353,12,13,Fail,Detergent,2024-06-07
SMP004354,25,3,Fail,Chalk Powder,2024-06-07
SMP004355,16,3,Pass,None,2024-06-07
SMP004356,17,16,Pass,None,2024-06-07
SMP004357,6,12,Pass,None,2024-06-08
SMP004358,17,4,Fail,Formalin,2024-06-08
SMP004359,16,10,Pass,None,2024-06-08
SMP004360,5,9,Fail,Urea,2024-06-08
SMP004361,2,14,Fail,Chalk Powder,2024-06-08
SMP004362,17,12,Pass,None,2024-06-08
SMP004363,21,14,Pass,None,2024-06-08
SMP004364,15,4,Pass,None,2024-06-08
SMP004365,6,11,Pass,None,2024-06-08
SMP004366,18,1,Fail,Formalin,2024-06-08
SMP004367,3,1,Pass,None,2024-06-08
SMP004368,12,12,Pass,None,2024-06-08
SMP004369,5,1,Fail,Starch,2024-06-08
SMP004370,5,10,Pass,None,2024-06-08
SMP004371,5,14,Fail,Formalin,2024-06-08
SMP004372,10,6,Pass,None,2024-06-08
SMP004373,2,1,Pass,None,2024-06-08
SMP004374,10,12,Pass,None,2024-06-08
SMP004375,15,15,Pass,None,2024-06-08
SMP004376,14,12,Pass,None,2024-06-08
SMP004377,10,9,Fail,Synthetic Color,2024-06-08
SMP004378,23,4,Pass,None,2024-06-08
SMP004379,5,1,Fail,Detergent,2024-06-08
SMP004380,15,11,Fail,Chalk Powder,2024-06-08
SMP004381,2,4,Pass,None,2024-06-08
SMP004382,2,14,Pass,None,2024-06-08
SMP004383,17,7,Pass,None,2024-06-08
SMP004384,16,9,Fail,Chalk Powder,2024-06-08
SMP004385,23,12,Pass,None,2024-06-09
SMP004386,16,13,Pass,None,2024-06-09
SMP004387,25,11,Pass,None,2024-06-09
SMP004388,2,16,Pass,None,2024-06-09
SMP004389,3,16,Fail,Starch,2024-06-09
SMP004390,2,16,Pass,None,2024-06-09
SMP004391,5,14,Pass,None,2024-06-09
SMP004392,16,12,Pass,None,2024-06-09
SMP004393,18,11,Fail,Detergent,2024-06-09
SMP004394,2,2,Fail,Chalk Powder,2024-06-09
SMP004395,25,4,Pass,None,2024-06-09
SMP004396,23,1,Fail,Detergent,2024-06-09
SMP004397,8,2,Fail,Chalk Powder,2024-06-09
SMP004398,2,7,Pass,None,2024-06-09
SMP004399,5,3,Fail,Formalin,2024-06-09
SMP004400,4,15,Fail,Chalk Powder,2024-06-09
SMP004401,4,13,Fail,Detergent,2024-06-09
SMP004402,15,1,Pass,None,2024-06-09
SMP004403,7,4,Fail,Starch,2024-06-09
SMP004404,9,14,Pass,None,2024-06-09
SMP004405,26,13,Pass,None,2024-06-09
SMP004406,19,16,Pass,None,2024-06-09
SMP004407,25,16,Fail,Detergent,2024-06-09
SMP004408,5,16,Pass,None,2024-06-09
SMP004409,10,6,Pass,None,2024-06-09
SMP004410,16,4,Fail,Starch,2024-06-09
SMP004411,2,12,Pass,None,2024-06-09
SMP004412,1,5,Fail,Synthetic Color,2024-06-10
SMP004413,19,13,Pass,None,2024-06-10
SMP004414,18,9,Pass,None,2024-06-10
SMP004415,11,13,Pass,None,2024-06-10
SMP004416,14,4,Pass,None,2024-06-10
SMP004417,12,8,Pass,None,2024-06-10
SMP004418,1,9,Pass,None,2024-06-10
SMP004419,9,16,Pass,None,2024-06-10
SMP004420,5,4,Pass,None,2024-06-10
SMP004421,3,16,Pass,None,2024-06-10
SMP004422,25,13,Pass,None,2024-06-10
SMP004423,17,12,Pass,None,2024-06-10
SMP004424,20,13,Pass,None,2024-06-10
SMP004425,8,10,Pass,None,2024-06-10
SMP004426,10,4,Fail,Chalk Powder,2024-06-10
SMP004427,6,3,Pass,None,2024-06-10
SMP004428,3,15,Pass,None,2024-06-10
SMP004429,5,12,Pass,None,2024-06-10
SMP004430,22,4,Fail,Synthetic Color,2024-06-10
SMP004431,19,10,Pass,None,2024-06-10
SMP004432,16,7,Pass,None,2024-06-10
SMP004433,14,3,Fail,Formalin,2024-06-10
SMP004434,24,9,Pass,None,2024-06-10
SMP004435,2,5,Pass,None,2024-06-10
SMP004436,7,2,Pass,None,2024-06-10
SMP004437,9,7,Pass,None,2024-06-10
SMP004438,22,10,Pass,None,2024-06-10
SMP004439,26,1,Pass,None,2024-06-10
SMP004440,7,6,Pass,None,2024-06-11
SMP004441,23,4,Pass,None,2024-06-11
SMP004442,23,1,Fail,Urea,2024-06-11
SMP004443,6,2,Pass,None,2024-06-11
SMP004444,10,2,Pass,None,2024-06-11
SMP004445,11,3,Fail,Chalk Powder,2024-06-11
SMP004446,25,13,Pass,None,2024-06-11
SMP004447,5,7,Pass,None,2024-06-11
SMP004448,22,3,Pass,None,2024-06-11
SMP004449,9,2,Fail,Synthetic Color,2024-06-11
SMP004450,20,5,Pass,None,2024-06-11
SMP004451,12,13,Fail,Chalk Powder,2024-06-11
SMP004452,17,6,Pass,None,2024-06-11
SMP004453,23,3,Fail,Urea,2024-06-11
SMP004454,22,6,Fail,Starch,2024-06-11
SMP004455,23,9,Pass,None,2024-06-11
SMP004456,2,1,Pass,None,2024-06-11
SMP004457,19,10,Pass,None,2024-06-11
SMP004458,4,6,Fail,Chalk Powder,2024-06-11
SMP004459,12,1,Pass,None,2024-06-11
SMP004460,16,11,Fail,Urea,2024-06-11
SMP004461,11,12,Fail,Detergent,2024-06-11
SMP004462,15,10,Fail,Starch,2024-06-11
SMP004463,26,5,Fail,Detergent,2024-06-11
SMP004464,4,9,Pass,None,2024-06-11
SMP004465,19,6,Fail,Urea,2024-06-11
SMP004466,10,12,Pass,None,2024-06-11
SMP004467,4,10,Pass,None,2024-06-12
SMP004468,5,2,Fail,Detergent,2024-06-12
SMP004469,25,11,Pass,None,2024-06-12
SMP004470,23,11,Pass,None,2024-06-12
SMP004471,24,6,Pass,None,2024-06-12
SMP004472,26,15,Pass,None,2024-06-12
SMP004473,5,14,Pass,None,2024-06-12
SMP004474,9,3,Pass,None,2024-06-12
SMP004475,19,15,Fail,Starch,2024-06-12
SMP004476,14,7,Fail,Chalk Powder,2024-06-12
SMP004477,12,12,Pass,None,2024-06-12
SMP004478,9,14,Pass,None,2024-06-12
SMP004479,17,8,Pass,None,2024-06-12
SMP004480,17,6,Pass,None,2024-06-12
SMP004481,5,15,Fail,Detergent,2024-06-12
SMP004482,13,4,Fail,Urea,2024-06-12
SMP004483,16,4,Fail,Detergent,2024-06-12
SMP004484,16,6,Pass,None,2024-06-12
SMP004485,5,14,Fail,Detergent,2024-06-12
SMP004486,21,16,Pass,None,2024-06-12
SMP004487,1,4,Pass,None,2024-06-12
SMP004488,9,15,Fail,Formalin,2024-06-12
SMP004489,22,4,Pass,None,2024-06-12
SMP004490,16,16,Pass,None,2024-06-12
SMP004491,7,10,Pass,None,2024-06-12
SMP004492,19,1,Pass,None,2024-06-12
SMP004493,16,1,Fail,Starch,2024-06-12
SMP004494,22,3,Pass,None,2024-06-13
SMP004495,20,3,Pass,None,2024-06-13
SMP004496,17,13,Pass,None,2024-06-13
SMP004497,14,4,Pass,None,2024-06-13
SMP004498,4,16,Pass,None,2024-06-13
SMP004499,7,11,Pass,None,2024-06-13
SMP004500,12,11,Fail,Formalin,2024-06-13
SMP004501,17,4,Pass,None,2024-06-13
SMP004502,15,15,Pass,None,2024-06-13
SMP004503,8,11,Pass,None,2024-06-13
SMP004504,1,15,Pass,None,2024-06-13
SMP004505,14,16,Pass,None,2024-06-13
SMP004506,8,2,Pass,None,2024-06-13
SMP004507,20,2,Fail,Urea,2024-06-13
SMP004508,1,13,Fail,Synthetic Color,2024-06-13
SMP004509,17,15,Pass,None,2024-06-13
SMP004510,25,10,Fail,Urea,2024-06-13
SMP004511,5,6,Pass,None,2024-06-13
SMP004512,13,11,Pass,None,2024-06-13
SMP004513,3,5,Fail,Urea,2024-06-13
SMP004514,17,4,Pass,None,2024-06-13
SMP004515,16,8,Pass,None,2024-06-13
SMP004516,11,4,Fail,Urea,2024-06-13
SMP004517,15,8,Pass,None,2024-06-13
SMP004518,24,16,Pass,None,2024-06-13
SMP004519,5,14,Pass,None,2024-06-13
SMP004520,1,16,Pass,None,2024-06-13
SMP004521,23,13,Pass,None,2024-06-13
SMP004522,17,5,Pass,None,2024-06-14
SMP004523,24,13,Fail,Urea,2024-06-14
SMP004524,17,15,Pass,None,2024-06-14
SMP004525,22,16,Pass,None,2024-06-14
SMP004526,12,11,Fail,Formalin,2024-06-14
SMP004527,21,4,Fail,Urea,2024-06-14
SMP004528,24,1,Pass,None,2024-06-14
SMP004529,16,3,Pass,None,2024-06-14
SMP004530,5,16,Pass,None,2024-06-14
SMP004531,7,7,Pass,None,2024-06-14
SMP004532,5,14,Pass,None,2024-06-14
SMP004533,7,7,Fail,Detergent,2024-06-14
SMP004534,8,11,Pass,None,2024-06-14
SMP004535,16,1,Fail,Urea,2024-06-14
SMP004536,17,4,Fail,Synthetic Color,2024-06-14
SMP004537,12,6,Pass,None,2024-06-14
SMP004538,17,11,Pass,None,2024-06-14
SMP004539,3,3,Pass,None,2024-06-14
SMP004540,3,13,Fail,Starch,2024-06-14
SMP004541,5,6,Pass,None,2024-06-14
SMP004542,15,14,Pass,None,2024-06-14
SMP004543,6,2,Fail,Formalin,2024-06-14
SMP004544,8,11,Fail,Formalin,2024-06-14
SMP004545,11,5,Pass,None,2024-06-14
SMP004546,22,13,Pass,None,2024-06-14
SMP004547,1,6,Pass,None,2024-06-14
SMP004548,18,11,Pass,None,2024-06-14
SMP004549,19,16,Pass,None,2024-06-15
SMP004550,22,1,Pass,None,2024-06-15
SMP004551,24,1,Fail,Formalin,2024-06-15
SMP004552,1,13,Pass,None,2024-06-15
SMP004553,5,11,Fail,Formalin,2024-06-15
SMP004554,24,5,Fail,Urea,2024-06-15
SMP004555,13,8,Pass,None,2024-06-15
SMP004556,16,1,Fail,Synthetic Color,2024-06-15
SMP004557,18,3,Pass,None,2024-06-15
SMP004558,19,6,Fail,Chalk Powder,2024-06-15
SMP004559,24,14,Fail,Urea,2024-06-15
SMP004560,26,8,Pass,None,2024-06-15
SMP004561,19,10,Pass,None,2024-06-15
SMP004562,8,15,Pass,None,2024-06-15
SMP004563,23,5,Pass,None,2024-06-15
SMP004564,2,12,Pass,None,2024-06-15
SMP004565,6,14,Fail,Starch,2024-06-15
SMP004566,24,4,Fail,Starch,2024-06-15
SMP004567,7,5,Pass,None,2024-06-15
SMP004568,6,16,Pass,None,2024-06-15
SMP004569,4,16,Pass,None,2024-06-15
SMP004570,23,4,Pass,None,2024-06-15
SMP004571,14,1,Fail,Urea,2024-06-15
SMP004572,19,4,Fail,Urea,2024-06-15
SMP004573,6,6,Pass,None,2024-06-15
SMP004574,21,7,Pass,None,2024-06-15
SMP004575,21,10,Fail,Urea,2024-06-15
SMP004576,8,15,Pass,None,2024-06-15
SMP004577,11,5,Pass,None,2024-06-16
SMP004578,5,14,Pass,None,2024-06-16
SMP004579,25,2,Pass,None,2024-06-16
SMP004580,18,1,Pass,None,2024-06-16
SMP004581,24,8,Fail,Synthetic Color,2024-06-16
SMP004582,8,1,Fail,Formalin,2024-06-16
SMP004583,22,6,Fail,Starch,2024-06-16
SMP004584,21,15,Fail,Starch,2024-06-16
SMP004585,19,4,Pass,None,2024-06-16
SMP004586,25,12,Fail,Formalin,2024-06-16
SMP004587,10,5,Pass,None,2024-06-16
SMP004588,4,1,Pass,None,2024-06-16
SMP004589,19,9,Pass,None,2024-06-16
SMP004590,20,14,Pass,None,2024-06-16
SMP004591,17,6,Pass,None,2024-06-16
SMP004592,5,10,Pass,None,2024-06-16
SMP004593,15,15,Pass,None,2024-06-16
SMP004594,8,13,Fail,Chalk Powder,2024-06-16
SMP004595,12,3,Fail,Formalin,2024-06-16
SMP004596,18,12,Pass,None,2024-06-16
SMP004597,21,8,Pass,None,2024-06-16
SMP004598,6,12,Pass,None,2024-06-16
SMP004599,11,8,Pass,None,2024-06-16
SMP004600,7,2,Pass,None,2024-06-16
SMP004601,5,9,Pass,None,2024-06-16
SMP004602,22,8,Pass,None,2024-06-16
SMP004603,24,8,Fail,Starch,2024-06-16
SMP004604,9,15,Pass,None,2024-06-17
SMP004605,21,15,Pass,None,2024-06-17
SMP004606,24,7,Pass,None,2024-06-17
SMP004607,23,7,Pass,None,2024-06-17
SMP004608,5,8,Pass,None,2024-06-17
SMP004609,25,8,Pass,None,2024-06-17
SMP004610,9,16,Fail,Starch,2024-06-17
SMP004611,9,11,Pass,None,2024-06-17
SMP004612,2,4,Pass,None,2024-06-17
SMP004613,14,9,Pass,None,2024-06-17
SMP004614,3,10,Pass,None,2024-06-17
SMP004615,7,11,Pass,None,2024-06-17
SMP004616,8,10,Fail,Synthetic Color,2024-06-17
SMP004617,22,3,Pass,None,2024-06-17
SMP004618,23,1,Fail,Starch,2024-06-17
SMP004619,8,5,Pass,None,2024-06-17
SMP004620,23,6,Pass,None,2024-06-17
SMP004621,23,1,Pass,None,2024-06-17
SMP004622,21,14,Fail,Urea,2024-06-17
SMP004623,5,5,Fail,Urea,2024-06-17
SMP004624,19,15,Pass,None,2024-06-17
SMP004625,25,3,Pass,None,2024-06-17
SMP004626,19,1,Fail,Formalin,2024-06-17
SMP004627,9,8,Fail,Formalin,2024-06-17
SMP004628,14,3,Pass,None,2024-06-17
SMP004629,18,16,Fail,Urea,2024-06-17
SMP004630,15,1,Pass,None,2024-06-17
SMP004631,4,6,Pass,None,2024-06-18
SMP004632,8,15,Pass,None,2024-06-18
SMP004633,22,6,Pass,None,2024-06-18
SMP004634,23,2,Fail,Formalin,2024-06-18
SMP004635,4,5,Pass,None,2024-06-18
SMP004636,25,8,Fail,Urea,2024-06-18
SMP004637,9,3,Pass,None,2024-06-18
SMP004638,18,7,Pass,None,2024-06-18
SMP004639,21,14,Pass,None,2024-06-18
SMP004640,22,15,Pass,None,2024-06-18
SMP004641,25,1,Fail,Synthetic Color,2024-06-18
SMP004642,8,3,Pass,None,2024-06-18
SMP004643,23,4,Pass,None,2024-06-18
SMP004644,4,10,Pass,None,2024-06-18
SMP004645,19,6,Fail,Formalin,2024-06-18
SMP004646,21,14,Pass,None,2024-06-18
SMP004647,19,12,Pass,None,2024-06-18
SMP004648,7,2,Pass,None,2024-06-18
SMP004649,23,10,Pass,None,2024-06-18
SMP004650,5,2,Pass,None,2024-06-18
SMP004651,2,4,Pass,None,2024-06-18
SMP004652,19,3,Fail,Detergent,2024-06-18
SMP004653,14,3,Pass,None,2024-06-18
SMP004654,23,10,Pass,None,2024-06-18
SMP004655,10,9,Fail,Chalk Powder,2024-06-18
SMP004656,5,3,Pass,None,2024-06-18
SMP004657,23,16,Pass,None,2024-06-18
SMP004658,16,6,Pass,None,2024-06-18
SMP004659,5,2,Pass,None,2024-06-19
SMP004660,19,2,Pass,None,2024-06-19
SMP004661,15,10,Pass,None,2024-06-19
SMP004662,17,16,Pass,None,2024-06-19
SMP004663,13,9,Pass,None,2024-06-19
SMP004664,23,16,Pass,None,2024-06-19
SMP004665,23,7,Pass,None,2024-06-19
SMP004666,19,6,Pass,None,2024-06-19
SMP004667,3,8,Pass,None,2024-06-19
SMP004668,23,11,Pass,None,2024-06-19
SMP004669,19,6,Pass,None,2024-06-19
SMP004670,19,15,Pass,None,2024-06-19
SMP004671,9,1,Pass,None,2024-06-19
SMP004672,23,7,Pass,None,2024-06-19
SMP004673,19,8,Fail,Starch,2024-06-19
SMP004674,3,10,Pass,None,2024-06-19
SMP004675,11,4,Pass,None,2024-06-19
SMP004676,24,6,Fail,Urea,2024-06-19
SMP004677,2,8,Pass,None,2024-06-19
SMP004678,25,11,Fail,Chalk Powder,2024-06-19
SMP004679,19,13,Fail,Starch,2024-06-19
SMP004680,17,12,Fail,Starch,2024-06-19
SMP004681,7,5,Fail,Formalin,2024-06-19
SMP004682,7,16,Fail,Starch,2024-06-19
SMP004683,25,14,Pass,None,2024-06-19
SMP004684,8,4,Pass,None,2024-06-19
SMP004685,21,3,Pass,None,2024-06-19
SMP004686,10,5,Pass,None,2024-06-20
SMP004687,4,7,Pass,None,2024-06-20
SMP004688,1,14,Pass,None,2024-06-20
SMP004689,16,13,Pass,None,2024-06-20
SMP004690,25,14,Pass,None,2024-06-20
SMP004691,9,4,Pass,None,2024-06-20
SMP004692,9,10,Pass,None,2024-06-20
SMP004693,9,5,Pass,None,2024-06-20
SMP004694,15,2,Fail,Detergent,2024-06-20
SMP004695,12,11,Pass,None,2024-06-20
SMP004696,23,3,Pass,None,2024-06-20
SMP004697,15,11,Pass,None,2024-06-20
SMP004698,15,11,Pass,None,2024-06-20
SMP004699,4,13,Pass,None,2024-06-20
SMP004700,26,2,Fail,Formalin,2024-06-20
SMP004701,7,13,Fail,Chalk Powder,2024-06-20
SMP004702,2,16,Pass,None,2024-06-20
SMP004703,18,14,Fail,Urea,2024-06-20
SMP004704,17,12,Pass,None,2024-06-20
SMP004705,12,11,Pass,None,2024-06-20
SMP004706,12,6,Fail,Starch,2024-06-20
SMP004707,22,12,Fail,Starch,2024-06-20
SMP004708,5,12,Pass,None,2024-06-20
SMP004709,22,11,Pass,None,2024-06-20
SMP004710,18,13,Fail,Synthetic Color,2024-06-20
SMP004711,12,7,Pass,None,2024-06-20
SMP004712,13,2,Pass,None,2024-06-20
SMP004713,7,9,Pass,None,2024-06-20
SMP004714,21,4,Pass,None,2024-06-21
SMP004715,15,6,Pass,None,2024-06-21
SMP004716,9,1,Fail,Chalk Powder,2024-06-21
SMP004717,17,6,Pass,None,2024-06-21
SMP004718,26,13,Pass,None,2024-06-21
SMP004719,12,9,Pass,None,2024-06-21
SMP004720,24,1,Pass,None,2024-06-21
SMP004721,9,7,Pass,None,2024-06-21
SMP004722,2,5,Pass,None,2024-06-21
SMP004723,5,7,Pass,None,2024-06-21
SMP004724,12,6,Pass,None,2024-06-21
SMP004725,6,15,Fail,Urea,2024-06-21
SMP004726,1,1,Pass,None,2024-06-21
SMP004727,24,11,Fail,Synthetic Color,2024-06-21
SMP004728,23,14,Pass,None,2024-06-21
SMP004729,21,16,Pass,None,2024-06-21
SMP004730,5,3,Pass,None,2024-06-21
SMP004731,4,9,Pass,None,2024-06-21
SMP004732,2,1,Fail,Urea,2024-06-21
SMP004733,19,8,Pass,None,2024-06-21
SMP004734,24,2,Fail,Starch,2024-06-21
SMP004735,12,14,Fail,Starch,2024-06-21
SMP004736,4,2,Pass,None,2024-06-21
SMP004737,15,8,Fail,Detergent,2024-06-21
SMP004738,9,8,Pass,None,2024-06-21
SMP004739,9,16,Fail,Formalin,2024-06-21
SMP004740,17,11,Pass,None,2024-06-21
SMP004741,19,5,Pass,None,2024-06-22
SMP004742,3,4,Fail,Detergent,2024-06-22
SMP004743,1,2,Pass,None,2024-06-22
SMP004744,26,12,Pass,None,2024-06-22
SMP004745,6,11,Pass,None,2024-06-22
SMP004746,2,10,Pass,None,2024-06-22
SMP004747,5,1,Pass,None,2024-06-22
SMP004748,2,13,Pass,None,2024-06-22
SMP004749,10,11,Pass,None,2024-06-22
SMP004750,22,16,Fail,Urea,2024-06-22
SMP004751,9,10,Fail,Urea,2024-06-22
SMP004752,13,5,Pass,None,2024-06-22
SMP004753,19,6,Pass,None,2024-06-22
SMP004754,15,3,Pass,None,2024-06-22
SMP004755,23,12,Pass,None,2024-06-22
SMP004756,23,12,Pass,None,2024-06-22
SMP004757,1,3,Pass,None,2024-06-22
SMP004758,21,3,Fail,Urea,2024-06-22
SMP004759,13,2,Pass,None,2024-06-22
SMP004760,26,15,Pass,None,2024-06-22
SMP004761,14,4,Pass,None,2024-06-22
SMP004762,26,5,Pass,None,2024-06-22
SMP004763,21,4,Fail,Chalk Powder,2024-06-22
SMP004764,7,6,Pass,None,2024-06-22
SMP004765,16,12,Fail,Urea,2024-06-22
SMP004766,26,15,Pass,None,2024-06-22
SMP004767,23,3,Pass,None,2024-06-22
SMP004768,3,11,Pass,None,2024-06-23
SMP004769,19,5,Pass,None,2024-06-23
SMP004770,9,16,Pass,None,2024-06-23
SMP004771,1,5,Pass,None,2024-06-23
SMP004772,11,1,Fail,Formalin,2024-06-23
SMP004773,6,8,Pass,None,2024-06-23
SMP004774,22,3,Pass,None,2024-06-23
SMP004775,9,1,Pass,None,2024-06-23
SMP004776,23,11,Fail,Starch,2024-06-23
SMP004777,1,12,Pass,None,2024-06-23
SMP004778,8,7,Pass,None,2024-06-23
SMP004779,7,11,Pass,None,2024-06-23
SMP004780,6,9,Pass,None,2024-06-23
SMP004781,2,10,Fail,Detergent,2024-06-23
SMP004782,5,10,Pass,None,2024-06-23
SMP004783,16,11,Pass,None,2024-06-23
SMP004784,8,3,Pass,None,2024-06-23
SMP004785,12,4,Fail,Starch,2024-06-23
SMP004786,9,7,Fail,Chalk Powder,2024-06-23
SMP004787,23,7,Pass,None,2024-06-23
SMP004788,24,13,Fail,Synthetic Color,2024-06-23
SMP004789,14,6,Pass,None,2024-06-23
SMP004790,9,3,Pass,None,2024-06-23
SMP004791,3,4,Pass,None,2024-06-23
SMP004792,25,4,Pass,None,2024-06-23
SMP004793,2,12,Fail,Detergent,2024-06-23
SMP004794,8,7,Pass,None,2024-06-23
SMP004795,8,12,Pass,None,2024-06-23
SMP004796,9,6,Pass,None,2024-06-24
SMP004797,5,15,Pass,None,2024-06-24
SMP004798,22,16,Fail,Chalk Powder,2024-06-24
SMP004799,4,11,Pass,None,2024-06-24
SMP004800,18,15,Fail,Urea,2024-06-24
SMP004801,4,8,Pass,None,2024-06-24
SMP004802,2,16,Pass,None,2024-06-24
SMP004803,24,14,Pass,None,2024-06-24
SMP004804,5,16,Fail,Urea,2024-06-24
SMP004805,22,10,Fail,Synthetic Color,2024-06-24
SMP004806,16,13,Pass,None,2024-06-24
SMP004807,2,9,Fail,Detergent,2024-06-24
SMP004808,25,4,Pass,None,2024-06-24
SMP004809,7,5,Pass,None,2024-06-24
SMP004810,23,15,Pass,None,2024-06-24
SMP004811,5,1,Fail,Formalin,2024-06-24
SMP004812,23,10,Fail,Formalin,2024-06-24
SMP004813,1,6,Pass,None,2024-06-24
SMP004814,15,6,Pass,None,2024-06-24
SMP004815,21,15,Pass,None,2024-06-24
SMP004816,25,14,Pass,None,2024-06-24
SMP004817,24,10,Pass,None,2024-06-24
SMP004818,22,4,Fail,Urea,2024-06-24
SMP004819,24,7,Pass,None,2024-06-24
SMP004820,5,6,Pass,None,2024-06-24
SMP004821,8,5,Pass,None,2024-06-24
SMP004822,8,2,Pass,None,2024-06-24
SMP004823,9,9,Pass,None,2024-06-25
SMP004824,10,5,Pass,None,2024-06-25
SMP004825,16,11,Fail,Urea,2024-06-25
SMP004826,5,5,Pass,None,2024-06-25
SMP004827,19,6,Fail,Urea,2024-06-25
SMP004828,5,1,Pass,None,2024-06-25
SMP004829,8,16,Pass,None,2024-06-25
SMP004830,14,8,Pass,None,2024-06-25
SMP004831,22,1,Fail,Chalk Powder,2024-06-25
SMP004832,21,9,Pass,None,2024-06-25
SMP004833,18,15,Pass,None,2024-06-25
SMP004834,5,13,Pass,None,2024-06-25
SMP004835,16,12,Pass,None,2024-06-25
SMP004836,3,2,Pass,None,2024-06-25
SMP004837,9,11,Pass,None,2024-06-25
SMP004838,12,13,Fail,Synthetic Color,2024-06-25
SMP004839,2,9,Pass,None,2024-06-25
SMP004840,7,15,Fail,Synthetic Color,2024-06-25
SMP004841,25,4,Pass,None,2024-06-25
SMP004842,25,4,Pass,None,2024-06-25
SMP004843,9,15,Fail,Starch,2024-06-25
SMP004844,2,10,Pass,None,2024-06-25
SMP004845,5,1,Pass,None,2024-06-25
SMP004846,10,5,Pass,None,2024-06-25
SMP004847,25,14,Fail,Synthetic Color,2024-06-25
SMP004848,5,1,Fail,Detergent,2024-06-25
SMP004849,21,1,Pass,None,2024-06-25
SMP004850,3,4,Fail,Synthetic Color,2024-06-25
SMP004851,26,15,Pass,None,2024-06-26
SMP004852,10,15,Pass,None,2024-06-26
SMP004853,21,8,Pass,None,2024-06-26
SMP004854,9,9,Pass,None,2024-06-26
SMP004855,17,5,Pass,None,2024-06-26
SMP004856,5,4,Pass,None,2024-06-26
SMP004857,5,14,Pass,None,2024-06-26
SMP004858,25,2,Fail,Detergent,2024-06-26
SMP004859,24,8,Pass,None,2024-06-26
SMP004860,24,11,Pass,None,2024-06-26
SMP004861,17,2,Pass,None,2024-06-26
SMP004862,22,8,Pass,None,2024-06-26
SMP004863,2,9,Pass,None,2024-06-26
SMP004864,9,12,Pass,None,2024-06-26
SMP004865,8,4,Pass,None,2024-06-26
SMP004866,18,5,Pass,None,2024-06-26
SMP004867,9,9,Pass,None,2024-06-26
SMP004868,5,16,Pass,None,2024-06-26
SMP004869,17,4,Fail,Formalin,2024-06-26
SMP004870,22,16,Pass,None,2024-06-26
SMP004871,10,12,Fail,Starch,2024-06-26
SMP004872,4,14,Pass,None,2024-06-26
SMP004873,5,2,Fail,Synthetic Color,2024-06-26
SMP004874,6,5,Fail,Formalin,2024-06-26
SMP004875,8,1,Pass,None,2024-06-26
SMP004876,18,6,Fail,Detergent,2024-06-26
SMP004877,17,16,Fail,Starch,2024-06-26
SMP004878,19,2,Fail,Formalin,2024-06-27
SMP004879,9,9,Pass,None,2024-06-27
SMP004880,22,1,Fail,Detergent,2024-06-27
SMP004881,5,12,Pass,None,2024-06-27
SMP004882,13,3,Pass,None,2024-06-27
SMP004883,22,2,Pass,None,2024-06-27
SMP004884,5,5,Fail,Starch,2024-06-27
SMP004885,3,13,Fail,Urea,2024-06-27
SMP004886,23,2,Pass,None,2024-06-27
SMP004887,9,4,Pass,None,2024-06-27
SMP004888,19,1,Fail,Synthetic Color,2024-06-27
SMP004889,1,16,Fail,Urea,2024-06-27
SMP004890,19,10,Pass,None,2024-06-27
SMP004891,8,12,Fail,Urea,2024-06-27
SMP004892,2,11,Fail,Urea,2024-06-27
SMP004893,17,3,Pass,None,2024-06-27
SMP004894,7,10,Pass,None,2024-06-27
SMP004895,10,2,Pass,None,2024-06-27
SMP004896,3,6,Pass,None,2024-06-27
SMP004897,5,9,Pass,None,2024-06-27
SMP004898,8,9,Fail,Formalin,2024-06-27
SMP004899,3,2,Pass,None,2024-06-27
SMP004900,24,1,Pass,None,2024-06-27
SMP004901,1,13,Pass,None,2024-06-27
SMP004902,14,12,Pass,None,2024-06-27
SMP004903,4,2,Fail,Urea,2024-06-27
SMP004904,8,2,Pass,None,2024-06-27
SMP004905,24,15,Pass,None,2024-06-28
SMP004906,5,13,Pass,None,2024-06-28
SMP004907,25,16,Pass,None,2024-06-28
SMP004908,5,4,Pass,None,2024-06-28
SMP004909,21,8,Pass,None,2024-06-28
SMP004910,16,4,Pass,None,2024-06-28
SMP004911,23,10,Pass,None,2024-06-28
SMP004912,16,2,Pass,None,2024-06-28
SMP004913,16,2,Pass,None,2024-06-28
SMP004914,5,1,Pass,None,2024-06-28
SMP004915,5,11,Fail,Chalk Powder,2024-06-28
SMP004916,24,8,Pass,None,2024-06-28
SMP004917,9,10,Pass,None,2024-06-28
SMP004918,9,15,Pass,None,2024-06-28
SMP004919,21,12,Pass,None,2024-06-28
SMP004920,9,7,Pass,None,2024-06-28
SMP004921,25,16,Pass,None,2024-06-28
SMP004922,20,7,Pass,None,2024-06-28
SMP004923,17,2,Pass,None,2024-06-28
SMP004924,23,16,Fail,Urea,2024-06-28
SMP004925,2,1,Fail,Formalin,2024-06-28
SMP004926,7,9,Fail,Synthetic Color,2024-06-28
SMP004927,13,5,Pass,None,2024-06-28
SMP004928,6,8,Pass,None,2024-06-28
SMP004929,21,9,Pass,None,2024-06-28
SMP004930,24,4,Fail,Chalk Powder,2024-06-28
SMP004931,12,9,Fail,Starch,2024-06-28
SMP004932,9,12,Fail,Starch,2024-06-28
SMP004933,25,4,Fail,Synthetic Color,2024-06-29
SMP004934,13,6,Fail,Formalin,2024-06-29
SMP004935,14,4,Pass,None,2024-06-29
SMP004936,9,14,Pass,None,2024-06-29
SMP004937,24,12,Pass,None,2024-06-29
SMP004938,16,15,Pass,None,2024-06-29
SMP004939,21,3,Pass,None,2024-06-29
SMP004940,22,1,Pass,None,2024-06-29
SMP004941,9,2,Pass,None,2024-06-29
SMP004942,12,3,Fail,Urea,2024-06-29
SMP004943,23,9,Fail,Starch,2024-06-29
SMP004944,9,16,Fail,Synthetic Color,2024-06-29
SMP004945,22,5,Pass,None,2024-06-29
SMP004946,25,16,Pass,None,2024-06-29
SMP004947,17,1,Pass,None,2024-06-29
SMP004948,21,15,Fail,Synthetic Color,2024-06-29
SMP004949,22,3,Pass,None,2024-06-29
SMP004950,23,15,Fail,Urea,2024-06-29
SMP004951,10,1,Fail,Synthetic Color,2024-06-29
SMP004952,2,16,Pass,None,2024-06-29
SMP004953,11,3,Fail,Formalin,2024-06-29
SMP004954,19,5,Pass,None,2024-06-29
SMP004955,13,8,Pass,None,2024-06-29
SMP004956,21,6,Pass,None,2024-06-29
SMP004957,9,11,Fail,Formalin,2024-06-29
SMP004958,18,16,Pass,None,2024-06-29
SMP004959,5,10,Pass,None,2024-06-29
SMP004960,21,12,Pass,None,2024-06-30
SMP004961,16,2,Pass,None,2024-06-30
SMP004962,5,10,Fail,Chalk Powder,2024-06-30
SMP004963,8,7,Pass,None,2024-06-30
SMP004964,21,15,Fail,Starch,2024-06-30
SMP004965,14,6,Pass,None,2024-06-30
SMP004966,6,11,Pass,None,2024-06-30
SMP004967,25,4,Fail,Detergent,2024-06-30
SMP004968,19,4,Pass,None,2024-06-30
SMP004969,25,6,Fail,Synthetic Color,2024-06-30
SMP004970,12,5,Pass,None,2024-06-30
SMP004971,14,4,Pass,None,2024-06-30
SMP004972,24,1,Pass,None,2024-06-30
SMP004973,15,14,Pass,None,2024-06-30
SMP004974,19,1,Pass,None,2024-06-30
SMP004975,7,15,Pass,None,2024-06-30
SMP004976,13,2,Pass,None,2024-06-30
SMP004977,4,1,Fail,Formalin,2024-06-30
SMP004978,5,9,Pass,None,2024-06-30
SMP004979,1,8,Pass,None,2024-06-30
SMP004980,2,8,Pass,None,2024-06-30
SMP004981,25,9,Pass,None,2024-06-30
SMP004982,7,5,Fail,Urea,2024-06-30
SMP004983,18,11,Fail,Urea,2024-06-30
SMP004984,23,8,Pass,None,2024-06-30
SMP004985,16,5,Fail,Detergent,2024-06-30
SMP004986,5,14,Pass,None,2024-06-30
SMP004987,20,12,Fail,Detergent,2024-06-30
SMP004988,17,6,Pass,None,2024-07-01
SMP004989,20,14,Pass,None,2024-07-01
SMP004990,21,15,Fail,Detergent,2024-07-01
SMP004991,25,9,Fail,Urea,2024-07-01
SMP004992,17,4,Fail,Synthetic Color,2024-07-01
SMP004993,9,15,Pass,None,2024-07-01
SMP004994,18,3,Pass,None,2024-07-01
SMP004995,2,1,Fail,Formalin,2024-07-01
SMP004996,24,5,Pass,None,2024-07-01
SMP004997,4,12,Fail,Urea,2024-07-01
SMP004998,9,15,Pass,None,2024-07-01
SMP004999,22,11,Pass,None,2024-07-01
SMP005000,17,16,Pass,None,2024-07-01
SMP005001,10,2,Fail,Formalin,2024-07-01
SMP005002,13,1,Pass,None,2024-07-01
SMP005003,23,10,Fail,Detergent,2024-07-01
SMP005004,9,16,Pass,None,2024-07-01
SMP005005,23,8,Fail,Chalk Powder,2024-07-01
SMP005006,3,1,Pass,None,2024-07-01
SMP005007,21,4,Pass,None,2024-07-01
SMP005008,23,4,Pass,None,2024-07-01
SMP005009,5,5,Pass,None,2024-07-01
SMP005010,12,1,Pass,None,2024-07-01
SMP005011,5,15,Fail,Starch,2024-07-01
SMP005012,19,8,Pass,None,2024-07-01
SMP005013,16,11,Pass,None,2024-07-01
SMP005014,18,1,Pass,None,2024-07-01
SMP005015,5,1,Pass,None,2024-07-02
SMP005016,6,10,Pass,None,2024-07-02
SMP005017,2,15,Pass,None,2024-07-02
SMP005018,9,9,Pass,None,2024-07-02
SMP005019,16,15,Fail,Synthetic Color,2024-07-02
SMP005020,23,13,Pass,None,2024-07-02
SMP005021,18,2,Fail,Chalk Powder,2024-07-02
SMP005022,12,4,Pass,None,2024-07-02
SMP005023,25,11,Fail,Detergent,2024-07-02
SMP005024,19,7,Fail,Detergent,2024-07-02
SMP005025,24,5,Fail,Formalin,2024-07-02
SMP005026,15,6,Pass,None,2024-07-02
SMP005027,7,7,Fail,Urea,2024-07-02
SMP005028,2,15,Pass,None,2024-07-02
SMP005029,20,2,Fail,Starch,2024-07-02
SMP005030,4,4,Pass,None,2024-07-02
SMP005031,8,9,Fail,Synthetic Color,2024-07-02
SMP005032,16,11,Fail,Starch,2024-07-02
SMP005033,16,11,Pass,None,2024-07-02
SMP005034,17,16,Pass,None,2024-07-02
SMP005035,5,13,Pass,None,2024-07-02
SMP005036,10,9,Pass,None,2024-07-02
SMP005037,17,4,Fail,Detergent,2024-07-02
SMP005038,25,7,Fail,Starch,2024-07-02
SMP005039,20,11,Pass,None,2024-07-02
SMP005040,24,14,Pass,None,2024-07-02
SMP005041,21,16,Pass,None,2024-07-02
SMP005042,17,10,Pass,None,2024-07-03
SMP005043,5,9,Pass,None,2024-07-03
SMP005044,18,1,Fail,Synthetic Color,2024-07-03
SMP005045,17,1,Pass,None,2024-07-03
SMP005046,17,3,Fail,Detergent,2024-07-03
SMP005047,14,1,Pass,None,2024-07-03
SMP005048,15,6,Pass,None,2024-07-03
SMP005049,9,5,Pass,None,2024-07-03
SMP005050,15,11,Fail,Synthetic Color,2024-07-03
SMP005051,5,9,Fail,Starch,2024-07-03
SMP005052,22,10,Pass,None,2024-07-03
SMP005053,5,7,Pass,None,2024-07-03
SMP005054,3,4,Pass,None,2024-07-03
SMP005055,12,16,Fail,Chalk Powder,2024-07-03
SMP005056,18,2,Pass,None,2024-07-03
SMP005057,12,16,Pass,None,2024-07-03
SMP005058,7,5,Pass,None,2024-07-03
SMP005059,16,8,Pass,None,2024-07-03
SMP005060,9,2,Pass,None,2024-07-03
SMP005061,24,1,Fail,Detergent,2024-07-03
SMP005062,24,6,Pass,None,2024-07-03
SMP005063,14,12,Fail,Detergent,2024-07-03
SMP005064,9,4,Fail,Chalk Powder,2024-07-03
SMP005065,20,9,Fail,Synthetic Color,2024-07-03
SMP005066,2,4,Pass,None,2024-07-03
SMP005067,14,6,Pass,None,2024-07-03
SMP005068,9,15,Pass,None,2024-07-03
SMP005069,24,14,Pass,None,2024-07-03
SMP005070,1,8,Pass,None,2024-07-04
SMP005071,16,4,Fail,Urea,2024-07-04
SMP005072,21,3,Pass,None,2024-07-04
SMP005073,14,16,Pass,None,2024-07-04
SMP005074,3,4,Pass,None,2024-07-04
SMP005075,25,13,Fail,Detergent,2024-07-04
SMP005076,15,6,Fail,Synthetic Color,2024-07-04
SMP005077,17,16,Fail,Synthetic Color,2024-07-04
SMP005078,6,6,Fail,Synthetic Color,2024-07-04
SMP005079,14,5,Pass,None,2024-07-04
SMP005080,12,11,Fail,Urea,2024-07-04
SMP005081,2,16,Fail,Chalk Powder,2024-07-04
SMP005082,3,16,Pass,None,2024-07-04
SMP005083,23,12,Pass,None,2024-07-04
SMP005084,7,12,Pass,None,2024-07-04
SMP005085,5,9,Pass,None,2024-07-04
SMP005086,15,12,Pass,None,2024-07-04
SMP005087,21,14,Pass,None,2024-07-04
SMP005088,2,8,Pass,None,2024-07-04
SMP005089,17,10,Pass,None,2024-07-04
SMP005090,4,9,Fail,Chalk Powder,2024-07-04
SMP005091,2,9,Fail,Formalin,2024-07-04
SMP005092,2,15,Pass,None,2024-07-04
SMP005093,23,5,Pass,None,2024-07-04
SMP005094,4,4,Pass,None,2024-07-04
SMP005095,2,7,Fail,Chalk Powder,2024-07-04
SMP005096,12,4,Fail,Detergent,2024-07-04
SMP005097,23,8,Pass,None,2024-07-05
SMP005098,7,15,Pass,None,2024-07-05
SMP005099,12,10,Pass,None,2024-07-05
SMP005100,2,14,Pass,None,2024-07-05
SMP005101,13,3,Pass,None,2024-07-05
SMP005102,17,15,Pass,None,2024-07-05
SMP005103,16,10,Pass,None,2024-07-05
SMP005104,9,1,Fail,Starch,2024-07-05
SMP005105,8,11,Pass,None,2024-07-05
SMP005106,3,16,Pass,None,2024-07-05
SMP005107,9,2,Pass,None,2024-07-05
SMP005108,3,10,Pass,None,2024-07-05
SMP005109,21,15,Fail,Synthetic Color,2024-07-05
SMP005110,25,1,Pass,None,2024-07-05
SMP005111,25,11,Pass,None,2024-07-05
SMP005112,23,7,Pass,None,2024-07-05
SMP005113,17,5,Fail,Starch,2024-07-05
SMP005114,19,10,Fail,Synthetic Color,2024-07-05
SMP005115,8,1,Pass,None,2024-07-05
SMP005116,17,12,Pass,None,2024-07-05
SMP005117,13,1,Pass,None,2024-07-05
SMP005118,14,5,Pass,None,2024-07-05
SMP005119,21,8,Pass,None,2024-07-05
SMP005120,8,6,Pass,None,2024-07-05
SMP005121,8,5,Pass,None,2024-07-05
SMP005122,24,14,Pass,None,2024-07-05
SMP005123,2,16,Pass,None,2024-07-05
SMP005124,14,15,Pass,None,2024-07-05
SMP005125,24,8,Pass,None,2024-07-06
SMP005126,17,15,Fail,Synthetic Color,2024-07-06
SMP005127,16,15,Fail,Chalk Powder,2024-07-06
SMP005128,7,6,Pass,None,2024-07-06
SMP005129,9,5,Fail,Detergent,2024-07-06
SMP005130,23,2,Pass,None,2024-07-06
SMP005131,16,8,Fail,Urea,2024-07-06
SMP005132,15,16,Fail,Urea,2024-07-06
SMP005133,3,9,Pass,None,2024-07-06
SMP005134,1,11,Pass,None,2024-07-06
SMP005135,25,2,Pass,None,2024-07-06
SMP005136,9,3,Pass,None,2024-07-06
SMP005137,17,7,Pass,None,2024-07-06
SMP005138,3,16,Pass,None,2024-07-06
SMP005139,19,6,Pass,None,2024-07-06
SMP005140,24,15,Pass,None,2024-07-06
SMP005141,17,2,Fail,Starch,2024-07-06
SMP005142,4,10,Pass,None,2024-07-06
SMP005143,17,10,Pass,None,2024-07-06
SMP005144,21,14,Pass,None,2024-07-06
SMP005145,11,1,Fail,Formalin,2024-07-06
SMP005146,23,3,Pass,None,2024-07-06
SMP005147,18,4,Pass,None,2024-07-06
SMP005148,24,16,Pass,None,2024-07-06
SMP005149,17,3,Pass,None,2024-07-06
SMP005150,4,1,Pass,None,2024-07-06
SMP005151,8,9,Pass,None,2024-07-06
SMP005152,5,9,Pass,None,2024-07-07
SMP005153,24,14,Pass,None,2024-07-07
SMP005154,21,16,Fail,Urea,2024-07-07
SMP005155,19,9,Pass,None,2024-07-07
SMP005156,8,15,Pass,None,2024-07-07
SMP005157,5,12,Fail,Urea,2024-07-07
SMP005158,21,4,Pass,None,2024-07-07
SMP005159,13,15,Pass,None,2024-07-07
SMP005160,6,11,Pass,None,2024-07-07
SMP005161,17,6,Fail,Chalk Powder,2024-07-07
SMP005162,2,11,Pass,None,2024-07-07
SMP005163,9,6,Pass,None,2024-07-07
SMP005164,13,2,Pass,None,2024-07-07
SMP005165,5,12,Pass,None,2024-07-07
SMP005166,26,14,Fail,Formalin,2024-07-07
SMP005167,5,12,Pass,None,2024-07-07
SMP005168,4,4,Pass,None,2024-07-07
SMP005169,5,16,Fail,Urea,2024-07-07
SMP005170,21,1,Pass,None,2024-07-07
SMP005171,12,5,Pass,None,2024-07-07
SMP005172,16,4,Fail,Detergent,2024-07-07
SMP005173,1,1,Pass,None,2024-07-07
SMP005174,1,6,Pass,None,2024-07-07
SMP005175,13,10,Pass,None,2024-07-07
SMP005176,22,15,Fail,Detergent,2024-07-07
SMP005177,23,16,Pass,None,2024-07-07
SMP005178,3,13,Pass,None,2024-07-07
SMP005179,16,7,Fail,Starch,2024-07-08
SMP005180,24,12,Pass,None,2024-07-08
SMP005181,10,14,Pass,None,2024-07-08
SMP005182,23,7,Pass,None,2024-07-08
SMP005183,4,13,Pass,None,2024-07-08
SMP005184,25,8,Pass,None,2024-07-08
SMP005185,21,6,Fail,Chalk Powder,2024-07-08
SMP005186,25,9,Pass,None,2024-07-08
SMP005187,19,11,Pass,None,2024-07-08
SMP005188,9,12,Pass,None,2024-07-08
SMP005189,25,5,Fail,Starch,2024-07-08
SMP005190,7,9,Pass,None,2024-07-08
SMP005191,9,15,Pass,None,2024-07-08
SMP005192,19,16,Pass,None,2024-07-08
SMP005193,21,4,Pass,None,2024-07-08
SMP005194,24,3,Fail,Starch,2024-07-08
SMP005195,5,11,Pass,None,2024-07-08
SMP005196,22,6,Fail,Chalk Powder,2024-07-08
SMP005197,20,1,Pass,None,2024-07-08
SMP005198,2,5,Fail,Detergent,2024-07-08
SMP005199,10,13,Pass,None,2024-07-08
SMP005200,8,13,Pass,None,2024-07-08
SMP005201,8,8,Pass,None,2024-07-08
SMP005202,26,7,Pass,None,2024-07-08
SMP005203,18,9,Fail,Starch,2024-07-08
SMP005204,19,4,Pass,None,2024-07-08
SMP005205,25,9,Fail,Starch,2024-07-08
SMP005206,9,1,Pass,None,2024-07-08
SMP005207,22,7,Pass,None,2024-07-09
SMP005208,12,5,Pass,None,2024-07-09
SMP005209,23,11,Pass,None,2024-07-09
SMP005210,5,11,Fail,Detergent,2024-07-09
SMP005211,25,6,Pass,None,2024-07-09
SMP005212,6,1,Pass,None,2024-07-09
SMP005213,9,4,Pass,None,2024-07-09
SMP005214,21,11,Pass,None,2024-07-09
SMP005215,10,1,Fail,Chalk Powder,2024-07-09
SMP005216,17,2,Fail,Formalin,2024-07-09
SMP005217,13,11,Fail,Starch,2024-07-09
SMP005218,21,12,Pass,None,2024-07-09
SMP005219,6,5,Pass,None,2024-07-09
SMP005220,2,8,Pass,None,2024-07-09
SMP005221,8,16,Pass,None,2024-07-09
SMP005222,14,16,Fail,Urea,2024-07-09
SMP005223,5,5,Pass,None,2024-07-09
SMP005224,9,13,Pass,None,2024-07-09
SMP005225,10,10,Pass,None,2024-07-09
SMP005226,2,16,Pass,None,2024-07-09
SMP005227,17,7,Fail,Detergent,2024-07-09
SMP005228,23,13,Fail,Formalin,2024-07-09
SMP005229,5,13,Pass,None,2024-07-09
SMP005230,17,8,Fail,Urea,2024-07-09
SMP005231,18,13,Pass,None,2024-07-09
SMP005232,12,4,Fail,Urea,2024-07-09
SMP005233,19,2,Pass,None,2024-07-09
SMP005234,11,6,Pass,None,2024-07-10
SMP005235,15,16,Pass,None,2024-07-10
SMP005236,1,8,Pass,None,2024-07-10
SMP005237,19,11,Pass,None,2024-07-10
SMP005238,18,10,Pass,None,2024-07-10
SMP005239,2,2,Pass,None,2024-07-10
SMP005240,9,6,Pass,None,2024-07-10
SMP005241,25,12,Pass,None,2024-07-10
SMP005242,12,16,Fail,Synthetic Color,2024-07-10
SMP005243,14,3,Pass,None,2024-07-10
SMP005244,24,6,Pass,None,2024-07-10
SMP005245,19,2,Pass,None,2024-07-10
SMP005246,17,4,Fail,Formalin,2024-07-10
SMP005247,22,6,Pass,None,2024-07-10
SMP005248,23,9,Pass,None,2024-07-10
SMP005249,13,4,Pass,None,2024-07-10
SMP005250,14,4,Pass,None,2024-07-10
SMP005251,10,13,Fail,Synthetic Color,2024-07-10
SMP005252,25,16,Pass,None,2024-07-10
SMP005253,19,5,Pass,None,2024-07-10
SMP005254,3,11,Fail,Detergent,2024-07-10
SMP005255,23,4,Pass,None,2024-07-10
SMP005256,14,15,Pass,None,2024-07-10
SMP005257,2,11,Fail,Formalin,2024-07-10
SMP005258,16,13,Pass,None,2024-07-10
SMP005259,12,1,Pass,None,2024-07-10
SMP005260,23,10,Pass,None,2024-07-10
SMP005261,5,9,Fail,Synthetic Color,2024-07-10
SMP005262,23,5,Fail,Detergent,2024-07-11
SMP005263,16,4,Pass,None,2024-07-11
SMP005264,2,10,Pass,None,2024-07-11
SMP005265,25,12,Pass,None,2024-07-11
SMP005266,15,1,Pass,None,2024-07-11
SMP005267,8,9,Pass,None,2024-07-11
SMP005268,13,3,Pass,None,2024-07-11
SMP005269,23,2,Pass,None,2024-07-11
SMP005270,8,10,Pass,None,2024-07-11
SMP005271,5,5,Pass,None,2024-07-11
SMP005272,4,7,Fail,Starch,2024-07-11
SMP005273,8,5,Fail,Urea,2024-07-11
SMP005274,22,11,Pass,None,2024-07-11
SMP005275,13,7,Pass,None,2024-07-11
SMP005276,6,16,Pass,None,2024-07-11
SMP005277,5,5,Pass,None,2024-07-11
SMP005278,9,12,Fail,Detergent,2024-07-11
SMP005279,25,4,Pass,None,2024-07-11
SMP005280,9,8,Fail,Formalin,2024-07-11
SMP005281,26,9,Fail,Urea,2024-07-11
SMP005282,14,5,Pass,None,2024-07-11
SMP005283,5,7,Pass,None,2024-07-11
SMP005284,24,4,Pass,None,2024-07-11
SMP005285,13,1,Pass,None,2024-07-11
SMP005286,19,4,Pass,None,2024-07-11
SMP005287,26,12,Pass,None,2024-07-11
SMP005288,2,13,Pass,None,2024-07-11
SMP005289,3,4,Pass,None,2024-07-12
SMP005290,19,6,Pass,None,2024-07-12
SMP005291,8,1,Fail,Urea,2024-07-12
SMP005292,5,4,Pass,None,2024-07-12
SMP005293,2,13,Pass,None,2024-07-12
SMP005294,1,10,Pass,None,2024-07-12
SMP005295,21,4,Fail,Detergent,2024-07-12
SMP005296,4,4,Pass,None,2024-07-12
SMP005297,13,14,Pass,None,2024-07-12
SMP005298,17,4,Pass,None,2024-07-12
SMP005299,12,5,Fail,Starch,2024-07-12
SMP005300,1,11,Pass,None,2024-07-12
SMP005301,22,9,Pass,None,2024-07-12
SMP005302,1,7,Pass,None,2024-07-12
SMP005303,21,15,Pass,None,2024-07-12
SMP005304,24,4,Pass,None,2024-07-12
SMP005305,12,12,Fail,Detergent,2024-07-12
SMP005306,16,3,Fail,Chalk Powder,2024-07-12
SMP005307,14,10,Pass,None,2024-07-12
SMP005308,10,15,Pass,None,2024-07-12
SMP005309,24,7,Pass,None,2024-07-12
SMP005310,24,12,Fail,Synthetic Color,2024-07-12
SMP005311,9,14,Pass,None,2024-07-12
SMP005312,17,2,Pass,None,2024-07-12
SMP005313,24,12,Pass,None,2024-07-12
SMP005314,25,15,Fail,Synthetic Color,2024-07-12
SMP005315,15,9,Pass,None,2024-07-12
SMP005316,13,3,Pass,None,2024-07-13
SMP005317,7,2,Fail,Chalk Powder,2024-07-13
SMP005318,25,4,Pass,None,2024-07-13
SMP005319,5,2,Pass,None,2024-07-13
SMP005320,17,8,Pass,None,2024-07-13
SMP005321,8,1,Pass,None,2024-07-13
SMP005322,7,4,Pass,None,2024-07-13
SMP005323,11,7,Pass,None,2024-07-13
SMP005324,26,7,Fail,Synthetic Color,2024-07-13
SMP005325,2,9,Fail,Chalk Powder,2024-07-13
SMP005326,17,12,Fail,Formalin,2024-07-13
SMP005327,3,1,Pass,None,2024-07-13
SMP005328,5,2,Fail,Detergent,2024-07-13
SMP005329,12,1,Pass,None,2024-07-13
SMP005330,15,6,Pass,None,2024-07-13
SMP005331,7,1,Pass,None,2024-07-13
SMP005332,8,12,Pass,None,2024-07-13
SMP005333,3,4,Pass,None,2024-07-13
SMP005334,8,16,Fail,Urea,2024-07-13
SMP005335,25,8,Pass,None,2024-07-13
SMP005336,25,7,Pass,None,2024-07-13
SMP005337,9,13,Pass,None,2024-07-13
SMP005338,16,12,Pass,None,2024-07-13
SMP005339,24,10,Fail,Formalin,2024-07-13
SMP005340,1,16,Pass,None,2024-07-13
SMP005341,22,6,Pass,None,2024-07-13
SMP005342,25,13,Fail,Synthetic Color,2024-07-13
SMP005343,3,6,Pass,None,2024-07-13
SMP005344,5,14,Fail,Formalin,2024-07-14
SMP005345,25,4,Pass,None,2024-07-14
SMP005346,16,5,Pass,None,2024-07-14
SMP005347,1,11,Pass,None,2024-07-14
SMP005348,7,4,Fail,Urea,2024-07-14
SMP005349,13,4,Fail,Formalin,2024-07-14
SMP005350,19,5,Pass,None,2024-07-14
SMP005351,20,11,Pass,None,2024-07-14
SMP005352,26,15,Fail,Starch,2024-07-14
SMP005353,8,11,Pass,None,2024-07-14
SMP005354,16,14,Pass,None,2024-07-14
SMP005355,16,9,Pass,None,2024-07-14
SMP005356,11,1,Fail,Synthetic Color,2024-07-14
SMP005357,5,2,Pass,None,2024-07-14
SMP005358,25,9,Fail,Detergent,2024-07-14
SMP005359,23,5,Pass,None,2024-07-14
SMP005360,14,4,Pass,None,2024-07-14
SMP005361,17,7,Pass,None,2024-07-14
SMP005362,6,11,Pass,None,2024-07-14
SMP005363,16,6,Fail,Chalk Powder,2024-07-14
SMP005364,19,13,Fail,Synthetic Color,2024-07-14
SMP005365,15,12,Pass,None,2024-07-14
SMP005366,26,12,Pass,None,2024-07-14
SMP005367,17,16,Pass,None,2024-07-14
SMP005368,9,5,Pass,None,2024-07-14
SMP005369,21,11,Fail,Synthetic Color,2024-07-14
SMP005370,5,14,Pass,None,2024-07-14
SMP005371,10,9,Pass,None,2024-07-15
SMP005372,9,13,Pass,None,2024-07-15
SMP005373,12,6,Fail,Detergent,2024-07-15
SMP005374,22,10,Pass,None,2024-07-15
SMP005375,14,1,Pass,None,2024-07-15
SMP005376,22,16,Fail,Detergent,2024-07-15
SMP005377,17,13,Fail,Urea,2024-07-15
SMP005378,9,15,Fail,Urea,2024-07-15
SMP005379,22,11,Pass,None,2024-07-15
SMP005380,6,3,Pass,None,2024-07-15
SMP005381,6,1,Pass,None,2024-07-15
SMP005382,15,15,Pass,None,2024-07-15
SMP005383,7,6,Pass,None,2024-07-15
SMP005384,1,4,Fail,Starch,2024-07-15
SMP005385,18,9,Fail,Formalin,2024-07-15
SMP005386,15,6,Pass,None,2024-07-15
SMP005387,13,11,Pass,None,2024-07-15
SMP005388,25,8,Pass,None,2024-07-15
SMP005389,16,11,Fail,Formalin,2024-07-15
SMP005390,23,14,Pass,None,2024-07-15
SMP005391,4,3,Fail,Formalin,2024-07-15
SMP005392,16,5,Fail,Chalk Powder,2024-07-15
SMP005393,23,6,Pass,None,2024-07-15
SMP005394,17,16,Fail,Synthetic Color,2024-07-15
SMP005395,19,6,Fail,Synthetic Color,2024-07-15
SMP005396,9,6,Fail,Detergent,2024-07-15
SMP005397,3,11,Fail,Chalk Powder,2024-07-15
SMP005398,13,6,Fail,Starch,2024-07-16
SMP005399,10,16,Fail,Starch,2024-07-16
SMP005400,23,15,Pass,None,2024-07-16
SMP005401,7,8,Pass,None,2024-07-16
SMP005402,25,11,Pass,None,2024-07-16
SMP005403,25,1,Pass,None,2024-07-16
SMP005404,7,11,Fail,Formalin,2024-07-16
SMP005405,9,12,Fail,Detergent,2024-07-16
SMP005406,24,5,Pass,None,2024-07-16
SMP005407,25,4,Pass,None,2024-07-16
SMP005408,13,15,Fail,Formalin,2024-07-16
SMP005409,9,6,Pass,None,2024-07-16
SMP005410,15,11,Pass,None,2024-07-16
SMP005411,19,1,Fail,Synthetic Color,2024-07-16
SMP005412,7,6,Pass,None,2024-07-16
SMP005413,20,14,Pass,None,2024-07-16
SMP005414,2,6,Pass,None,2024-07-16
SMP005415,2,10,Fail,Detergent,2024-07-16
SMP005416,10,4,Fail,Chalk Powder,2024-07-16
SMP005417,9,6,Pass,None,2024-07-16
SMP005418,8,15,Fail,Formalin,2024-07-16
SMP005419,14,9,Fail,Starch,2024-07-16
SMP005420,9,15,Pass,None,2024-07-16
SMP005421,5,15,Fail,Urea,2024-07-16
SMP005422,8,16,Pass,None,2024-07-16
SMP005423,25,15,Pass,None,2024-07-16
SMP005424,11,1,Pass,None,2024-07-16
SMP005425,13,16,Pass,None,2024-07-16
SMP005426,17,2,Pass,None,2024-07-17
SMP005427,26,1,Fail,Chalk Powder,2024-07-17
SMP005428,7,1,Pass,None,2024-07-17
SMP005429,19,5,Fail,Synthetic Color,2024-07-17
SMP005430,19,10,Fail,Formalin,2024-07-17
SMP005431,17,6,Fail,Detergent,2024-07-17
SMP005432,3,1,Fail,Detergent,2024-07-17
SMP005433,19,7,Pass,None,2024-07-17
SMP005434,2,7,Pass,None,2024-07-17
SMP005435,17,12,Fail,Formalin,2024-07-17
SMP005436,21,4,Fail,Chalk Powder,2024-07-17
SMP005437,6,4,Pass,None,2024-07-17
SMP005438,23,4,Pass,None,2024-07-17
SMP005439,1,5,Pass,None,2024-07-17
SMP005440,23,10,Pass,None,2024-07-17
SMP005441,13,7,Fail,Starch,2024-07-17
SMP005442,6,5,Pass,None,2024-07-17
SMP005443,4,6,Fail,Formalin,2024-07-17
SMP005444,25,6,Pass,None,2024-07-17
SMP005445,2,16,Pass,None,2024-07-17
SMP005446,5,4,Pass,None,2024-07-17
SMP005447,9,14,Pass,None,2024-07-17
SMP005448,17,12,Pass,None,2024-07-17
SMP005449,16,1,Pass,None,2024-07-17
SMP005450,4,16,Pass,None,2024-07-17
SMP005451,8,12,Fail,Synthetic Color,2024-07-17
SMP005452,6,11,Pass,None,2024-07-17
SMP005453,6,6,Fail,Detergent,2024-07-18
SMP005454,11,9,Pass,None,2024-07-18
SMP005455,19,4,Pass,None,2024-07-18
SMP005456,6,1,Pass,None,2024-07-18
SMP005457,9,14,Pass,None,2024-07-18
SMP005458,10,15,Pass,None,2024-07-18
SMP005459,25,3,Pass,None,2024-07-18
SMP005460,25,13,Fail,Synthetic Color,2024-07-18
SMP005461,22,12,Pass,None,2024-07-18
SMP005462,7,3,Pass,None,2024-07-18
SMP005463,2,6,Pass,None,2024-07-18
SMP005464,8,6,Pass,None,2024-07-18
SMP005465,7,13,Pass,None,2024-07-18
SMP005466,15,14,Fail,Chalk Powder,2024-07-18
SMP005467,21,2,Pass,None,2024-07-18
SMP005468,23,9,Pass,None,2024-07-18
SMP005469,23,13,Pass,None,2024-07-18
SMP005470,9,13,Pass,None,2024-07-18
SMP005471,19,3,Pass,None,2024-07-18
SMP005472,8,8,Pass,None,2024-07-18
SMP005473,2,14,Pass,None,2024-07-18
SMP005474,19,5,Fail,Chalk Powder,2024-07-18
SMP005475,1,6,Pass,None,2024-07-18
SMP005476,11,13,Fail,Urea,2024-07-18
SMP005477,9,2,Fail,Starch,2024-07-18
SMP005478,19,14,Pass,None,2024-07-18
SMP005479,21,5,Pass,None,2024-07-18
SMP005480,8,1,Pass,None,2024-07-18
SMP005481,22,4,Pass,None,2024-07-19
SMP005482,8,2,Fail,Formalin,2024-07-19
SMP005483,13,2,Fail,Formalin,2024-07-19
SMP005484,20,11,Pass,None,2024-07-19
SMP005485,19,4,Pass,None,2024-07-19
SMP005486,26,16,Pass,None,2024-07-19
SMP005487,6,8,Fail,Starch,2024-07-19
SMP005488,18,7,Pass,None,2024-07-19
SMP005489,17,6,Pass,None,2024-07-19
SMP005490,24,11,Fail,Detergent,2024-07-19
SMP005491,5,7,Fail,Formalin,2024-07-19
SMP005492,21,2,Pass,None,2024-07-19
SMP005493,16,15,Fail,Starch,2024-07-19
SMP005494,7,6,Pass,None,2024-07-19
SMP005495,14,1,Fail,Formalin,2024-07-19
SMP005496,9,9,Pass,None,2024-07-19
SMP005497,17,11,Pass,None,2024-07-19
SMP005498,24,4,Fail,Detergent,2024-07-19
SMP005499,16,13,Fail,Starch,2024-07-19
SMP005500,17,11,Pass,None,2024-07-19
SMP005501,15,11,Fail,Detergent,2024-07-19
SMP005502,2,6,Pass,None,2024-07-19
SMP005503,6,16,Pass,None,2024-07-19
SMP005504,14,4,Fail,Formalin,2024-07-19
SMP005505,8,9,Fail,Starch,2024-07-19
SMP005506,5,5,Pass,None,2024-07-19
SMP005507,14,12,Pass,None,2024-07-19
SMP005508,9,1,Pass,None,2024-07-20
SMP005509,7,1,Pass,None,2024-07-20
SMP005510,13,13,Fail,Urea,2024-07-20
SMP005511,4,6,Pass,None,2024-07-20
SMP005512,24,5,Pass,None,2024-07-20
SMP005513,23,10,Fail,Formalin,2024-07-20
SMP005514,19,12,Fail,Starch,2024-07-20
SMP005515,3,4,Pass,None,2024-07-20
SMP005516,21,3,Pass,None,2024-07-20
SMP005517,22,16,Fail,Urea,2024-07-20
SMP005518,21,10,Pass,None,2024-07-20
SMP005519,4,6,Fail,Starch,2024-07-20
SMP005520,18,13,Pass,None,2024-07-20
SMP005521,23,8,Fail,Synthetic Color,2024-07-20
SMP005522,17,4,Pass,None,2024-07-20
SMP005523,18,4,Pass,None,2024-07-20
SMP005524,13,6,Pass,None,2024-07-20
SMP005525,15,14,Pass,None,2024-07-20
SMP005526,1,1,Pass,None,2024-07-20
SMP005527,18,4,Fail,Synthetic Color,2024-07-20
SMP005528,3,15,Fail,Starch,2024-07-20
SMP005529,12,2,Pass,None,2024-07-20
SMP005530,8,10,Pass,None,2024-07-20
SMP005531,16,4,Pass,None,2024-07-20
SMP005532,4,10,Fail,Starch,2024-07-20
SMP005533,19,6,Pass,None,2024-07-20
SMP005534,22,2,Fail,Synthetic Color,2024-07-20
SMP005535,5,10,Pass,None,2024-07-21
SMP005536,3,11,Fail,Formalin,2024-07-21
SMP005537,5,11,Pass,None,2024-07-21
SMP005538,23,11,Fail,Synthetic Color,2024-07-21
SMP005539,15,8,Pass,None,2024-07-21
SMP005540,13,8,Pass,None,2024-07-21
SMP005541,3,11,Pass,None,2024-07-21
SMP005542,18,11,Pass,None,2024-07-21
SMP005543,23,11,Fail,Synthetic Color,2024-07-21
SMP005544,23,10,Pass,None,2024-07-21
SMP005545,17,3,Pass,None,2024-07-21
SMP005546,2,4,Fail,Chalk Powder,2024-07-21
SMP005547,3,4,Pass,None,2024-07-21
SMP005548,2,15,Pass,None,2024-07-21
SMP005549,7,13,Pass,None,2024-07-21
SMP005550,4,9,Pass,None,2024-07-21
SMP005551,7,4,Pass,None,2024-07-21
SMP005552,10,2,Fail,Synthetic Color,2024-07-21
SMP005553,25,15,Pass,None,2024-07-21
SMP005554,17,15,Fail,Detergent,2024-07-21
SMP005555,23,2,Pass,None,2024-07-21
SMP005556,19,13,Pass,None,2024-07-21
SMP005557,3,7,Pass,None,2024-07-21
SMP005558,20,5,Pass,None,2024-07-21
SMP005559,7,12,Pass,None,2024-07-21
SMP005560,18,10,Pass,None,2024-07-21
SMP005561,9,13,Pass,None,2024-07-21
SMP005562,26,1,Fail,Formalin,2024-07-21
SMP005563,7,5,Fail,Detergent,2024-07-22
SMP005564,7,5,Pass,None,2024-07-22
SMP005565,24,5,Pass,None,2024-07-22
SMP005566,1,8,Pass,None,2024-07-22
SMP005567,19,5,Pass,None,2024-07-22
SMP005568,19,7,Pass,None,2024-07-22
SMP005569,23,6,Pass,None,2024-07-22
SMP005570,25,12,Fail,Formalin,2024-07-22
SMP005571,25,10,Pass,None,2024-07-22
SMP005572,2,11,Fail,Detergent,2024-07-22
SMP005573,22,4,Pass,None,2024-07-22
SMP005574,18,5,Fail,Chalk Powder,2024-07-22
SMP005575,18,1,Pass,None,2024-07-22
SMP005576,4,2,Fail,Detergent,2024-07-22
SMP005577,18,4,Fail,Starch,2024-07-22
SMP005578,26,1,Pass,None,2024-07-22
SMP005579,24,10,Fail,Synthetic Color,2024-07-22
SMP005580,12,16,Pass,None,2024-07-22
SMP005581,2,2,Pass,None,2024-07-22
SMP005582,9,14,Pass,None,2024-07-22
SMP005583,23,2,Pass,None,2024-07-22
SMP005584,19,11,Pass,None,2024-07-22
SMP005585,13,11,Fail,Chalk Powder,2024-07-22
SMP005586,2,15,Pass,None,2024-07-22
SMP005587,12,2,Fail,Chalk Powder,2024-07-22
SMP005588,13,5,Fail,Starch,2024-07-22
SMP005589,24,2,Fail,Starch,2024-07-22
SMP005590,18,6,Pass,None,2024-07-23
SMP005591,8,15,Pass,None,2024-07-23
SMP005592,15,13,Pass,None,2024-07-23
SMP005593,2,12,Pass,None,2024-07-23
SMP005594,25,9,Pass,None,2024-07-23
SMP005595,9,15,Pass,None,2024-07-23
SMP005596,14,7,Pass,None,2024-07-23
SMP005597,9,3,Pass,None,2024-07-23
SMP005598,19,14,Pass,None,2024-07-23
SMP005599,18,4,Pass,None,2024-07-23
SMP005600,19,1,Pass,None,2024-07-23
SMP005601,7,2,Pass,None,2024-07-23
SMP005602,8,10,Pass,None,2024-07-23
SMP005603,4,10,Fail,Starch,2024-07-23
SMP005604,18,4,Fail,Urea,2024-07-23
SMP005605,2,12,Pass,None,2024-07-23
SMP005606,17,13,Fail,Chalk Powder,2024-07-23
SMP005607,23,15,Fail,Formalin,2024-07-23
SMP005608,24,10,Pass,None,2024-07-23
SMP005609,13,13,Pass,None,2024-07-23
SMP005610,13,12,Pass,None,2024-07-23
SMP005611,2,4,Pass,None,2024-07-23
SMP005612,19,5,Pass,None,2024-07-23
SMP005613,22,7,Fail,Starch,2024-07-23
SMP005614,7,1,Pass,None,2024-07-23
SMP005615,12,5,Pass,None,2024-07-23
SMP005616,23,7,Fail,Starch,2024-07-23
SMP005617,23,2,Pass,None,2024-07-23
SMP005618,7,2,Pass,None,2024-07-24
SMP005619,16,7,Pass,None,2024-07-24
SMP005620,5,12,Pass,None,2024-07-24
SMP005621,3,14,Pass,None,2024-07-24
SMP005622,24,9,Pass,None,2024-07-24
SMP005623,22,7,Pass,None,2024-07-24
SMP005624,21,6,Pass,None,2024-07-24
SMP005625,2,3,Pass,None,2024-07-24
SMP005626,23,3,Pass,None,2024-07-24
SMP005627,12,13,Pass,None,2024-07-24
SMP005628,9,7,Pass,None,2024-07-24
SMP005629,16,13,Fail,Urea,2024-07-24
SMP005630,3,12,Pass,None,2024-07-24
SMP005631,21,3,Pass,None,2024-07-24
SMP005632,17,8,Pass,None,2024-07-24
SMP005633,5,7,Pass,None,2024-07-24
SMP005634,5,6,Pass,None,2024-07-24
SMP005635,5,9,Pass,None,2024-07-24
SMP005636,2,16,Pass,None,2024-07-24
SMP005637,17,13,Pass,None,2024-07-24
SMP005638,23,15,Pass,None,2024-07-24
SMP005639,1,1,Pass,None,2024-07-24
SMP005640,2,2,Fail,Urea,2024-07-24
SMP005641,17,2,Pass,None,2024-07-24
SMP005642,22,4,Pass,None,2024-07-24
SMP005643,9,7,Pass,None,2024-07-24
SMP005644,9,11,Pass,None,2024-07-24
SMP005645,17,8,Pass,None,2024-07-25
SMP005646,7,15,Pass,None,2024-07-25
SMP005647,1,16,Pass,None,2024-07-25
SMP005648,20,3,Fail,Synthetic Color,2024-07-25
SMP005649,17,14,Pass,None,2024-07-25
SMP005650,17,8,Pass,None,2024-07-25
SMP005651,21,7,Pass,None,2024-07-25
SMP005652,19,13,Pass,None,2024-07-25
SMP005653,5,2,Pass,None,2024-07-25
SMP005654,9,15,Pass,None,2024-07-25
SMP005655,4,11,Pass,None,2024-07-25
SMP005656,4,15,Fail,Starch,2024-07-25
SMP005657,19,16,Pass,None,2024-07-25
SMP005658,23,8,Pass,None,2024-07-25
SMP005659,25,2,Pass,None,2024-07-25
SMP005660,17,3,Pass,None,2024-07-25
SMP005661,5,5,Pass,None,2024-07-25
SMP005662,3,2,Pass,None,2024-07-25
SMP005663,22,14,Pass,None,2024-07-25
SMP005664,17,5,Fail,Formalin,2024-07-25
SMP005665,17,16,Pass,None,2024-07-25
SMP005666,22,12,Fail,Starch,2024-07-25
SMP005667,19,3,Fail,Synthetic Color,2024-07-25
SMP005668,23,7,Pass,None,2024-07-25
SMP005669,2,7,Fail,Chalk Powder,2024-07-25
SMP005670,21,8,Fail,Starch,2024-07-25
SMP005671,23,9,Pass,None,2024-07-25
SMP005672,8,1,Fail,Urea,2024-07-26
SMP005673,18,11,Pass,None,2024-07-26
SMP005674,8,8,Pass,None,2024-07-26
SMP005675,25,13,Pass,None,2024-07-26
SMP005676,1,14,Pass,None,2024-07-26
SMP005677,17,4,Pass,None,2024-07-26
SMP005678,5,1,Fail,Urea,2024-07-26
SMP005679,19,12,Pass,None,2024-07-26
SMP005680,5,16,Pass,None,2024-07-26
SMP005681,6,7,Pass,None,2024-07-26
SMP005682,14,4,Fail,Synthetic Color,2024-07-26
SMP005683,24,3,Fail,Synthetic Color,2024-07-26
SMP005684,6,5,Pass,None,2024-07-26
SMP005685,5,5,Pass,None,2024-07-26
SMP005686,21,6,Pass,None,2024-07-26
SMP005687,14,11,Pass,None,2024-07-26
SMP005688,24,4,Fail,Urea,2024-07-26
SMP005689,5,1,Fail,Urea,2024-07-26
SMP005690,18,6,Pass,None,2024-07-26
SMP005691,6,14,Pass,None,2024-07-26
SMP005692,5,8,Pass,None,2024-07-26
SMP005693,19,16,Pass,None,2024-07-26
SMP005694,17,8,Fail,Starch,2024-07-26
SMP005695,21,4,Fail,Synthetic Color,2024-07-26
SMP005696,8,3,Pass,None,2024-07-26
SMP005697,13,11,Fail,Chalk Powder,2024-07-26
SMP005698,11,9,Fail,Starch,2024-07-26
SMP005699,26,10,Pass,None,2024-07-26
SMP005700,8,12,Pass,None,2024-07-27
SMP005701,8,12,Fail,Urea,2024-07-27
SMP005702,9,1,Fail,Formalin,2024-07-27
SMP005703,16,13,Pass,None,2024-07-27
SMP005704,7,9,Fail,Synthetic Color,2024-07-27
SMP005705,24,6,Fail,Starch,2024-07-27
SMP005706,7,9,Pass,None,2024-07-27
SMP005707,24,10,Fail,Synthetic Color,2024-07-27
SMP005708,3,3,Pass,None,2024-07-27
SMP005709,18,6,Pass,None,2024-07-27
SMP005710,24,5,Pass,None,2024-07-27
SMP005711,5,5,Pass,None,2024-07-27
SMP005712,25,2,Pass,None,2024-07-27
SMP005713,13,3,Fail,Formalin,2024-07-27
SMP005714,25,3,Pass,None,2024-07-27
SMP005715,19,6,Pass,None,2024-07-27
SMP005716,8,15,Pass,None,2024-07-27
SMP005717,5,4,Pass,None,2024-07-27
SMP005718,8,6,Pass,None,2024-07-27
SMP005719,3,5,Pass,None,2024-07-27
SMP005720,5,13,Fail,Chalk Powder,2024-07-27
SMP005721,3,1,Fail,Detergent,2024-07-27
SMP005722,12,3,Pass,None,2024-07-27
SMP005723,22,4,Fail,Urea,2024-07-27
SMP005724,5,16,Pass,None,2024-07-27
SMP005725,4,9,Pass,None,2024-07-27
SMP005726,18,2,Pass,None,2024-07-27
SMP005727,5,4,Pass,None,2024-07-28
SMP005728,3,3,Pass,None,2024-07-28
SMP005729,5,2,Pass,None,2024-07-28
SMP005730,24,13,Pass,None,2024-07-28
SMP005731,22,8,Pass,None,2024-07-28
SMP005732,9,11,Fail,Formalin,2024-07-28
SMP005733,18,5,Fail,Detergent,2024-07-28
SMP005734,16,9,Pass,None,2024-07-28
SMP005735,19,4,Pass,None,2024-07-28
SMP005736,19,5,Pass,None,2024-07-28
SMP005737,17,11,Pass,None,2024-07-28
SMP005738,7,3,Pass,None,2024-07-28
SMP005739,2,10,Pass,None,2024-07-28
SMP005740,13,14,Pass,None,2024-07-28
SMP005741,24,2,Fail,Starch,2024-07-28
SMP005742,16,15,Fail,Formalin,2024-07-28
SMP005743,23,2,Pass,None,2024-07-28
SMP005744,26,5,Pass,None,2024-07-28
SMP005745,5,10,Pass,None,2024-07-28
SMP005746,19,9,Pass,None,2024-07-28
SMP005747,19,2,Fail,Detergent,2024-07-28
SMP005748,25,13,Pass,None,2024-07-28
SMP005749,26,16,Fail,Formalin,2024-07-28
SMP005750,19,3,Pass,None,2024-07-28
SMP005751,7,15,Pass,None,2024-07-28
SMP005752,22,9,Pass,None,2024-07-28
SMP005753,3,16,Fail,Detergent,2024-07-28
SMP005754,22,3,Pass,None,2024-07-28
SMP005755,24,13,Fail,Starch,2024-07-29
SMP005756,10,1,Pass,None,2024-07-29
SMP005757,17,15,Pass,None,2024-07-29
SMP005758,12,11,Pass,None,2024-07-29
SMP005759,12,6,Fail,Starch,2024-07-29
SMP005760,8,3,Pass,None,2024-07-29
SMP005761,21,14,Pass,None,2024-07-29
SMP005762,25,10,Pass,None,2024-07-29
SMP005763,25,6,Pass,None,2024-07-29
SMP005764,5,7,Pass,None,2024-07-29
SMP005765,23,14,Pass,None,2024-07-29
SMP005766,20,5,Pass,None,2024-07-29
SMP005767,7,2,Pass,None,2024-07-29
SMP005768,2,15,Pass,None,2024-07-29
SMP005769,7,6,Pass,None,2024-07-29
SMP005770,24,5,Fail,Starch,2024-07-29
SMP005771,17,4,Fail,Starch,2024-07-29
SMP005772,19,15,Pass,None,2024-07-29
SMP005773,7,4,Pass,None,2024-07-29
SMP005774,19,11,Pass,None,2024-07-29
SMP005775,1,15,Pass,None,2024-07-29
SMP005776,9,1,Fail,Starch,2024-07-29
SMP005777,17,14,Pass,None,2024-07-29
SMP005778,5,6,Pass,None,2024-07-29
SMP005779,22,11,Pass,None,2024-07-29
SMP005780,6,6,Fail,Chalk Powder,2024-07-29
SMP005781,18,11,Pass,None,2024-07-29
SMP005782,11,4,Pass,None,2024-07-30
SMP005783,17,1,Pass,None,2024-07-30
SMP005784,3,16,Pass,None,2024-07-30
SMP005785,1,1,Pass,None,2024-07-30
SMP005786,24,14,Pass,None,2024-07-30
SMP005787,7,3,Pass,None,2024-07-30
SMP005788,22,6,Pass,None,2024-07-30
SMP005789,26,14,Pass,None,2024-07-30
SMP005790,6,4,Pass,None,2024-07-30
SMP005791,7,15,Fail,Detergent,2024-07-30
SMP005792,18,8,Fail,Starch,2024-07-30
SMP005793,25,6,Pass,None,2024-07-30
SMP005794,24,11,Pass,None,2024-07-30
SMP005795,14,5,Pass,None,2024-07-30
SMP005796,22,5,Pass,None,2024-07-30
SMP005797,4,12,Fail,Formalin,2024-07-30
SMP005798,25,5,Fail,Formalin,2024-07-30
SMP005799,25,3,Pass,None,2024-07-30
SMP005800,5,13,Fail,Starch,2024-07-30
SMP005801,8,13,Pass,None,2024-07-30
SMP005802,3,8,Pass,None,2024-07-30
SMP005803,7,9,Pass,None,2024-07-30
SMP005804,22,11,Pass,None,2024-07-30
SMP005805,10,8,Fail,Formalin,2024-07-30
SMP005806,3,6,Pass,None,2024-07-30
SMP005807,9,16,Pass,None,2024-07-30
SMP005808,26,3,Pass,None,2024-07-30
SMP005809,17,10,Fail,Starch,2024-07-31
SMP005810,12,15,Pass,None,2024-07-31
SMP005811,5,11,Pass,None,2024-07-31
SMP005812,26,15,Fail,Chalk Powder,2024-07-31
SMP005813,22,5,Fail,Formalin,2024-07-31
SMP005814,8,4,Pass,None,2024-07-31
SMP005815,2,14,Fail,Synthetic Color,2024-07-31
SMP005816,2,6,Pass,None,2024-07-31
SMP005817,4,12,Pass,None,2024-07-31
SMP005818,17,3,Pass,None,2024-07-31
SMP005819,24,12,Pass,None,2024-07-31
SMP005820,14,9,Pass,None,2024-07-31
SMP005821,23,4,Pass,None,2024-07-31
SMP005822,13,8,Pass,None,2024-07-31
SMP005823,19,11,Pass,None,2024-07-31
SMP005824,20,1,Pass,None,2024-07-31
SMP005825,5,11,Fail,Urea,2024-07-31
SMP005826,9,9,Pass,None,2024-07-31
SMP005827,18,4,Fail,Formalin,2024-07-31
SMP005828,2,12,Pass,None,2024-07-31
SMP005829,9,5,Pass,None,2024-07-31
SMP005830,16,4,Pass,None,2024-07-31
SMP005831,26,7,Pass,None,2024-07-31
SMP005832,14,11,Pass,None,2024-07-31
SMP005833,22,15,Fail,Formalin,2024-07-31
SMP005834,12,2,Pass,None,2024-07-31
SMP005835,22,6,Fail,Chalk Powder,2024-07-31
SMP005836,17,1,Fail,Urea,2024-07-31
SMP005837,24,12,Fail,Synthetic Color,2024-08-01
SMP005838,11,7,Fail,Urea,2024-08-01
SMP005839,17,12,Pass,None,2024-08-01
SMP005840,17,5,Pass,None,2024-08-01
SMP005841,12,14,Pass,None,2024-08-01
SMP005842,5,9,Fail,Formalin,2024-08-01
SMP005843,3,16,Fail,Starch,2024-08-01
SMP005844,1,2,Pass,None,2024-08-01
SMP005845,23,8,Pass,None,2024-08-01
SMP005846,6,13,Pass,None,2024-08-01
SMP005847,6,10,Fail,Synthetic Color,2024-08-01
SMP005848,20,1,Fail,Formalin,2024-08-01
SMP005849,9,16,Fail,Starch,2024-08-01
SMP005850,15,5,Fail,Starch,2024-08-01
SMP005851,5,4,Pass,None,2024-08-01
SMP005852,25,8,Pass,None,2024-08-01
SMP005853,23,9,Fail,Chalk Powder,2024-08-01
SMP005854,23,13,Pass,None,2024-08-01
SMP005855,11,6,Pass,None,2024-08-01
SMP005856,21,7,Pass,None,2024-08-01
SMP005857,5,9,Fail,Synthetic Color,2024-08-01
SMP005858,1,6,Pass,None,2024-08-01
SMP005859,1,15,Pass,None,2024-08-01
SMP005860,17,14,Pass,None,2024-08-01
SMP005861,13,7,Pass,None,2024-08-01
SMP005862,15,1,Fail,Formalin,2024-08-01
SMP005863,1,15,Pass,None,2024-08-01
SMP005864,12,2,Pass,None,2024-08-02
SMP005865,19,4,Fail,Detergent,2024-08-02
SMP005866,12,3,Pass,None,2024-08-02
SMP005867,20,3,Pass,None,2024-08-02
SMP005868,6,13,Pass,None,2024-08-02
SMP005869,22,9,Pass,None,2024-08-02
SMP005870,17,16,Pass,None,2024-08-02
SMP005871,6,4,Fail,Starch,2024-08-02
SMP005872,6,8,Pass,None,2024-08-02
SMP005873,17,16,Pass,None,2024-08-02
SMP005874,23,14,Pass,None,2024-08-02
SMP005875,12,12,Pass,None,2024-08-02
SMP005876,7,3,Pass,None,2024-08-02
SMP005877,23,13,Pass,None,2024-08-02
SMP005878,19,5,Pass,None,2024-08-02
SMP005879,13,9,Pass,None,2024-08-02
SMP005880,14,10,Fail,Chalk Powder,2024-08-02
SMP005881,5,10,Pass,None,2024-08-02
SMP005882,17,12,Fail,Urea,2024-08-02
SMP005883,9,11,Fail,Detergent,2024-08-02
SMP005884,26,1,Fail,Chalk Powder,2024-08-02
SMP005885,14,7,Pass,None,2024-08-02
SMP005886,14,11,Pass,None,2024-08-02
SMP005887,16,5,Pass,None,2024-08-02
SMP005888,24,5,Fail,Urea,2024-08-02
SMP005889,22,2,Pass,None,2024-08-02
SMP005890,13,6,Pass,None,2024-08-02
SMP005891,19,16,Pass,None,2024-08-02
SMP005892,17,5,Pass,None,2024-08-03
SMP005893,14,9,Fail,Synthetic Color,2024-08-03
SMP005894,5,12,Pass,None,2024-08-03
SMP005895,13,1,Fail,Chalk Powder,2024-08-03
SMP005896,7,15,Fail,Starch,2024-08-03
SMP005897,24,6,Pass,None,2024-08-03
SMP005898,9,15,Pass,None,2024-08-03
SMP005899,25,1,Pass,None,2024-08-03
SMP005900,16,3,Pass,None,2024-08-03
SMP005901,17,5,Pass,None,2024-08-03
SMP005902,16,5,Fail,Starch,2024-08-03
SMP005903,4,14,Fail,Synthetic Color,2024-08-03
SMP005904,9,1,Fail,Starch,2024-08-03
SMP005905,3,11,Pass,None,2024-08-03
SMP005906,17,2,Pass,None,2024-08-03
SMP005907,13,14,Pass,None,2024-08-03
SMP005908,21,13,Fail,Chalk Powder,2024-08-03
SMP005909,6,8,Fail,Detergent,2024-08-03
SMP005910,5,4,Pass,None,2024-08-03
SMP005911,11,11,Pass,None,2024-08-03
SMP005912,24,3,Fail,Chalk Powder,2024-08-03
SMP005913,19,3,Pass,None,2024-08-03
SMP005914,12,10,Pass,None,2024-08-03
SMP005915,15,16,Fail,Detergent,2024-08-03
SMP005916,3,15,Fail,Chalk Powder,2024-08-03
SMP005917,26,10,Pass,None,2024-08-03
SMP005918,18,9,Pass,None,2024-08-03
SMP005919,8,16,Pass,None,2024-08-04
SMP005920,17,9,Fail,Synthetic Color,2024-08-04
SMP005921,3,6,Pass,None,2024-08-04
SMP005922,25,15,Fail,Chalk Powder,2024-08-04
SMP005923,5,4,Fail,Formalin,2024-08-04
SMP005924,18,2,Fail,Starch,2024-08-04
SMP005925,7,11,Pass,None,2024-08-04
SMP005926,19,2,Pass,None,2024-08-04
SMP005927,21,6,Fail,Chalk Powder,2024-08-04
SMP005928,19,6,Pass,None,2024-08-04
SMP005929,17,9,Pass,None,2024-08-04
SMP005930,24,16,Fail,Chalk Powder,2024-08-04
SMP005931,2,4,Pass,None,2024-08-04
SMP005932,9,6,Pass,None,2024-08-04
SMP005933,7,2,Pass,None,2024-08-04
SMP005934,26,10,Pass,None,2024-08-04
SMP005935,10,12,Pass,None,2024-08-04
SMP005936,20,8,Pass,None,2024-08-04
SMP005937,19,4,Pass,None,2024-08-04
SMP005938,6,10,Fail,Detergent,2024-08-04
SMP005939,6,9,Pass,None,2024-08-04
SMP005940,7,3,Pass,None,2024-08-04
SMP005941,11,6,Fail,Urea,2024-08-04
SMP005942,6,6,Pass,None,2024-08-04
SMP005943,1,16,Pass,None,2024-08-04
SMP005944,23,14,Pass,None,2024-08-04
SMP005945,25,12,Pass,None,2024-08-04
SMP005946,9,15,Pass,None,2024-08-05
SMP005947,9,12,Fail,Starch,2024-08-05
SMP005948,1,15,Pass,None,2024-08-05
SMP005949,19,1,Fail,Detergent,2024-08-05
SMP005950,23,7,Fail,Detergent,2024-08-05
SMP005951,5,12,Pass,None,2024-08-05
SMP005952,5,10,Pass,None,2024-08-05
SMP005953,22,3,Pass,None,2024-08-05
SMP005954,17,5,Pass,None,2024-08-05
SMP005955,2,5,Pass,None,2024-08-05
SMP005956,17,4,Pass,None,2024-08-05
SMP005957,8,5,Pass,None,2024-08-05
SMP005958,9,8,Pass,None,2024-08-05
SMP005959,21,14,Pass,None,2024-08-05
SMP005960,22,12,Pass,None,2024-08-05
SMP005961,11,14,Pass,None,2024-08-05
SMP005962,25,15,Pass,None,2024-08-05
SMP005963,11,6,Fail,Detergent,2024-08-05
SMP005964,21,5,Pass,None,2024-08-05
SMP005965,14,1,Fail,Formalin,2024-08-05
SMP005966,24,15,Fail,Synthetic Color,2024-08-05
SMP005967,24,1,Pass,None,2024-08-05
SMP005968,3,12,Pass,None,2024-08-05
SMP005969,25,6,Pass,None,2024-08-05
SMP005970,23,16,Pass,None,2024-08-05
SMP005971,22,6,Fail,Formalin,2024-08-05
SMP005972,5,14,Fail,Chalk Powder,2024-08-05
SMP005973,22,5,Pass,None,2024-08-05
SMP005974,23,5,Fail,Urea,2024-08-06
SMP005975,8,10,Pass,None,2024-08-06
SMP005976,25,16,Pass,None,2024-08-06
SMP005977,2,8,Fail,Urea,2024-08-06
SMP005978,5,16,Fail,Synthetic Color,2024-08-06
SMP005979,16,13,Pass,None,2024-08-06
SMP005980,17,13,Pass,None,2024-08-06
SMP005981,18,6,Fail,Chalk Powder,2024-08-06
SMP005982,1,6,Fail,Synthetic Color,2024-08-06
SMP005983,25,3,Pass,None,2024-08-06
SMP005984,2,16,Pass,None,2024-08-06
SMP005985,5,16,Pass,None,2024-08-06
SMP005986,1,12,Pass,None,2024-08-06
SMP005987,16,5,Pass,None,2024-08-06
SMP005988,24,4,Pass,None,2024-08-06
SMP005989,18,16,Fail,Detergent,2024-08-06
SMP005990,22,1,Pass,None,2024-08-06
SMP005991,1,14,Pass,None,2024-08-06
SMP005992,16,5,Fail,Urea,2024-08-06
SMP005993,13,6,Fail,Detergent,2024-08-06
SMP005994,14,14,Fail,Synthetic Color,2024-08-06
SMP005995,2,2,Pass,None,2024-08-06
SMP005996,19,5,Pass,None,2024-08-06
SMP005997,14,16,Fail,Urea,2024-08-06
SMP005998,21,12,Pass,None,2024-08-06
SMP005999,14,12,Pass,None,2024-08-06
SMP006000,5,12,Pass,None,2024-08-06
SMP006001,18,1,Pass,None,2024-08-07
SMP006002,5,4,Pass,None,2024-08-07
SMP006003,23,8,Pass,None,2024-08-07
SMP006004,17,6,Pass,None,2024-08-07
SMP006005,5,6,Pass,None,2024-08-07
SMP006006,25,13,Fail,Detergent,2024-08-07
SMP006007,15,1,Pass,None,2024-08-07
SMP006008,2,11,Fail,Starch,2024-08-07
SMP006009,17,1,Pass,None,2024-08-07
SMP006010,7,1,Fail,Chalk Powder,2024-08-07
SMP006011,22,6,Fail,Starch,2024-08-07
SMP006012,22,14,Fail,Detergent,2024-08-07
SMP006013,25,3,Pass,None,2024-08-07
SMP006014,14,9,Fail,Formalin,2024-08-07
SMP006015,13,11,Pass,None,2024-08-07
SMP006016,21,4,Fail,Detergent,2024-08-07
SMP006017,4,8,Pass,None,2024-08-07
SMP006018,16,15,Pass,None,2024-08-07
SMP006019,16,8,Pass,None,2024-08-07
SMP006020,3,3,Pass,None,2024-08-07
SMP006021,12,10,Fail,Urea,2024-08-07
SMP006022,23,10,Fail,Synthetic Color,2024-08-07
SMP006023,23,1,Pass,None,2024-08-07
SMP006024,3,2,Pass,None,2024-08-07
SMP006025,3,3,Pass,None,2024-08-07
SMP006026,7,2,Pass,None,2024-08-07
SMP006027,23,4,Pass,None,2024-08-07
SMP006028,4,7,Pass,None,2024-08-07
SMP006029,19,6,Pass,None,2024-08-08
SMP006030,3,15,Pass,None,2024-08-08
SMP006031,17,10,Fail,Detergent,2024-08-08
SMP006032,9,15,Pass,None,2024-08-08
SMP006033,22,9,Fail,Urea,2024-08-08
SMP006034,6,2,Pass,None,2024-08-08
SMP006035,18,7,Fail,Urea,2024-08-08
SMP006036,6,14,Pass,None,2024-08-08
SMP006037,19,3,Pass,None,2024-08-08
SMP006038,23,2,Fail,Starch,2024-08-08
SMP006039,4,5,Fail,Detergent,2024-08-08
SMP006040,23,6,Fail,Chalk Powder,2024-08-08
SMP006041,17,5,Fail,Formalin,2024-08-08
SMP006042,4,2,Fail,Formalin,2024-08-08
SMP006043,12,4,Pass,None,2024-08-08
SMP006044,5,11,Pass,None,2024-08-08
SMP006045,19,6,Pass,None,2024-08-08
SMP006046,21,11,Pass,None,2024-08-08
SMP006047,3,9,Pass,None,2024-08-08
SMP006048,15,9,Fail,Synthetic Color,2024-08-08
SMP006049,22,4,Pass,None,2024-08-08
SMP006050,25,8,Pass,None,2024-08-08
SMP006051,15,1,Fail,Synthetic Color,2024-08-08
SMP006052,25,6,Pass,None,2024-08-08
SMP006053,16,9,Fail,Starch,2024-08-08
SMP006054,10,3,Fail,Detergent,2024-08-08
SMP006055,23,4,Fail,Synthetic Color,2024-08-08
SMP006056,14,4,Pass,None,2024-08-09
SMP006057,13,1,Pass,None,2024-08-09
SMP006058,14,5,Pass,None,2024-08-09
SMP006059,23,16,Pass,None,2024-08-09
SMP006060,23,5,Pass,None,2024-08-09
SMP006061,11,7,Pass,None,2024-08-09
SMP006062,9,11,Pass,None,2024-08-09
SMP006063,14,11,Pass,None,2024-08-09
SMP006064,17,16,Pass,None,2024-08-09
SMP006065,6,14,Pass,None,2024-08-09
SMP006066,22,13,Pass,None,2024-08-09
SMP006067,14,16,Pass,None,2024-08-09
SMP006068,9,4,Fail,Detergent,2024-08-09
SMP006069,3,10,Pass,None,2024-08-09
SMP006070,6,15,Fail,Chalk Powder,2024-08-09
SMP006071,25,10,Pass,None,2024-08-09
SMP006072,8,16,Pass,None,2024-08-09
SMP006073,5,2,Fail,Formalin,2024-08-09
SMP006074,13,7,Pass,None,2024-08-09
SMP006075,8,16,Pass,None,2024-08-09
SMP006076,1,6,Pass,None,2024-08-09
SMP006077,9,12,Fail,Urea,2024-08-09
SMP006078,16,1,Fail,Formalin,2024-08-09
SMP006079,16,11,Fail,Starch,2024-08-09
SMP006080,9,16,Pass,None,2024-08-09
SMP006081,13,6,Pass,None,2024-08-09
SMP006082,25,1,Pass,None,2024-08-09
SMP006083,9,1,Fail,Detergent,2024-08-10
SMP006084,7,15,Fail,Urea,2024-08-10
SMP006085,7,12,Pass,None,2024-08-10
SMP006086,13,2,Pass,None,2024-08-10
SMP006087,21,1,Pass,None,2024-08-10
SMP006088,5,13,Pass,None,2024-08-10
SMP006089,19,13,Pass,None,2024-08-10
SMP006090,1,2,Fail,Urea,2024-08-10
SMP006091,12,5,Pass,None,2024-08-10
SMP006092,21,13,Pass,None,2024-08-10
SMP006093,9,8,Pass,None,2024-08-10
SMP006094,16,16,Fail,Starch,2024-08-10
SMP006095,5,8,Fail,Urea,2024-08-10
SMP006096,21,11,Pass,None,2024-08-10
SMP006097,2,8,Pass,None,2024-08-10
SMP006098,23,16,Pass,None,2024-08-10
SMP006099,5,6,Fail,Detergent,2024-08-10
SMP006100,23,4,Pass,None,2024-08-10
SMP006101,9,5,Pass,None,2024-08-10
SMP006102,19,14,Pass,None,2024-08-10
SMP006103,9,8,Fail,Formalin,2024-08-10
SMP006104,24,5,Pass,None,2024-08-10
SMP006105,4,9,Fail,Detergent,2024-08-10
SMP006106,5,2,Pass,None,2024-08-10
SMP006107,14,1,Pass,None,2024-08-10
SMP006108,3,4,Pass,None,2024-08-10
SMP006109,5,10,Fail,Synthetic Color,2024-08-10
SMP006110,25,12,Fail,Urea,2024-08-10
SMP006111,25,14,Pass,None,2024-08-11
SMP006112,9,15,Pass,None,2024-08-11
SMP006113,24,6,Fail,Urea,2024-08-11
SMP006114,16,12,Pass,None,2024-08-11
SMP006115,7,1,Pass,None,2024-08-11
SMP006116,19,1,Pass,None,2024-08-11
SMP006117,18,2,Pass,None,2024-08-11
SMP006118,26,7,Fail,Detergent,2024-08-11
SMP006119,7,4,Pass,None,2024-08-11
SMP006120,19,5,Pass,None,2024-08-11
SMP006121,2,11,Pass,None,2024-08-11
SMP006122,4,5,Pass,None,2024-08-11
SMP006123,1,9,Pass,None,2024-08-11
SMP006124,26,6,Fail,Chalk Powder,2024-08-11
SMP006125,22,3,Pass,None,2024-08-11
SMP006126,22,1,Pass,None,2024-08-11
SMP006127,15,4,Fail,Starch,2024-08-11
SMP006128,8,1,Pass,None,2024-08-11
SMP006129,5,10,Pass,None,2024-08-11
SMP006130,8,13,Pass,None,2024-08-11
SMP006131,9,5,Fail,Chalk Powder,2024-08-11
SMP006132,21,6,Fail,Detergent,2024-08-11
SMP006133,16,14,Pass,None,2024-08-11
SMP006134,2,4,Pass,None,2024-08-11
SMP006135,1,2,Fail,Formalin,2024-08-11
SMP006136,3,8,Pass,None,2024-08-11
SMP006137,11,11,Fail,Starch,2024-08-11
SMP006138,24,10,Pass,None,2024-08-12
SMP006139,18,12,Fail,Urea,2024-08-12
SMP006140,22,1,Pass,None,2024-08-12
SMP006141,13,6,Pass,None,2024-08-12
SMP006142,9,4,Pass,None,2024-08-12
SMP006143,3,13,Pass,None,2024-08-12
SMP006144,23,15,Pass,None,2024-08-12
SMP006145,22,4,Fail,Chalk Powder,2024-08-12
SMP006146,5,2,Pass,None,2024-08-12
SMP006147,15,4,Pass,None,2024-08-12
SMP006148,14,2,Pass,None,2024-08-12
SMP006149,17,5,Pass,None,2024-08-12
SMP006150,25,9,Pass,None,2024-08-12
SMP006151,17,16,Pass,None,2024-08-12
SMP006152,16,6,Fail,Chalk Powder,2024-08-12
SMP006153,2,4,Pass,None,2024-08-12
SMP006154,2,3,Pass,None,2024-08-12
SMP006155,5,3,Pass,None,2024-08-12
SMP006156,1,3,Pass,None,2024-08-12
SMP006157,21,13,Pass,None,2024-08-12
SMP006158,19,1,Pass,None,2024-08-12
SMP006159,4,16,Pass,None,2024-08-12
SMP006160,23,8,Pass,None,2024-08-12
SMP006161,5,9,Pass,None,2024-08-12
SMP006162,8,5,Fail,Urea,2024-08-12
SMP006163,7,11,Fail,Starch,2024-08-12
SMP006164,9,7,Pass,None,2024-08-12
SMP006165,7,5,Pass,None,2024-08-12
SMP006166,14,4,Pass,None,2024-08-13
SMP006167,11,15,Pass,None,2024-08-13
SMP006168,26,5,Pass,None,2024-08-13
SMP006169,2,6,Pass,None,2024-08-13
SMP006170,5,5,Fail,Starch,2024-08-13
SMP006171,2,2,Pass,None,2024-08-13
SMP006172,17,3,Pass,None,2024-08-13
SMP006173,2,3,Pass,None,2024-08-13
SMP006174,23,11,Fail,Starch,2024-08-13
SMP006175,15,6,Pass,None,2024-08-13
SMP006176,15,13,Pass,None,2024-08-13
SMP006177,16,12,Fail,Urea,2024-08-13
SMP006178,5,3,Fail,Urea,2024-08-13
SMP006179,5,9,Pass,None,2024-08-13
SMP006180,9,12,Fail,Chalk Powder,2024-08-13
SMP006181,17,11,Fail,Chalk Powder,2024-08-13
SMP006182,5,10,Pass,None,2024-08-13
SMP006183,4,12,Fail,Urea,2024-08-13
SMP006184,25,1,Fail,Urea,2024-08-13
SMP006185,1,12,Pass,None,2024-08-13
SMP006186,22,4,Fail,Urea,2024-08-13
SMP006187,22,9,Pass,None,2024-08-13
SMP006188,8,4,Pass,None,2024-08-13
SMP006189,4,14,Pass,None,2024-08-13
SMP006190,5,8,Pass,None,2024-08-13
SMP006191,19,11,Fail,Detergent,2024-08-13
SMP006192,18,13,Fail,Detergent,2024-08-13
SMP006193,22,15,Pass,None,2024-08-14
SMP006194,25,12,Fail,Detergent,2024-08-14
SMP006195,19,3,Pass,None,2024-08-14
SMP006196,5,14,Pass,None,2024-08-14
SMP006197,7,10,Pass,None,2024-08-14
SMP006198,23,10,Pass,None,2024-08-14
SMP006199,5,15,Pass,None,2024-08-14
SMP006200,2,4,Pass,None,2024-08-14
SMP006201,19,4,Pass,None,2024-08-14
SMP006202,11,8,Pass,None,2024-08-14
SMP006203,24,12,Pass,None,2024-08-14
SMP006204,18,7,Pass,None,2024-08-14
SMP006205,3,11,Pass,None,2024-08-14
SMP006206,25,7,Pass,None,2024-08-14
SMP006207,7,10,Fail,Starch,2024-08-14
SMP006208,9,14,Pass,None,2024-08-14
SMP006209,11,3,Fail,Urea,2024-08-14
SMP006210,2,11,Fail,Chalk Powder,2024-08-14
SMP006211,14,13,Fail,Chalk Powder,2024-08-14
SMP006212,4,7,Pass,None,2024-08-14
SMP006213,11,5,Pass,None,2024-08-14
SMP006214,9,1,Pass,None,2024-08-14
SMP006215,21,13,Pass,None,2024-08-14
SMP006216,22,5,Pass,None,2024-08-14
SMP006217,5,5,Pass,None,2024-08-14
SMP006218,9,5,Pass,None,2024-08-14
SMP006219,9,8,Pass,None,2024-08-14
SMP006220,5,12,Pass,None,2024-08-15
SMP006221,22,13,Pass,None,2024-08-15
SMP006222,19,6,Pass,None,2024-08-15
SMP006223,5,11,Fail,Detergent,2024-08-15
SMP006224,9,12,Pass,None,2024-08-15
SMP006225,3,5,Fail,Starch,2024-08-15
SMP006226,17,2,Fail,Formalin,2024-08-15
SMP006227,4,15,Pass,None,2024-08-15
SMP006228,26,11,Pass,None,2024-08-15
SMP006229,22,11,Pass,None,2024-08-15
SMP006230,10,1,Fail,Synthetic Color,2024-08-15
SMP006231,17,14,Pass,None,2024-08-15
SMP006232,24,9,Fail,Formalin,2024-08-15
SMP006233,16,14,Pass,None,2024-08-15
SMP006234,5,16,Pass,None,2024-08-15
SMP006235,10,16,Pass,None,2024-08-15
SMP006236,23,14,Pass,None,2024-08-15
SMP006237,18,1,Fail,Formalin,2024-08-15
SMP006238,18,15,Fail,Synthetic Color,2024-08-15
SMP006239,23,1,Pass,None,2024-08-15
SMP006240,24,14,Pass,None,2024-08-15
SMP006241,24,4,Fail,Chalk Powder,2024-08-15
SMP006242,3,10,Pass,None,2024-08-15
SMP006243,16,1,Fail,Starch,2024-08-15
SMP006244,21,13,Pass,None,2024-08-15
SMP006245,21,2,Pass,None,2024-08-15
SMP006246,17,6,Pass,None,2024-08-15
SMP006247,5,14,Pass,None,2024-08-15
SMP006248,22,11,Pass,None,2024-08-16
SMP006249,19,1,Pass,None,2024-08-16
SMP006250,3,6,Fail,Synthetic Color,2024-08-16
SMP006251,13,1,Pass,None,2024-08-16
SMP006252,5,11,Pass,None,2024-08-16
SMP006253,9,16,Pass,None,2024-08-16
SMP006254,1,11,Fail,Starch,2024-08-16
SMP006255,11,4,Pass,None,2024-08-16
SMP006256,16,5,Fail,Formalin,2024-08-16
SMP006257,17,16,Pass,None,2024-08-16
SMP006258,18,4,Fail,Synthetic Color,2024-08-16
SMP006259,23,9,Fail,Formalin,2024-08-16
SMP006260,6,6,Fail,Synthetic Color,2024-08-16
SMP006261,4,13,Pass,None,2024-08-16
SMP006262,23,15,Pass,None,2024-08-16
SMP006263,5,5,Pass,None,2024-08-16
SMP006264,25,11,Pass,None,2024-08-16
SMP006265,23,9,Pass,None,2024-08-16
SMP006266,14,4,Pass,None,2024-08-16
SMP006267,26,4,Pass,None,2024-08-16
SMP006268,3,9,Fail,Synthetic Color,2024-08-16
SMP006269,8,3,Fail,Urea,2024-08-16
SMP006270,18,13,Pass,None,2024-08-16
SMP006271,9,1,Fail,Detergent,2024-08-16
SMP006272,24,2,Pass,None,2024-08-16
SMP006273,2,5,Fail,Detergent,2024-08-16
SMP006274,16,2,Pass,None,2024-08-16
SMP006275,17,7,Fail,Formalin,2024-08-17
SMP006276,18,6,Pass,None,2024-08-17
SMP006277,7,12,Fail,Formalin,2024-08-17
SMP006278,9,16,Pass,None,2024-08-17
SMP006279,23,12,Pass,None,2024-08-17
SMP006280,5,3,Pass,None,2024-08-17
SMP006281,23,16,Fail,Formalin,2024-08-17
SMP006282,16,6,Pass,None,2024-08-17
SMP006283,21,7,Pass,None,2024-08-17
SMP006284,19,6,Fail,Urea,2024-08-17
SMP006285,5,4,Pass,None,2024-08-17
SMP006286,16,15,Fail,Urea,2024-08-17
SMP006287,23,5,Fail,Formalin,2024-08-17
SMP006288,12,9,Pass,None,2024-08-17
SMP006289,25,4,Fail,Urea,2024-08-17
SMP006290,13,13,Pass,None,2024-08-17
SMP006291,5,13,Fail,Synthetic Color,2024-08-17
SMP006292,10,5,Pass,None,2024-08-17
SMP006293,25,11,Pass,None,2024-08-17
SMP006294,9,12,Pass,None,2024-08-17
SMP006295,23,9,Fail,Synthetic Color,2024-08-17
SMP006296,23,10,Fail,Synthetic Color,2024-08-17
SMP006297,9,9,Pass,None,2024-08-17
SMP006298,3,2,Fail,Detergent,2024-08-17
SMP006299,19,11,Pass,None,2024-08-17
SMP006300,8,7,Pass,None,2024-08-17
SMP006301,22,7,Pass,None,2024-08-17
SMP006302,12,14,Pass,None,2024-08-17
SMP006303,14,1,Pass,None,2024-08-18
SMP006304,21,4,Pass,None,2024-08-18
SMP006305,10,2,Pass,None,2024-08-18
SMP006306,13,1,Pass,None,2024-08-18
SMP006307,9,4,Fail,Synthetic Color,2024-08-18
SMP006308,9,16,Fail,Detergent,2024-08-18
SMP006309,15,4,Pass,None,2024-08-18
SMP006310,22,11,Pass,None,2024-08-18
SMP006311,9,2,Pass,None,2024-08-18
SMP006312,15,10,Pass,None,2024-08-18
SMP006313,19,16,Pass,None,2024-08-18
SMP006314,7,5,Pass,None,2024-08-18
SMP006315,7,14,Fail,Synthetic Color,2024-08-18
SMP006316,24,16,Pass,None,2024-08-18
SMP006317,19,10,Pass,None,2024-08-18
SMP006318,17,5,Pass,None,2024-08-18
SMP006319,18,11,Fail,Formalin,2024-08-18
SMP006320,1,14,Fail,Detergent,2024-08-18
SMP006321,17,3,Pass,None,2024-08-18
SMP006322,15,7,Pass,None,2024-08-18
SMP006323,16,5,Pass,None,2024-08-18
SMP006324,9,5,Pass,None,2024-08-18
SMP006325,3,14,Fail,Urea,2024-08-18
SMP006326,5,6,Pass,None,2024-08-18
SMP006327,25,5,Pass,None,2024-08-18
SMP006328,11,10,Pass,None,2024-08-18
SMP006329,13,4,Pass,None,2024-08-18
SMP006330,2,4,Pass,None,2024-08-19
SMP006331,2,8,Pass,None,2024-08-19
SMP006332,19,6,Pass,None,2024-08-19
SMP006333,16,5,Pass,None,2024-08-19
SMP006334,15,1,Fail,Chalk Powder,2024-08-19
SMP006335,7,8,Pass,None,2024-08-19
SMP006336,21,14,Pass,None,2024-08-19
SMP006337,5,14,Pass,None,2024-08-19
SMP006338,5,4,Pass,None,2024-08-19
SMP006339,13,10,Pass,None,2024-08-19
SMP006340,8,14,Pass,None,2024-08-19
SMP006341,7,6,Fail,Detergent,2024-08-19
SMP006342,18,15,Pass,None,2024-08-19
SMP006343,18,15,Pass,None,2024-08-19
SMP006344,23,4,Pass,None,2024-08-19
SMP006345,12,4,Pass,None,2024-08-19
SMP006346,2,3,Pass,None,2024-08-19
SMP006347,7,3,Pass,None,2024-08-19
SMP006348,25,15,Fail,Starch,2024-08-19
SMP006349,17,15,Pass,None,2024-08-19
SMP006350,19,1,Fail,Detergent,2024-08-19
SMP006351,1,10,Fail,Synthetic Color,2024-08-19
SMP006352,15,9,Pass,None,2024-08-19
SMP006353,2,6,Pass,None,2024-08-19
SMP006354,16,11,Pass,None,2024-08-19
SMP006355,24,16,Fail,Synthetic Color,2024-08-19
SMP006356,25,3,Pass,None,2024-08-19
SMP006357,16,2,Pass,None,2024-08-20
SMP006358,13,1,Fail,Synthetic Color,2024-08-20
SMP006359,25,6,Fail,Urea,2024-08-20
SMP006360,19,5,Pass,None,2024-08-20
SMP006361,2,6,Pass,None,2024-08-20
SMP006362,13,8,Fail,Formalin,2024-08-20
SMP006363,7,12,Pass,None,2024-08-20
SMP006364,13,6,Pass,None,2024-08-20
SMP006365,13,5,Fail,Detergent,2024-08-20
SMP006366,17,14,Pass,None,2024-08-20
SMP006367,9,14,Pass,None,2024-08-20
SMP006368,5,4,Fail,Urea,2024-08-20
SMP006369,14,5,Pass,None,2024-08-20
SMP006370,23,14,Pass,None,2024-08-20
SMP006371,18,2,Fail,Starch,2024-08-20
SMP006372,9,5,Pass,None,2024-08-20
SMP006373,25,7,Fail,Detergent,2024-08-20
SMP006374,24,3,Fail,Chalk Powder,2024-08-20
SMP006375,5,3,Fail,Synthetic Color,2024-08-20
SMP006376,2,6,Pass,None,2024-08-20
SMP006377,21,12,Fail,Urea,2024-08-20
SMP006378,23,14,Pass,None,2024-08-20
SMP006379,25,16,Fail,Urea,2024-08-20
SMP006380,24,1,Pass,None,2024-08-20
SMP006381,17,4,Pass,None,2024-08-20
SMP006382,16,12,Fail,Detergent,2024-08-20
SMP006383,1,9,Pass,None,2024-08-20
SMP006384,7,5,Pass,None,2024-08-20
SMP006385,13,4,Pass,None,2024-08-21
SMP006386,17,4,Pass,None,2024-08-21
SMP006387,16,6,Fail,Chalk Powder,2024-08-21
SMP006388,21,3,Pass,None,2024-08-21
SMP006389,7,16,Fail,Urea,2024-08-21
SMP006390,16,2,Pass,None,2024-08-21
SMP006391,3,16,Pass,None,2024-08-21
SMP006392,12,14,Pass,None,2024-08-21
SMP006393,21,6,Pass,None,2024-08-21
SMP006394,19,12,Pass,None,2024-08-21
SMP006395,26,11,Pass,None,2024-08-21
SMP006396,7,4,Fail,Urea,2024-08-21
SMP006397,14,5,Fail,Urea,2024-08-21
SMP006398,9,8,Pass,None,2024-08-21
SMP006399,12,11,Fail,Detergent,2024-08-21
SMP006400,23,9,Fail,Synthetic Color,2024-08-21
SMP006401,19,7,Pass,None,2024-08-21
SMP006402,23,7,Pass,None,2024-08-21
SMP006403,5,8,Pass,None,2024-08-21
SMP006404,23,6,Pass,None,2024-08-21
SMP006405,2,9,Pass,None,2024-08-21
SMP006406,24,15,Pass,None,2024-08-21
SMP006407,9,11,Pass,None,2024-08-21
SMP006408,8,12,Pass,None,2024-08-21
SMP006409,15,10,Pass,None,2024-08-21
SMP006410,25,11,Pass,None,2024-08-21
SMP006411,2,9,Fail,Chalk Powder,2024-08-21
SMP006412,9,1,Fail,Urea,2024-08-22
SMP006413,23,16,Pass,None,2024-08-22
SMP006414,10,1,Pass,None,2024-08-22
SMP006415,5,6,Fail,Urea,2024-08-22
SMP006416,12,2,Pass,None,2024-08-22
SMP006417,10,2,Pass,None,2024-08-22
SMP006418,24,13,Pass,None,2024-08-22
SMP006419,21,6,Fail,Formalin,2024-08-22
SMP006420,15,13,Fail,Chalk Powder,2024-08-22
SMP006421,26,4,Pass,None,2024-08-22
SMP006422,13,4,Pass,None,2024-08-22
SMP006423,2,4,Fail,Chalk Powder,2024-08-22
SMP006424,7,10,Pass,None,2024-08-22
SMP006425,12,14,Fail,Starch,2024-08-22
SMP006426,5,7,Fail,Formalin,2024-08-22
SMP006427,25,6,Pass,None,2024-08-22
SMP006428,21,16,Fail,Synthetic Color,2024-08-22
SMP006429,7,2,Pass,None,2024-08-22
SMP006430,17,8,Pass,None,2024-08-22
SMP006431,19,6,Fail,Formalin,2024-08-22
SMP006432,25,2,Pass,None,2024-08-22
SMP006433,23,4,Pass,None,2024-08-22
SMP006434,15,1,Pass,None,2024-08-22
SMP006435,21,15,Pass,None,2024-08-22
SMP006436,16,10,Pass,None,2024-08-22
SMP006437,16,14,Pass,None,2024-08-22
SMP006438,4,8,Pass,None,2024-08-22
SMP006439,4,10,Pass,None,2024-08-22
SMP006440,16,12,Pass,None,2024-08-23
SMP006441,7,15,Fail,Detergent,2024-08-23
SMP006442,1,2,Pass,None,2024-08-23
SMP006443,19,5,Pass,None,2024-08-23
SMP006444,1,12,Pass,None,2024-08-23
SMP006445,17,16,Fail,Formalin,2024-08-23
SMP006446,16,16,Pass,None,2024-08-23
SMP006447,25,11,Pass,None,2024-08-23
SMP006448,14,3,Pass,None,2024-08-23
SMP006449,2,2,Pass,None,2024-08-23
SMP006450,16,16,Pass,None,2024-08-23
SMP006451,23,6,Fail,Detergent,2024-08-23
SMP006452,26,3,Pass,None,2024-08-23
SMP006453,12,16,Fail,Formalin,2024-08-23
SMP006454,9,2,Pass,None,2024-08-23
SMP006455,24,12,Fail,Formalin,2024-08-23
SMP006456,5,10,Pass,None,2024-08-23
SMP006457,17,2,Fail,Starch,2024-08-23
SMP006458,11,5,Fail,Chalk Powder,2024-08-23
SMP006459,2,3,Pass,None,2024-08-23
SMP006460,9,10,Pass,None,2024-08-23
SMP006461,7,7,Pass,None,2024-08-23
SMP006462,19,1,Fail,Detergent,2024-08-23
SMP006463,25,16,Fail,Synthetic Color,2024-08-23
SMP006464,7,5,Pass,None,2024-08-23
SMP006465,22,4,Pass,None,2024-08-23
SMP006466,2,4,Pass,None,2024-08-23
SMP006467,16,3,Pass,None,2024-08-24
SMP006468,2,16,Pass,None,2024-08-24
SMP006469,24,5,Fail,Chalk Powder,2024-08-24
SMP006470,21,6,Pass,None,2024-08-24
SMP006471,18,15,Fail,Urea,2024-08-24
SMP006472,22,11,Fail,Synthetic Color,2024-08-24
SMP006473,18,6,Pass,None,2024-08-24
SMP006474,25,15,Fail,Formalin,2024-08-24
SMP006475,19,12,Pass,None,2024-08-24
SMP006476,24,4,Pass,None,2024-08-24
SMP006477,15,11,Pass,None,2024-08-24
SMP006478,4,15,Fail,Synthetic Color,2024-08-24
SMP006479,15,8,Pass,None,2024-08-24
SMP006480,4,12,Pass,None,2024-08-24
SMP006481,17,16,Fail,Formalin,2024-08-24
SMP006482,14,11,Fail,Formalin,2024-08-24
SMP006483,17,2,Pass,None,2024-08-24
SMP006484,1,4,Pass,None,2024-08-24
SMP006485,5,10,Pass,None,2024-08-24
SMP006486,14,4,Pass,None,2024-08-24
SMP006487,25,16,Pass,None,2024-08-24
SMP006488,10,6,Fail,Urea,2024-08-24
SMP006489,12,7,Pass,None,2024-08-24
SMP006490,19,12,Pass,None,2024-08-24
SMP006491,17,8,Pass,None,2024-08-24
SMP006492,8,6,Pass,None,2024-08-24
SMP006493,11,2,Pass,None,2024-08-24
SMP006494,6,10,Pass,None,2024-08-25
SMP006495,25,15,Fail,Starch,2024-08-25
SMP006496,4,11,Pass,None,2024-08-25
SMP006497,9,6,Pass,None,2024-08-25
SMP006498,1,2,Fail,Starch,2024-08-25
SMP006499,6,14,Pass,None,2024-08-25
SMP006500,22,16,Fail,Urea,2024-08-25
SMP006501,5,6,Fail,Synthetic Color,2024-08-25
SMP006502,3,12,Pass,None,2024-08-25
SMP006503,14,6,Fail,Detergent,2024-08-25
SMP006504,1,8,Pass,None,2024-08-25
SMP006505,3,14,Pass,None,2024-08-25
SMP006506,22,2,Pass,None,2024-08-25
SMP006507,21,9,Pass,None,2024-08-25
SMP006508,24,4,Fail,Urea,2024-08-25
SMP006509,23,5,Fail,Chalk Powder,2024-08-25
SMP006510,19,11,Fail,Formalin,2024-08-25
SMP006511,2,1,Pass,None,2024-08-25
SMP006512,22,10,Pass,None,2024-08-25
SMP006513,23,5,Pass,None,2024-08-25
SMP006514,22,11,Pass,None,2024-08-25
SMP006515,15,2,Pass,None,2024-08-25
SMP006516,6,12,Pass,None,2024-08-25
SMP006517,23,11,Pass,None,2024-08-25
SMP006518,20,16,Fail,Chalk Powder,2024-08-25
SMP006519,25,15,Pass,None,2024-08-25
SMP006520,5,5,Pass,None,2024-08-25
SMP006521,6,1,Fail,Starch,2024-08-25
SMP006522,6,11,Fail,Starch,2024-08-26
SMP006523,22,10,Pass,None,2024-08-26
SMP006524,5,1,Fail,Synthetic Color,2024-08-26
SMP006525,2,2,Fail,Detergent,2024-08-26
SMP006526,26,10,Pass,None,2024-08-26
SMP006527,1,15,Pass,None,2024-08-26
SMP006528,23,15,Pass,None,2024-08-26
SMP006529,9,3,Pass,None,2024-08-26
SMP006530,23,6,Fail,Chalk Powder,2024-08-26
SMP006531,16,1,Fail,Urea,2024-08-26
SMP006532,24,7,Fail,Formalin,2024-08-26
SMP006533,24,12,Pass,None,2024-08-26
SMP006534,1,13,Fail,Chalk Powder,2024-08-26
SMP006535,2,8,Pass,None,2024-08-26
SMP006536,7,2,Fail,Formalin,2024-08-26
SMP006537,19,6,Fail,Detergent,2024-08-26
SMP006538,24,15,Fail,Synthetic Color,2024-08-26
SMP006539,13,4,Pass,None,2024-08-26
SMP006540,17,5,Fail,Chalk Powder,2024-08-26
SMP006541,5,12,Fail,Detergent,2024-08-26
SMP006542,22,12,Pass,None,2024-08-26
SMP006543,25,15,Pass,None,2024-08-26
SMP006544,7,6,Pass,None,2024-08-26
SMP006545,14,8,Pass,None,2024-08-26
SMP006546,3,7,Pass,None,2024-08-26
SMP006547,16,15,Fail,Synthetic Color,2024-08-26
SMP006548,14,13,Pass,None,2024-08-26
SMP006549,5,14,Pass,None,2024-08-27
SMP006550,12,2,Pass,None,2024-08-27
SMP006551,9,13,Pass,None,2024-08-27
SMP006552,15,6,Pass,None,2024-08-27
SMP006553,17,1,Pass,None,2024-08-27
SMP006554,1,1,Fail,Synthetic Color,2024-08-27
SMP006555,21,11,Pass,None,2024-08-27
SMP006556,19,6,Pass,None,2024-08-27
SMP006557,9,15,Pass,None,2024-08-27
SMP006558,2,12,Pass,None,2024-08-27
SMP006559,21,1,Pass,None,2024-08-27
SMP006560,25,11,Pass,None,2024-08-27
SMP006561,7,3,Pass,None,2024-08-27
SMP006562,9,6,Fail,Chalk Powder,2024-08-27
SMP006563,5,10,Pass,None,2024-08-27
SMP006564,17,15,Fail,Urea,2024-08-27
SMP006565,5,7,Fail,Urea,2024-08-27
SMP006566,9,13,Pass,None,2024-08-27
SMP006567,19,13,Pass,None,2024-08-27
SMP006568,16,6,Pass,None,2024-08-27
SMP006569,10,8,Pass,None,2024-08-27
SMP006570,12,12,Fail,Formalin,2024-08-27
SMP006571,16,1,Pass,None,2024-08-27
SMP006572,1,15,Pass,None,2024-08-27
SMP006573,2,13,Pass,None,2024-08-27
SMP006574,23,4,Pass,None,2024-08-27
SMP006575,2,16,Fail,Starch,2024-08-27
SMP006576,19,3,Pass,None,2024-08-27
SMP006577,24,15,Pass,None,2024-08-28
SMP006578,7,5,Pass,None,2024-08-28
SMP006579,9,13,Pass,None,2024-08-28
SMP006580,16,7,Pass,None,2024-08-28
SMP006581,23,12,Pass,None,2024-08-28
SMP006582,25,3,Pass,None,2024-08-28
SMP006583,21,4,Pass,None,2024-08-28
SMP006584,3,2,Pass,None,2024-08-28
SMP006585,19,15,Pass,None,2024-08-28
SMP006586,11,5,Fail,Chalk Powder,2024-08-28
SMP006587,13,11,Fail,Synthetic Color,2024-08-28
SMP006588,2,14,Fail,Formalin,2024-08-28
SMP006589,5,15,Fail,Chalk Powder,2024-08-28
SMP006590,22,2,Pass,None,2024-08-28
SMP006591,13,15,Pass,None,2024-08-28
SMP006592,8,3,Pass,None,2024-08-28
SMP006593,10,12,Pass,None,2024-08-28
SMP006594,23,12,Fail,Starch,2024-08-28
SMP006595,21,1,Pass,None,2024-08-28
SMP006596,7,4,Pass,None,2024-08-28
SMP006597,4,8,Pass,None,2024-08-28
SMP006598,7,6,Fail,Formalin,2024-08-28
SMP006599,24,15,Pass,None,2024-08-28
SMP006600,17,5,Fail,Synthetic Color,2024-08-28
SMP006601,16,16,Fail,Starch,2024-08-28
SMP006602,17,7,Pass,None,2024-08-28
SMP006603,9,16,Pass,None,2024-08-28
SMP006604,22,12,Pass,None,2024-08-29
SMP006605,15,14,Pass,None,2024-08-29
SMP006606,4,2,Pass,None,2024-08-29
SMP006607,4,10,Pass,None,2024-08-29
SMP006608,16,3,Pass,None,2024-08-29
SMP006609,25,5,Pass,None,2024-08-29
SMP006610,8,10,Pass,None,2024-08-29
SMP006611,23,12,Pass,None,2024-08-29
SMP006612,21,1,Fail,Detergent,2024-08-29
SMP006613,7,9,Pass,None,2024-08-29
SMP006614,2,9,Fail,Urea,2024-08-29
SMP006615,3,2,Fail,Urea,2024-08-29
SMP006616,20,8,Pass,None,2024-08-29
SMP006617,5,12,Pass,None,2024-08-29
SMP006618,9,1,Pass,None,2024-08-29
SMP006619,14,13,Fail,Starch,2024-08-29
SMP006620,19,9,Fail,Chalk Powder,2024-08-29
SMP006621,4,14,Pass,None,2024-08-29
SMP006622,11,4,Pass,None,2024-08-29
SMP006623,14,14,Pass,None,2024-08-29
SMP006624,16,2,Pass,None,2024-08-29
SMP006625,22,6,Pass,None,2024-08-29
SMP006626,5,3,Pass,None,2024-08-29
SMP006627,22,15,Pass,None,2024-08-29
SMP006628,19,12,Pass,None,2024-08-29
SMP006629,16,1,Fail,Starch,2024-08-29
SMP006630,19,1,Pass,None,2024-08-29
SMP006631,11,5,Pass,None,2024-08-30
SMP006632,4,3,Pass,None,2024-08-30
SMP006633,18,11,Pass,None,2024-08-30
SMP006634,15,11,Pass,None,2024-08-30
SMP006635,18,16,Fail,Synthetic Color,2024-08-30
SMP006636,9,16,Fail,Starch,2024-08-30
SMP006637,24,11,Pass,None,2024-08-30
SMP006638,17,1,Pass,None,2024-08-30
SMP006639,3,5,Fail,Chalk Powder,2024-08-30
SMP006640,13,8,Fail,Urea,2024-08-30
SMP006641,21,8,Fail,Synthetic Color,2024-08-30
SMP006642,22,10,Fail,Chalk Powder,2024-08-30
SMP006643,14,16,Pass,None,2024-08-30
SMP006644,24,15,Fail,Formalin,2024-08-30
SMP006645,7,2,Pass,None,2024-08-30
SMP006646,11,4,Pass,None,2024-08-30
SMP006647,24,14,Fail,Urea,2024-08-30
SMP006648,24,14,Pass,None,2024-08-30
SMP006649,19,4,Pass,None,2024-08-30
SMP006650,23,12,Fail,Detergent,2024-08-30
SMP006651,3,11,Pass,None,2024-08-30
SMP006652,23,7,Fail,Synthetic Color,2024-08-30
SMP006653,9,4,Fail,Detergent,2024-08-30
SMP006654,5,15,Fail,Starch,2024-08-30
SMP006655,7,11,Pass,None,2024-08-30
SMP006656,12,3,Pass,None,2024-08-30
SMP006657,7,12,Pass,None,2024-08-30
SMP006658,9,12,Pass,None,2024-08-30
SMP006659,4,15,Fail,Formalin,2024-08-31
SMP006660,8,4,Pass,None,2024-08-31
SMP006661,16,16,Pass,None,2024-08-31
SMP006662,12,3,Pass,None,2024-08-31
SMP006663,9,10,Pass,None,2024-08-31
SMP006664,21,11,Pass,None,2024-08-31
SMP006665,24,6,Pass,None,2024-08-31
SMP006666,21,7,Pass,None,2024-08-31
SMP006667,9,15,Fail,Starch,2024-08-31
SMP006668,21,11,Fail,Urea,2024-08-31
SMP006669,5,8,Fail,Formalin,2024-08-31
SMP006670,4,2,Fail,Chalk Powder,2024-08-31
SMP006671,9,1,Pass,None,2024-08-31
SMP006672,22,2,Fail,Urea,2024-08-31
SMP006673,7,16,Pass,None,2024-08-31
SMP006674,2,13,Pass,None,2024-08-31
SMP006675,4,16,Pass,None,2024-08-31
SMP006676,23,1,Fail,Formalin,2024-08-31
SMP006677,17,11,Fail,Detergent,2024-08-31
SMP006678,7,1,Fail,Urea,2024-08-31
SMP006679,16,13,Pass,None,2024-08-31
SMP006680,15,6,Pass,None,2024-08-31
SMP006681,18,2,Pass,None,2024-08-31
SMP006682,6,9,Pass,None,2024-08-31
SMP006683,23,4,Pass,None,2024-08-31
SMP006684,8,11,Fail,Chalk Powder,2024-08-31
SMP006685,19,11,Pass,None,2024-08-31
SMP006686,1,12,Pass,None,2024-09-01
SMP006687,9,16,Fail,Urea,2024-09-01
SMP006688,9,6,Pass,None,2024-09-01
SMP006689,16,7,Pass,None,2024-09-01
SMP006690,2,13,Pass,None,2024-09-01
SMP006691,22,9,Pass,None,2024-09-01
SMP006692,6,1,Pass,None,2024-09-01
SMP006693,19,14,Pass,None,2024-09-01
SMP006694,22,1,Pass,None,2024-09-01
SMP006695,16,3,Pass,None,2024-09-01
SMP006696,21,2,Pass,None,2024-09-01
SMP006697,18,2,Pass,None,2024-09-01
SMP006698,9,1,Pass,None,2024-09-01
SMP006699,22,1,Pass,None,2024-09-01
SMP006700,8,7,Pass,None,2024-09-01
SMP006701,16,4,Fail,Starch,2024-09-01
SMP006702,21,2,Fail,Chalk Powder,2024-09-01
SMP006703,10,11,Fail,Synthetic Color,2024-09-01
SMP006704,8,4,Pass,None,2024-09-01
SMP006705,13,1,Fail,Chalk Powder,2024-09-01
SMP006706,22,6,Fail,Urea,2024-09-01
SMP006707,24,5,Fail,Chalk Powder,2024-09-01
SMP006708,16,5,Pass,None,2024-09-01
SMP006709,18,7,Fail,Formalin,2024-09-01
SMP006710,24,11,Pass,None,2024-09-01
SMP006711,3,10,Pass,None,2024-09-01
SMP006712,6,16,Pass,None,2024-09-01
SMP006713,19,8,Pass,None,2024-09-02
SMP006714,22,7,Fail,Starch,2024-09-02
SMP006715,23,4,Pass,None,2024-09-02
SMP006716,12,12,Pass,None,2024-09-02
SMP006717,3,2,Fail,Synthetic Color,2024-09-02
SMP006718,12,8,Pass,None,2024-09-02
SMP006719,6,6,Pass,None,2024-09-02
SMP006720,8,11,Pass,None,2024-09-02
SMP006721,21,15,Fail,Urea,2024-09-02
SMP006722,2,16,Pass,None,2024-09-02
SMP006723,23,3,Pass,None,2024-09-02
SMP006724,12,4,Pass,None,2024-09-02
SMP006725,17,13,Pass,None,2024-09-02
SMP006726,3,8,Pass,None,2024-09-02
SMP006727,9,7,Pass,None,2024-09-02
SMP006728,3,12,Pass,None,2024-09-02
SMP006729,25,10,Pass,None,2024-09-02
SMP006730,22,16,Fail,Detergent,2024-09-02
SMP006731,13,10,Fail,Chalk Powder,2024-09-02
SMP006732,6,7,Fail,Starch,2024-09-02
SMP006733,24,9,Fail,Chalk Powder,2024-09-02
SMP006734,9,13,Fail,Detergent,2024-09-02
SMP006735,5,10,Pass,None,2024-09-02
SMP006736,16,11,Pass,None,2024-09-02
SMP006737,25,16,Fail,Formalin,2024-09-02
SMP006738,1,10,Pass,None,2024-09-02
SMP006739,6,6,Pass,None,2024-09-02
SMP006740,25,11,Fail,Starch,2024-09-02
SMP006741,5,11,Fail,Starch,2024-09-03
SMP006742,4,1,Fail,Starch,2024-09-03
SMP006743,16,7,Pass,None,2024-09-03
SMP006744,23,12,Pass,None,2024-09-03
SMP006745,14,8,Pass,None,2024-09-03
SMP006746,26,13,Fail,Synthetic Color,2024-09-03
SMP006747,19,7,Pass,None,2024-09-03
SMP006748,2,16,Pass,None,2024-09-03
SMP006749,26,5,Pass,None,2024-09-03
SMP006750,11,2,Pass,None,2024-09-03
SMP006751,8,6,Fail,Chalk Powder,2024-09-03
SMP006752,16,9,Pass,None,2024-09-03
SMP006753,8,5,Fail,Synthetic Color,2024-09-03
SMP006754,3,4,Fail,Urea,2024-09-03
SMP006755,1,11,Pass,None,2024-09-03
SMP006756,13,6,Pass,None,2024-09-03
SMP006757,23,11,Fail,Detergent,2024-09-03
SMP006758,16,13,Fail,Chalk Powder,2024-09-03
SMP006759,26,13,Pass,None,2024-09-03
SMP006760,8,6,Pass,None,2024-09-03
SMP006761,7,9,Fail,Chalk Powder,2024-09-03
SMP006762,5,7,Pass,None,2024-09-03
SMP006763,5,15,Pass,None,2024-09-03
SMP006764,8,15,Fail,Urea,2024-09-03
SMP006765,22,5,Pass,None,2024-09-03
SMP006766,24,2,Fail,Detergent,2024-09-03
SMP006767,25,3,Pass,None,2024-09-03
SMP006768,6,6,Pass,None,2024-09-04
SMP006769,23,9,Pass,None,2024-09-04
SMP006770,9,11,Fail,Urea,2024-09-04
SMP006771,3,5,Pass,None,2024-09-04
SMP006772,23,11,Fail,Starch,2024-09-04
SMP006773,18,16,Pass,None,2024-09-04
SMP006774,5,11,Pass,None,2024-09-04
SMP006775,12,3,Pass,None,2024-09-04
SMP006776,8,10,Pass,None,2024-09-04
SMP006777,20,9,Pass,None,2024-09-04
SMP006778,13,15,Fail,Starch,2024-09-04
SMP006779,26,5,Pass,None,2024-09-04
SMP006780,2,6,Fail,Detergent,2024-09-04
SMP006781,9,10,Fail,Starch,2024-09-04
SMP006782,14,8,Pass,None,2024-09-04
SMP006783,14,12,Pass,None,2024-09-04
SMP006784,8,1,Fail,Urea,2024-09-04
SMP006785,20,9,Pass,None,2024-09-04
SMP006786,23,2,Pass,None,2024-09-04
SMP006787,25,5,Fail,Synthetic Color,2024-09-04
SMP006788,22,11,Pass,None,2024-09-04
SMP006789,23,3,Pass,None,2024-09-04
SMP006790,16,5,Pass,None,2024-09-04
SMP006791,23,12,Pass,None,2024-09-04
SMP006792,8,11,Fail,Formalin,2024-09-04
SMP006793,10,2,Pass,None,2024-09-04
SMP006794,8,9,Pass,None,2024-09-04
SMP006795,13,3,Pass,None,2024-09-04
SMP006796,8,4,Pass,None,2024-09-05
SMP006797,25,7,Fail,Chalk Powder,2024-09-05
SMP006798,8,2,Pass,None,2024-09-05
SMP006799,3,16,Fail,Chalk Powder,2024-09-05
SMP006800,15,3,Pass,None,2024-09-05
SMP006801,2,13,Pass,None,2024-09-05
SMP006802,3,14,Pass,None,2024-09-05
SMP006803,6,16,Pass,None,2024-09-05
SMP006804,13,6,Pass,None,2024-09-05
SMP006805,12,15,Fail,Urea,2024-09-05
SMP006806,22,16,Fail,Detergent,2024-09-05
SMP006807,21,3,Pass,None,2024-09-05
SMP006808,12,8,Pass,None,2024-09-05
SMP006809,9,1,Pass,None,2024-09-05
SMP006810,8,10,Fail,Starch,2024-09-05
SMP006811,21,10,Pass,None,2024-09-05
SMP006812,2,4,Pass,None,2024-09-05
SMP006813,1,13,Fail,Formalin,2024-09-05
SMP006814,22,1,Pass,None,2024-09-05
SMP006815,14,13,Pass,None,2024-09-05
SMP006816,4,1,Pass,None,2024-09-05
SMP006817,6,11,Pass,None,2024-09-05
SMP006818,24,2,Pass,None,2024-09-05
SMP006819,23,4,Pass,None,2024-09-05
SMP006820,19,12,Fail,Formalin,2024-09-05
SMP006821,14,4,Pass,None,2024-09-05
SMP006822,15,8,Pass,None,2024-09-05
SMP006823,25,15,Pass,None,2024-09-06
SMP006824,25,1,Fail,Starch,2024-09-06
SMP006825,6,13,Pass,None,2024-09-06
SMP006826,22,1,Fail,Urea,2024-09-06
SMP006827,5,2,Pass,None,2024-09-06
SMP006828,6,2,Pass,None,2024-09-06
SMP006829,19,16,Fail,Starch,2024-09-06
SMP006830,11,3,Fail,Synthetic Color,2024-09-06
SMP006831,24,15,Pass,None,2024-09-06
SMP006832,3,16,Pass,None,2024-09-06
SMP006833,15,6,Pass,None,2024-09-06
SMP006834,24,11,Fail,Detergent,2024-09-06
SMP006835,24,13,Pass,None,2024-09-06
SMP006836,5,6,Pass,None,2024-09-06
SMP006837,9,3,Fail,Chalk Powder,2024-09-06
SMP006838,17,6,Fail,Starch,2024-09-06
SMP006839,5,13,Pass,None,2024-09-06
SMP006840,25,13,Fail,Urea,2024-09-06
SMP006841,24,4,Pass,None,2024-09-06
SMP006842,5,3,Pass,None,2024-09-06
SMP006843,4,15,Pass,None,2024-09-06
SMP006844,3,1,Pass,None,2024-09-06
SMP006845,24,12,Pass,None,2024-09-06
SMP006846,5,1,Pass,None,2024-09-06
SMP006847,12,14,Fail,Synthetic Color,2024-09-06
SMP006848,13,15,Pass,None,2024-09-06
SMP006849,17,5,Pass,None,2024-09-06
SMP006850,2,1,Fail,Chalk Powder,2024-09-07
SMP006851,6,8,Pass,None,2024-09-07
SMP006852,24,5,Pass,None,2024-09-07
SMP006853,24,6,Pass,None,2024-09-07
SMP006854,22,11,Pass,None,2024-09-07
SMP006855,1,4,Pass,None,2024-09-07
SMP006856,9,5,Fail,Synthetic Color,2024-09-07
SMP006857,17,13,Pass,None,2024-09-07
SMP006858,7,11,Pass,None,2024-09-07
SMP006859,24,5,Fail,Urea,2024-09-07
SMP006860,17,11,Pass,None,2024-09-07
SMP006861,2,13,Pass,None,2024-09-07
SMP006862,24,10,Fail,Detergent,2024-09-07
SMP006863,25,4,Pass,None,2024-09-07
SMP006864,2,1,Pass,None,2024-09-07
SMP006865,16,13,Pass,None,2024-09-07
SMP006866,8,14,Pass,None,2024-09-07
SMP006867,10,11,Pass,None,2024-09-07
SMP006868,5,2,Fail,Formalin,2024-09-07
SMP006869,17,10,Fail,Synthetic Color,2024-09-07
SMP006870,25,14,Pass,None,2024-09-07
SMP006871,14,6,Pass,None,2024-09-07
SMP006872,3,3,Fail,Chalk Powder,2024-09-07
SMP006873,17,10,Pass,None,2024-09-07
SMP006874,9,14,Pass,None,2024-09-07
SMP006875,23,1,Pass,None,2024-09-07
SMP006876,12,10,Pass,None,2024-09-07
SMP006877,5,11,Pass,None,2024-09-07
SMP006878,5,10,Fail,Urea,2024-09-08
SMP006879,21,11,Pass,None,2024-09-08
SMP006880,7,11,Fail,Chalk Powder,2024-09-08
SMP006881,21,2,Pass,None,2024-09-08
SMP006882,5,4,Pass,None,2024-09-08
SMP006883,9,10,Pass,None,2024-09-08
SMP006884,13,1,Pass,None,2024-09-08
SMP006885,25,11,Fail,Chalk Powder,2024-09-08
SMP006886,24,11,Pass,None,2024-09-08
SMP006887,5,4,Pass,None,2024-09-08
SMP006888,9,10,Pass,None,2024-09-08
SMP006889,5,9,Pass,None,2024-09-08
SMP006890,15,4,Pass,None,2024-09-08
SMP006891,13,7,Pass,None,2024-09-08
SMP006892,24,15,Pass,None,2024-09-08
SMP006893,24,6,Pass,None,2024-09-08
SMP006894,10,11,Pass,None,2024-09-08
SMP006895,14,1,Pass,None,2024-09-08
SMP006896,24,2,Pass,None,2024-09-08
SMP006897,22,2,Fail,Synthetic Color,2024-09-08
SMP006898,1,13,Pass,None,2024-09-08
SMP006899,9,5,Pass,None,2024-09-08
SMP006900,12,4,Fail,Chalk Powder,2024-09-08
SMP006901,6,12,Pass,None,2024-09-08
SMP006902,5,3,Fail,Formalin,2024-09-08
SMP006903,2,4,Pass,None,2024-09-08
SMP006904,18,6,Pass,None,2024-09-08
SMP006905,7,5,Fail,Chalk Powder,2024-09-09
SMP006906,2,10,Pass,None,2024-09-09
SMP006907,6,5,Fail,Urea,2024-09-09
SMP006908,22,6,Fail,Synthetic Color,2024-09-09
SMP006909,23,15,Pass,None,2024-09-09
SMP006910,14,15,Pass,None,2024-09-09
SMP006911,12,14,Pass,None,2024-09-09
SMP006912,25,15,Pass,None,2024-09-09
SMP006913,5,9,Fail,Urea,2024-09-09
SMP006914,6,11,Pass,None,2024-09-09
SMP006915,8,9,Pass,None,2024-09-09
SMP006916,5,13,Pass,None,2024-09-09
SMP006917,10,9,Pass,None,2024-09-09
SMP006918,24,2,Fail,Chalk Powder,2024-09-09
SMP006919,17,13,Fail,Urea,2024-09-09
SMP006920,11,13,Pass,None,2024-09-09
SMP006921,24,14,Pass,None,2024-09-09
SMP006922,2,3,Pass,None,2024-09-09
SMP006923,6,4,Pass,None,2024-09-09
SMP006924,16,5,Fail,Formalin,2024-09-09
SMP006925,17,8,Pass,None,2024-09-09
SMP006926,2,2,Pass,None,2024-09-09
SMP006927,11,6,Fail,Urea,2024-09-09
SMP006928,18,3,Pass,None,2024-09-09
SMP006929,19,4,Fail,Chalk Powder,2024-09-09
SMP006930,18,12,Pass,None,2024-09-09
SMP006931,9,14,Pass,None,2024-09-09
SMP006932,3,1,Pass,None,2024-09-09
SMP006933,12,9,Pass,None,2024-09-10
SMP006934,4,1,Pass,None,2024-09-10
SMP006935,25,2,Fail,Detergent,2024-09-10
SMP006936,14,12,Pass,None,2024-09-10
SMP006937,8,12,Pass,None,2024-09-10
SMP006938,21,13,Pass,None,2024-09-10
SMP006939,14,7,Pass,None,2024-09-10
SMP006940,8,14,Pass,None,2024-09-10
SMP006941,22,3,Fail,Synthetic Color,2024-09-10
SMP006942,23,4,Pass,None,2024-09-10
SMP006943,19,2,Fail,Starch,2024-09-10
SMP006944,2,13,Pass,None,2024-09-10
SMP006945,16,4,Pass,None,2024-09-10
SMP006946,21,3,Pass,None,2024-09-10
SMP006947,4,10,Pass,None,2024-09-10
SMP006948,6,2,Fail,Detergent,2024-09-10
SMP006949,23,1,Pass,None,2024-09-10
SMP006950,1,2,Pass,None,2024-09-10
SMP006951,21,1,Fail,Detergent,2024-09-10
SMP006952,13,11,Pass,None,2024-09-10
SMP006953,13,9,Pass,None,2024-09-10
SMP006954,1,4,Fail,Urea,2024-09-10
SMP006955,22,4,Pass,None,2024-09-10
SMP006956,9,13,Pass,None,2024-09-10
SMP006957,16,8,Fail,Detergent,2024-09-10
SMP006958,19,12,Fail,Detergent,2024-09-10
SMP006959,19,7,Pass,None,2024-09-10
SMP006960,25,4,Fail,Detergent,2024-09-11
SMP006961,16,16,Pass,None,2024-09-11
SMP006962,10,9,Fail,Urea,2024-09-11
SMP006963,25,2,Pass,None,2024-09-11
SMP006964,18,6,Pass,None,2024-09-11
SMP006965,8,5,Pass,None,2024-09-11
SMP006966,4,4,Fail,Chalk Powder,2024-09-11
SMP006967,23,16,Pass,None,2024-09-11
SMP006968,9,15,Pass,None,2024-09-11
SMP006969,18,3,Pass,None,2024-09-11
SMP006970,13,5,Fail,Detergent,2024-09-11
SMP006971,5,13,Pass,None,2024-09-11
SMP006972,17,4,Fail,Starch,2024-09-11
SMP006973,2,10,Pass,None,2024-09-11
SMP006974,12,12,Pass,None,2024-09-11
SMP006975,16,11,Pass,None,2024-09-11
SMP006976,12,12,Fail,Detergent,2024-09-11
SMP006977,21,12,Pass,None,2024-09-11
SMP006978,23,16,Pass,None,2024-09-11
SMP006979,21,5,Pass,None,2024-09-11
SMP006980,2,15,Fail,Urea,2024-09-11
SMP006981,5,1,Fail,Chalk Powder,2024-09-11
SMP006982,16,5,Pass,None,2024-09-11
SMP006983,25,1,Fail,Urea,2024-09-11
SMP006984,23,11,Pass,None,2024-09-11
SMP006985,23,2,Pass,None,2024-09-11
SMP006986,8,14,Pass,None,2024-09-11
SMP006987,12,11,Fail,Formalin,2024-09-12
SMP006988,13,1,Pass,None,2024-09-12
SMP006989,5,12,Fail,Formalin,2024-09-12
SMP006990,1,14,Fail,Chalk Powder,2024-09-12
SMP006991,25,11,Fail,Chalk Powder,2024-09-12
SMP006992,7,1,Fail,Starch,2024-09-12
SMP006993,7,14,Pass,None,2024-09-12
SMP006994,3,12,Pass,None,2024-09-12
SMP006995,24,6,Fail,Chalk Powder,2024-09-12
SMP006996,17,5,Pass,None,2024-09-12
SMP006997,18,8,Pass,None,2024-09-12
SMP006998,24,15,Pass,None,2024-09-12
SMP006999,9,4,Fail,Synthetic Color,2024-09-12
SMP007000,17,2,Fail,Formalin,2024-09-12
SMP007001,2,15,Fail,Detergent,2024-09-12
SMP007002,5,1,Pass,None,2024-09-12
SMP007003,23,15,Pass,None,2024-09-12
SMP007004,21,5,Pass,None,2024-09-12
SMP007005,9,8,Pass,None,2024-09-12
SMP007006,9,2,Pass,None,2024-09-12
SMP007007,16,15,Pass,None,2024-09-12
SMP007008,1,12,Pass,None,2024-09-12
SMP007009,7,15,Fail,Urea,2024-09-12
SMP007010,5,11,Pass,None,2024-09-12
SMP007011,7,3,Pass,None,2024-09-12
SMP007012,22,5,Pass,None,2024-09-12
SMP007013,7,8,Pass,None,2024-09-12
SMP007014,5,10,Pass,None,2024-09-12
SMP007015,14,15,Fail,Formalin,2024-09-13
SMP007016,23,6,Fail,Chalk Powder,2024-09-13
SMP007017,7,12,Pass,None,2024-09-13
SMP007018,2,16,Pass,None,2024-09-13
SMP007019,9,3,Pass,None,2024-09-13
SMP007020,21,15,Pass,None,2024-09-13
SMP007021,16,6,Fail,Urea,2024-09-13
SMP007022,22,12,Pass,None,2024-09-13
SMP007023,25,5,Fail,Detergent,2024-09-13
SMP007024,22,5,Pass,None,2024-09-13
SMP007025,17,1,Fail,Urea,2024-09-13
SMP007026,14,16,Pass,None,2024-09-13
SMP007027,2,13,Pass,None,2024-09-13
SMP007028,26,2,Pass,None,2024-09-13
SMP007029,10,16,Pass,None,2024-09-13
SMP007030,5,10,Pass,None,2024-09-13
SMP007031,18,14,Fail,Urea,2024-09-13
SMP007032,8,1,Pass,None,2024-09-13
SMP007033,17,6,Pass,None,2024-09-13
SMP007034,17,11,Pass,None,2024-09-13
SMP007035,13,2,Pass,None,2024-09-13
SMP007036,23,8,Pass,None,2024-09-13
SMP007037,7,7,Fail,Formalin,2024-09-13
SMP007038,13,4,Pass,None,2024-09-13
SMP007039,16,5,Fail,Urea,2024-09-13
SMP007040,18,16,Pass,None,2024-09-13
SMP007041,22,5,Pass,None,2024-09-13
SMP007042,10,4,Fail,Detergent,2024-09-14
SMP007043,18,9,Pass,None,2024-09-14
SMP007044,5,11,Pass,None,2024-09-14
SMP007045,24,12,Pass,None,2024-09-14
SMP007046,10,12,Pass,None,2024-09-14
SMP007047,20,1,Pass,None,2024-09-14
SMP007048,1,6,Pass,None,2024-09-14
SMP007049,5,13,Pass,None,2024-09-14
SMP007050,14,15,Pass,None,2024-09-14
SMP007051,23,10,Pass,None,2024-09-14
SMP007052,15,1,Pass,None,2024-09-14
SMP007053,24,6,Fail,Starch,2024-09-14
SMP007054,14,1,Fail,Urea,2024-09-14
SMP007055,14,12,Fail,Chalk Powder,2024-09-14
SMP007056,4,1,Pass,None,2024-09-14
SMP007057,22,3,Pass,None,2024-09-14
SMP007058,7,6,Fail,Urea,2024-09-14
SMP007059,24,7,Pass,None,2024-09-14
SMP007060,24,6,Pass,None,2024-09-14
SMP007061,25,7,Pass,None,2024-09-14
SMP007062,15,12,Fail,Detergent,2024-09-14
SMP007063,19,6,Fail,Synthetic Color,2024-09-14
SMP007064,22,9,Fail,Detergent,2024-09-14
SMP007065,4,5,Pass,None,2024-09-14
SMP007066,17,5,Pass,None,2024-09-14
SMP007067,1,10,Pass,None,2024-09-14
SMP007068,14,8,Pass,None,2024-09-14
SMP007069,5,12,Pass,None,2024-09-14
SMP007070,5,9,Fail,Formalin,2024-09-15
SMP007071,9,13,Fail,Formalin,2024-09-15
SMP007072,12,7,Pass,None,2024-09-15
SMP007073,17,8,Fail,Starch,2024-09-15
SMP007074,2,11,Pass,None,2024-09-15
SMP007075,14,4,Fail,Urea,2024-09-15
SMP007076,5,6,Fail,Starch,2024-09-15
SMP007077,17,10,Pass,None,2024-09-15
SMP007078,18,1,Fail,Chalk Powder,2024-09-15
SMP007079,16,6,Fail,Chalk Powder,2024-09-15
SMP007080,20,10,Pass,None,2024-09-15
SMP007081,9,16,Pass,None,2024-09-15
SMP007082,21,15,Pass,None,2024-09-15
SMP007083,12,4,Pass,None,2024-09-15
SMP007084,14,8,Pass,None,2024-09-15
SMP007085,18,1,Fail,Starch,2024-09-15
SMP007086,1,4,Pass,None,2024-09-15
SMP007087,18,13,Pass,None,2024-09-15
SMP007088,17,2,Fail,Urea,2024-09-15
SMP007089,8,4,Pass,None,2024-09-15
SMP007090,3,16,Pass,None,2024-09-15
SMP007091,3,14,Pass,None,2024-09-15
SMP007092,24,13,Pass,None,2024-09-15
SMP007093,19,15,Fail,Urea,2024-09-15
SMP007094,4,12,Pass,None,2024-09-15
SMP007095,9,2,Fail,Detergent,2024-09-15
SMP007096,17,8,Pass,None,2024-09-15
SMP007097,23,7,Fail,Starch,2024-09-16
SMP007098,2,5,Pass,None,2024-09-16
SMP007099,6,14,Pass,None,2024-09-16
SMP007100,24,7,Pass,None,2024-09-16
SMP007101,1,1,Pass,None,2024-09-16
SMP007102,5,4,Fail,Starch,2024-09-16
SMP007103,25,4,Fail,Formalin,2024-09-16
SMP007104,17,15,Pass,None,2024-09-16
SMP007105,7,11,Pass,None,2024-09-16
SMP007106,2,9,Pass,None,2024-09-16
SMP007107,1,8,Fail,Chalk Powder,2024-09-16
SMP007108,7,11,Pass,None,2024-09-16
SMP007109,23,12,Fail,Starch,2024-09-16
SMP007110,12,9,Pass,None,2024-09-16
SMP007111,19,16,Pass,None,2024-09-16
SMP007112,24,16,Pass,None,2024-09-16
SMP007113,11,16,Fail,Chalk Powder,2024-09-16
SMP007114,5,11,Pass,None,2024-09-16
SMP007115,15,15,Pass,None,2024-09-16
SMP007116,24,6,Fail,Detergent,2024-09-16
SMP007117,22,14,Pass,None,2024-09-16
SMP007118,2,15,Fail,Chalk Powder,2024-09-16
SMP007119,19,15,Pass,None,2024-09-16
SMP007120,16,14,Pass,None,2024-09-16
SMP007121,24,6,Pass,None,2024-09-16
SMP007122,4,3,Fail,Synthetic Color,2024-09-16
SMP007123,16,5,Pass,None,2024-09-16
SMP007124,23,13,Fail,Starch,2024-09-17
SMP007125,11,4,Pass,None,2024-09-17
SMP007126,14,7,Pass,None,2024-09-17
SMP007127,2,9,Fail,Detergent,2024-09-17
SMP007128,7,10,Fail,Detergent,2024-09-17
SMP007129,9,16,Pass,None,2024-09-17
SMP007130,25,11,Pass,None,2024-09-17
SMP007131,8,13,Pass,None,2024-09-17
SMP007132,13,10,Pass,None,2024-09-17
SMP007133,19,14,Fail,Synthetic Color,2024-09-17
SMP007134,5,4,Pass,None,2024-09-17
SMP007135,14,4,Pass,None,2024-09-17
SMP007136,20,15,Pass,None,2024-09-17
SMP007137,23,11,Pass,None,2024-09-17
SMP007138,17,11,Pass,None,2024-09-17
SMP007139,19,7,Pass,None,2024-09-17
SMP007140,4,6,Pass,None,2024-09-17
SMP007141,25,9,Fail,Detergent,2024-09-17
SMP007142,4,2,Pass,None,2024-09-17
SMP007143,21,7,Pass,None,2024-09-17
SMP007144,7,7,Pass,None,2024-09-17
SMP007145,24,9,Fail,Formalin,2024-09-17
SMP007146,19,11,Fail,Synthetic Color,2024-09-17
SMP007147,21,16,Pass,None,2024-09-17
SMP007148,6,11,Pass,None,2024-09-17
SMP007149,13,15,Pass,None,2024-09-17
SMP007150,17,9,Pass,None,2024-09-17
SMP007151,21,10,Pass,None,2024-09-17
SMP007152,3,1,Fail,Chalk Powder,2024-09-18
SMP007153,25,2,Fail,Chalk Powder,2024-09-18
SMP007154,24,10,Pass,None,2024-09-18
SMP007155,7,6,Fail,Chalk Powder,2024-09-18
SMP007156,22,13,Pass,None,2024-09-18
SMP007157,15,9,Pass,None,2024-09-18
SMP007158,13,15,Pass,None,2024-09-18
SMP007159,8,16,Pass,None,2024-09-18
SMP007160,17,3,Pass,None,2024-09-18
SMP007161,20,6,Pass,None,2024-09-18
SMP007162,11,11,Pass,None,2024-09-18
SMP007163,17,5,Fail,Chalk Powder,2024-09-18
SMP007164,19,4,Pass,None,2024-09-18
SMP007165,19,13,Pass,None,2024-09-18
SMP007166,2,16,Fail,Chalk Powder,2024-09-18
SMP007167,23,13,Pass,None,2024-09-18
SMP007168,13,8,Pass,None,2024-09-18
SMP007169,7,7,Fail,Chalk Powder,2024-09-18
SMP007170,7,9,Fail,Formalin,2024-09-18
SMP007171,14,7,Fail,Starch,2024-09-18
SMP007172,24,8,Pass,None,2024-09-18
SMP007173,10,4,Fail,Starch,2024-09-18
SMP007174,21,15,Pass,None,2024-09-18
SMP007175,3,12,Fail,Detergent,2024-09-18
SMP007176,14,11,Pass,None,2024-09-18
SMP007177,26,16,Pass,None,2024-09-18
SMP007178,21,5,Pass,None,2024-09-18
SMP007179,6,2,Pass,None,2024-09-19
SMP007180,14,14,Pass,None,2024-09-19
SMP007181,6,16,Pass,None,2024-09-19
SMP007182,11,9,Pass,None,2024-09-19
SMP007183,22,1,Fail,Detergent,2024-09-19
SMP007184,21,13,Pass,None,2024-09-19
SMP007185,6,1,Fail,Chalk Powder,2024-09-19
SMP007186,24,9,Pass,None,2024-09-19
SMP007187,17,4,Pass,None,2024-09-19
SMP007188,10,15,Pass,None,2024-09-19
SMP007189,14,7,Pass,None,2024-09-19
SMP007190,17,15,Pass,None,2024-09-19
SMP007191,16,5,Pass,None,2024-09-19
SMP007192,14,6,Pass,None,2024-09-19
SMP007193,15,16,Pass,None,2024-09-19
SMP007194,5,4,Fail,Synthetic Color,2024-09-19
SMP007195,22,9,Fail,Chalk Powder,2024-09-19
SMP007196,16,6,Fail,Starch,2024-09-19
SMP007197,4,13,Pass,None,2024-09-19
SMP007198,21,2,Pass,None,2024-09-19
SMP007199,24,7,Fail,Urea,2024-09-19
SMP007200,25,12,Fail,Detergent,2024-09-19
SMP007201,9,6,Pass,None,2024-09-19
SMP007202,4,1,Pass,None,2024-09-19
SMP007203,15,12,Pass,None,2024-09-19
SMP007204,3,8,Pass,None,2024-09-19
SMP007205,24,1,Pass,None,2024-09-19
SMP007206,5,10,Fail,Synthetic Color,2024-09-19
SMP007207,7,15,Pass,None,2024-09-20
SMP007208,11,2,Pass,None,2024-09-20
SMP007209,10,10,Fail,Detergent,2024-09-20
SMP007210,22,12,Pass,None,2024-09-20
SMP007211,13,1,Fail,Synthetic Color,2024-09-20
SMP007212,5,1,Pass,None,2024-09-20
SMP007213,7,7,Pass,None,2024-09-20
SMP007214,15,13,Pass,None,2024-09-20
SMP007215,5,3,Pass,None,2024-09-20
SMP007216,17,14,Pass,None,2024-09-20
SMP007217,16,11,Pass,None,2024-09-20
SMP007218,19,5,Pass,None,2024-09-20
SMP007219,25,8,Pass,None,2024-09-20
SMP007220,24,16,Pass,None,2024-09-20
SMP007221,25,4,Fail,Starch,2024-09-20
SMP007222,7,8,Pass,None,2024-09-20
SMP007223,4,10,Pass,None,2024-09-20
SMP007224,8,2,Fail,Detergent,2024-09-20
SMP007225,24,1,Pass,None,2024-09-20
SMP007226,25,1,Pass,None,2024-09-20
SMP007227,23,5,Fail,Chalk Powder,2024-09-20
SMP007228,3,1,Fail,Detergent,2024-09-20
SMP007229,25,13,Pass,None,2024-09-20
SMP007230,12,16,Fail,Urea,2024-09-20
SMP007231,1,1,Pass,None,2024-09-20
SMP007232,12,6,Pass,None,2024-09-20
SMP007233,2,1,Pass,None,2024-09-20
SMP007234,16,2,Fail,Starch,2024-09-21
SMP007235,9,5,Fail,Synthetic Color,2024-09-21
SMP007236,13,6,Pass,None,2024-09-21
SMP007237,17,16,Pass,None,2024-09-21
SMP007238,23,6,Pass,None,2024-09-21
SMP007239,18,8,Pass,None,2024-09-21
SMP007240,12,4,Pass,None,2024-09-21
SMP007241,22,1,Pass,None,2024-09-21
SMP007242,24,15,Pass,None,2024-09-21
SMP007243,4,2,Pass,None,2024-09-21
SMP007244,16,16,Pass,None,2024-09-21
SMP007245,8,2,Fail,Urea,2024-09-21
SMP007246,2,10,Pass,None,2024-09-21
SMP007247,19,16,Pass,None,2024-09-21
SMP007248,23,2,Pass,None,2024-09-21
SMP007249,5,6,Pass,None,2024-09-21
SMP007250,22,13,Pass,None,2024-09-21
SMP007251,23,1,Pass,None,2024-09-21
SMP007252,24,11,Fail,Synthetic Color,2024-09-21
SMP007253,7,2,Fail,Detergent,2024-09-21
SMP007254,24,4,Pass,None,2024-09-21
SMP007255,9,3,Pass,None,2024-09-21
SMP007256,16,15,Fail,Formalin,2024-09-21
SMP007257,2,3,Pass,None,2024-09-21
SMP007258,2,1,Pass,None,2024-09-21
SMP007259,19,10,Pass,None,2024-09-21
SMP007260,13,5,Pass,None,2024-09-21
SMP007261,7,6,Fail,Detergent,2024-09-22
SMP007262,5,2,Pass,None,2024-09-22
SMP007263,19,12,Fail,Starch,2024-09-22
SMP007264,1,10,Pass,None,2024-09-22
SMP007265,22,6,Pass,None,2024-09-22
SMP007266,3,3,Pass,None,2024-09-22
SMP007267,5,10,Fail,Chalk Powder,2024-09-22
SMP007268,10,13,Pass,None,2024-09-22
SMP007269,14,5,Pass,None,2024-09-22
SMP007270,9,1,Pass,None,2024-09-22
SMP007271,9,4,Pass,None,2024-09-22
SMP007272,25,11,Pass,None,2024-09-22
SMP007273,18,16,Pass,None,2024-09-22
SMP007274,1,1,Fail,Synthetic Color,2024-09-22
SMP007275,12,5,Pass,None,2024-09-22
SMP007276,23,1,Pass,None,2024-09-22
SMP007277,8,5,Pass,None,2024-09-22
SMP007278,3,6,Pass,None,2024-09-22
SMP007279,21,15,Fail,Urea,2024-09-22
SMP007280,17,2,Pass,None,2024-09-22
SMP007281,16,13,Pass,None,2024-09-22
SMP007282,2,6,Fail,Detergent,2024-09-22
SMP007283,4,13,Pass,None,2024-09-22
SMP007284,17,8,Fail,Synthetic Color,2024-09-22
SMP007285,5,1,Pass,None,2024-09-22
SMP007286,14,16,Pass,None,2024-09-22
SMP007287,16,2,Pass,None,2024-09-22
SMP007288,8,10,Pass,None,2024-09-22
SMP007289,25,15,Pass,None,2024-09-23
SMP007290,23,2,Pass,None,2024-09-23
SMP007291,19,9,Pass,None,2024-09-23
SMP007292,2,14,Pass,None,2024-09-23
SMP007293,3,16,Pass,None,2024-09-23
SMP007294,14,12,Pass,None,2024-09-23
SMP007295,5,4,Pass,None,2024-09-23
SMP007296,25,12,Pass,None,2024-09-23
SMP007297,5,12,Fail,Urea,2024-09-23
SMP007298,14,12,Pass,None,2024-09-23
SMP007299,9,14,Pass,None,2024-09-23
SMP007300,18,2,Pass,None,2024-09-23
SMP007301,4,2,Pass,None,2024-09-23
SMP007302,12,11,Pass,None,2024-09-23
SMP007303,7,16,Pass,None,2024-09-23
SMP007304,24,7,Fail,Detergent,2024-09-23
SMP007305,2,16,Pass,None,2024-09-23
SMP007306,24,16,Pass,None,2024-09-23
SMP007307,23,15,Pass,None,2024-09-23
SMP007308,8,15,Fail,Formalin,2024-09-23
SMP007309,22,15,Pass,None,2024-09-23
SMP007310,1,14,Pass,None,2024-09-23
SMP007311,25,11,Fail,Formalin,2024-09-23
SMP007312,15,1,Fail,Chalk Powder,2024-09-23
SMP007313,8,2,Fail,Detergent,2024-09-23
SMP007314,9,2,Pass,None,2024-09-23
SMP007315,2,1,Fail,Starch,2024-09-23
SMP007316,26,2,Fail,Formalin,2024-09-24
SMP007317,2,15,Pass,None,2024-09-24
SMP007318,18,11,Pass,None,2024-09-24
SMP007319,12,5,Fail,Synthetic Color,2024-09-24
SMP007320,25,13,Fail,Starch,2024-09-24
SMP007321,7,8,Pass,None,2024-09-24
SMP007322,16,2,Fail,Starch,2024-09-24
SMP007323,14,15,Fail,Detergent,2024-09-24
SMP007324,19,5,Fail,Synthetic Color,2024-09-24
SMP007325,2,12,Pass,None,2024-09-24
SMP007326,5,5,Pass,None,2024-09-24
SMP007327,6,8,Pass,None,2024-09-24
SMP007328,20,14,Pass,None,2024-09-24
SMP007329,5,3,Pass,None,2024-09-24
SMP007330,17,16,Pass,None,2024-09-24
SMP007331,6,1,Pass,None,2024-09-24
SMP007332,23,9,Pass,None,2024-09-24
SMP007333,25,15,Pass,None,2024-09-24
SMP007334,15,16,Fail,Synthetic Color,2024-09-24
SMP007335,9,4,Fail,Urea,2024-09-24
SMP007336,6,3,Pass,None,2024-09-24
SMP007337,2,12,Pass,None,2024-09-24
SMP007338,7,1,Fail,Formalin,2024-09-24
SMP007339,18,8,Pass,None,2024-09-24
SMP007340,16,13,Pass,None,2024-09-24
SMP007341,25,9,Fail,Formalin,2024-09-24
SMP007342,10,3,Fail,Starch,2024-09-24
SMP007343,19,8,Pass,None,2024-09-24
SMP007344,14,15,Fail,Starch,2024-09-25
SMP007345,15,10,Pass,None,2024-09-25
SMP007346,7,12,Fail,Detergent,2024-09-25
SMP007347,13,5,Fail,Synthetic Color,2024-09-25
SMP007348,13,3,Pass,None,2024-09-25
SMP007349,19,4,Pass,None,2024-09-25
SMP007350,25,9,Pass,None,2024-09-25
SMP007351,9,4,Fail,Formalin,2024-09-25
SMP007352,2,9,Fail,Urea,2024-09-25
SMP007353,14,12,Pass,None,2024-09-25
SMP007354,16,12,Fail,Formalin,2024-09-25
SMP007355,5,3,Pass,None,2024-09-25
SMP007356,21,12,Pass,None,2024-09-25
SMP007357,26,11,Pass,None,2024-09-25
SMP007358,25,1,Pass,None,2024-09-25
SMP007359,5,1,Pass,None,2024-09-25
SMP007360,23,11,Fail,Formalin,2024-09-25
SMP007361,19,6,Pass,None,2024-09-25
SMP007362,13,3,Pass,None,2024-09-25
SMP007363,16,1,Fail,Chalk Powder,2024-09-25
SMP007364,23,3,Pass,None,2024-09-25
SMP007365,14,16,Pass,None,2024-09-25
SMP007366,9,12,Pass,None,2024-09-25
SMP007367,14,9,Fail,Chalk Powder,2024-09-25
SMP007368,17,16,Pass,None,2024-09-25
SMP007369,5,10,Pass,None,2024-09-25
SMP007370,24,12,Pass,None,2024-09-25
SMP007371,19,5,Pass,None,2024-09-26
SMP007372,17,10,Fail,Formalin,2024-09-26
SMP007373,3,3,Fail,Starch,2024-09-26
SMP007374,17,6,Pass,None,2024-09-26
SMP007375,4,1,Pass,None,2024-09-26
SMP007376,2,4,Fail,Synthetic Color,2024-09-26
SMP007377,15,1,Pass,None,2024-09-26
SMP007378,11,6,Pass,None,2024-09-26
SMP007379,17,14,Pass,None,2024-09-26
SMP007380,3,6,Pass,None,2024-09-26
SMP007381,12,14,Pass,None,2024-09-26
SMP007382,5,11,Fail,Synthetic Color,2024-09-26
SMP007383,26,8,Pass,None,2024-09-26
SMP007384,16,4,Fail,Formalin,2024-09-26
SMP007385,19,15,Pass,None,2024-09-26
SMP007386,9,1,Pass,None,2024-09-26
SMP007387,3,11,Pass,None,2024-09-26
SMP007388,25,10,Pass,None,2024-09-26
SMP007389,8,7,Pass,None,2024-09-26
SMP007390,12,4,Pass,None,2024-09-26
SMP007391,18,6,Pass,None,2024-09-26
SMP007392,1,15,Pass,None,2024-09-26
SMP007393,22,14,Pass,None,2024-09-26
SMP007394,16,16,Pass,None,2024-09-26
SMP007395,7,5,Fail,Synthetic Color,2024-09-26
SMP007396,2,6,Pass,None,2024-09-26
SMP007397,5,1,Fail,Detergent,2024-09-26
SMP007398,24,16,Pass,None,2024-09-27
SMP007399,19,5,Pass,None,2024-09-27
SMP007400,7,6,Pass,None,2024-09-27
SMP007401,2,15,Fail,Starch,2024-09-27
SMP007402,19,9,Pass,None,2024-09-27
SMP007403,16,9,Pass,None,2024-09-27
SMP007404,11,3,Fail,Starch,2024-09-27
SMP007405,9,8,Pass,None,2024-09-27
SMP007406,6,15,Fail,Synthetic Color,2024-09-27
SMP007407,19,9,Fail,Formalin,2024-09-27
SMP007408,25,4,Pass,None,2024-09-27
SMP007409,5,1,Pass,None,2024-09-27
SMP007410,17,5,Pass,None,2024-09-27
SMP007411,12,9,Pass,None,2024-09-27
SMP007412,13,1,Fail,Formalin,2024-09-27
SMP007413,7,10,Pass,None,2024-09-27
SMP007414,23,8,Fail,Chalk Powder,2024-09-27
SMP007415,14,13,Fail,Formalin,2024-09-27
SMP007416,16,1,Pass,None,2024-09-27
SMP007417,8,13,Pass,None,2024-09-27
SMP007418,5,8,Pass,None,2024-09-27
SMP007419,3,6,Fail,Synthetic Color,2024-09-27
SMP007420,19,16,Pass,None,2024-09-27
SMP007421,5,3,Pass,None,2024-09-27
SMP007422,19,9,Fail,Formalin,2024-09-27
SMP007423,10,5,Fail,Chalk Powder,2024-09-27
SMP007424,12,9,Pass,None,2024-09-27
SMP007425,13,9,Pass,None,2024-09-27
SMP007426,9,2,Fail,Chalk Powder,2024-09-28
SMP007427,3,11,Fail,Synthetic Color,2024-09-28
SMP007428,8,11,Pass,None,2024-09-28
SMP007429,18,13,Pass,None,2024-09-28
SMP007430,18,2,Fail,Urea,2024-09-28
SMP007431,8,5,Pass,None,2024-09-28
SMP007432,13,11,Pass,None,2024-09-28
SMP007433,5,2,Fail,Chalk Powder,2024-09-28
SMP007434,6,11,Pass,None,2024-09-28
SMP007435,1,1,Fail,Synthetic Color,2024-09-28
SMP007436,24,5,Pass,None,2024-09-28
SMP007437,6,14,Pass,None,2024-09-28
SMP007438,6,13,Pass,None,2024-09-28
SMP007439,7,11,Pass,None,2024-09-28
SMP007440,4,15,Pass,None,2024-09-28
SMP007441,18,12,Pass,None,2024-09-28
SMP007442,2,8,Fail,Detergent,2024-09-28
SMP007443,4,16,Pass,None,2024-09-28
SMP007444,18,11,Fail,Formalin,2024-09-28
SMP007445,9,10,Pass,None,2024-09-28
SMP007446,19,6,Fail,Formalin,2024-09-28
SMP007447,16,15,Pass,None,2024-09-28
SMP007448,7,5,Fail,Starch,2024-09-28
SMP007449,18,1,Fail,Chalk Powder,2024-09-28
SMP007450,4,3,Pass,None,2024-09-28
SMP007451,16,2,Fail,Synthetic Color,2024-09-28
SMP007452,12,5,Pass,None,2024-09-28
SMP007453,7,14,Fail,Urea,2024-09-29
SMP007454,17,11,Fail,Formalin,2024-09-29
SMP007455,23,3,Pass,None,2024-09-29
SMP007456,26,13,Fail,Starch,2024-09-29
SMP007457,17,8,Fail,Synthetic Color,2024-09-29
SMP007458,11,8,Fail,Starch,2024-09-29
SMP007459,6,6,Fail,Urea,2024-09-29
SMP007460,7,15,Fail,Synthetic Color,2024-09-29
SMP007461,14,5,Fail,Formalin,2024-09-29
SMP007462,9,2,Fail,Synthetic Color,2024-09-29
SMP007463,24,5,Pass,None,2024-09-29
SMP007464,9,12,Fail,Formalin,2024-09-29
SMP007465,9,11,Pass,None,2024-09-29
SMP007466,10,3,Pass,None,2024-09-29
SMP007467,23,2,Fail,Detergent,2024-09-29
SMP007468,18,11,Fail,Formalin,2024-09-29
SMP007469,17,11,Fail,Starch,2024-09-29
SMP007470,9,6,Pass,None,2024-09-29
SMP007471,22,14,Pass,None,2024-09-29
SMP007472,2,16,Pass,None,2024-09-29
SMP007473,23,4,Pass,None,2024-09-29
SMP007474,15,9,Fail,Urea,2024-09-29
SMP007475,10,1,Pass,None,2024-09-29
SMP007476,14,12,Pass,None,2024-09-29
SMP007477,18,6,Pass,None,2024-09-29
SMP007478,1,3,Pass,None,2024-09-29
SMP007479,23,12,Fail,Synthetic Color,2024-09-29
SMP007480,13,13,Pass,None,2024-09-29
SMP007481,9,2,Pass,None,2024-09-30
SMP007482,4,1,Pass,None,2024-09-30
SMP007483,12,5,Pass,None,2024-09-30
SMP007484,14,10,Pass,None,2024-09-30
SMP007485,11,13,Pass,None,2024-09-30
SMP007486,19,9,Pass,None,2024-09-30
SMP007487,12,10,Fail,Detergent,2024-09-30
SMP007488,25,13,Pass,None,2024-09-30
SMP007489,17,9,Pass,None,2024-09-30
SMP007490,22,10,Pass,None,2024-09-30
SMP007491,3,8,Pass,None,2024-09-30
SMP007492,10,15,Pass,None,2024-09-30
SMP007493,9,4,Pass,None,2024-09-30
SMP007494,16,4,Fail,Detergent,2024-09-30
SMP007495,23,2,Pass,None,2024-09-30
SMP007496,2,14,Pass,None,2024-09-30
SMP007497,2,6,Pass,None,2024-09-30
SMP007498,23,5,Fail,Detergent,2024-09-30
SMP007499,6,16,Pass,None,2024-09-30
SMP007500,19,15,Pass,None,2024-09-30
SMP007501,16,16,Pass,None,2024-09-30
SMP007502,23,2,Fail,Starch,2024-09-30
SMP007503,4,15,Fail,Formalin,2024-09-30
SMP007504,4,5,Pass,None,2024-09-30
SMP007505,16,1,Pass,None,2024-09-30
SMP007506,25,6,Fail,Detergent,2024-09-30
SMP007507,12,8,Pass,None,2024-09-30
SMP007508,9,2,Pass,None,2024-10-01
SMP007509,17,9,Pass,None,2024-10-01
SMP007510,24,14,Pass,None,2024-10-01
SMP007511,23,6,Pass,None,2024-10-01
SMP007512,26,5,Fail,Urea,2024-10-01
SMP007513,1,5,Fail,Urea,2024-10-01
SMP007514,3,15,Pass,None,2024-10-01
SMP007515,17,1,Fail,Synthetic Color,2024-10-01
SMP007516,22,7,Pass,None,2024-10-01
SMP007517,8,4,Fail,Urea,2024-10-01
SMP007518,6,15,Pass,None,2024-10-01
SMP007519,22,2,Pass,None,2024-10-01
SMP007520,2,6,Pass,None,2024-10-01
SMP007521,9,6,Pass,None,2024-10-01
SMP007522,15,15,Fail,Formalin,2024-10-01
SMP007523,16,4,Fail,Formalin,2024-10-01
SMP007524,20,11,Pass,None,2024-10-01
SMP007525,9,2,Pass,None,2024-10-01
SMP007526,17,16,Pass,None,2024-10-01
SMP007527,17,10,Pass,None,2024-10-01
SMP007528,16,10,Fail,Detergent,2024-10-01
SMP007529,18,6,Pass,None,2024-10-01
SMP007530,7,5,Pass,None,2024-10-01
SMP007531,3,4,Fail,Formalin,2024-10-01
SMP007532,4,10,Pass,None,2024-10-01
SMP007533,6,16,Pass,None,2024-10-01
SMP007534,14,5,Pass,None,2024-10-01
SMP007535,23,15,Fail,Formalin,2024-10-02
SMP007536,19,3,Pass,None,2024-10-02
SMP007537,22,16,Pass,None,2024-10-02
SMP007538,9,5,Fail,Detergent,2024-10-02
SMP007539,11,6,Pass,None,2024-10-02
SMP007540,10,7,Fail,Synthetic Color,2024-10-02
SMP007541,5,12,Pass,None,2024-10-02
SMP007542,2,12,Pass,None,2024-10-02
SMP007543,17,8,Pass,None,2024-10-02
SMP007544,26,8,Fail,Formalin,2024-10-02
SMP007545,5,1,Fail,Formalin,2024-10-02
SMP007546,2,5,Pass,None,2024-10-02
SMP007547,22,5,Pass,None,2024-10-02
SMP007548,7,9,Pass,None,2024-10-02
SMP007549,23,9,Fail,Starch,2024-10-02
SMP007550,19,12,Fail,Synthetic Color,2024-10-02
SMP007551,25,12,Pass,None,2024-10-02
SMP007552,11,4,Pass,None,2024-10-02
SMP007553,18,13,Fail,Detergent,2024-10-02
SMP007554,13,1,Fail,Starch,2024-10-02
SMP007555,17,12,Fail,Chalk Powder,2024-10-02
SMP007556,13,2,Fail,Starch,2024-10-02
SMP007557,5,12,Fail,Synthetic Color,2024-10-02
SMP007558,15,9,Pass,None,2024-10-02
SMP007559,15,7,Pass,None,2024-10-02
SMP007560,22,11,Fail,Formalin,2024-10-02
SMP007561,20,1,Pass,None,2024-10-02
SMP007562,18,4,Pass,None,2024-10-02
SMP007563,4,10,Pass,None,2024-10-03
SMP007564,19,14,Pass,None,2024-10-03
SMP007565,14,6,Pass,None,2024-10-03
SMP007566,24,4,Pass,None,2024-10-03
SMP007567,24,8,Pass,None,2024-10-03
SMP007568,2,10,Pass,None,2024-10-03
SMP007569,22,6,Fail,Detergent,2024-10-03
SMP007570,2,15,Pass,None,2024-10-03
SMP007571,9,8,Pass,None,2024-10-03
SMP007572,16,1,Fail,Synthetic Color,2024-10-03
SMP007573,5,4,Pass,None,2024-10-03
SMP007574,21,7,Pass,None,2024-10-03
SMP007575,1,11,Fail,Starch,2024-10-03
SMP007576,5,4,Pass,None,2024-10-03
SMP007577,17,16,Pass,None,2024-10-03
SMP007578,19,5,Pass,None,2024-10-03
SMP007579,24,9,Fail,Urea,2024-10-03
SMP007580,19,1,Pass,None,2024-10-03
SMP007581,19,15,Pass,None,2024-10-03
SMP007582,10,13,Fail,Detergent,2024-10-03
SMP007583,1,3,Pass,None,2024-10-03
SMP007584,4,16,Fail,Urea,2024-10-03
SMP007585,16,5,Pass,None,2024-10-03
SMP007586,19,11,Pass,None,2024-10-03
SMP007587,12,14,Pass,None,2024-10-03
SMP007588,20,12,Pass,None,2024-10-03
SMP007589,15,15,Pass,None,2024-10-03
SMP007590,2,15,Pass,None,2024-10-04
SMP007591,5,16,Pass,None,2024-10-04
SMP007592,23,3,Fail,Chalk Powder,2024-10-04
SMP007593,19,5,Fail,Chalk Powder,2024-10-04
SMP007594,24,11,Pass,None,2024-10-04
SMP007595,4,12,Fail,Formalin,2024-10-04
SMP007596,26,9,Fail,Synthetic Color,2024-10-04
SMP007597,5,1,Fail,Formalin,2024-10-04
SMP007598,1,14,Pass,None,2024-10-04
SMP007599,26,16,Pass,None,2024-10-04
SMP007600,7,6,Pass,None,2024-10-04
SMP007601,19,4,Pass,None,2024-10-04
SMP007602,5,1,Pass,None,2024-10-04
SMP007603,17,4,Pass,None,2024-10-04
SMP007604,24,12,Fail,Synthetic Color,2024-10-04
SMP007605,9,15,Pass,None,2024-10-04
SMP007606,19,2,Fail,Starch,2024-10-04
SMP007607,5,9,Pass,None,2024-10-04
SMP007608,17,11,Fail,Formalin,2024-10-04
SMP007609,9,4,Pass,None,2024-10-04
SMP007610,6,9,Fail,Urea,2024-10-04
SMP007611,8,12,Fail,Starch,2024-10-04
SMP007612,5,14,Pass,None,2024-10-04
SMP007613,24,7,Fail,Synthetic Color,2024-10-04
SMP007614,10,12,Pass,None,2024-10-04
SMP007615,7,5,Fail,Starch,2024-10-04
SMP007616,13,4,Fail,Urea,2024-10-04
SMP007617,9,3,Pass,None,2024-10-04
SMP007618,21,5,Pass,None,2024-10-05
SMP007619,25,1,Fail,Detergent,2024-10-05
SMP007620,12,5,Pass,None,2024-10-05
SMP007621,23,11,Pass,None,2024-10-05
SMP007622,16,11,Pass,None,2024-10-05
SMP007623,5,1,Fail,Synthetic Color,2024-10-05
SMP007624,19,5,Pass,None,2024-10-05
SMP007625,15,9,Pass,None,2024-10-05
SMP007626,18,5,Fail,Detergent,2024-10-05
SMP007627,24,6,Fail,Starch,2024-10-05
SMP007628,12,12,Fail,Chalk Powder,2024-10-05
SMP007629,24,1,Fail,Chalk Powder,2024-10-05
SMP007630,21,4,Fail,Formalin,2024-10-05
SMP007631,14,2,Pass,None,2024-10-05
SMP007632,17,2,Pass,None,2024-10-05
SMP007633,9,16,Pass,None,2024-10-05
SMP007634,26,6,Fail,Chalk Powder,2024-10-05
SMP007635,18,9,Fail,Synthetic Color,2024-10-05
SMP007636,2,12,Fail,Starch,2024-10-05
SMP007637,9,1,Pass,None,2024-10-05
SMP007638,17,4,Fail,Synthetic Color,2024-10-05
SMP007639,2,14,Fail,Urea,2024-10-05
SMP007640,1,14,Fail,Starch,2024-10-05
SMP007641,13,6,Pass,None,2024-10-05
SMP007642,9,6,Pass,None,2024-10-05
SMP007643,12,12,Fail,Formalin,2024-10-05
SMP007644,7,5,Pass,None,2024-10-05
SMP007645,5,2,Pass,None,2024-10-06
SMP007646,19,4,Fail,Synthetic Color,2024-10-06
SMP007647,15,6,Fail,Chalk Powder,2024-10-06
SMP007648,5,1,Pass,None,2024-10-06
SMP007649,9,7,Pass,None,2024-10-06
SMP007650,17,12,Pass,None,2024-10-06
SMP007651,2,8,Fail,Formalin,2024-10-06
SMP007652,5,1,Pass,None,2024-10-06
SMP007653,2,7,Fail,Formalin,2024-10-06
SMP007654,22,12,Pass,None,2024-10-06
SMP007655,21,1,Pass,None,2024-10-06
SMP007656,21,1,Pass,None,2024-10-06
SMP007657,19,6,Fail,Urea,2024-10-06
SMP007658,19,3,Pass,None,2024-10-06
SMP007659,14,16,Pass,None,2024-10-06
SMP007660,18,10,Pass,None,2024-10-06
SMP007661,2,5,Fail,Chalk Powder,2024-10-06
SMP007662,17,12,Pass,None,2024-10-06
SMP007663,21,6,Pass,None,2024-10-06
SMP007664,14,2,Fail,Detergent,2024-10-06
SMP007665,9,4,Pass,None,2024-10-06
SMP007666,7,11,Pass,None,2024-10-06
SMP007667,18,1,Pass,None,2024-10-06
SMP007668,19,4,Fail,Starch,2024-10-06
SMP007669,23,4,Pass,None,2024-10-06
SMP007670,9,4,Pass,None,2024-10-06
SMP007671,21,11,Pass,None,2024-10-06
SMP007672,16,14,Pass,None,2024-10-07
SMP007673,23,12,Pass,None,2024-10-07
SMP007674,15,11,Pass,None,2024-10-07
SMP007675,15,15,Pass,None,2024-10-07
SMP007676,17,1,Fail,Detergent,2024-10-07
SMP007677,21,3,Pass,None,2024-10-07
SMP007678,25,6,Pass,None,2024-10-07
SMP007679,2,6,Pass,None,2024-10-07
SMP007680,2,6,Fail,Detergent,2024-10-07
SMP007681,25,4,Pass,None,2024-10-07
SMP007682,16,3,Fail,Urea,2024-10-07
SMP007683,17,8,Fail,Formalin,2024-10-07
SMP007684,14,15,Fail,Formalin,2024-10-07
SMP007685,3,6,Pass,None,2024-10-07
SMP007686,21,1,Pass,None,2024-10-07
SMP007687,21,12,Pass,None,2024-10-07
SMP007688,8,5,Pass,None,2024-10-07
SMP007689,8,4,Pass,None,2024-10-07
SMP007690,23,5,Pass,None,2024-10-07
SMP007691,2,12,Pass,None,2024-10-07
SMP007692,23,14,Pass,None,2024-10-07
SMP007693,7,10,Fail,Starch,2024-10-07
SMP007694,17,5,Pass,None,2024-10-07
SMP007695,25,5,Fail,Urea,2024-10-07
SMP007696,19,2,Pass,None,2024-10-07
SMP007697,12,16,Pass,None,2024-10-07
SMP007698,19,11,Fail,Synthetic Color,2024-10-07
SMP007699,9,1,Pass,None,2024-10-07
SMP007700,7,11,Pass,None,2024-10-08
SMP007701,26,7,Pass,None,2024-10-08
SMP007702,21,16,Fail,Formalin,2024-10-08
SMP007703,18,14,Pass,None,2024-10-08
SMP007704,9,3,Fail,Starch,2024-10-08
SMP007705,2,12,Pass,None,2024-10-08
SMP007706,1,8,Pass,None,2024-10-08
SMP007707,16,3,Pass,None,2024-10-08
SMP007708,21,12,Pass,None,2024-10-08
SMP007709,16,9,Pass,None,2024-10-08
SMP007710,23,1,Pass,None,2024-10-08
SMP007711,1,11,Fail,Synthetic Color,2024-10-08
SMP007712,9,11,Pass,None,2024-10-08
SMP007713,6,3,Pass,None,2024-10-08
SMP007714,13,5,Fail,Chalk Powder,2024-10-08
SMP007715,2,10,Pass,None,2024-10-08
SMP007716,25,2,Pass,None,2024-10-08
SMP007717,6,14,Pass,None,2024-10-08
SMP007718,24,1,Pass,None,2024-10-08
SMP007719,12,2,Pass,None,2024-10-08
SMP007720,26,2,Pass,None,2024-10-08
SMP007721,16,9,Pass,None,2024-10-08
SMP007722,24,10,Pass,None,2024-10-08
SMP007723,1,6,Pass,None,2024-10-08
SMP007724,21,5,Pass,None,2024-10-08
SMP007725,24,13,Pass,None,2024-10-08
SMP007726,4,1,Pass,None,2024-10-08
SMP007727,3,4,Fail,Detergent,2024-10-09
SMP007728,12,1,Fail,Urea,2024-10-09
SMP007729,24,1,Pass,None,2024-10-09
SMP007730,16,5,Pass,None,2024-10-09
SMP007731,15,3,Pass,None,2024-10-09
SMP007732,5,4,Pass,None,2024-10-09
SMP007733,1,14,Pass,None,2024-10-09
SMP007734,22,3,Pass,None,2024-10-09
SMP007735,3,13,Pass,None,2024-10-09
SMP007736,17,11,Pass,None,2024-10-09
SMP007737,24,5,Pass,None,2024-10-09
SMP007738,5,9,Pass,None,2024-10-09
SMP007739,18,7,Pass,None,2024-10-09
SMP007740,2,2,Fail,Synthetic Color,2024-10-09
SMP007741,17,15,Pass,None,2024-10-09
SMP007742,5,9,Pass,None,2024-10-09
SMP007743,20,15,Pass,None,2024-10-09
SMP007744,8,14,Pass,None,2024-10-09
SMP007745,13,2,Pass,None,2024-10-09
SMP007746,17,4,Pass,None,2024-10-09
SMP007747,5,3,Pass,None,2024-10-09
SMP007748,21,14,Pass,None,2024-10-09
SMP007749,8,14,Pass,None,2024-10-09
SMP007750,18,9,Pass,None,2024-10-09
SMP007751,5,2,Pass,None,2024-10-09
SMP007752,19,2,Pass,None,2024-10-09
SMP007753,4,13,Fail,Formalin,2024-10-09
SMP007754,12,15,Pass,None,2024-10-09
SMP007755,7,3,Pass,None,2024-10-10
SMP007756,21,1,Pass,None,2024-10-10
SMP007757,7,5,Fail,Chalk Powder,2024-10-10
SMP007758,23,1,Fail,Starch,2024-10-10
SMP007759,24,14,Pass,None,2024-10-10
SMP007760,5,8,Pass,None,2024-10-10
SMP007761,17,11,Fail,Starch,2024-10-10
SMP007762,3,6,Pass,None,2024-10-10
SMP007763,10,5,Fail,Chalk Powder,2024-10-10
SMP007764,19,4,Pass,None,2024-10-10
SMP007765,18,13,Fail,Urea,2024-10-10
SMP007766,17,11,Pass,None,2024-10-10
SMP007767,8,6,Pass,None,2024-10-10
SMP007768,10,5,Pass,None,2024-10-10
SMP007769,3,1,Pass,None,2024-10-10
SMP007770,19,1,Fail,Detergent,2024-10-10
SMP007771,14,10,Pass,None,2024-10-10
SMP007772,19,8,Pass,None,2024-10-10
SMP007773,7,6,Pass,None,2024-10-10
SMP007774,9,14,Fail,Formalin,2024-10-10
SMP007775,9,8,Fail,Detergent,2024-10-10
SMP007776,1,6,Pass,None,2024-10-10
SMP007777,9,3,Fail,Urea,2024-10-10
SMP007778,22,14,Pass,None,2024-10-10
SMP007779,24,9,Pass,None,2024-10-10
SMP007780,15,2,Pass,None,2024-10-10
SMP007781,13,11,Fail,Urea,2024-10-10
SMP007782,1,6,Pass,None,2024-10-11
SMP007783,23,13,Pass,None,2024-10-11
SMP007784,1,15,Fail,Detergent,2024-10-11
SMP007785,25,10,Pass,None,2024-10-11
SMP007786,14,12,Pass,None,2024-10-11
SMP007787,9,1,Pass,None,2024-10-11
SMP007788,24,9,Pass,None,2024-10-11
SMP007789,1,12,Pass,None,2024-10-11
SMP007790,17,8,Pass,None,2024-10-11
SMP007791,16,10,Pass,None,2024-10-11
SMP007792,6,15,Pass,None,2024-10-11
SMP007793,12,3,Pass,None,2024-10-11
SMP007794,18,2,Pass,None,2024-10-11
SMP007795,20,11,Pass,None,2024-10-11
SMP007796,1,14,Fail,Synthetic Color,2024-10-11
SMP007797,25,14,Pass,None,2024-10-11
SMP007798,5,11,Pass,None,2024-10-11
SMP007799,6,14,Pass,None,2024-10-11
SMP007800,7,12,Pass,None,2024-10-11
SMP007801,2,2,Fail,Synthetic Color,2024-10-11
SMP007802,4,13,Fail,Urea,2024-10-11
SMP007803,26,3,Pass,None,2024-10-11
SMP007804,8,4,Pass,None,2024-10-11
SMP007805,4,6,Pass,None,2024-10-11
SMP007806,3,5,Fail,Synthetic Color,2024-10-11
SMP007807,19,5,Fail,Synthetic Color,2024-10-11
SMP007808,23,3,Pass,None,2024-10-11
SMP007809,7,5,Pass,None,2024-10-12
SMP007810,1,1,Pass,None,2024-10-12
SMP007811,6,7,Pass,None,2024-10-12
SMP007812,2,13,Pass,None,2024-10-12
SMP007813,3,14,Pass,None,2024-10-12
SMP007814,12,14,Pass,None,2024-10-12
SMP007815,6,6,Fail,Chalk Powder,2024-10-12
SMP007816,15,12,Pass,None,2024-10-12
SMP007817,7,5,Fail,Starch,2024-10-12
SMP007818,25,1,Pass,None,2024-10-12
SMP007819,24,11,Pass,None,2024-10-12
SMP007820,16,11,Fail,Detergent,2024-10-12
SMP007821,9,13,Fail,Starch,2024-10-12
SMP007822,10,10,Pass,None,2024-10-12
SMP007823,11,3,Pass,None,2024-10-12
SMP007824,20,14,Fail,Starch,2024-10-12
SMP007825,13,10,Pass,None,2024-10-12
SMP007826,23,13,Pass,None,2024-10-12
SMP007827,25,13,Fail,Chalk Powder,2024-10-12
SMP007828,9,5,Fail,Urea,2024-10-12
SMP007829,16,1,Pass,None,2024-10-12
SMP007830,3,3,Fail,Chalk Powder,2024-10-12
SMP007831,5,2,Pass,None,2024-10-12
SMP007832,12,4,Pass,None,2024-10-12
SMP007833,5,7,Fail,Urea,2024-10-12
SMP007834,23,15,Pass,None,2024-10-12
SMP007835,5,15,Pass,None,2024-10-12
SMP007836,13,12,Pass,None,2024-10-12
SMP007837,17,1,Pass,None,2024-10-13
SMP007838,19,5,Pass,None,2024-10-13
SMP007839,10,11,Fail,Urea,2024-10-13
SMP007840,23,2,Fail,Starch,2024-10-13
SMP007841,16,13,Pass,None,2024-10-13
SMP007842,12,15,Fail,Formalin,2024-10-13
SMP007843,2,5,Pass,None,2024-10-13
SMP007844,13,12,Pass,None,2024-10-13
SMP007845,22,3,Pass,None,2024-10-13
SMP007846,17,11,Pass,None,2024-10-13
SMP007847,23,1,Pass,None,2024-10-13
SMP007848,14,3,Pass,None,2024-10-13
SMP007849,4,12,Pass,None,2024-10-13
SMP007850,1,12,Fail,Starch,2024-10-13
SMP007851,8,11,Pass,None,2024-10-13
SMP007852,19,7,Pass,None,2024-10-13
SMP007853,22,11,Pass,None,2024-10-13
SMP007854,8,13,Pass,None,2024-10-13
SMP007855,14,16,Fail,Chalk Powder,2024-10-13
SMP007856,12,15,Pass,None,2024-10-13
SMP007857,11,13,Pass,None,2024-10-13
SMP007858,6,11,Pass,None,2024-10-13
SMP007859,4,9,Pass,None,2024-10-13
SMP007860,5,2,Pass,None,2024-10-13
SMP007861,2,3,Pass,None,2024-10-13
SMP007862,5,14,Pass,None,2024-10-13
SMP007863,1,13,Pass,None,2024-10-13
SMP007864,17,10,Pass,None,2024-10-14
SMP007865,8,7,Pass,None,2024-10-14
SMP007866,25,1,Pass,None,2024-10-14
SMP007867,5,5,Pass,None,2024-10-14
SMP007868,9,6,Pass,None,2024-10-14
SMP007869,9,8,Pass,None,2024-10-14
SMP007870,1,15,Pass,None,2024-10-14
SMP007871,23,2,Pass,None,2024-10-14
SMP007872,1,8,Fail,Starch,2024-10-14
SMP007873,25,6,Pass,None,2024-10-14
SMP007874,24,16,Fail,Chalk Powder,2024-10-14
SMP007875,16,14,Fail,Starch,2024-10-14
SMP007876,16,7,Pass,None,2024-10-14
SMP007877,18,16,Fail,Synthetic Color,2024-10-14
SMP007878,10,8,Pass,None,2024-10-14
SMP007879,18,3,Pass,None,2024-10-14
SMP007880,2,9,Pass,None,2024-10-14
SMP007881,2,4,Fail,Chalk Powder,2024-10-14
SMP007882,13,11,Fail,Synthetic Color,2024-10-14
SMP007883,16,16,Pass,None,2024-10-14
SMP007884,24,13,Fail,Urea,2024-10-14
SMP007885,3,4,Pass,None,2024-10-14
SMP007886,22,5,Pass,None,2024-10-14
SMP007887,5,1,Pass,None,2024-10-14
SMP007888,10,5,Fail,Starch,2024-10-14
SMP007889,8,2,Fail,Starch,2024-10-14
SMP007890,10,8,Fail,Urea,2024-10-14
SMP007891,5,12,Fail,Detergent,2024-10-14
SMP007892,14,12,Pass,None,2024-10-15
SMP007893,22,1,Fail,Formalin,2024-10-15
SMP007894,12,5,Pass,None,2024-10-15
SMP007895,14,5,Pass,None,2024-10-15
SMP007896,23,2,Pass,None,2024-10-15
SMP007897,19,6,Fail,Chalk Powder,2024-10-15
SMP007898,14,5,Pass,None,2024-10-15
SMP007899,7,11,Fail,Formalin,2024-10-15
SMP007900,23,15,Fail,Detergent,2024-10-15
SMP007901,17,7,Pass,None,2024-10-15
SMP007902,6,12,Pass,None,2024-10-15
SMP007903,7,3,Pass,None,2024-10-15
SMP007904,22,15,Fail,Urea,2024-10-15
SMP007905,2,3,Fail,Detergent,2024-10-15
SMP007906,26,3,Pass,None,2024-10-15
SMP007907,4,2,Pass,None,2024-10-15
SMP007908,22,5,Fail,Formalin,2024-10-15
SMP007909,10,9,Pass,None,2024-10-15
SMP007910,14,16,Fail,Detergent,2024-10-15
SMP007911,23,13,Pass,None,2024-10-15
SMP007912,11,6,Fail,Starch,2024-10-15
SMP007913,16,9,Pass,None,2024-10-15
SMP007914,2,10,Pass,None,2024-10-15
SMP007915,1,14,Pass,None,2024-10-15
SMP007916,7,12,Fail,Synthetic Color,2024-10-15
SMP007917,19,9,Pass,None,2024-10-15
SMP007918,4,11,Pass,None,2024-10-15
SMP007919,4,12,Pass,None,2024-10-16
SMP007920,11,2,Pass,None,2024-10-16
SMP007921,18,3,Pass,None,2024-10-16
SMP007922,19,11,Pass,None,2024-10-16
SMP007923,5,14,Pass,None,2024-10-16
SMP007924,3,6,Pass,None,2024-10-16
SMP007925,25,16,Pass,None,2024-10-16
SMP007926,7,4,Pass,None,2024-10-16
SMP007927,23,6,Pass,None,2024-10-16
SMP007928,23,6,Pass,None,2024-10-16
SMP007929,21,15,Pass,None,2024-10-16
SMP007930,5,5,Pass,None,2024-10-16
SMP007931,22,7,Fail,Starch,2024-10-16
SMP007932,21,3,Pass,None,2024-10-16
SMP007933,17,8,Pass,None,2024-10-16
SMP007934,9,14,Pass,None,2024-10-16
SMP007935,7,5,Fail,Formalin,2024-10-16
SMP007936,4,13,Fail,Chalk Powder,2024-10-16
SMP007937,15,15,Fail,Chalk Powder,2024-10-16
SMP007938,17,1,Fail,Chalk Powder,2024-10-16
SMP007939,9,12,Pass,None,2024-10-16
SMP007940,14,4,Fail,Synthetic Color,2024-10-16
SMP007941,9,3,Pass,None,2024-10-16
SMP007942,18,10,Pass,None,2024-10-16
SMP007943,24,12,Pass,None,2024-10-16
SMP007944,5,6,Fail,Synthetic Color,2024-10-16
SMP007945,10,1,Pass,None,2024-10-16
SMP007946,5,15,Pass,None,2024-10-17
SMP007947,17,12,Pass,None,2024-10-17
SMP007948,20,4,Pass,None,2024-10-17
SMP007949,24,8,Pass,None,2024-10-17
SMP007950,7,1,Fail,Detergent,2024-10-17
SMP007951,25,5,Fail,Starch,2024-10-17
SMP007952,2,8,Pass,None,2024-10-17
SMP007953,17,8,Pass,None,2024-10-17
SMP007954,2,4,Pass,None,2024-10-17
SMP007955,24,13,Fail,Chalk Powder,2024-10-17
SMP007956,16,5,Pass,None,2024-10-17
SMP007957,19,10,Pass,None,2024-10-17
SMP007958,23,4,Pass,None,2024-10-17
SMP007959,5,6,Pass,None,2024-10-17
SMP007960,2,4,Pass,None,2024-10-17
SMP007961,23,11,Fail,Detergent,2024-10-17
SMP007962,8,6,Fail,Formalin,2024-10-17
SMP007963,4,1,Fail,Synthetic Color,2024-10-17
SMP007964,13,1,Pass,None,2024-10-17
SMP007965,17,7,Fail,Detergent,2024-10-17
SMP007966,1,3,Pass,None,2024-10-17
SMP007967,7,10,Fail,Synthetic Color,2024-10-17
SMP007968,1,6,Pass,None,2024-10-17
SMP007969,12,11,Pass,None,2024-10-17
SMP007970,24,16,Pass,None,2024-10-17
SMP007971,26,9,Pass,None,2024-10-17
SMP007972,18,13,Pass,None,2024-10-17
SMP007973,5,12,Pass,None,2024-10-17
SMP007974,24,15,Fail,Starch,2024-10-18
SMP007975,15,4,Fail,Chalk Powder,2024-10-18
SMP007976,5,14,Pass,None,2024-10-18
SMP007977,24,15,Pass,None,2024-10-18
SMP007978,21,6,Fail,Formalin,2024-10-18
SMP007979,20,5,Pass,None,2024-10-18
SMP007980,19,16,Pass,None,2024-10-18
SMP007981,5,10,Pass,None,2024-10-18
SMP007982,6,6,Fail,Starch,2024-10-18
SMP007983,19,13,Pass,None,2024-10-18
SMP007984,6,5,Fail,Detergent,2024-10-18
SMP007985,12,3,Pass,None,2024-10-18
SMP007986,22,9,Pass,None,2024-10-18
SMP007987,22,9,Fail,Detergent,2024-10-18
SMP007988,13,14,Fail,Urea,2024-10-18
SMP007989,22,7,Pass,None,2024-10-18
SMP007990,23,14,Pass,None,2024-10-18
SMP007991,18,5,Fail,Starch,2024-10-18
SMP007992,6,9,Fail,Formalin,2024-10-18
SMP007993,7,4,Pass,None,2024-10-18
SMP007994,8,6,Pass,None,2024-10-18
SMP007995,4,14,Pass,None,2024-10-18
SMP007996,7,4,Pass,None,2024-10-18
SMP007997,5,13,Pass,None,2024-10-18
SMP007998,13,5,Fail,Chalk Powder,2024-10-18
SMP007999,24,1,Fail,Synthetic Color,2024-10-18
SMP008000,3,2,Pass,None,2024-10-18
SMP008001,19,12,Pass,None,2024-10-19
SMP008002,19,4,Pass,None,2024-10-19
SMP008003,3,11,Pass,None,2024-10-19
SMP008004,24,12,Pass,None,2024-10-19
SMP008005,16,5,Fail,Urea,2024-10-19
SMP008006,9,7,Pass,None,2024-10-19
SMP008007,21,6,Pass,None,2024-10-19
SMP008008,7,16,Pass,None,2024-10-19
SMP008009,19,5,Fail,Formalin,2024-10-19
SMP008010,2,3,Fail,Chalk Powder,2024-10-19
SMP008011,23,6,Pass,None,2024-10-19
SMP008012,13,11,Pass,None,2024-10-19
SMP008013,18,11,Pass,None,2024-10-19
SMP008014,6,15,Fail,Starch,2024-10-19
SMP008015,19,15,Pass,None,2024-10-19
SMP008016,21,5,Pass,None,2024-10-19
SMP008017,13,7,Pass,None,2024-10-19
SMP008018,17,12,Pass,None,2024-10-19
SMP008019,13,15,Pass,None,2024-10-19
SMP008020,24,5,Pass,None,2024-10-19
SMP008021,14,7,Fail,Synthetic Color,2024-10-19
SMP008022,23,15,Pass,None,2024-10-19
SMP008023,22,5,Pass,None,2024-10-19
SMP008024,11,8,Fail,Formalin,2024-10-19
SMP008025,6,15,Fail,Urea,2024-10-19
SMP008026,11,13,Pass,None,2024-10-19
SMP008027,23,4,Fail,Chalk Powder,2024-10-19
SMP008028,6,5,Fail,Chalk Powder,2024-10-20
SMP008029,15,5,Pass,None,2024-10-20
SMP008030,22,15,Fail,Synthetic Color,2024-10-20
SMP008031,9,16,Pass,None,2024-10-20
SMP008032,18,13,Pass,None,2024-10-20
SMP008033,7,8,Pass,None,2024-10-20
SMP008034,3,1,Pass,None,2024-10-20
SMP008035,22,11,Pass,None,2024-10-20
SMP008036,3,6,Pass,None,2024-10-20
SMP008037,7,11,Pass,None,2024-10-20
SMP008038,23,10,Pass,None,2024-10-20
SMP008039,9,8,Pass,None,2024-10-20
SMP008040,25,16,Fail,Starch,2024-10-20
SMP008041,25,1,Pass,None,2024-10-20
SMP008042,7,12,Fail,Synthetic Color,2024-10-20
SMP008043,2,6,Pass,None,2024-10-20
SMP008044,19,12,Pass,None,2024-10-20
SMP008045,13,11,Pass,None,2024-10-20
SMP008046,3,1,Fail,Starch,2024-10-20
SMP008047,19,5,Pass,None,2024-10-20
SMP008048,1,3,Fail,Detergent,2024-10-20
SMP008049,23,3,Pass,None,2024-10-20
SMP008050,4,12,Pass,None,2024-10-20
SMP008051,4,4,Fail,Detergent,2024-10-20
SMP008052,5,7,Pass,None,2024-10-20
SMP008053,25,4,Fail,Starch,2024-10-20
SMP008054,19,10,Fail,Formalin,2024-10-20
SMP008055,22,12,Pass,None,2024-10-20
SMP008056,10,5,Fail,Urea,2024-10-21
SMP008057,9,10,Pass,None,2024-10-21
SMP008058,6,14,Pass,None,2024-10-21
SMP008059,14,2,Pass,None,2024-10-21
SMP008060,16,12,Pass,None,2024-10-21
SMP008061,17,5,Pass,None,2024-10-21
SMP008062,7,2,Pass,None,2024-10-21
SMP008063,25,9,Fail,Detergent,2024-10-21
SMP008064,5,4,Pass,None,2024-10-21
SMP008065,25,14,Pass,None,2024-10-21
SMP008066,1,1,Fail,Formalin,2024-10-21
SMP008067,14,2,Pass,None,2024-10-21
SMP008068,9,8,Pass,None,2024-10-21
SMP008069,13,10,Pass,None,2024-10-21
SMP008070,16,12,Pass,None,2024-10-21
SMP008071,12,4,Pass,None,2024-10-21
SMP008072,12,14,Pass,None,2024-10-21
SMP008073,20,16,Pass,None,2024-10-21
SMP008074,19,8,Pass,None,2024-10-21
SMP008075,23,13,Pass,None,2024-10-21
SMP008076,7,8,Pass,None,2024-10-21
SMP008077,17,1,Fail,Synthetic Color,2024-10-21
SMP008078,17,5,Fail,Detergent,2024-10-21
SMP008079,9,2,Pass,None,2024-10-21
SMP008080,14,16,Fail,Chalk Powder,2024-10-21
SMP008081,8,4,Pass,None,2024-10-21
SMP008082,5,11,Pass,None,2024-10-21
SMP008083,6,5,Pass,None,2024-10-22
SMP008084,3,11,Pass,None,2024-10-22
SMP008085,19,4,Fail,Chalk Powder,2024-10-22
SMP008086,18,13,Fail,Formalin,2024-10-22
SMP008087,25,2,Pass,None,2024-10-22
SMP008088,20,15,Fail,Urea,2024-10-22
SMP008089,2,14,Pass,None,2024-10-22
SMP008090,23,11,Fail,Chalk Powder,2024-10-22
SMP008091,23,1,Pass,None,2024-10-22
SMP008092,13,4,Fail,Synthetic Color,2024-10-22
SMP008093,17,14,Pass,None,2024-10-22
SMP008094,25,2,Fail,Detergent,2024-10-22
SMP008095,16,3,Fail,Chalk Powder,2024-10-22
SMP008096,24,9,Pass,None,2024-10-22
SMP008097,3,4,Pass,None,2024-10-22
SMP008098,5,4,Fail,Detergent,2024-10-22
SMP008099,12,9,Fail,Urea,2024-10-22
SMP008100,17,6,Pass,None,2024-10-22
SMP008101,22,2,Pass,None,2024-10-22
SMP008102,26,9,Fail,Starch,2024-10-22
SMP008103,10,6,Fail,Chalk Powder,2024-10-22
SMP008104,2,12,Fail,Detergent,2024-10-22
SMP008105,22,2,Fail,Starch,2024-10-22
SMP008106,17,10,Fail,Urea,2024-10-22
SMP008107,5,6,Pass,None,2024-10-22
SMP008108,14,6,Pass,None,2024-10-22
SMP008109,21,4,Pass,None,2024-10-22
SMP008110,21,1,Fail,Chalk Powder,2024-10-22
SMP008111,14,14,Pass,None,2024-10-23
SMP008112,8,5,Fail,Urea,2024-10-23
SMP008113,25,11,Fail,Chalk Powder,2024-10-23
SMP008114,18,16,Pass,None,2024-10-23
SMP008115,11,9,Fail,Formalin,2024-10-23
SMP008116,7,6,Pass,None,2024-10-23
SMP008117,20,4,Fail,Detergent,2024-10-23
SMP008118,7,16,Pass,None,2024-10-23
SMP008119,5,11,Pass,None,2024-10-23
SMP008120,16,11,Pass,None,2024-10-23
SMP008121,8,6,Pass,None,2024-10-23
SMP008122,17,14,Fail,Synthetic Color,2024-10-23
SMP008123,4,12,Fail,Chalk Powder,2024-10-23
SMP008124,18,5,Fail,Synthetic Color,2024-10-23
SMP008125,8,10,Pass,None,2024-10-23
SMP008126,1,6,Pass,None,2024-10-23
SMP008127,4,1,Pass,None,2024-10-23
SMP008128,24,13,Fail,Chalk Powder,2024-10-23
SMP008129,23,2,Pass,None,2024-10-23
SMP008130,6,8,Fail,Urea,2024-10-23
SMP008131,22,5,Fail,Synthetic Color,2024-10-23
SMP008132,17,5,Pass,None,2024-10-23
SMP008133,25,7,Fail,Synthetic Color,2024-10-23
SMP008134,9,16,Pass,None,2024-10-23
SMP008135,19,6,Fail,Chalk Powder,2024-10-23
SMP008136,2,3,Fail,Synthetic Color,2024-10-23
SMP008137,10,10,Fail,Formalin,2024-10-23
SMP008138,25,4,Pass,None,2024-10-24
SMP008139,16,2,Pass,None,2024-10-24
SMP008140,8,1,Fail,Formalin,2024-10-24
SMP008141,4,1,Fail,Chalk Powder,2024-10-24
SMP008142,19,6,Fail,Urea,2024-10-24
SMP008143,18,6,Fail,Chalk Powder,2024-10-24
SMP008144,9,3,Pass,None,2024-10-24
SMP008145,25,13,Pass,None,2024-10-24
SMP008146,1,2,Pass,None,2024-10-24
SMP008147,8,15,Fail,Synthetic Color,2024-10-24
SMP008148,24,10,Fail,Urea,2024-10-24
SMP008149,9,1,Pass,None,2024-10-24
SMP008150,7,16,Pass,None,2024-10-24
SMP008151,16,5,Pass,None,2024-10-24
SMP008152,22,7,Pass,None,2024-10-24
SMP008153,3,5,Fail,Urea,2024-10-24
SMP008154,25,12,Fail,Urea,2024-10-24
SMP008155,22,8,Pass,None,2024-10-24
SMP008156,5,2,Fail,Formalin,2024-10-24
SMP008157,19,2,Pass,None,2024-10-24
SMP008158,10,12,Pass,None,2024-10-24
SMP008159,11,4,Pass,None,2024-10-24
SMP008160,22,2,Pass,None,2024-10-24
SMP008161,25,8,Pass,None,2024-10-24
SMP008162,4,13,Pass,None,2024-10-24
SMP008163,12,4,Pass,None,2024-10-24
SMP008164,14,4,Fail,Formalin,2024-10-24
SMP008165,9,14,Pass,None,2024-10-25
SMP008166,9,3,Pass,None,2024-10-25
SMP008167,2,10,Pass,None,2024-10-25
SMP008168,19,16,Pass,None,2024-10-25
SMP008169,12,14,Pass,None,2024-10-25
SMP008170,5,1,Fail,Detergent,2024-10-25
SMP008171,22,5,Pass,None,2024-10-25
SMP008172,22,2,Fail,Chalk Powder,2024-10-25
SMP008173,14,16,Pass,None,2024-10-25
SMP008174,8,16,Pass,None,2024-10-25
SMP008175,18,4,Pass,None,2024-10-25
SMP008176,8,11,Pass,None,2024-10-25
SMP008177,6,14,Pass,None,2024-10-25
SMP008178,20,4,Pass,None,2024-10-25
SMP008179,2,3,Pass,None,2024-10-25
SMP008180,3,1,Fail,Synthetic Color,2024-10-25
SMP008181,1,6,Pass,None,2024-10-25
SMP008182,5,15,Fail,Chalk Powder,2024-10-25
SMP008183,2,15,Pass,None,2024-10-25
SMP008184,26,2,Fail,Starch,2024-10-25
SMP008185,8,4,Fail,Formalin,2024-10-25
SMP008186,5,6,Pass,None,2024-10-25
SMP008187,7,13,Pass,None,2024-10-25
SMP008188,25,10,Pass,None,2024-10-25
SMP008189,15,8,Pass,None,2024-10-25
SMP008190,9,10,Fail,Chalk Powder,2024-10-25
SMP008191,23,2,Fail,Chalk Powder,2024-10-25
SMP008192,10,7,Pass,None,2024-10-25
SMP008193,9,16,Pass,None,2024-10-26
SMP008194,5,2,Pass,None,2024-10-26
SMP008195,10,8,Pass,None,2024-10-26
SMP008196,8,5,Fail,Starch,2024-10-26
SMP008197,19,9,Pass,None,2024-10-26
SMP008198,8,9,Pass,None,2024-10-26
SMP008199,17,9,Fail,Synthetic Color,2024-10-26
SMP008200,2,14,Pass,None,2024-10-26
SMP008201,5,6,Fail,Synthetic Color,2024-10-26
SMP008202,11,8,Pass,None,2024-10-26
SMP008203,25,1,Fail,Formalin,2024-10-26
SMP008204,9,13,Pass,None,2024-10-26
SMP008205,18,4,Pass,None,2024-10-26
SMP008206,7,14,Fail,Starch,2024-10-26
SMP008207,4,4,Fail,Chalk Powder,2024-10-26
SMP008208,2,1,Pass,None,2024-10-26
SMP008209,8,3,Pass,None,2024-10-26
SMP008210,5,16,Fail,Urea,2024-10-26
SMP008211,5,5,Fail,Urea,2024-10-26
SMP008212,21,2,Pass,None,2024-10-26
SMP008213,1,2,Pass,None,2024-10-26
SMP008214,16,5,Pass,None,2024-10-26
SMP008215,10,1,Pass,None,2024-10-26
SMP008216,15,8,Fail,Chalk Powder,2024-10-26
SMP008217,16,4,Pass,None,2024-10-26
SMP008218,8,8,Pass,None,2024-10-26
SMP008219,8,2,Pass,None,2024-10-26
SMP008220,20,6,Pass,None,2024-10-27
SMP008221,23,10,Fail,Formalin,2024-10-27
SMP008222,5,1,Fail,Starch,2024-10-27
SMP008223,3,6,Fail,Formalin,2024-10-27
SMP008224,24,5,Pass,None,2024-10-27
SMP008225,9,4,Pass,None,2024-10-27
SMP008226,16,10,Fail,Urea,2024-10-27
SMP008227,9,10,Pass,None,2024-10-27
SMP008228,4,11,Pass,None,2024-10-27
SMP008229,17,3,Fail,Synthetic Color,2024-10-27
SMP008230,15,5,Pass,None,2024-10-27
SMP008231,5,4,Pass,None,2024-10-27
SMP008232,13,9,Fail,Formalin,2024-10-27
SMP008233,22,7,Pass,None,2024-10-27
SMP008234,17,5,Pass,None,2024-10-27
SMP008235,3,13,Fail,Urea,2024-10-27
SMP008236,16,2,Pass,None,2024-10-27
SMP008237,19,16,Fail,Synthetic Color,2024-10-27
SMP008238,22,2,Pass,None,2024-10-27
SMP008239,17,13,Pass,None,2024-10-27
SMP008240,5,6,Pass,None,2024-10-27
SMP008241,19,15,Pass,None,2024-10-27
SMP008242,19,1,Fail,Chalk Powder,2024-10-27
SMP008243,1,6,Pass,None,2024-10-27
SMP008244,11,5,Pass,None,2024-10-27
SMP008245,9,16,Pass,None,2024-10-27
SMP008246,19,16,Fail,Formalin,2024-10-27
SMP008247,6,3,Pass,None,2024-10-27
SMP008248,17,11,Pass,None,2024-10-28
SMP008249,24,9,Fail,Formalin,2024-10-28
SMP008250,22,3,Pass,None,2024-10-28
SMP008251,24,3,Pass,None,2024-10-28
SMP008252,25,16,Pass,None,2024-10-28
SMP008253,1,7,Pass,None,2024-10-28
SMP008254,17,2,Fail,Urea,2024-10-28
SMP008255,11,4,Fail,Urea,2024-10-28
SMP008256,23,4,Pass,None,2024-10-28
SMP008257,7,8,Pass,None,2024-10-28
SMP008258,26,5,Fail,Synthetic Color,2024-10-28
SMP008259,17,7,Pass,None,2024-10-28
SMP008260,22,3,Pass,None,2024-10-28
SMP008261,3,5,Fail,Detergent,2024-10-28
SMP008262,5,1,Pass,None,2024-10-28
SMP008263,21,15,Fail,Synthetic Color,2024-10-28
SMP008264,1,3,Pass,None,2024-10-28
SMP008265,22,12,Pass,None,2024-10-28
SMP008266,1,5,Pass,None,2024-10-28
SMP008267,18,7,Pass,None,2024-10-28
SMP008268,9,5,Pass,None,2024-10-28
SMP008269,17,11,Fail,Formalin,2024-10-28
SMP008270,19,14,Pass,None,2024-10-28
SMP008271,9,5,Fail,Formalin,2024-10-28
SMP008272,3,4,Pass,None,2024-10-28
SMP008273,2,11,Pass,None,2024-10-28
SMP008274,17,3,Pass,None,2024-10-28
SMP008275,15,11,Pass,None,2024-10-29
SMP008276,21,2,Pass,None,2024-10-29
SMP008277,15,10,Fail,Formalin,2024-10-29
SMP008278,12,8,Pass,None,2024-10-29
SMP008279,10,2,Pass,None,2024-10-29
SMP008280,1,11,Fail,Chalk Powder,2024-10-29
SMP008281,9,7,Fail,Urea,2024-10-29
SMP008282,25,4,Fail,Formalin,2024-10-29
SMP008283,23,5,Pass,None,2024-10-29
SMP008284,9,8,Pass,None,2024-10-29
SMP008285,17,2,Pass,None,2024-10-29
SMP008286,23,16,Pass,None,2024-10-29
SMP008287,12,11,Fail,Formalin,2024-10-29
SMP008288,1,2,Pass,None,2024-10-29
SMP008289,2,14,Fail,Synthetic Color,2024-10-29
SMP008290,15,5,Fail,Urea,2024-10-29
SMP008291,25,10,Fail,Synthetic Color,2024-10-29
SMP008292,19,4,Fail,Detergent,2024-10-29
SMP008293,2,12,Pass,None,2024-10-29
SMP008294,5,12,Pass,None,2024-10-29
SMP008295,21,9,Pass,None,2024-10-29
SMP008296,23,4,Pass,None,2024-10-29
SMP008297,17,4,Fail,Synthetic Color,2024-10-29
SMP008298,18,6,Pass,None,2024-10-29
SMP008299,1,3,Pass,None,2024-10-29
SMP008300,23,5,Pass,None,2024-10-29
SMP008301,22,11,Fail,Synthetic Color,2024-10-29
SMP008302,7,14,Pass,None,2024-10-30
SMP008303,19,5,Pass,None,2024-10-30
SMP008304,6,4,Fail,Detergent,2024-10-30
SMP008305,2,14,Fail,Synthetic Color,2024-10-30
SMP008306,5,15,Pass,None,2024-10-30
SMP008307,5,6,Fail,Formalin,2024-10-30
SMP008308,9,1,Pass,None,2024-10-30
SMP008309,12,11,Pass,None,2024-10-30
SMP008310,15,13,Pass,None,2024-10-30
SMP008311,14,1,Pass,None,2024-10-30
SMP008312,7,10,Pass,None,2024-10-30
SMP008313,1,10,Pass,None,2024-10-30
SMP008314,17,6,Pass,None,2024-10-30
SMP008315,10,12,Fail,Formalin,2024-10-30
SMP008316,8,6,Pass,None,2024-10-30
SMP008317,23,11,Pass,None,2024-10-30
SMP008318,21,8,Pass,None,2024-10-30
SMP008319,23,4,Pass,None,2024-10-30
SMP008320,14,10,Pass,None,2024-10-30
SMP008321,4,12,Fail,Starch,2024-10-30
SMP008322,19,16,Pass,None,2024-10-30
SMP008323,5,6,Pass,None,2024-10-30
SMP008324,12,1,Pass,None,2024-10-30
SMP008325,2,16,Pass,None,2024-10-30
SMP008326,23,10,Fail,Urea,2024-10-30
SMP008327,4,16,Fail,Formalin,2024-10-30
SMP008328,24,2,Fail,Chalk Powder,2024-10-30
SMP008329,23,5,Fail,Urea,2024-10-30
SMP008330,13,2,Pass,None,2024-10-31
SMP008331,21,14,Pass,None,2024-10-31
SMP008332,17,15,Fail,Synthetic Color,2024-10-31
SMP008333,22,8,Pass,None,2024-10-31
SMP008334,12,3,Pass,None,2024-10-31
SMP008335,22,2,Pass,None,2024-10-31
SMP008336,13,10,Fail,Starch,2024-10-31
SMP008337,25,8,Fail,Chalk Powder,2024-10-31
SMP008338,14,11,Pass,None,2024-10-31
SMP008339,13,5,Fail,Formalin,2024-10-31
SMP008340,22,6,Fail,Chalk Powder,2024-10-31
SMP008341,22,1,Fail,Synthetic Color,2024-10-31
SMP008342,16,10,Fail,Starch,2024-10-31
SMP008343,5,6,Pass,None,2024-10-31
SMP008344,13,15,Pass,None,2024-10-31
SMP008345,25,11,Fail,Chalk Powder,2024-10-31
SMP008346,21,6,Fail,Synthetic Color,2024-10-31
SMP008347,22,4,Pass,None,2024-10-31
SMP008348,1,15,Fail,Urea,2024-10-31
SMP008349,13,1,Pass,None,2024-10-31
SMP008350,18,5,Pass,None,2024-10-31
SMP008351,23,16,Fail,Synthetic Color,2024-10-31
SMP008352,2,11,Fail,Synthetic Color,2024-10-31
SMP008353,23,9,Pass,None,2024-10-31
SMP008354,16,4,Fail,Synthetic Color,2024-10-31
SMP008355,5,14,Pass,None,2024-10-31
SMP008356,8,4,Pass,None,2024-10-31
SMP008357,8,4,Fail,Starch,2024-11-01
SMP008358,16,3,Pass,None,2024-11-01
SMP008359,2,3,Fail,Chalk Powder,2024-11-01
SMP008360,5,16,Pass,None,2024-11-01
SMP008361,22,10,Pass,None,2024-11-01
SMP008362,4,11,Pass,None,2024-11-01
SMP008363,6,16,Pass,None,2024-11-01
SMP008364,13,4,Pass,None,2024-11-01
SMP008365,15,1,Pass,None,2024-11-01
SMP008366,21,10,Pass,None,2024-11-01
SMP008367,13,8,Pass,None,2024-11-01
SMP008368,22,7,Fail,Synthetic Color,2024-11-01
SMP008369,17,1,Pass,None,2024-11-01
SMP008370,4,7,Fail,Starch,2024-11-01
SMP008371,5,5,Pass,None,2024-11-01
SMP008372,12,4,Fail,Starch,2024-11-01
SMP008373,10,4,Pass,None,2024-11-01
SMP008374,21,5,Fail,Detergent,2024-11-01
SMP008375,17,5,Pass,None,2024-11-01
SMP008376,10,5,Pass,None,2024-11-01
SMP008377,5,16,Pass,None,2024-11-01
SMP008378,6,15,Pass,None,2024-11-01
SMP008379,17,9,Pass,None,2024-11-01
SMP008380,12,16,Pass,None,2024-11-01
SMP008381,15,16,Pass,None,2024-11-01
SMP008382,5,5,Fail,Synthetic Color,2024-11-01
SMP008383,18,7,Pass,None,2024-11-01
SMP008384,23,16,Fail,Formalin,2024-11-01
SMP008385,7,10,Fail,Starch,2024-11-02
SMP008386,14,4,Pass,None,2024-11-02
SMP008387,25,11,Fail,Synthetic Color,2024-11-02
SMP008388,9,4,Pass,None,2024-11-02
SMP008389,17,5,Fail,Formalin,2024-11-02
SMP008390,3,4,Fail,Urea,2024-11-02
SMP008391,17,4,Fail,Formalin,2024-11-02
SMP008392,3,1,Fail,Starch,2024-11-02
SMP008393,25,15,Fail,Starch,2024-11-02
SMP008394,19,5,Pass,None,2024-11-02
SMP008395,22,2,Fail,Starch,2024-11-02
SMP008396,19,2,Pass,None,2024-11-02
SMP008397,17,9,Pass,None,2024-11-02
SMP008398,13,16,Fail,Chalk Powder,2024-11-02
SMP008399,23,3,Fail,Detergent,2024-11-02
SMP008400,25,2,Fail,Formalin,2024-11-02
SMP008401,14,7,Pass,None,2024-11-02
SMP008402,24,9,Pass,None,2024-11-02
SMP008403,17,5,Pass,None,2024-11-02
SMP008404,16,5,Pass,None,2024-11-02
SMP008405,13,6,Pass,None,2024-11-02
SMP008406,5,5,Pass,None,2024-11-02
SMP008407,1,15,Pass,None,2024-11-02
SMP008408,7,1,Pass,None,2024-11-02
SMP008409,15,4,Pass,None,2024-11-02
SMP008410,10,13,Pass,None,2024-11-02
SMP008411,13,14,Pass,None,2024-11-02
SMP008412,25,2,Pass,None,2024-11-03
SMP008413,9,16,Pass,None,2024-11-03
SMP008414,13,11,Pass,None,2024-11-03
SMP008415,4,4,Pass,None,2024-11-03
SMP008416,2,7,Pass,None,2024-11-03
SMP008417,21,5,Pass,None,2024-11-03
SMP008418,16,3,Fail,Chalk Powder,2024-11-03
SMP008419,21,5,Pass,None,2024-11-03
SMP008420,5,10,Pass,None,2024-11-03
SMP008421,16,14,Fail,Synthetic Color,2024-11-03
SMP008422,7,6,Pass,None,2024-11-03
SMP008423,6,5,Fail,Synthetic Color,2024-11-03
SMP008424,1,7,Pass,None,2024-11-03
SMP008425,4,11,Fail,Starch,2024-11-03
SMP008426,8,12,Pass,None,2024-11-03
SMP008427,4,5,Fail,Formalin,2024-11-03
SMP008428,26,10,Fail,Chalk Powder,2024-11-03
SMP008429,8,6,Pass,None,2024-11-03
SMP008430,4,12,Fail,Urea,2024-11-03
SMP008431,5,3,Pass,None,2024-11-03
SMP008432,17,4,Pass,None,2024-11-03
SMP008433,2,6,Fail,Formalin,2024-11-03
SMP008434,23,15,Pass,None,2024-11-03
SMP008435,25,9,Fail,Synthetic Color,2024-11-03
SMP008436,7,16,Pass,None,2024-11-03
SMP008437,13,2,Pass,None,2024-11-03
SMP008438,1,7,Pass,None,2024-11-03
SMP008439,18,6,Pass,None,2024-11-04
SMP008440,12,10,Fail,Starch,2024-11-04
SMP008441,7,13,Pass,None,2024-11-04
SMP008442,5,14,Pass,None,2024-11-04
SMP008443,18,11,Fail,Formalin,2024-11-04
SMP008444,12,11,Pass,None,2024-11-04
SMP008445,5,16,Pass,None,2024-11-04
SMP008446,19,6,Pass,None,2024-11-04
SMP008447,16,14,Pass,None,2024-11-04
SMP008448,23,15,Pass,None,2024-11-04
SMP008449,4,8,Pass,None,2024-11-04
SMP008450,22,12,Pass,None,2024-11-04
SMP008451,19,6,Pass,None,2024-11-04
SMP008452,4,3,Fail,Detergent,2024-11-04
SMP008453,19,10,Pass,None,2024-11-04
SMP008454,12,3,Pass,None,2024-11-04
SMP008455,25,7,Pass,None,2024-11-04
SMP008456,5,15,Pass,None,2024-11-04
SMP008457,18,2,Pass,None,2024-11-04
SMP008458,10,1,Fail,Starch,2024-11-04
SMP008459,25,10,Fail,Detergent,2024-11-04
SMP008460,9,5,Fail,Chalk Powder,2024-11-04
SMP008461,25,6,Fail,Starch,2024-11-04
SMP008462,24,6,Fail,Synthetic Color,2024-11-04
SMP008463,7,2,Pass,None,2024-11-04
SMP008464,22,1,Pass,None,2024-11-04
SMP008465,26,15,Pass,None,2024-11-04
SMP008466,7,4,Fail,Urea,2024-11-04
SMP008467,12,6,Pass,None,2024-11-05
SMP008468,15,16,Fail,Formalin,2024-11-05
SMP008469,8,14,Fail,Chalk Powder,2024-11-05
SMP008470,1,2,Pass,None,2024-11-05
SMP008471,6,8,Pass,None,2024-11-05
SMP008472,8,12,Pass,None,2024-11-05
SMP008473,13,11,Pass,None,2024-11-05
SMP008474,5,13,Pass,None,2024-11-05
SMP008475,23,7,Pass,None,2024-11-05
SMP008476,19,3,Fail,Formalin,2024-11-05
SMP008477,3,7,Pass,None,2024-11-05
SMP008478,18,11,Pass,None,2024-11-05
SMP008479,18,10,Pass,None,2024-11-05
SMP008480,25,1,Fail,Starch,2024-11-05
SMP008481,1,1,Pass,None,2024-11-05
SMP008482,7,16,Pass,None,2024-11-05
SMP008483,24,3,Pass,None,2024-11-05
SMP008484,24,5,Pass,None,2024-11-05
SMP008485,19,13,Pass,None,2024-11-05
SMP008486,21,6,Pass,None,2024-11-05
SMP008487,3,3,Pass,None,2024-11-05
SMP008488,15,7,Pass,None,2024-11-05
SMP008489,6,9,Pass,None,2024-11-05
SMP008490,5,7,Fail,Chalk Powder,2024-11-05
SMP008491,22,15,Pass,None,2024-11-05
SMP008492,4,5,Pass,None,2024-11-05
SMP008493,13,11,Fail,Urea,2024-11-05
SMP008494,25,2,Pass,None,2024-11-06
SMP008495,5,6,Fail,Urea,2024-11-06
SMP008496,25,12,Pass,None,2024-11-06
SMP008497,26,4,Fail,Chalk Powder,2024-11-06
SMP008498,16,10,Pass,None,2024-11-06
SMP008499,5,3,Fail,Synthetic Color,2024-11-06
SMP008500,8,2,Pass,None,2024-11-06
SMP008501,12,8,Fail,Detergent,2024-11-06
SMP008502,8,11,Fail,Formalin,2024-11-06
SMP008503,7,2,Pass,None,2024-11-06
SMP008504,25,15,Fail,Starch,2024-11-06
SMP008505,5,4,Pass,None,2024-11-06
SMP008506,20,2,Pass,None,2024-11-06
SMP008507,1,4,Fail,Urea,2024-11-06
SMP008508,17,3,Fail,Formalin,2024-11-06
SMP008509,24,2,Fail,Formalin,2024-11-06
SMP008510,8,13,Pass,None,2024-11-06
SMP008511,5,8,Pass,None,2024-11-06
SMP008512,18,6,Pass,None,2024-11-06
SMP008513,19,16,Pass,None,2024-11-06
SMP008514,19,6,Pass,None,2024-11-06
SMP008515,9,3,Pass,None,2024-11-06
SMP008516,7,4,Fail,Formalin,2024-11-06
SMP008517,25,4,Pass,None,2024-11-06
SMP008518,24,8,Pass,None,2024-11-06
SMP008519,13,5,Fail,Chalk Powder,2024-11-06
SMP008520,23,8,Pass,None,2024-11-06
SMP008521,13,11,Fail,Urea,2024-11-06
SMP008522,12,13,Pass,None,2024-11-07
SMP008523,5,12,Pass,None,2024-11-07
SMP008524,12,4,Fail,Synthetic Color,2024-11-07
SMP008525,16,2,Fail,Formalin,2024-11-07
SMP008526,1,9,Pass,None,2024-11-07
SMP008527,13,3,Pass,None,2024-11-07
SMP008528,22,2,Pass,None,2024-11-07
SMP008529,19,9,Pass,None,2024-11-07
SMP008530,18,5,Fail,Urea,2024-11-07
SMP008531,24,12,Pass,None,2024-11-07
SMP008532,1,5,Fail,Urea,2024-11-07
SMP008533,16,16,Pass,None,2024-11-07
SMP008534,22,12,Fail,Starch,2024-11-07
SMP008535,16,1,Pass,None,2024-11-07
SMP008536,9,8,Pass,None,2024-11-07
SMP008537,4,9,Pass,None,2024-11-07
SMP008538,24,11,Pass,None,2024-11-07
SMP008539,13,8,Pass,None,2024-11-07
SMP008540,23,8,Fail,Synthetic Color,2024-11-07
SMP008541,17,6,Pass,None,2024-11-07
SMP008542,19,4,Pass,None,2024-11-07
SMP008543,22,16,Pass,None,2024-11-07
SMP008544,18,5,Fail,Synthetic Color,2024-11-07
SMP008545,10,1,Fail,Synthetic Color,2024-11-07
SMP008546,15,3,Pass,None,2024-11-07
SMP008547,22,14,Pass,None,2024-11-07
SMP008548,9,10,Fail,Chalk Powder,2024-11-07
SMP008549,10,13,Fail,Urea,2024-11-08
SMP008550,3,13,Fail,Urea,2024-11-08
SMP008551,24,14,Fail,Synthetic Color,2024-11-08
SMP008552,3,9,Pass,None,2024-11-08
SMP008553,18,3,Pass,None,2024-11-08
SMP008554,11,3,Pass,None,2024-11-08
SMP008555,11,9,Pass,None,2024-11-08
SMP008556,19,6,Pass,None,2024-11-08
SMP008557,2,9,Pass,None,2024-11-08
SMP008558,17,8,Pass,None,2024-11-08
SMP008559,21,10,Pass,None,2024-11-08
SMP008560,23,1,Fail,Chalk Powder,2024-11-08
SMP008561,5,1,Fail,Urea,2024-11-08
SMP008562,24,12,Fail,Synthetic Color,2024-11-08
SMP008563,18,3,Fail,Starch,2024-11-08
SMP008564,23,11,Pass,None,2024-11-08
SMP008565,14,9,Fail,Detergent,2024-11-08
SMP008566,16,16,Fail,Chalk Powder,2024-11-08
SMP008567,24,14,Pass,None,2024-11-08
SMP008568,24,6,Pass,None,2024-11-08
SMP008569,13,10,Pass,None,2024-11-08
SMP008570,7,2,Fail,Detergent,2024-11-08
SMP008571,10,6,Pass,None,2024-11-08
SMP008572,10,12,Fail,Detergent,2024-11-08
SMP008573,8,10,Pass,None,2024-11-08
SMP008574,7,8,Pass,None,2024-11-08
SMP008575,23,3,Pass,None,2024-11-08
SMP008576,2,13,Pass,None,2024-11-09
SMP008577,19,4,Fail,Detergent,2024-11-09
SMP008578,5,14,Pass,None,2024-11-09
SMP008579,9,10,Pass,None,2024-11-09
SMP008580,2,6,Pass,None,2024-11-09
SMP008581,7,1,Pass,None,2024-11-09
SMP008582,21,4,Pass,None,2024-11-09
SMP008583,23,15,Pass,None,2024-11-09
SMP008584,6,14,Fail,Starch,2024-11-09
SMP008585,13,9,Pass,None,2024-11-09
SMP008586,13,7,Pass,None,2024-11-09
SMP008587,23,11,Pass,None,2024-11-09
SMP008588,21,7,Pass,None,2024-11-09
SMP008589,15,11,Fail,Urea,2024-11-09
SMP008590,19,5,Pass,None,2024-11-09
SMP008591,23,14,Pass,None,2024-11-09
SMP008592,1,12,Pass,None,2024-11-09
SMP008593,11,5,Pass,None,2024-11-09
SMP008594,24,14,Fail,Starch,2024-11-09
SMP008595,21,8,Pass,None,2024-11-09
SMP008596,16,3,Pass,None,2024-11-09
SMP008597,16,2,Pass,None,2024-11-09
SMP008598,9,12,Pass,None,2024-11-09
SMP008599,15,15,Fail,Formalin,2024-11-09
SMP008600,18,13,Pass,None,2024-11-09
SMP008601,12,11,Pass,None,2024-11-09
SMP008602,19,2,Pass,None,2024-11-09
SMP008603,23,2,Pass,None,2024-11-09
SMP008604,5,5,Pass,None,2024-11-10
SMP008605,13,14,Pass,None,2024-11-10
SMP008606,11,16,Pass,None,2024-11-10
SMP008607,19,4,Pass,None,2024-11-10
SMP008608,7,13,Pass,None,2024-11-10
SMP008609,18,9,Fail,Chalk Powder,2024-11-10
SMP008610,23,1,Pass,None,2024-11-10
SMP008611,12,9,Pass,None,2024-11-10
SMP008612,24,13,Fail,Urea,2024-11-10
SMP008613,26,4,Fail,Synthetic Color,2024-11-10
SMP008614,3,15,Pass,None,2024-11-10
SMP008615,6,4,Pass,None,2024-11-10
SMP008616,25,2,Pass,None,2024-11-10
SMP008617,25,3,Pass,None,2024-11-10
SMP008618,3,14,Fail,Formalin,2024-11-10
SMP008619,1,6,Pass,None,2024-11-10
SMP008620,5,13,Fail,Formalin,2024-11-10
SMP008621,26,9,Pass,None,2024-11-10
SMP008622,5,8,Pass,None,2024-11-10
SMP008623,14,13,Pass,None,2024-11-10
SMP008624,23,6,Fail,Chalk Powder,2024-11-10
SMP008625,1,13,Pass,None,2024-11-10
SMP008626,17,2,Pass,None,2024-11-10
SMP008627,7,11,Fail,Starch,2024-11-10
SMP008628,23,12,Pass,None,2024-11-10
SMP008629,8,15,Pass,None,2024-11-10
SMP008630,19,4,Pass,None,2024-11-10
SMP008631,19,10,Pass,None,2024-11-11
SMP008632,6,6,Fail,Formalin,2024-11-11
SMP008633,1,6,Fail,Starch,2024-11-11
SMP008634,11,2,Fail,Formalin,2024-11-11
SMP008635,8,2,Pass,None,2024-11-11
SMP008636,22,14,Fail,Starch,2024-11-11
SMP008637,22,12,Pass,None,2024-11-11
SMP008638,13,6,Pass,None,2024-11-11
SMP008639,17,14,Pass,None,2024-11-11
SMP008640,17,2,Pass,None,2024-11-11
SMP008641,23,10,Pass,None,2024-11-11
SMP008642,12,15,Fail,Urea,2024-11-11
SMP008643,7,14,Pass,None,2024-11-11
SMP008644,7,6,Fail,Formalin,2024-11-11
SMP008645,16,12,Fail,Starch,2024-11-11
SMP008646,13,6,Pass,None,2024-11-11
SMP008647,12,14,Pass,None,2024-11-11
SMP008648,3,9,Fail,Detergent,2024-11-11
SMP008649,19,13,Pass,None,2024-11-11
SMP008650,6,2,Fail,Detergent,2024-11-11
SMP008651,5,10,Pass,None,2024-11-11
SMP008652,11,9,Pass,None,2024-11-11
SMP008653,6,10,Pass,None,2024-11-11
SMP008654,17,11,Pass,None,2024-11-11
SMP008655,9,15,Pass,None,2024-11-11
SMP008656,13,13,Fail,Formalin,2024-11-11
SMP008657,16,4,Pass,None,2024-11-11
SMP008658,5,14,Pass,None,2024-11-11
SMP008659,5,2,Pass,None,2024-11-12
SMP008660,23,10,Pass,None,2024-11-12
SMP008661,12,15,Pass,None,2024-11-12
SMP008662,11,2,Pass,None,2024-11-12
SMP008663,1,14,Pass,None,2024-11-12
SMP008664,14,13,Pass,None,2024-11-12
SMP008665,16,8,Fail,Chalk Powder,2024-11-12
SMP008666,16,5,Pass,None,2024-11-12
SMP008667,19,6,Pass,None,2024-11-12
SMP008668,5,16,Pass,None,2024-11-12
SMP008669,7,4,Pass,None,2024-11-12
SMP008670,22,10,Pass,None,2024-11-12
SMP008671,25,2,Pass,None,2024-11-12
SMP008672,4,4,Fail,Starch,2024-11-12
SMP008673,14,13,Fail,Urea,2024-11-12
SMP008674,6,5,Fail,Chalk Powder,2024-11-12
SMP008675,2,16,Pass,None,2024-11-12
SMP008676,9,8,Pass,None,2024-11-12
SMP008677,5,8,Pass,None,2024-11-12
SMP008678,19,1,Fail,Chalk Powder,2024-11-12
SMP008679,16,16,Pass,None,2024-11-12
SMP008680,5,3,Pass,None,2024-11-12
SMP008681,1,9,Pass,None,2024-11-12
SMP008682,22,6,Pass,None,2024-11-12
SMP008683,5,6,Fail,Formalin,2024-11-12
SMP008684,17,11,Pass,None,2024-11-12
SMP008685,9,11,Pass,None,2024-11-12
SMP008686,17,3,Fail,Urea,2024-11-13
SMP008687,8,8,Pass,None,2024-11-13
SMP008688,3,13,Fail,Starch,2024-11-13
SMP008689,6,7,Fail,Detergent,2024-11-13
SMP008690,5,3,Pass,None,2024-11-13
SMP008691,12,5,Pass,None,2024-11-13
SMP008692,18,4,Fail,Starch,2024-11-13
SMP008693,7,2,Pass,None,2024-11-13
SMP008694,1,6,Pass,None,2024-11-13
SMP008695,15,9,Pass,None,2024-11-13
SMP008696,17,1,Fail,Chalk Powder,2024-11-13
SMP008697,25,10,Pass,None,2024-11-13
SMP008698,17,16,Pass,None,2024-11-13
SMP008699,13,16,Pass,None,2024-11-13
SMP008700,17,14,Pass,None,2024-11-13
SMP008701,24,4,Fail,Urea,2024-11-13
SMP008702,23,1,Fail,Detergent,2024-11-13
SMP008703,9,14,Pass,None,2024-11-13
SMP008704,6,1,Pass,None,2024-11-13
SMP008705,7,4,Pass,None,2024-11-13
SMP008706,15,9,Pass,None,2024-11-13
SMP008707,21,3,Pass,None,2024-11-13
SMP008708,14,14,Pass,None,2024-11-13
SMP008709,2,13,Pass,None,2024-11-13
SMP008710,19,12,Fail,Formalin,2024-11-13
SMP008711,22,14,Pass,None,2024-11-13
SMP008712,8,4,Fail,Detergent,2024-11-13
SMP008713,18,12,Fail,Chalk Powder,2024-11-14
SMP008714,12,5,Fail,Chalk Powder,2024-11-14
SMP008715,24,11,Pass,None,2024-11-14
SMP008716,23,2,Fail,Formalin,2024-11-14
SMP008717,15,12,Pass,None,2024-11-14
SMP008718,19,16,Pass,None,2024-11-14
SMP008719,23,1,Pass,None,2024-11-14
SMP008720,14,2,Pass,None,2024-11-14
SMP008721,8,2,Pass,None,2024-11-14
SMP008722,21,6,Pass,None,2024-11-14
SMP008723,6,5,Pass,None,2024-11-14
SMP008724,10,13,Pass,None,2024-11-14
SMP008725,23,7,Pass,None,2024-11-14
SMP008726,19,8,Pass,None,2024-11-14
SMP008727,11,12,Pass,None,2024-11-14
SMP008728,6,6,Pass,None,2024-11-14
SMP008729,9,5,Fail,Chalk Powder,2024-11-14
SMP008730,8,12,Pass,None,2024-11-14
SMP008731,5,13,Pass,None,2024-11-14
SMP008732,21,1,Fail,Formalin,2024-11-14
SMP008733,7,3,Pass,None,2024-11-14
SMP008734,13,4,Pass,None,2024-11-14
SMP008735,10,5,Pass,None,2024-11-14
SMP008736,26,5,Pass,None,2024-11-14
SMP008737,10,11,Pass,None,2024-11-14
SMP008738,3,14,Pass,None,2024-11-14
SMP008739,3,3,Fail,Detergent,2024-11-14
SMP008740,17,9,Pass,None,2024-11-14
SMP008741,17,6,Fail,Detergent,2024-11-15
SMP008742,12,8,Pass,None,2024-11-15
SMP008743,12,10,Pass,None,2024-11-15
SMP008744,2,15,Pass,None,2024-11-15
SMP008745,15,3,Pass,None,2024-11-15
SMP008746,15,2,Pass,None,2024-11-15
SMP008747,5,10,Fail,Chalk Powder,2024-11-15
SMP008748,3,6,Pass,None,2024-11-15
SMP008749,4,3,Fail,Urea,2024-11-15
SMP008750,3,2,Pass,None,2024-11-15
SMP008751,17,9,Fail,Detergent,2024-11-15
SMP008752,5,5,Pass,None,2024-11-15
SMP008753,7,16,Fail,Synthetic Color,2024-11-15
SMP008754,5,6,Fail,Detergent,2024-11-15
SMP008755,25,4,Fail,Urea,2024-11-15
SMP008756,23,10,Pass,None,2024-11-15
SMP008757,6,4,Fail,Synthetic Color,2024-11-15
SMP008758,9,8,Pass,None,2024-11-15
SMP008759,5,8,Pass,None,2024-11-15
SMP008760,14,7,Pass,None,2024-11-15
SMP008761,1,13,Pass,None,2024-11-15
SMP008762,19,4,Pass,None,2024-11-15
SMP008763,15,15,Pass,None,2024-11-15
SMP008764,24,13,Pass,None,2024-11-15
SMP008765,5,5,Pass,None,2024-11-15
SMP008766,22,3,Pass,None,2024-11-15
SMP008767,22,4,Pass,None,2024-11-15
SMP008768,4,5,Pass,None,2024-11-16
SMP008769,10,9,Pass,None,2024-11-16
SMP008770,5,1,Pass,None,2024-11-16
SMP008771,7,15,Pass,None,2024-11-16
SMP008772,7,2,Pass,None,2024-11-16
SMP008773,16,4,Fail,Synthetic Color,2024-11-16
SMP008774,11,2,Pass,None,2024-11-16
SMP008775,25,4,Pass,None,2024-11-16
SMP008776,4,14,Fail,Starch,2024-11-16
SMP008777,25,10,Pass,None,2024-11-16
SMP008778,6,4,Pass,None,2024-11-16
SMP008779,21,15,Pass,None,2024-11-16
SMP008780,9,13,Pass,None,2024-11-16
SMP008781,5,12,Pass,None,2024-11-16
SMP008782,23,14,Pass,None,2024-11-16
SMP008783,8,10,Fail,Synthetic Color,2024-11-16
SMP008784,18,8,Pass,None,2024-11-16
SMP008785,16,6,Fail,Chalk Powder,2024-11-16
SMP008786,13,4,Fail,Formalin,2024-11-16
SMP008787,14,9,Pass,None,2024-11-16
SMP008788,20,15,Fail,Urea,2024-11-16
SMP008789,3,10,Pass,None,2024-11-16
SMP008790,19,15,Pass,None,2024-11-16
SMP008791,24,5,Pass,None,2024-11-16
SMP008792,2,11,Fail,Starch,2024-11-16
SMP008793,4,11,Pass,None,2024-11-16
SMP008794,19,11,Fail,Detergent,2024-11-16
SMP008795,12,11,Fail,Synthetic Color,2024-11-16
SMP008796,11,4,Fail,Chalk Powder,2024-11-17
SMP008797,4,3,Pass,None,2024-11-17
SMP008798,15,16,Pass,None,2024-11-17
SMP008799,4,1,Pass,None,2024-11-17
SMP008800,14,7,Pass,None,2024-11-17
SMP008801,21,6,Pass,None,2024-11-17
SMP008802,7,5,Pass,None,2024-11-17
SMP008803,14,13,Pass,None,2024-11-17
SMP008804,26,12,Pass,None,2024-11-17
SMP008805,19,15,Fail,Starch,2024-11-17
SMP008806,23,6,Pass,None,2024-11-17
SMP008807,12,9,Fail,Formalin,2024-11-17
SMP008808,21,15,Pass,None,2024-11-17
SMP008809,2,16,Pass,None,2024-11-17
SMP008810,4,16,Pass,None,2024-11-17
SMP008811,5,12,Fail,Starch,2024-11-17
SMP008812,11,3,Pass,None,2024-11-17
SMP008813,23,1,Pass,None,2024-11-17
SMP008814,9,14,Fail,Formalin,2024-11-17
SMP008815,18,14,Fail,Starch,2024-11-17
SMP008816,19,12,Pass,None,2024-11-17
SMP008817,17,4,Pass,None,2024-11-17
SMP008818,9,11,Pass,None,2024-11-17
SMP008819,17,5,Pass,None,2024-11-17
SMP008820,9,7,Pass,None,2024-11-17
SMP008821,3,6,Pass,None,2024-11-17
SMP008822,26,15,Pass,None,2024-11-17
SMP008823,4,4,Fail,Chalk Powder,2024-11-18
SMP008824,2,9,Pass,None,2024-11-18
SMP008825,23,6,Fail,Starch,2024-11-18
SMP008826,8,11,Pass,None,2024-11-18
SMP008827,18,9,Pass,None,2024-11-18
SMP008828,9,15,Pass,None,2024-11-18
SMP008829,10,2,Fail,Detergent,2024-11-18
SMP008830,7,4,Fail,Chalk Powder,2024-11-18
SMP008831,9,13,Fail,Detergent,2024-11-18
SMP008832,11,6,Pass,None,2024-11-18
SMP008833,19,3,Pass,None,2024-11-18
SMP008834,15,8,Pass,None,2024-11-18
SMP008835,25,11,Pass,None,2024-11-18
SMP008836,2,1,Pass,None,2024-11-18
SMP008837,14,5,Pass,None,2024-11-18
SMP008838,17,13,Pass,None,2024-11-18
SMP008839,24,8,Pass,None,2024-11-18
SMP008840,2,1,Pass,None,2024-11-18
SMP008841,17,5,Fail,Chalk Powder,2024-11-18
SMP008842,23,11,Fail,Chalk Powder,2024-11-18
SMP008843,7,3,Pass,None,2024-11-18
SMP008844,23,14,Pass,None,2024-11-18
SMP008845,1,11,Pass,None,2024-11-18
SMP008846,20,7,Pass,None,2024-11-18
SMP008847,24,15,Fail,Detergent,2024-11-18
SMP008848,18,6,Pass,None,2024-11-18
SMP008849,12,4,Fail,Chalk Powder,2024-11-18
SMP008850,2,11,Pass,None,2024-11-19
SMP008851,24,9,Pass,None,2024-11-19
SMP008852,13,5,Fail,Starch,2024-11-19
SMP008853,1,5,Pass,None,2024-11-19
SMP008854,19,6,Fail,Synthetic Color,2024-11-19
SMP008855,14,5,Pass,None,2024-11-19
SMP008856,4,12,Fail,Starch,2024-11-19
SMP008857,6,11,Fail,Detergent,2024-11-19
SMP008858,2,7,Fail,Starch,2024-11-19
SMP008859,17,6,Pass,None,2024-11-19
SMP008860,17,6,Pass,None,2024-11-19
SMP008861,15,5,Pass,None,2024-11-19
SMP008862,22,2,Fail,Synthetic Color,2024-11-19
SMP008863,23,4,Fail,Chalk Powder,2024-11-19
SMP008864,17,5,Pass,None,2024-11-19
SMP008865,1,9,Pass,None,2024-11-19
SMP008866,19,13,Pass,None,2024-11-19
SMP008867,12,6,Pass,None,2024-11-19
SMP008868,16,16,Pass,None,2024-11-19
SMP008869,18,14,Fail,Formalin,2024-11-19
SMP008870,9,16,Pass,None,2024-11-19
SMP008871,24,15,Fail,Urea,2024-11-19
SMP008872,4,10,Pass,None,2024-11-19
SMP008873,19,10,Pass,None,2024-11-19
SMP008874,1,2,Fail,Detergent,2024-11-19
SMP008875,24,12,Pass,None,2024-11-19
SMP008876,3,10,Pass,None,2024-11-19
SMP008877,3,8,Fail,Starch,2024-11-19
SMP008878,9,11,Pass,None,2024-11-20
SMP008879,9,7,Pass,None,2024-11-20
SMP008880,6,8,Fail,Synthetic Color,2024-11-20
SMP008881,17,6,Pass,None,2024-11-20
SMP008882,13,12,Pass,None,2024-11-20
SMP008883,1,15,Pass,None,2024-11-20
SMP008884,9,14,Pass,None,2024-11-20
SMP008885,22,13,Pass,None,2024-11-20
SMP008886,19,1,Pass,None,2024-11-20
SMP008887,19,15,Pass,None,2024-11-20
SMP008888,19,4,Fail,Detergent,2024-11-20
SMP008889,8,15,Pass,None,2024-11-20
SMP008890,3,3,Pass,None,2024-11-20
SMP008891,7,7,Pass,None,2024-11-20
SMP008892,23,12,Pass,None,2024-11-20
SMP008893,25,11,Pass,None,2024-11-20
SMP008894,14,6,Fail,Chalk Powder,2024-11-20
SMP008895,1,11,Fail,Detergent,2024-11-20
SMP008896,4,9,Fail,Formalin,2024-11-20
SMP008897,9,4,Pass,None,2024-11-20
SMP008898,17,11,Fail,Chalk Powder,2024-11-20
SMP008899,2,4,Pass,None,2024-11-20
SMP008900,25,11,Fail,Urea,2024-11-20
SMP008901,9,1,Fail,Starch,2024-11-20
SMP008902,24,9,Pass,None,2024-11-20
SMP008903,22,6,Pass,None,2024-11-20
SMP008904,21,5,Pass,None,2024-11-20
SMP008905,17,8,Fail,Starch,2024-11-21
SMP008906,17,11,Fail,Detergent,2024-11-21
SMP008907,18,16,Pass,None,2024-11-21
SMP008908,17,14,Fail,Synthetic Color,2024-11-21
SMP008909,16,12,Pass,None,2024-11-21
SMP008910,26,7,Pass,None,2024-11-21
SMP008911,20,6,Fail,Detergent,2024-11-21
SMP008912,21,1,Pass,None,2024-11-21
SMP008913,23,5,Pass,None,2024-11-21
SMP008914,6,14,Pass,None,2024-11-21
SMP008915,3,6,Pass,None,2024-11-21
SMP008916,14,7,Pass,None,2024-11-21
SMP008917,15,4,Pass,None,2024-11-21
SMP008918,23,4,Pass,None,2024-11-21
SMP008919,13,1,Pass,None,2024-11-21
SMP008920,16,10,Pass,None,2024-11-21
SMP008921,15,7,Pass,None,2024-11-21
SMP008922,2,10,Pass,None,2024-11-21
SMP008923,17,9,Pass,None,2024-11-21
SMP008924,23,13,Pass,None,2024-11-21
SMP008925,5,12,Fail,Formalin,2024-11-21
SMP008926,17,13,Fail,Urea,2024-11-21
SMP008927,17,8,Pass,None,2024-11-21
SMP008928,5,5,Pass,None,2024-11-21
SMP008929,4,16,Pass,None,2024-11-21
SMP008930,25,1,Pass,None,2024-11-21
SMP008931,10,3,Pass,None,2024-11-21
SMP008932,6,6,Pass,None,2024-11-21
SMP008933,5,10,Fail,Formalin,2024-11-22
SMP008934,18,1,Fail,Synthetic Color,2024-11-22
SMP008935,17,12,Pass,None,2024-11-22
SMP008936,18,9,Pass,None,2024-11-22
SMP008937,3,8,Fail,Starch,2024-11-22
SMP008938,24,6,Fail,Synthetic Color,2024-11-22
SMP008939,10,8,Pass,None,2024-11-22
SMP008940,8,3,Pass,None,2024-11-22
SMP008941,13,2,Pass,None,2024-11-22
SMP008942,10,5,Pass,None,2024-11-22
SMP008943,23,12,Fail,Formalin,2024-11-22
SMP008944,24,10,Pass,None,2024-11-22
SMP008945,8,8,Pass,None,2024-11-22
SMP008946,23,9,Pass,None,2024-11-22
SMP008947,22,9,Fail,Starch,2024-11-22
SMP008948,24,5,Fail,Urea,2024-11-22
SMP008949,7,2,Pass,None,2024-11-22
SMP008950,17,15,Pass,None,2024-11-22
SMP008951,7,10,Fail,Detergent,2024-11-22
SMP008952,22,11,Pass,None,2024-11-22
SMP008953,1,7,Pass,None,2024-11-22
SMP008954,16,12,Pass,None,2024-11-22
SMP008955,9,10,Pass,None,2024-11-22
SMP008956,9,1,Fail,Urea,2024-11-22
SMP008957,18,15,Pass,None,2024-11-22
SMP008958,23,5,Fail,Detergent,2024-11-22
SMP008959,17,2,Fail,Urea,2024-11-22
SMP008960,23,2,Fail,Chalk Powder,2024-11-23
SMP008961,7,12,Fail,Starch,2024-11-23
SMP008962,15,12,Pass,None,2024-11-23
SMP008963,13,12,Pass,None,2024-11-23
SMP008964,1,15,Pass,None,2024-11-23
SMP008965,16,5,Pass,None,2024-11-23
SMP008966,18,9,Pass,None,2024-11-23
SMP008967,17,10,Fail,Starch,2024-11-23
SMP008968,20,16,Pass,None,2024-11-23
SMP008969,16,5,Pass,None,2024-11-23
SMP008970,2,16,Pass,None,2024-11-23
SMP008971,4,3,Pass,None,2024-11-23
SMP008972,17,13,Pass,None,2024-11-23
SMP008973,7,11,Pass,None,2024-11-23
SMP008974,3,14,Fail,Starch,2024-11-23
SMP008975,12,1,Pass,None,2024-11-23
SMP008976,16,2,Fail,Chalk Powder,2024-11-23
SMP008977,9,1,Pass,None,2024-11-23
SMP008978,19,10,Pass,None,2024-11-23
SMP008979,18,10,Pass,None,2024-11-23
SMP008980,9,15,Pass,None,2024-11-23
SMP008981,21,7,Pass,None,2024-11-23
SMP008982,18,1,Fail,Chalk Powder,2024-11-23
SMP008983,18,4,Fail,Detergent,2024-11-23
SMP008984,16,1,Fail,Chalk Powder,2024-11-23
SMP008985,1,13,Pass,None,2024-11-23
SMP008986,19,14,Pass,None,2024-11-23
SMP008987,9,16,Pass,None,2024-11-24
SMP008988,25,6,Pass,None,2024-11-24
SMP008989,22,1,Pass,None,2024-11-24
SMP008990,17,4,Pass,None,2024-11-24
SMP008991,7,10,Pass,None,2024-11-24
SMP008992,5,16,Pass,None,2024-11-24
SMP008993,9,2,Fail,Starch,2024-11-24
SMP008994,14,2,Fail,Synthetic Color,2024-11-24
SMP008995,8,12,Pass,None,2024-11-24
SMP008996,15,11,Pass,None,2024-11-24
SMP008997,5,4,Pass,None,2024-11-24
SMP008998,25,13,Pass,None,2024-11-24
SMP008999,3,2,Pass,None,2024-11-24
SMP009000,24,15,Pass,None,2024-11-24
SMP009001,24,4,Pass,None,2024-11-24
SMP009002,15,2,Pass,None,2024-11-24
SMP009003,19,5,Pass,None,2024-11-24
SMP009004,12,3,Pass,None,2024-11-24
SMP009005,17,9,Fail,Detergent,2024-11-24
SMP009006,9,11,Fail,Starch,2024-11-24
SMP009007,8,8,Pass,None,2024-11-24
SMP009008,17,11,Fail,Starch,2024-11-24
SMP009009,14,6,Pass,None,2024-11-24
SMP009010,17,1,Pass,None,2024-11-24
SMP009011,8,16,Pass,None,2024-11-24
SMP009012,9,14,Pass,None,2024-11-24
SMP009013,3,1,Pass,None,2024-11-24
SMP009014,2,7,Pass,None,2024-11-24
SMP009015,7,11,Pass,None,2024-11-25
SMP009016,2,3,Pass,None,2024-11-25
SMP009017,3,9,Fail,Chalk Powder,2024-11-25
SMP009018,22,9,Fail,Urea,2024-11-25
SMP009019,2,4,Pass,None,2024-11-25
SMP009020,18,2,Pass,None,2024-11-25
SMP009021,7,13,Fail,Synthetic Color,2024-11-25
SMP009022,23,5,Pass,None,2024-11-25
SMP009023,14,4,Pass,None,2024-11-25
SMP009024,8,12,Pass,None,2024-11-25
SMP009025,15,12,Pass,None,2024-11-25
SMP009026,10,4,Pass,None,2024-11-25
SMP009027,16,15,Pass,None,2024-11-25
SMP009028,4,11,Pass,None,2024-11-25
SMP009029,26,5,Pass,None,2024-11-25
SMP009030,12,6,Pass,None,2024-11-25
SMP009031,9,12,Pass,None,2024-11-25
SMP009032,19,4,Pass,None,2024-11-25
SMP009033,9,7,Pass,None,2024-11-25
SMP009034,23,11,Fail,Synthetic Color,2024-11-25
SMP009035,13,9,Pass,None,2024-11-25
SMP009036,19,10,Pass,None,2024-11-25
SMP009037,3,9,Pass,None,2024-11-25
SMP009038,23,3,Pass,None,2024-11-25
SMP009039,20,6,Fail,Chalk Powder,2024-11-25
SMP009040,6,9,Pass,None,2024-11-25
SMP009041,5,13,Fail,Detergent,2024-11-25
SMP009042,8,11,Pass,None,2024-11-26
SMP009043,25,6,Fail,Synthetic Color,2024-11-26
SMP009044,7,16,Fail,Starch,2024-11-26
SMP009045,13,2,Fail,Detergent,2024-11-26
SMP009046,1,4,Pass,None,2024-11-26
SMP009047,10,5,Pass,None,2024-11-26
SMP009048,16,4,Fail,Chalk Powder,2024-11-26
SMP009049,25,10,Pass,None,2024-11-26
SMP009050,15,1,Pass,None,2024-11-26
SMP009051,22,3,Pass,None,2024-11-26
SMP009052,16,5,Fail,Formalin,2024-11-26
SMP009053,2,11,Fail,Urea,2024-11-26
SMP009054,8,15,Pass,None,2024-11-26
SMP009055,17,13,Pass,None,2024-11-26
SMP009056,25,3,Pass,None,2024-11-26
SMP009057,23,9,Pass,None,2024-11-26
SMP009058,6,1,Pass,None,2024-11-26
SMP009059,6,5,Fail,Urea,2024-11-26
SMP009060,5,13,Pass,None,2024-11-26
SMP009061,24,7,Fail,Formalin,2024-11-26
SMP009062,23,3,Pass,None,2024-11-26
SMP009063,21,7,Pass,None,2024-11-26
SMP009064,10,3,Pass,None,2024-11-26
SMP009065,15,6,Pass,None,2024-11-26
SMP009066,13,8,Pass,None,2024-11-26
SMP009067,7,5,Fail,Chalk Powder,2024-11-26
SMP009068,15,16,Fail,Detergent,2024-11-26
SMP009069,1,9,Pass,None,2024-11-26
SMP009070,4,14,Pass,None,2024-11-27
SMP009071,24,13,Pass,None,2024-11-27
SMP009072,21,11,Pass,None,2024-11-27
SMP009073,12,8,Pass,None,2024-11-27
SMP009074,15,1,Pass,None,2024-11-27
SMP009075,9,10,Pass,None,2024-11-27
SMP009076,21,5,Pass,None,2024-11-27
SMP009077,22,2,Pass,None,2024-11-27
SMP009078,21,7,Pass,None,2024-11-27
SMP009079,19,12,Pass,None,2024-11-27
SMP009080,5,16,Pass,None,2024-11-27
SMP009081,9,6,Pass,None,2024-11-27
SMP009082,13,9,Pass,None,2024-11-27
SMP009083,9,14,Pass,None,2024-11-27
SMP009084,21,5,Pass,None,2024-11-27
SMP009085,9,2,Pass,None,2024-11-27
SMP009086,4,5,Fail,Formalin,2024-11-27
SMP009087,10,15,Pass,None,2024-11-27
SMP009088,25,3,Fail,Synthetic Color,2024-11-27
SMP009089,6,5,Pass,None,2024-11-27
SMP009090,17,7,Pass,None,2024-11-27
SMP009091,12,14,Fail,Starch,2024-11-27
SMP009092,2,16,Pass,None,2024-11-27
SMP009093,14,6,Fail,Formalin,2024-11-27
SMP009094,19,15,Fail,Formalin,2024-11-27
SMP009095,15,3,Fail,Synthetic Color,2024-11-27
SMP009096,23,3,Pass,None,2024-11-27
SMP009097,8,16,Fail,Detergent,2024-11-28
SMP009098,3,8,Fail,Starch,2024-11-28
SMP009099,25,3,Fail,Starch,2024-11-28
SMP009100,10,8,Fail,Urea,2024-11-28
SMP009101,17,13,Fail,Starch,2024-11-28
SMP009102,22,14,Pass,None,2024-11-28
SMP009103,9,15,Pass,None,2024-11-28
SMP009104,19,9,Pass,None,2024-11-28
SMP009105,4,15,Fail,Starch,2024-11-28
SMP009106,8,8,Pass,None,2024-11-28
SMP009107,5,10,Pass,None,2024-11-28
SMP009108,22,12,Pass,None,2024-11-28
SMP009109,6,6,Pass,None,2024-11-28
SMP009110,19,1,Fail,Starch,2024-11-28
SMP009111,25,5,Pass,None,2024-11-28
SMP009112,15,10,Pass,None,2024-11-28
SMP009113,16,3,Pass,None,2024-11-28
SMP009114,13,3,Pass,None,2024-11-28
SMP009115,9,5,Pass,None,2024-11-28
SMP009116,14,1,Pass,None,2024-11-28
SMP009117,17,12,Pass,None,2024-11-28
SMP009118,26,4,Pass,None,2024-11-28
SMP009119,25,2,Pass,None,2024-11-28
SMP009120,23,12,Fail,Starch,2024-11-28
SMP009121,24,14,Pass,None,2024-11-28
SMP009122,13,1,Pass,None,2024-11-28
SMP009123,18,4,Pass,None,2024-11-28
SMP009124,24,16,Pass,None,2024-11-29
SMP009125,10,6,Pass,None,2024-11-29
SMP009126,25,16,Pass,None,2024-11-29
SMP009127,12,4,Pass,None,2024-11-29
SMP009128,17,4,Fail,Synthetic Color,2024-11-29
SMP009129,19,4,Fail,Chalk Powder,2024-11-29
SMP009130,25,2,Pass,None,2024-11-29
SMP009131,7,15,Pass,None,2024-11-29
SMP009132,21,16,Fail,Urea,2024-11-29
SMP009133,15,16,Pass,None,2024-11-29
SMP009134,7,14,Pass,None,2024-11-29
SMP009135,21,14,Pass,None,2024-11-29
SMP009136,16,11,Fail,Chalk Powder,2024-11-29
SMP009137,18,14,Fail,Formalin,2024-11-29
SMP009138,9,4,Fail,Urea,2024-11-29
SMP009139,14,6,Pass,None,2024-11-29
SMP009140,17,11,Fail,Detergent,2024-11-29
SMP009141,11,15,Pass,None,2024-11-29
SMP009142,5,11,Pass,None,2024-11-29
SMP009143,25,14,Pass,None,2024-11-29
SMP009144,15,7,Pass,None,2024-11-29
SMP009145,20,12,Pass,None,2024-11-29
SMP009146,11,16,Fail,Chalk Powder,2024-11-29
SMP009147,9,3,Pass,None,2024-11-29
SMP009148,11,15,Fail,Chalk Powder,2024-11-29
SMP009149,11,8,Fail,Formalin,2024-11-29
SMP009150,16,11,Pass,None,2024-11-29
SMP009151,16,15,Fail,Urea,2024-11-29
SMP009152,14,6,Pass,None,2024-11-30
SMP009153,4,6,Pass,None,2024-11-30
SMP009154,14,9,Pass,None,2024-11-30
SMP009155,5,1,Fail,Urea,2024-11-30
SMP009156,4,8,Pass,None,2024-11-30
SMP009157,24,5,Fail,Urea,2024-11-30
SMP009158,17,15,Fail,Urea,2024-11-30
SMP009159,18,2,Fail,Urea,2024-11-30
SMP009160,11,7,Pass,None,2024-11-30
SMP009161,24,16,Pass,None,2024-11-30
SMP009162,18,15,Fail,Chalk Powder,2024-11-30
SMP009163,21,12,Pass,None,2024-11-30
SMP009164,9,10,Pass,None,2024-11-30
SMP009165,25,4,Pass,None,2024-11-30
SMP009166,22,6,Fail,Urea,2024-11-30
SMP009167,23,2,Pass,None,2024-11-30
SMP009168,5,13,Pass,None,2024-11-30
SMP009169,7,5,Pass,None,2024-11-30
SMP009170,8,11,Fail,Synthetic Color,2024-11-30
SMP009171,7,5,Pass,None,2024-11-30
SMP009172,23,7,Pass,None,2024-11-30
SMP009173,1,9,Pass,None,2024-11-30
SMP009174,2,13,Fail,Synthetic Color,2024-11-30
SMP009175,7,4,Pass,None,2024-11-30
SMP009176,5,6,Fail,Formalin,2024-11-30
SMP009177,6,2,Fail,Starch,2024-11-30
SMP009178,22,2,Fail,Urea,2024-11-30
SMP009179,16,10,Pass,None,2024-12-01
SMP009180,1,3,Pass,None,2024-12-01
SMP009181,12,1,Pass,None,2024-12-01
SMP009182,11,15,Pass,None,2024-12-01
SMP009183,4,9,Pass,None,2024-12-01
SMP009184,19,2,Pass,None,2024-12-01
SMP009185,19,1,Pass,None,2024-12-01
SMP009186,19,2,Pass,None,2024-12-01
SMP009187,20,7,Pass,None,2024-12-01
SMP009188,1,11,Pass,None,2024-12-01
SMP009189,25,11,Pass,None,2024-12-01
SMP009190,22,3,Fail,Chalk Powder,2024-12-01
SMP009191,24,11,Pass,None,2024-12-01
SMP009192,1,6,Fail,Starch,2024-12-01
SMP009193,24,7,Pass,None,2024-12-01
SMP009194,22,13,Pass,None,2024-12-01
SMP009195,23,5,Pass,None,2024-12-01
SMP009196,3,3,Pass,None,2024-12-01
SMP009197,21,15,Pass,None,2024-12-01
SMP009198,25,4,Pass,None,2024-12-01
SMP009199,19,5,Pass,None,2024-12-01
SMP009200,16,12,Pass,None,2024-12-01
SMP009201,25,11,Pass,None,2024-12-01
SMP009202,13,13,Pass,None,2024-12-01
SMP009203,17,3,Pass,None,2024-12-01
SMP009204,14,5,Fail,Synthetic Color,2024-12-01
SMP009205,24,2,Fail,Detergent,2024-12-01
SMP009206,2,9,Pass,None,2024-12-01
SMP009207,14,5,Pass,None,2024-12-02
SMP009208,19,11,Pass,None,2024-12-02
SMP009209,22,1,Pass,None,2024-12-02
SMP009210,17,1,Fail,Chalk Powder,2024-12-02
SMP009211,24,6,Pass,None,2024-12-02
SMP009212,25,16,Pass,None,2024-12-02
SMP009213,2,15,Pass,None,2024-12-02
SMP009214,11,16,Pass,None,2024-12-02
SMP009215,1,6,Pass,None,2024-12-02
SMP009216,9,1,Pass,None,2024-12-02
SMP009217,16,5,Fail,Urea,2024-12-02
SMP009218,24,11,Pass,None,2024-12-02
SMP009219,23,2,Fail,Chalk Powder,2024-12-02
SMP009220,4,5,Pass,None,2024-12-02
SMP009221,3,1,Fail,Formalin,2024-12-02
SMP009222,17,7,Pass,None,2024-12-02
SMP009223,16,4,Fail,Starch,2024-12-02
SMP009224,7,2,Pass,None,2024-12-02
SMP009225,24,6,Pass,None,2024-12-02
SMP009226,24,5,Pass,None,2024-12-02
SMP009227,11,9,Pass,None,2024-12-02
SMP009228,24,12,Pass,None,2024-12-02
SMP009229,10,2,Pass,None,2024-12-02
SMP009230,20,13,Pass,None,2024-12-02
SMP009231,14,1,Fail,Formalin,2024-12-02
SMP009232,4,7,Fail,Urea,2024-12-02
SMP009233,24,10,Pass,None,2024-12-02
SMP009234,13,16,Pass,None,2024-12-03
SMP009235,20,9,Pass,None,2024-12-03
SMP009236,9,3,Pass,None,2024-12-03
SMP009237,1,8,Pass,None,2024-12-03
SMP009238,3,6,Pass,None,2024-12-03
SMP009239,14,8,Pass,None,2024-12-03
SMP009240,19,3,Fail,Starch,2024-12-03
SMP009241,9,8,Pass,None,2024-12-03
SMP009242,19,3,Pass,None,2024-12-03
SMP009243,19,12,Pass,None,2024-12-03
SMP009244,19,10,Pass,None,2024-12-03
SMP009245,14,2,Fail,Chalk Powder,2024-12-03
SMP009246,24,15,Fail,Chalk Powder,2024-12-03
SMP009247,14,10,Pass,None,2024-12-03
SMP009248,13,5,Pass,None,2024-12-03
SMP009249,5,1,Fail,Starch,2024-12-03
SMP009250,8,11,Fail,Chalk Powder,2024-12-03
SMP009251,2,6,Fail,Urea,2024-12-03
SMP009252,17,15,Pass,None,2024-12-03
SMP009253,7,1,Pass,None,2024-12-03
SMP009254,8,1,Pass,None,2024-12-03
SMP009255,21,16,Pass,None,2024-12-03
SMP009256,9,16,Fail,Detergent,2024-12-03
SMP009257,7,1,Fail,Urea,2024-12-03
SMP009258,5,12,Pass,None,2024-12-03
SMP009259,21,4,Pass,None,2024-12-03
SMP009260,4,12,Pass,None,2024-12-03
SMP009261,13,15,Pass,None,2024-12-04
SMP009262,15,2,Fail,Formalin,2024-12-04
SMP009263,19,4,Pass,None,2024-12-04
SMP009264,17,1,Pass,None,2024-12-04
SMP009265,22,1,Fail,Synthetic Color,2024-12-04
SMP009266,2,1,Fail,Synthetic Color,2024-12-04
SMP009267,8,13,Pass,None,2024-12-04
SMP009268,7,5,Fail,Synthetic Color,2024-12-04
SMP009269,5,8,Pass,None,2024-12-04
SMP009270,8,13,Pass,None,2024-12-04
SMP009271,8,8,Pass,None,2024-12-04
SMP009272,15,6,Pass,None,2024-12-04
SMP009273,18,1,Pass,None,2024-12-04
SMP009274,10,9,Fail,Starch,2024-12-04
SMP009275,19,2,Pass,None,2024-12-04
SMP009276,9,13,Pass,None,2024-12-04
SMP009277,8,4,Fail,Starch,2024-12-04
SMP009278,16,11,Fail,Urea,2024-12-04
SMP009279,1,11,Pass,None,2024-12-04
SMP009280,3,10,Pass,None,2024-12-04
SMP009281,12,4,Pass,None,2024-12-04
SMP009282,25,4,Fail,Starch,2024-12-04
SMP009283,19,15,Pass,None,2024-12-04
SMP009284,3,1,Pass,None,2024-12-04
SMP009285,23,3,Pass,None,2024-12-04
SMP009286,20,10,Pass,None,2024-12-04
SMP009287,17,14,Pass,None,2024-12-04
SMP009288,22,5,Pass,None,2024-12-04
SMP009289,11,11,Fail,Chalk Powder,2024-12-05
SMP009290,6,9,Pass,None,2024-12-05
SMP009291,15,1,Pass,None,2024-12-05
SMP009292,16,10,Pass,None,2024-12-05
SMP009293,16,13,Pass,None,2024-12-05
SMP009294,16,16,Pass,None,2024-12-05
SMP009295,25,1,Pass,None,2024-12-05
SMP009296,24,11,Pass,None,2024-12-05
SMP009297,23,6,Fail,Formalin,2024-12-05
SMP009298,22,1,Fail,Chalk Powder,2024-12-05
SMP009299,25,10,Pass,None,2024-12-05
SMP009300,3,2,Pass,None,2024-12-05
SMP009301,7,6,Pass,None,2024-12-05
SMP009302,14,4,Fail,Urea,2024-12-05
SMP009303,23,6,Pass,None,2024-12-05
SMP009304,15,8,Fail,Formalin,2024-12-05
SMP009305,21,5,Pass,None,2024-12-05
SMP009306,4,9,Pass,None,2024-12-05
SMP009307,7,4,Pass,None,2024-12-05
SMP009308,20,11,Pass,None,2024-12-05
SMP009309,5,14,Pass,None,2024-12-05
SMP009310,9,4,Fail,Synthetic Color,2024-12-05
SMP009311,7,8,Pass,None,2024-12-05
SMP009312,9,11,Pass,None,2024-12-05
SMP009313,19,9,Pass,None,2024-12-05
SMP009314,9,6,Pass,None,2024-12-05
SMP009315,16,11,Pass,None,2024-12-05
SMP009316,3,1,Pass,None,2024-12-06
SMP009317,22,6,Pass,None,2024-12-06
SMP009318,9,9,Pass,None,2024-12-06
SMP009319,18,1,Fail,Formalin,2024-12-06
SMP009320,19,8,Pass,None,2024-12-06
SMP009321,5,11,Fail,Chalk Powder,2024-12-06
SMP009322,23,13,Fail,Synthetic Color,2024-12-06
SMP009323,17,2,Pass,None,2024-12-06
SMP009324,12,16,Fail,Starch,2024-12-06
SMP009325,5,10,Fail,Urea,2024-12-06
SMP009326,25,6,Fail,Detergent,2024-12-06
SMP009327,21,4,Pass,None,2024-12-06
SMP009328,5,9,Fail,Formalin,2024-12-06
SMP009329,9,15,Pass,None,2024-12-06
SMP009330,22,8,Pass,None,2024-12-06
SMP009331,19,11,Pass,None,2024-12-06
SMP009332,21,5,Fail,Urea,2024-12-06
SMP009333,12,6,Pass,None,2024-12-06
SMP009334,19,5,Pass,None,2024-12-06
SMP009335,10,12,Pass,None,2024-12-06
SMP009336,6,5,Pass,None,2024-12-06
SMP009337,17,3,Fail,Chalk Powder,2024-12-06
SMP009338,25,6,Pass,None,2024-12-06
SMP009339,8,14,Fail,Detergent,2024-12-06
SMP009340,13,12,Pass,None,2024-12-06
SMP009341,19,5,Fail,Urea,2024-12-06
SMP009342,16,15,Pass,None,2024-12-06
SMP009343,23,1,Pass,None,2024-12-07
SMP009344,21,1,Pass,None,2024-12-07
SMP009345,2,2,Pass,None,2024-12-07
SMP009346,26,2,Pass,None,2024-12-07
SMP009347,21,2,Fail,Detergent,2024-12-07
SMP009348,23,11,Pass,None,2024-12-07
SMP009349,18,10,Pass,None,2024-12-07
SMP009350,23,11,Pass,None,2024-12-07
SMP009351,3,11,Fail,Urea,2024-12-07
SMP009352,9,12,Fail,Synthetic Color,2024-12-07
SMP009353,23,4,Pass,None,2024-12-07
SMP009354,5,10,Pass,None,2024-12-07
SMP009355,2,10,Pass,None,2024-12-07
SMP009356,22,16,Pass,None,2024-12-07
SMP009357,23,4,Pass,None,2024-12-07
SMP009358,5,1,Pass,None,2024-12-07
SMP009359,23,11,Pass,None,2024-12-07
SMP009360,19,12,Pass,None,2024-12-07
SMP009361,15,5,Pass,None,2024-12-07
SMP009362,23,9,Pass,None,2024-12-07
SMP009363,12,1,Pass,None,2024-12-07
SMP009364,5,16,Pass,None,2024-12-07
SMP009365,8,2,Fail,Detergent,2024-12-07
SMP009366,15,1,Pass,None,2024-12-07
SMP009367,16,1,Fail,Urea,2024-12-07
SMP009368,22,6,Pass,None,2024-12-07
SMP009369,22,2,Pass,None,2024-12-07
SMP009370,17,12,Fail,Detergent,2024-12-07
SMP009371,22,15,Pass,None,2024-12-08
SMP009372,5,4,Pass,None,2024-12-08
SMP009373,2,10,Pass,None,2024-12-08
SMP009374,23,1,Fail,Synthetic Color,2024-12-08
SMP009375,2,6,Pass,None,2024-12-08
SMP009376,7,5,Fail,Detergent,2024-12-08
SMP009377,19,4,Fail,Detergent,2024-12-08
SMP009378,11,11,Fail,Urea,2024-12-08
SMP009379,23,2,Fail,Formalin,2024-12-08
SMP009380,8,14,Pass,None,2024-12-08
SMP009381,1,11,Pass,None,2024-12-08
SMP009382,8,12,Pass,None,2024-12-08
SMP009383,17,16,Pass,None,2024-12-08
SMP009384,9,16,Pass,None,2024-12-08
SMP009385,16,9,Fail,Synthetic Color,2024-12-08
SMP009386,23,8,Pass,None,2024-12-08
SMP009387,24,5,Pass,None,2024-12-08
SMP009388,7,12,Fail,Chalk Powder,2024-12-08
SMP009389,13,9,Pass,None,2024-12-08
SMP009390,16,15,Pass,None,2024-12-08
SMP009391,25,4,Fail,Urea,2024-12-08
SMP009392,26,5,Fail,Starch,2024-12-08
SMP009393,6,5,Pass,None,2024-12-08
SMP009394,20,13,Pass,None,2024-12-08
SMP009395,10,2,Fail,Detergent,2024-12-08
SMP009396,1,7,Pass,None,2024-12-08
SMP009397,1,6,Pass,None,2024-12-08
SMP009398,13,1,Pass,None,2024-12-09
SMP009399,14,6,Pass,None,2024-12-09
SMP009400,1,8,Pass,None,2024-12-09
SMP009401,19,1,Fail,Starch,2024-12-09
SMP009402,8,8,Pass,None,2024-12-09
SMP009403,16,16,Fail,Chalk Powder,2024-12-09
SMP009404,8,16,Pass,None,2024-12-09
SMP009405,5,9,Pass,None,2024-12-09
SMP009406,11,8,Pass,None,2024-12-09
SMP009407,6,5,Pass,None,2024-12-09
SMP009408,16,16,Pass,None,2024-12-09
SMP009409,5,4,Pass,None,2024-12-09
SMP009410,15,7,Fail,Urea,2024-12-09
SMP009411,5,1,Pass,None,2024-12-09
SMP009412,19,5,Fail,Chalk Powder,2024-12-09
SMP009413,21,1,Pass,None,2024-12-09
SMP009414,3,12,Pass,None,2024-12-09
SMP009415,13,9,Fail,Chalk Powder,2024-12-09
SMP009416,2,9,Pass,None,2024-12-09
SMP009417,17,5,Pass,None,2024-12-09
SMP009418,7,14,Fail,Formalin,2024-12-09
SMP009419,15,1,Pass,None,2024-12-09
SMP009420,15,5,Pass,None,2024-12-09
SMP009421,24,11,Pass,None,2024-12-09
SMP009422,16,15,Fail,Synthetic Color,2024-12-09
SMP009423,17,4,Pass,None,2024-12-09
SMP009424,11,9,Pass,None,2024-12-09
SMP009425,25,9,Pass,None,2024-12-09
SMP009426,21,15,Pass,None,2024-12-10
SMP009427,8,1,Pass,None,2024-12-10
SMP009428,23,6,Fail,Urea,2024-12-10
SMP009429,12,3,Pass,None,2024-12-10
SMP009430,23,1,Fail,Formalin,2024-12-10
SMP009431,22,3,Pass,None,2024-12-10
SMP009432,5,16,Fail,Chalk Powder,2024-12-10
SMP009433,19,4,Fail,Urea,2024-12-10
SMP009434,8,16,Pass,None,2024-12-10
SMP009435,8,4,Pass,None,2024-12-10
SMP009436,8,15,Pass,None,2024-12-10
SMP009437,19,11,Pass,None,2024-12-10
SMP009438,6,2,Pass,None,2024-12-10
SMP009439,1,10,Fail,Chalk Powder,2024-12-10
SMP009440,19,5,Pass,None,2024-12-10
SMP009441,5,6,Pass,None,2024-12-10
SMP009442,3,7,Pass,None,2024-12-10
SMP009443,6,6,Fail,Formalin,2024-12-10
SMP009444,10,11,Fail,Starch,2024-12-10
SMP009445,14,13,Pass,None,2024-12-10
SMP009446,2,5,Pass,None,2024-12-10
SMP009447,25,15,Pass,None,2024-12-10
SMP009448,19,16,Fail,Formalin,2024-12-10
SMP009449,9,1,Pass,None,2024-12-10
SMP009450,9,1,Fail,Synthetic Color,2024-12-10
SMP009451,13,6,Fail,Starch,2024-12-10
SMP009452,17,10,Pass,None,2024-12-10
SMP009453,5,4,Pass,None,2024-12-11
SMP009454,5,4,Fail,Detergent,2024-12-11
SMP009455,23,11,Pass,None,2024-12-11
SMP009456,7,10,Pass,None,2024-12-11
SMP009457,10,3,Fail,Starch,2024-12-11
SMP009458,23,15,Pass,None,2024-12-11
SMP009459,18,11,Pass,None,2024-12-11
SMP009460,9,6,Pass,None,2024-12-11
SMP009461,19,11,Pass,None,2024-12-11
SMP009462,1,2,Pass,None,2024-12-11
SMP009463,20,7,Pass,None,2024-12-11
SMP009464,14,3,Pass,None,2024-12-11
SMP009465,22,1,Pass,None,2024-12-11
SMP009466,25,5,Pass,None,2024-12-11
SMP009467,24,3,Pass,None,2024-12-11
SMP009468,24,11,Pass,None,2024-12-11
SMP009469,15,11,Pass,None,2024-12-11
SMP009470,9,3,Pass,None,2024-12-11
SMP009471,13,1,Pass,None,2024-12-11
SMP009472,19,13,Pass,None,2024-12-11
SMP009473,23,1,Pass,None,2024-12-11
SMP009474,5,5,Pass,None,2024-12-11
SMP009475,24,8,Fail,Starch,2024-12-11
SMP009476,22,14,Pass,None,2024-12-11
SMP009477,25,14,Pass,None,2024-12-11
SMP009478,23,12,Pass,None,2024-12-11
SMP009479,7,4,Pass,None,2024-12-11
SMP009480,3,12,Fail,Detergent,2024-12-12
SMP009481,3,4,Pass,None,2024-12-12
SMP009482,8,4,Pass,None,2024-12-12
SMP009483,17,9,Pass,None,2024-12-12
SMP009484,22,11,Pass,None,2024-12-12
SMP009485,24,1,Pass,None,2024-12-12
SMP009486,17,1,Pass,None,2024-12-12
SMP009487,1,13,Pass,None,2024-12-12
SMP009488,5,14,Pass,None,2024-12-12
SMP009489,3,10,Pass,None,2024-12-12
SMP009490,9,6,Fail,Starch,2024-12-12
SMP009491,14,14,Pass,None,2024-12-12
SMP009492,2,12,Fail,Starch,2024-12-12
SMP009493,9,10,Pass,None,2024-12-12
SMP009494,5,5,Pass,None,2024-12-12
SMP009495,18,3,Pass,None,2024-12-12
SMP009496,13,6,Fail,Chalk Powder,2024-12-12
SMP009497,14,5,Pass,None,2024-12-12
SMP009498,12,5,Pass,None,2024-12-12
SMP009499,25,8,Pass,None,2024-12-12
SMP009500,6,3,Pass,None,2024-12-12
SMP009501,15,13,Fail,Detergent,2024-12-12
SMP009502,20,3,Pass,None,2024-12-12
SMP009503,16,8,Fail,Chalk Powder,2024-12-12
SMP009504,24,12,Pass,None,2024-12-12
SMP009505,10,8,Fail,Detergent,2024-12-12
SMP009506,13,6,Pass,None,2024-12-12
SMP009507,3,7,Fail,Synthetic Color,2024-12-12
SMP009508,17,14,Pass,None,2024-12-13
SMP009509,8,16,Pass,None,2024-12-13
SMP009510,5,11,Pass,None,2024-12-13
SMP009511,16,13,Pass,None,2024-12-13
SMP009512,16,1,Fail,Starch,2024-12-13
SMP009513,2,15,Fail,Starch,2024-12-13
SMP009514,19,16,Fail,Starch,2024-12-13
SMP009515,17,9,Fail,Synthetic Color,2024-12-13
SMP009516,5,12,Fail,Chalk Powder,2024-12-13
SMP009517,13,8,Pass,None,2024-12-13
SMP009518,19,5,Pass,None,2024-12-13
SMP009519,16,14,Pass,None,2024-12-13
SMP009520,10,10,Fail,Starch,2024-12-13
SMP009521,9,9,Pass,None,2024-12-13
SMP009522,17,11,Pass,None,2024-12-13
SMP009523,25,14,Pass,None,2024-12-13
SMP009524,19,12,Fail,Detergent,2024-12-13
SMP009525,2,4,Pass,None,2024-12-13
SMP009526,13,7,Pass,None,2024-12-13
SMP009527,24,16,Fail,Detergent,2024-12-13
SMP009528,3,9,Pass,None,2024-12-13
SMP009529,26,16,Fail,Detergent,2024-12-13
SMP009530,25,13,Pass,None,2024-12-13
SMP009531,2,11,Pass,None,2024-12-13
SMP009532,24,5,Pass,None,2024-12-13
SMP009533,9,5,Pass,None,2024-12-13
SMP009534,23,11,Fail,Detergent,2024-12-13
SMP009535,12,6,Pass,None,2024-12-14
SMP009536,12,13,Pass,None,2024-12-14
SMP009537,17,13,Pass,None,2024-12-14
SMP009538,21,5,Fail,Chalk Powder,2024-12-14
SMP009539,1,12,Pass,None,2024-12-14
SMP009540,17,8,Pass,None,2024-12-14
SMP009541,5,5,Pass,None,2024-12-14
SMP009542,9,6,Pass,None,2024-12-14
SMP009543,9,15,Pass,None,2024-12-14
SMP009544,13,5,Pass,None,2024-12-14
SMP009545,9,5,Fail,Chalk Powder,2024-12-14
SMP009546,3,5,Fail,Chalk Powder,2024-12-14
SMP009547,5,4,Pass,None,2024-12-14
SMP009548,1,9,Pass,None,2024-12-14
SMP009549,13,3,Fail,Formalin,2024-12-14
SMP009550,25,14,Fail,Detergent,2024-12-14
SMP009551,4,4,Fail,Synthetic Color,2024-12-14
SMP009552,25,10,Pass,None,2024-12-14
SMP009553,20,2,Pass,None,2024-12-14
SMP009554,18,16,Pass,None,2024-12-14
SMP009555,18,7,Pass,None,2024-12-14
SMP009556,23,14,Pass,None,2024-12-14
SMP009557,3,13,Pass,None,2024-12-14
SMP009558,15,12,Pass,None,2024-12-14
SMP009559,19,14,Pass,None,2024-12-14
SMP009560,17,2,Fail,Chalk Powder,2024-12-14
SMP009561,23,11,Pass,None,2024-12-14
SMP009562,2,4,Pass,None,2024-12-14
SMP009563,19,13,Pass,None,2024-12-15
SMP009564,16,16,Pass,None,2024-12-15
SMP009565,10,15,Fail,Chalk Powder,2024-12-15
SMP009566,9,2,Pass,None,2024-12-15
SMP009567,17,6,Pass,None,2024-12-15
SMP009568,24,6,Fail,Formalin,2024-12-15
SMP009569,14,2,Pass,None,2024-12-15
SMP009570,23,2,Pass,None,2024-12-15
SMP009571,11,6,Pass,None,2024-12-15
SMP009572,3,16,Fail,Chalk Powder,2024-12-15
SMP009573,2,9,Fail,Starch,2024-12-15
SMP009574,2,10,Pass,None,2024-12-15
SMP009575,10,7,Pass,None,2024-12-15
SMP009576,9,11,Fail,Detergent,2024-12-15
SMP009577,19,16,Pass,None,2024-12-15
SMP009578,21,10,Pass,None,2024-12-15
SMP009579,2,1,Fail,Chalk Powder,2024-12-15
SMP009580,6,8,Pass,None,2024-12-15
SMP009581,7,16,Pass,None,2024-12-15
SMP009582,16,6,Fail,Starch,2024-12-15
SMP009583,5,10,Pass,None,2024-12-15
SMP009584,4,2,Pass,None,2024-12-15
SMP009585,25,2,Pass,None,2024-12-15
SMP009586,22,15,Pass,None,2024-12-15
SMP009587,5,5,Fail,Detergent,2024-12-15
SMP009588,11,5,Fail,Detergent,2024-12-15
SMP009589,9,6,Pass,None,2024-12-15
SMP009590,22,16,Pass,None,2024-12-16
SMP009591,15,2,Pass,None,2024-12-16
SMP009592,4,14,Fail,Chalk Powder,2024-12-16
SMP009593,21,5,Fail,Formalin,2024-12-16
SMP009594,10,14,Pass,None,2024-12-16
SMP009595,7,16,Pass,None,2024-12-16
SMP009596,9,5,Fail,Detergent,2024-12-16
SMP009597,14,2,Pass,None,2024-12-16
SMP009598,9,3,Pass,None,2024-12-16
SMP009599,7,12,Fail,Detergent,2024-12-16
SMP009600,10,3,Fail,Urea,2024-12-16
SMP009601,1,4,Fail,Synthetic Color,2024-12-16
SMP009602,21,4,Pass,None,2024-12-16
SMP009603,5,5,Pass,None,2024-12-16
SMP009604,2,1,Pass,None,2024-12-16
SMP009605,18,14,Pass,None,2024-12-16
SMP009606,21,14,Pass,None,2024-12-16
SMP009607,22,6,Fail,Synthetic Color,2024-12-16
SMP009608,14,10,Pass,None,2024-12-16
SMP009609,5,11,Pass,None,2024-12-16
SMP009610,20,12,Fail,Starch,2024-12-16
SMP009611,19,8,Fail,Starch,2024-12-16
SMP009612,7,8,Pass,None,2024-12-16
SMP009613,24,11,Pass,None,2024-12-16
SMP009614,3,12,Fail,Formalin,2024-12-16
SMP009615,26,5,Pass,None,2024-12-16
SMP009616,23,5,Pass,None,2024-12-16
SMP009617,19,4,Fail,Starch,2024-12-17
SMP009618,25,9,Pass,None,2024-12-17
SMP009619,19,6,Pass,None,2024-12-17
SMP009620,5,9,Fail,Urea,2024-12-17
SMP009621,12,6,Pass,None,2024-12-17
SMP009622,2,14,Pass,None,2024-12-17
SMP009623,10,1,Pass,None,2024-12-17
SMP009624,21,9,Pass,None,2024-12-17
SMP009625,10,9,Pass,None,2024-12-17
SMP009626,9,6,Pass,None,2024-12-17
SMP009627,17,6,Fail,Starch,2024-12-17
SMP009628,23,13,Fail,Detergent,2024-12-17
SMP009629,2,4,Pass,None,2024-12-17
SMP009630,10,15,Pass,None,2024-12-17
SMP009631,5,15,Pass,None,2024-12-17
SMP009632,19,11,Fail,Starch,2024-12-17
SMP009633,3,13,Pass,None,2024-12-17
SMP009634,18,10,Fail,Chalk Powder,2024-12-17
SMP009635,8,8,Fail,Starch,2024-12-17
SMP009636,5,16,Pass,None,2024-12-17
SMP009637,25,5,Fail,Detergent,2024-12-17
SMP009638,1,3,Pass,None,2024-12-17
SMP009639,12,5,Pass,None,2024-12-17
SMP009640,1,10,Pass,None,2024-12-17
SMP009641,14,3,Pass,None,2024-12-17
SMP009642,14,15,Pass,None,2024-12-17
SMP009643,9,6,Pass,None,2024-12-17
SMP009644,4,14,Fail,Urea,2024-12-17
SMP009645,9,4,Fail,Synthetic Color,2024-12-18
SMP009646,19,5,Fail,Urea,2024-12-18
SMP009647,22,1,Pass,None,2024-12-18
SMP009648,16,4,Fail,Urea,2024-12-18
SMP009649,17,8,Fail,Formalin,2024-12-18
SMP009650,5,16,Pass,None,2024-12-18
SMP009651,8,6,Pass,None,2024-12-18
SMP009652,5,11,Pass,None,2024-12-18
SMP009653,7,6,Fail,Formalin,2024-12-18
SMP009654,6,1,Pass,None,2024-12-18
SMP009655,15,8,Pass,None,2024-12-18
SMP009656,16,1,Fail,Detergent,2024-12-18
SMP009657,25,15,Fail,Formalin,2024-12-18
SMP009658,5,12,Pass,None,2024-12-18
SMP009659,18,6,Pass,None,2024-12-18
SMP009660,22,11,Fail,Chalk Powder,2024-12-18
SMP009661,16,2,Fail,Synthetic Color,2024-12-18
SMP009662,7,12,Fail,Detergent,2024-12-18
SMP009663,7,14,Pass,None,2024-12-18
SMP009664,2,14,Pass,None,2024-12-18
SMP009665,8,5,Pass,None,2024-12-18
SMP009666,21,4,Pass,None,2024-12-18
SMP009667,2,8,Pass,None,2024-12-18
SMP009668,6,16,Fail,Chalk Powder,2024-12-18
SMP009669,19,15,Pass,None,2024-12-18
SMP009670,22,5,Fail,Formalin,2024-12-18
SMP009671,13,13,Fail,Starch,2024-12-18
SMP009672,19,15,Fail,Chalk Powder,2024-12-19
SMP009673,10,4,Pass,None,2024-12-19
SMP009674,5,14,Pass,None,2024-12-19
SMP009675,10,4,Pass,None,2024-12-19
SMP009676,17,5,Fail,Formalin,2024-12-19
SMP009677,25,3,Fail,Synthetic Color,2024-12-19
SMP009678,2,8,Fail,Formalin,2024-12-19
SMP009679,15,14,Pass,None,2024-12-19
SMP009680,9,9,Pass,None,2024-12-19
SMP009681,15,2,Fail,Detergent,2024-12-19
SMP009682,1,4,Pass,None,2024-12-19
SMP009683,8,9,Pass,None,2024-12-19
SMP009684,22,10,Pass,None,2024-12-19
SMP009685,16,9,Pass,None,2024-12-19
SMP009686,13,2,Fail,Chalk Powder,2024-12-19
SMP009687,8,12,Pass,None,2024-12-19
SMP009688,8,15,Pass,None,2024-12-19
SMP009689,10,8,Pass,None,2024-12-19
SMP009690,23,12,Fail,Starch,2024-12-19
SMP009691,25,15,Pass,None,2024-12-19
SMP009692,12,11,Pass,None,2024-12-19
SMP009693,10,11,Pass,None,2024-12-19
SMP009694,23,12,Pass,None,2024-12-19
SMP009695,12,4,Fail,Chalk Powder,2024-12-19
SMP009696,16,10,Pass,None,2024-12-19
SMP009697,6,14,Pass,None,2024-12-19
SMP009698,21,5,Pass,None,2024-12-19
SMP009699,16,15,Fail,Detergent,2024-12-19
SMP009700,22,10,Pass,None,2024-12-20
SMP009701,22,6,Pass,None,2024-12-20
SMP009702,6,10,Fail,Starch,2024-12-20
SMP009703,19,6,Pass,None,2024-12-20
SMP009704,22,14,Fail,Chalk Powder,2024-12-20
SMP009705,9,8,Fail,Starch,2024-12-20
SMP009706,5,15,Pass,None,2024-12-20
SMP009707,1,8,Pass,None,2024-12-20
SMP009708,13,11,Fail,Synthetic Color,2024-12-20
SMP009709,9,16,Pass,None,2024-12-20
SMP009710,16,3,Fail,Chalk Powder,2024-12-20
SMP009711,5,12,Fail,Urea,2024-12-20
SMP009712,23,2,Pass,None,2024-12-20
SMP009713,7,14,Pass,None,2024-12-20
SMP009714,6,10,Fail,Synthetic Color,2024-12-20
SMP009715,14,16,Pass,None,2024-12-20
SMP009716,14,15,Pass,None,2024-12-20
SMP009717,6,1,Fail,Urea,2024-12-20
SMP009718,7,2,Pass,None,2024-12-20
SMP009719,5,10,Pass,None,2024-12-20
SMP009720,19,8,Pass,None,2024-12-20
SMP009721,21,3,Pass,None,2024-12-20
SMP009722,13,2,Pass,None,2024-12-20
SMP009723,19,9,Fail,Chalk Powder,2024-12-20
SMP009724,20,1,Pass,None,2024-12-20
SMP009725,4,15,Pass,None,2024-12-20
SMP009726,25,13,Pass,None,2024-12-20
SMP009727,22,13,Pass,None,2024-12-21
SMP009728,5,1,Pass,None,2024-12-21
SMP009729,5,1,Pass,None,2024-12-21
SMP009730,4,9,Pass,None,2024-12-21
SMP009731,4,16,Pass,None,2024-12-21
SMP009732,21,5,Pass,None,2024-12-21
SMP009733,13,5,Pass,None,2024-12-21
SMP009734,22,2,Pass,None,2024-12-21
SMP009735,21,11,Pass,None,2024-12-21
SMP009736,17,11,Pass,None,2024-12-21
SMP009737,19,2,Fail,Urea,2024-12-21
SMP009738,1,7,Pass,None,2024-12-21
SMP009739,8,11,Pass,None,2024-12-21
SMP009740,18,8,Fail,Chalk Powder,2024-12-21
SMP009741,1,11,Pass,None,2024-12-21
SMP009742,1,14,Pass,None,2024-12-21
SMP009743,23,11,Pass,None,2024-12-21
SMP009744,19,10,Pass,None,2024-12-21
SMP009745,7,14,Pass,None,2024-12-21
SMP009746,19,15,Pass,None,2024-12-21
SMP009747,22,6,Pass,None,2024-12-21
SMP009748,8,3,Pass,None,2024-12-21
SMP009749,2,14,Pass,None,2024-12-21
SMP009750,24,4,Pass,None,2024-12-21
SMP009751,9,15,Pass,None,2024-12-21
SMP009752,3,1,Fail,Synthetic Color,2024-12-21
SMP009753,14,15,Pass,None,2024-12-21
SMP009754,21,10,Pass,None,2024-12-22
SMP009755,6,13,Pass,None,2024-12-22
SMP009756,7,6,Pass,None,2024-12-22
SMP009757,7,16,Fail,Formalin,2024-12-22
SMP009758,26,4,Pass,None,2024-12-22
SMP009759,5,4,Pass,None,2024-12-22
SMP009760,17,1,Pass,None,2024-12-22
SMP009761,24,16,Pass,None,2024-12-22
SMP009762,5,7,Fail,Synthetic Color,2024-12-22
SMP009763,25,11,Pass,None,2024-12-22
SMP009764,25,11,Pass,None,2024-12-22
SMP009765,23,15,Pass,None,2024-12-22
SMP009766,6,11,Pass,None,2024-12-22
SMP009767,17,9,Pass,None,2024-12-22
SMP009768,21,12,Pass,None,2024-12-22
SMP009769,26,12,Pass,None,2024-12-22
SMP009770,5,3,Fail,Detergent,2024-12-22
SMP009771,21,2,Fail,Detergent,2024-12-22
SMP009772,9,1,Pass,None,2024-12-22
SMP009773,5,6,Pass,None,2024-12-22
SMP009774,12,8,Pass,None,2024-12-22
SMP009775,22,10,Pass,None,2024-12-22
SMP009776,13,16,Pass,None,2024-12-22
SMP009777,16,5,Fail,Detergent,2024-12-22
SMP009778,26,13,Pass,None,2024-12-22
SMP009779,10,9,Pass,None,2024-12-22
SMP009780,17,4,Pass,None,2024-12-22
SMP009781,9,10,Fail,Detergent,2024-12-22
SMP009782,10,16,Pass,None,2024-12-23
SMP009783,19,2,Fail,Urea,2024-12-23
SMP009784,25,8,Pass,None,2024-12-23
SMP009785,16,1,Fail,Urea,2024-12-23
SMP009786,21,5,Pass,None,2024-12-23
SMP009787,3,10,Fail,Synthetic Color,2024-12-23
SMP009788,6,14,Fail,Starch,2024-12-23
SMP009789,14,12,Fail,Starch,2024-12-23
SMP009790,1,7,Fail,Chalk Powder,2024-12-23
SMP009791,7,15,Pass,None,2024-12-23
SMP009792,15,5,Pass,None,2024-12-23
SMP009793,1,12,Pass,None,2024-12-23
SMP009794,7,7,Pass,None,2024-12-23
SMP009795,15,15,Fail,Urea,2024-12-23
SMP009796,17,13,Pass,None,2024-12-23
SMP009797,24,15,Pass,None,2024-12-23
SMP009798,18,4,Pass,None,2024-12-23
SMP009799,12,11,Pass,None,2024-12-23
SMP009800,24,12,Pass,None,2024-12-23
SMP009801,22,12,Pass,None,2024-12-23
SMP009802,5,8,Pass,None,2024-12-23
SMP009803,4,1,Pass,None,2024-12-23
SMP009804,19,4,Pass,None,2024-12-23
SMP009805,16,5,Fail,Formalin,2024-12-23
SMP009806,22,14,Pass,None,2024-12-23
SMP009807,21,14,Fail,Urea,2024-12-23
SMP009808,17,2,Pass,None,2024-12-23
SMP009809,26,16,Pass,None,2024-12-24
SMP009810,16,3,Pass,None,2024-12-24
SMP009811,4,6,Pass,None,2024-12-24
SMP009812,23,4,Fail,Formalin,2024-12-24
SMP009813,7,14,Pass,None,2024-12-24
SMP009814,21,12,Fail,Starch,2024-12-24
SMP009815,25,5,Fail,Urea,2024-12-24
SMP009816,19,11,Pass,None,2024-12-24
SMP009817,17,3,Pass,None,2024-12-24
SMP009818,13,6,Pass,None,2024-12-24
SMP009819,9,6,Pass,None,2024-12-24
SMP009820,9,4,Pass,None,2024-12-24
SMP009821,18,15,Fail,Chalk Powder,2024-12-24
SMP009822,21,11,Pass,None,2024-12-24
SMP009823,19,4,Fail,Synthetic Color,2024-12-24
SMP009824,5,4,Pass,None,2024-12-24
SMP009825,14,1,Fail,Detergent,2024-12-24
SMP009826,22,5,Fail,Starch,2024-12-24
SMP009827,14,9,Pass,None,2024-12-24
SMP009828,16,4,Pass,None,2024-12-24
SMP009829,21,12,Pass,None,2024-12-24
SMP009830,18,6,Fail,Urea,2024-12-24
SMP009831,11,5,Fail,Urea,2024-12-24
SMP009832,24,16,Pass,None,2024-12-24
SMP009833,5,4,Pass,None,2024-12-24
SMP009834,26,6,Pass,None,2024-12-24
SMP009835,4,6,Pass,None,2024-12-24
SMP009836,1,4,Pass,None,2024-12-24
SMP009837,24,4,Pass,None,2024-12-25
SMP009838,7,5,Pass,None,2024-12-25
SMP009839,20,15,Fail,Detergent,2024-12-25
SMP009840,22,13,Pass,None,2024-12-25
SMP009841,23,11,Fail,Starch,2024-12-25
SMP009842,26,7,Pass,None,2024-12-25
SMP009843,8,8,Pass,None,2024-12-25
SMP009844,19,4,Fail,Synthetic Color,2024-12-25
SMP009845,4,1,Pass,None,2024-12-25
SMP009846,11,5,Fail,Synthetic Color,2024-12-25
SMP009847,23,8,Pass,None,2024-12-25
SMP009848,9,1,Fail,Synthetic Color,2024-12-25
SMP009849,17,2,Pass,None,2024-12-25
SMP009850,14,4,Pass,None,2024-12-25
SMP009851,18,6,Fail,Starch,2024-12-25
SMP009852,25,6,Fail,Chalk Powder,2024-12-25
SMP009853,2,2,Fail,Synthetic Color,2024-12-25
SMP009854,17,4,Fail,Formalin,2024-12-25
SMP009855,23,4,Fail,Urea,2024-12-25
SMP009856,14,1,Pass,None,2024-12-25
SMP009857,2,5,Fail,Formalin,2024-12-25
SMP009858,16,1,Pass,None,2024-12-25
SMP009859,9,12,Pass,None,2024-12-25
SMP009860,5,6,Pass,None,2024-12-25
SMP009861,23,5,Fail,Starch,2024-12-25
SMP009862,15,2,Pass,None,2024-12-25
SMP009863,24,4,Pass,None,2024-12-25
SMP009864,22,4,Pass,None,2024-12-26
SMP009865,19,16,Fail,Synthetic Color,2024-12-26
SMP009866,1,14,Pass,None,2024-12-26
SMP009867,12,1,Fail,Synthetic Color,2024-12-26
SMP009868,5,10,Pass,None,2024-12-26
SMP009869,24,4,Pass,None,2024-12-26
SMP009870,5,2,Pass,None,2024-12-26
SMP009871,8,12,Pass,None,2024-12-26
SMP009872,15,2,Pass,None,2024-12-26
SMP009873,7,7,Fail,Synthetic Color,2024-12-26
SMP009874,5,11,Pass,None,2024-12-26
SMP009875,17,9,Fail,Detergent,2024-12-26
SMP009876,3,16,Pass,None,2024-12-26
SMP009877,2,13,Fail,Detergent,2024-12-26
SMP009878,9,13,Pass,None,2024-12-26
SMP009879,19,5,Pass,None,2024-12-26
SMP009880,16,1,Pass,None,2024-12-26
SMP009881,12,12,Pass,None,2024-12-26
SMP009882,16,16,Pass,None,2024-12-26
SMP009883,9,6,Pass,None,2024-12-26
SMP009884,25,16,Pass,None,2024-12-26
SMP009885,2,2,Pass,None,2024-12-26
SMP009886,19,5,Pass,None,2024-12-26
SMP009887,24,3,Fail,Chalk Powder,2024-12-26
SMP009888,22,7,Pass,None,2024-12-26
SMP009889,5,13,Pass,None,2024-12-26
SMP009890,8,5,Fail,Synthetic Color,2024-12-26
SMP009891,19,15,Fail,Urea,2024-12-27
SMP009892,3,9,Pass,None,2024-12-27
SMP009893,22,7,Fail,Detergent,2024-12-27
SMP009894,19,13,Fail,Chalk Powder,2024-12-27
SMP009895,20,2,Pass,None,2024-12-27
SMP009896,3,13,Pass,None,2024-12-27
SMP009897,19,4,Pass,None,2024-12-27
SMP009898,19,4,Fail,Starch,2024-12-27
SMP009899,23,10,Fail,Synthetic Color,2024-12-27
SMP009900,2,15,Pass,None,2024-12-27
SMP009901,1,9,Pass,None,2024-12-27
SMP009902,9,11,Pass,None,2024-12-27
SMP009903,5,13,Pass,None,2024-12-27
SMP009904,16,4,Pass,None,2024-12-27
SMP009905,24,14,Fail,Urea,2024-12-27
SMP009906,10,6,Pass,None,2024-12-27
SMP009907,23,3,Pass,None,2024-12-27
SMP009908,1,5,Pass,None,2024-12-27
SMP009909,5,4,Pass,None,2024-12-27
SMP009910,1,4,Pass,None,2024-12-27
SMP009911,9,5,Pass,None,2024-12-27
SMP009912,24,3,Pass,None,2024-12-27
SMP009913,3,11,Fail,Detergent,2024-12-27
SMP009914,17,10,Fail,Starch,2024-12-27
SMP009915,13,11,Pass,None,2024-12-27
SMP009916,25,5,Fail,Detergent,2024-12-27
SMP009917,4,13,Pass,None,2024-12-27
SMP009918,6,2,Pass,None,2024-12-27
SMP009919,1,9,Pass,None,2024-12-28
SMP009920,12,4,Pass,None,2024-12-28
SMP009921,7,9,Fail,Chalk Powder,2024-12-28
SMP009922,23,5,Fail,Chalk Powder,2024-12-28
SMP009923,17,13,Fail,Starch,2024-12-28
SMP009924,17,15,Pass,None,2024-12-28
SMP009925,16,12,Fail,Synthetic Color,2024-12-28
SMP009926,3,3,Pass,None,2024-12-28
SMP009927,13,4,Pass,None,2024-12-28
SMP009928,26,15,Pass,None,2024-12-28
SMP009929,23,7,Fail,Urea,2024-12-28
SMP009930,24,16,Fail,Formalin,2024-12-28
SMP009931,22,6,Pass,None,2024-12-28
SMP009932,3,16,Pass,None,2024-12-28
SMP009933,6,15,Pass,None,2024-12-28
SMP009934,1,11,Pass,None,2024-12-28
SMP009935,8,1,Pass,None,2024-12-28
SMP009936,3,6,Fail,Detergent,2024-12-28
SMP009937,13,15,Pass,None,2024-12-28
SMP009938,19,15,Pass,None,2024-12-28
SMP009939,23,3,Pass,None,2024-12-28
SMP009940,21,6,Pass,None,2024-12-28
SMP009941,25,14,Pass,None,2024-12-28
SMP009942,2,9,Fail,Urea,2024-12-28
SMP009943,1,14,Fail,Formalin,2024-12-28
SMP009944,18,14,Pass,None,2024-12-28
SMP009945,8,15,Pass,None,2024-12-28
SMP009946,7,2,Pass,None,2024-12-29
SMP009947,9,3,Pass,None,2024-12-29
SMP009948,7,2,Pass,None,2024-12-29
SMP009949,15,16,Fail,Synthetic Color,2024-12-29
SMP009950,12,7,Fail,Chalk Powder,2024-12-29
SMP009951,15,1,Pass,None,2024-12-29
SMP009952,19,5,Pass,None,2024-12-29
SMP009953,10,5,Pass,None,2024-12-29
SMP009954,7,13,Pass,None,2024-12-29
SMP009955,5,12,Pass,None,2024-12-29
SMP009956,9,11,Pass,None,2024-12-29
SMP009957,21,1,Fail,Starch,2024-12-29
SMP009958,21,15,Pass,None,2024-12-29
SMP009959,18,4,Pass,None,2024-12-29
SMP009960,6,10,Pass,None,2024-12-29
SMP009961,17,1,Pass,None,2024-12-29
SMP009962,16,2,Fail,Synthetic Color,2024-12-29
SMP009963,14,1,Pass,None,2024-12-29
SMP009964,16,9,Pass,None,2024-12-29
SMP009965,14,10,Fail,Urea,2024-12-29
SMP009966,16,1,Pass,None,2024-12-29
SMP009967,19,5,Pass,None,2024-12-29
SMP009968,3,14,Pass,None,2024-12-29
SMP009969,21,2,Pass,None,2024-12-29
SMP009970,4,4,Pass,None,2024-12-29
SMP009971,2,6,Fail,Urea,2024-12-29
SMP009972,25,14,Pass,None,2024-12-29
SMP009973,25,4,Pass,None,2024-12-29
SMP009974,2,16,Pass,None,2024-12-30
SMP009975,13,5,Fail,Detergent,2024-12-30
SMP009976,5,6,Pass,None,2024-12-30
SMP009977,14,2,Pass,None,2024-12-30
SMP009978,23,11,Pass,None,2024-12-30
SMP009979,25,4,Pass,None,2024-12-30
SMP009980,17,10,Pass,None,2024-12-30
SMP009981,9,4,Pass,None,2024-12-30
SMP009982,17,6,Pass,None,2024-12-30
SMP009983,8,14,Fail,Chalk Powder,2024-12-30
SMP009984,24,12,Pass,None,2024-12-30
SMP009985,23,3,Pass,None,2024-12-30
SMP009986,16,10,Pass,None,2024-12-30
SMP009987,9,10,Pass,None,2024-12-30
SMP009988,8,2,Pass,None,2024-12-30
SMP009989,1,7,Pass,None,2024-12-30
SMP009990,22,4,Pass,None,2024-12-30
SMP009991,13,7,Pass,None,2024-12-30
SMP009992,9,13,Pass,None,2024-12-30
SMP009993,13,3,Fail,Formalin,2024-12-30
SMP009994,22,2,Pass,None,2024-12-30
SMP009995,4,4,Fail,Formalin,2024-12-30
SMP009996,23,16,Pass,None,2024-12-30
SMP009997,24,12,Fail,Detergent,2024-12-30
SMP009998,25,1,Fail,Chalk Powder,2024-12-30
SMP009999,10,6,Pass,None,2024-12-30
SMP010000,6,4,Fail,Synthetic Color,2024-12-30
SMP010001,9,11,Pass,None,2024-12-31
SMP010002,9,7,Pass,None,2024-12-31
SMP010003,5,16,Pass,None,2024-12-31
SMP010004,17,4,Pass,None,2024-12-31
SMP010005,14,10,Fail,Formalin,2024-12-31
SMP010006,23,12,Pass,None,2024-12-31
SMP010007,1,14,Pass,None,2024-12-31
SMP010008,18,6,Pass,None,2024-12-31
SMP010009,21,11,Pass,None,2024-12-31
SMP010010,21,5,Pass,None,2024-12-31
SMP010011,24,6,Fail,Chalk Powder,2024-12-31
SMP010012,20,15,Pass,None,2024-12-31
SMP010013,24,16,Pass,None,2024-12-31
SMP010014,9,12,Pass,None,2024-12-31
SMP010015,14,6,Fail,Synthetic Color,2024-12-31
SMP010016,1,14,Pass,None,2024-12-31
SMP010017,1,1,Pass,None,2024-12-31
SMP010018,7,2,Pass,None,2024-12-31
SMP010019,3,11,Pass,None,2024-12-31
SMP010020,7,5,Pass,None,2024-12-31
SMP010021,5,16,Fail,Starch,2024-12-31
SMP010022,1,6,Pass,None,2024-12-31
SMP010023,24,6,Pass,None,2024-12-31
SMP010024,1,11,Pass,None,2024-12-31
SMP010025,20,13,Pass,None,2024-12-31
SMP010026,5,7,Pass,None,2024-12-31
SMP010027,24,4,Pass,None,2024-12-31
SMP010028,24,13,Pass,None,2025-01-01
SMP010029,18,5,Fail,Urea,2025-01-01
SMP010030,19,3,Fail,Starch,2025-01-01
SMP010031,1,11,Pass,None,2025-01-01
SMP010032,26,2,Fail,Detergent,2025-01-01
SMP010033,23,16,Pass,None,2025-01-01
SMP010034,24,11,Fail,Formalin,2025-01-01
SMP010035,18,16,Pass,None,2025-01-01
SMP010036,9,5,Pass,None,2025-01-01
SMP010037,24,16,Pass,None,2025-01-01
SMP010038,8,3,Pass,None,2025-01-01
SMP010039,16,1,Pass,None,2025-01-01
SMP010040,3,1,Fail,Starch,2025-01-01
SMP010041,24,7,Pass,None,2025-01-01
SMP010042,4,2,Fail,Urea,2025-01-01
SMP010043,6,8,Fail,Formalin,2025-01-01
SMP010044,16,5,Pass,None,2025-01-01
SMP010045,21,5,Fail,Synthetic Color,2025-01-01
SMP010046,17,11,Fail,Formalin,2025-01-01
SMP010047,6,3,Pass,None,2025-01-01
SMP010048,1,13,Pass,None,2025-01-01
SMP010049,21,10,Pass,None,2025-01-01
SMP010050,26,15,Pass,None,2025-01-01
SMP010051,22,6,Pass,None,2025-01-01
SMP010052,13,16,Fail,Chalk Powder,2025-01-01
SMP010053,24,9,Pass,None,2025-01-01
SMP010054,11,16,Pass,None,2025-01-01
SMP010055,15,1,Pass,None,2025-01-01
SMP010056,14,12,Pass,None,2025-01-02
SMP010057,13,14,Pass,None,2025-01-02
SMP010058,21,1,Pass,None,2025-01-02
SMP010059,15,9,Pass,None,2025-01-02
SMP010060,8,13,Pass,None,2025-01-02
SMP010061,7,9,Pass,None,2025-01-02
SMP010062,2,1,Pass,None,2025-01-02
SMP010063,17,11,Fail,Urea,2025-01-02
SMP010064,6,1,Pass,None,2025-01-02
SMP010065,5,14,Fail,Formalin,2025-01-02
SMP010066,18,1,Pass,None,2025-01-02
SMP010067,19,2,Fail,Starch,2025-01-02
SMP010068,21,4,Pass,None,2025-01-02
SMP010069,14,11,Pass,None,2025-01-02
SMP010070,24,16,Fail,Detergent,2025-01-02
SMP010071,25,2,Pass,None,2025-01-02
SMP010072,22,3,Fail,Starch,2025-01-02
SMP010073,18,6,Pass,None,2025-01-02
SMP010074,8,14,Pass,None,2025-01-02
SMP010075,26,7,Pass,None,2025-01-02
SMP010076,7,5,Pass,None,2025-01-02
SMP010077,5,9,Pass,None,2025-01-02
SMP010078,12,4,Pass,None,2025-01-02
SMP010079,2,6,Fail,Chalk Powder,2025-01-02
SMP010080,25,5,Fail,Formalin,2025-01-02
SMP010081,17,13,Pass,None,2025-01-02
SMP010082,16,15,Pass,None,2025-01-02
SMP010083,18,13,Pass,None,2025-01-03
SMP010084,14,7,Pass,None,2025-01-03
SMP010085,1,8,Pass,None,2025-01-03
SMP010086,17,2,Pass,None,2025-01-03
SMP010087,19,12,Fail,Chalk Powder,2025-01-03
SMP010088,12,10,Fail,Synthetic Color,2025-01-03
SMP010089,21,15,Pass,None,2025-01-03
SMP010090,6,3,Fail,Formalin,2025-01-03
SMP010091,6,13,Pass,None,2025-01-03
SMP010092,5,11,Pass,None,2025-01-03
SMP010093,9,4,Pass,None,2025-01-03
SMP010094,23,11,Pass,None,2025-01-03
SMP010095,23,15,Pass,None,2025-01-03
SMP010096,10,15,Pass,None,2025-01-03
SMP010097,17,12,Pass,None,2025-01-03
SMP010098,19,1,Pass,None,2025-01-03
SMP010099,7,15,Pass,None,2025-01-03
SMP010100,5,11,Fail,Chalk Powder,2025-01-03
SMP010101,25,5,Pass,None,2025-01-03
SMP010102,17,3,Pass,None,2025-01-03
SMP010103,26,2,Fail,Urea,2025-01-03
SMP010104,9,1,Fail,Starch,2025-01-03
SMP010105,19,12,Fail,Starch,2025-01-03
SMP010106,6,4,Fail,Formalin,2025-01-03
SMP010107,7,1,Pass,None,2025-01-03
SMP010108,15,6,Pass,None,2025-01-03
SMP010109,9,8,Pass,None,2025-01-03
SMP010110,5,3,Pass,None,2025-01-03
SMP010111,7,1,Pass,None,2025-01-04
SMP010112,2,3,Pass,None,2025-01-04
SMP010113,19,11,Pass,None,2025-01-04
SMP010114,14,2,Pass,None,2025-01-04
SMP010115,3,9,Fail,Detergent,2025-01-04
SMP010116,5,3,Pass,None,2025-01-04
SMP010117,3,3,Pass,None,2025-01-04
SMP010118,17,6,Fail,Formalin,2025-01-04
SMP010119,3,2,Fail,Detergent,2025-01-04
SMP010120,21,3,Pass,None,2025-01-04
SMP010121,1,5,Pass,None,2025-01-04
SMP010122,7,5,Pass,None,2025-01-04
SMP010123,24,12,Fail,Formalin,2025-01-04
SMP010124,19,1,Fail,Starch,2025-01-04
SMP010125,2,14,Fail,Chalk Powder,2025-01-04
SMP010126,22,14,Pass,None,2025-01-04
SMP010127,14,13,Pass,None,2025-01-04
SMP010128,23,5,Fail,Detergent,2025-01-04
SMP010129,17,14,Pass,None,2025-01-04
SMP010130,19,3,Fail,Urea,2025-01-04
SMP010131,26,2,Pass,None,2025-01-04
SMP010132,6,1,Fail,Chalk Powder,2025-01-04
SMP010133,17,16,Pass,None,2025-01-04
SMP010134,13,5,Pass,None,2025-01-04
SMP010135,2,15,Pass,None,2025-01-04
SMP010136,1,4,Pass,None,2025-01-04
SMP010137,4,15,Pass,None,2025-01-04
SMP010138,18,15,Pass,None,2025-01-05
SMP010139,16,15,Pass,None,2025-01-05
SMP010140,16,8,Pass,None,2025-01-05
SMP010141,1,15,Fail,Detergent,2025-01-05
SMP010142,13,16,Fail,Synthetic Color,2025-01-05
SMP010143,24,5,Pass,None,2025-01-05
SMP010144,10,6,Fail,Chalk Powder,2025-01-05
SMP010145,17,12,Pass,None,2025-01-05
SMP010146,22,5,Pass,None,2025-01-05
SMP010147,22,12,Pass,None,2025-01-05
SMP010148,15,1,Pass,None,2025-01-05
SMP010149,23,8,Pass,None,2025-01-05
SMP010150,10,2,Pass,None,2025-01-05
SMP010151,24,5,Pass,None,2025-01-05
SMP010152,7,4,Fail,Urea,2025-01-05
SMP010153,7,14,Fail,Formalin,2025-01-05
SMP010154,2,3,Pass,None,2025-01-05
SMP010155,22,13,Pass,None,2025-01-05
SMP010156,12,13,Pass,None,2025-01-05
SMP010157,6,8,Pass,None,2025-01-05
SMP010158,6,4,Fail,Synthetic Color,2025-01-05
SMP010159,24,4,Fail,Urea,2025-01-05
SMP010160,23,7,Pass,None,2025-01-05
SMP010161,16,1,Fail,Formalin,2025-01-05
SMP010162,17,9,Pass,None,2025-01-05
SMP010163,14,16,Pass,None,2025-01-05
SMP010164,10,3,Fail,Detergent,2025-01-05
SMP010165,24,9,Fail,Formalin,2025-01-06
SMP010166,4,16,Pass,None,2025-01-06
SMP010167,12,14,Pass,None,2025-01-06
SMP010168,9,14,Pass,None,2025-01-06
SMP010169,14,14,Fail,Starch,2025-01-06
SMP010170,13,5,Fail,Urea,2025-01-06
SMP010171,15,15,Fail,Detergent,2025-01-06
SMP010172,4,16,Fail,Formalin,2025-01-06
SMP010173,15,8,Pass,None,2025-01-06
SMP010174,7,5,Fail,Detergent,2025-01-06
SMP010175,5,6,Pass,None,2025-01-06
SMP010176,2,5,Fail,Detergent,2025-01-06
SMP010177,21,4,Pass,None,2025-01-06
SMP010178,12,10,Pass,None,2025-01-06
SMP010179,17,9,Pass,None,2025-01-06
SMP010180,20,7,Fail,Chalk Powder,2025-01-06
SMP010181,19,2,Fail,Urea,2025-01-06
SMP010182,13,13,Pass,None,2025-01-06
SMP010183,10,3,Pass,None,2025-01-06
SMP010184,9,2,Fail,Detergent,2025-01-06
SMP010185,18,10,Fail,Urea,2025-01-06
SMP010186,14,6,Pass,None,2025-01-06
SMP010187,23,1,Fail,Detergent,2025-01-06
SMP010188,23,5,Pass,None,2025-01-06
SMP010189,5,13,Pass,None,2025-01-06
SMP010190,4,10,Fail,Detergent,2025-01-06
SMP010191,17,6,Pass,None,2025-01-06
SMP010192,8,3,Pass,None,2025-01-06
SMP010193,1,11,Pass,None,2025-01-07
SMP010194,24,15,Pass,None,2025-01-07
SMP010195,6,11,Fail,Formalin,2025-01-07
SMP010196,24,13,Pass,None,2025-01-07
SMP010197,19,8,Fail,Synthetic Color,2025-01-07
SMP010198,21,12,Pass,None,2025-01-07
SMP010199,5,15,Pass,None,2025-01-07
SMP010200,6,13,Fail,Urea,2025-01-07
SMP010201,15,15,Fail,Starch,2025-01-07
SMP010202,5,6,Pass,None,2025-01-07
SMP010203,8,15,Pass,None,2025-01-07
SMP010204,9,10,Pass,None,2025-01-07
SMP010205,5,15,Fail,Chalk Powder,2025-01-07
SMP010206,5,1,Pass,None,2025-01-07
SMP010207,22,11,Pass,None,2025-01-07
SMP010208,5,14,Fail,Urea,2025-01-07
SMP010209,1,3,Pass,None,2025-01-07
SMP010210,17,11,Pass,None,2025-01-07
SMP010211,25,14,Pass,None,2025-01-07
SMP010212,9,5,Pass,None,2025-01-07
SMP010213,4,6,Pass,None,2025-01-07
SMP010214,16,9,Pass,None,2025-01-07
SMP010215,24,8,Pass,None,2025-01-07
SMP010216,22,1,Pass,None,2025-01-07
SMP010217,17,2,Pass,None,2025-01-07
SMP010218,8,2,Fail,Detergent,2025-01-07
SMP010219,16,4,Pass,None,2025-01-07
SMP010220,3,4,Pass,None,2025-01-08
SMP010221,19,12,Fail,Chalk Powder,2025-01-08
SMP010222,19,9,Pass,None,2025-01-08
SMP010223,25,13,Pass,None,2025-01-08
SMP010224,7,1,Pass,None,2025-01-08
SMP010225,1,8,Pass,None,2025-01-08
SMP010226,16,5,Fail,Synthetic Color,2025-01-08
SMP010227,19,14,Pass,None,2025-01-08
SMP010228,22,12,Fail,Chalk Powder,2025-01-08
SMP010229,5,15,Pass,None,2025-01-08
SMP010230,7,1,Pass,None,2025-01-08
SMP010231,15,12,Pass,None,2025-01-08
SMP010232,9,9,Pass,None,2025-01-08
SMP010233,23,14,Pass,None,2025-01-08
SMP010234,13,8,Pass,None,2025-01-08
SMP010235,22,9,Fail,Urea,2025-01-08
SMP010236,17,1,Pass,None,2025-01-08
SMP010237,21,11,Pass,None,2025-01-08
SMP010238,9,4,Pass,None,2025-01-08
SMP010239,23,1,Fail,Detergent,2025-01-08
SMP010240,7,1,Pass,None,2025-01-08
SMP010241,16,16,Pass,None,2025-01-08
SMP010242,6,5,Fail,Chalk Powder,2025-01-08
SMP010243,14,15,Pass,None,2025-01-08
SMP010244,9,16,Fail,Starch,2025-01-08
SMP010245,7,16,Pass,None,2025-01-08
SMP010246,25,15,Pass,None,2025-01-08
SMP010247,5,15,Pass,None,2025-01-08
SMP010248,22,5,Pass,None,2025-01-09
SMP010249,26,3,Pass,None,2025-01-09
SMP010250,1,11,Fail,Chalk Powder,2025-01-09
SMP010251,19,8,Pass,None,2025-01-09
SMP010252,7,2,Pass,None,2025-01-09
SMP010253,2,11,Pass,None,2025-01-09
SMP010254,11,9,Pass,None,2025-01-09
SMP010255,25,15,Pass,None,2025-01-09
SMP010256,1,10,Pass,None,2025-01-09
SMP010257,17,9,Pass,None,2025-01-09
SMP010258,14,7,Fail,Chalk Powder,2025-01-09
SMP010259,23,7,Pass,None,2025-01-09
SMP010260,3,16,Pass,None,2025-01-09
SMP010261,19,2,Pass,None,2025-01-09
SMP010262,19,7,Pass,None,2025-01-09
SMP010263,19,11,Pass,None,2025-01-09
SMP010264,25,6,Pass,None,2025-01-09
SMP010265,22,5,Pass,None,2025-01-09
SMP010266,2,5,Pass,None,2025-01-09
SMP010267,13,4,Pass,None,2025-01-09
SMP010268,10,5,Pass,None,2025-01-09
SMP010269,8,15,Fail,Formalin,2025-01-09
SMP010270,13,8,Pass,None,2025-01-09
SMP010271,10,4,Fail,Formalin,2025-01-09
SMP010272,12,6,Fail,Urea,2025-01-09
SMP010273,25,2,Fail,Urea,2025-01-09
SMP010274,3,15,Pass,None,2025-01-09
SMP010275,24,6,Fail,Starch,2025-01-10
SMP010276,14,16,Pass,None,2025-01-10
SMP010277,17,5,Fail,Formalin,2025-01-10
SMP010278,23,14,Pass,None,2025-01-10
SMP010279,9,4,Fail,Detergent,2025-01-10
SMP010280,12,2,Fail,Urea,2025-01-10
SMP010281,11,1,Pass,None,2025-01-10
SMP010282,9,10,Pass,None,2025-01-10
SMP010283,24,5,Fail,Synthetic Color,2025-01-10
SMP010284,23,7,Pass,None,2025-01-10
SMP010285,3,14,Fail,Formalin,2025-01-10
SMP010286,3,4,Fail,Detergent,2025-01-10
SMP010287,12,5,Fail,Formalin,2025-01-10
SMP010288,3,14,Fail,Chalk Powder,2025-01-10
SMP010289,17,8,Fail,Starch,2025-01-10
SMP010290,5,14,Pass,None,2025-01-10
SMP010291,15,6,Fail,Synthetic Color,2025-01-10
SMP010292,1,6,Fail,Detergent,2025-01-10
SMP010293,8,3,Pass,None,2025-01-10
SMP010294,19,15,Pass,None,2025-01-10
SMP010295,14,15,Fail,Detergent,2025-01-10
SMP010296,25,16,Pass,None,2025-01-10
SMP010297,23,6,Fail,Urea,2025-01-10
SMP010298,9,14,Pass,None,2025-01-10
SMP010299,2,6,Pass,None,2025-01-10
SMP010300,23,7,Pass,None,2025-01-10
SMP010301,24,14,Pass,None,2025-01-10
SMP010302,22,3,Pass,None,2025-01-11
SMP010303,4,4,Fail,Starch,2025-01-11
SMP010304,26,5,Pass,None,2025-01-11
SMP010305,7,13,Fail,Starch,2025-01-11
SMP010306,19,6,Pass,None,2025-01-11
SMP010307,24,5,Pass,None,2025-01-11
SMP010308,6,16,Pass,None,2025-01-11
SMP010309,24,6,Pass,None,2025-01-11
SMP010310,8,4,Pass,None,2025-01-11
SMP010311,25,10,Fail,Detergent,2025-01-11
SMP010312,7,13,Pass,None,2025-01-11
SMP010313,25,1,Pass,None,2025-01-11
SMP010314,2,10,Fail,Formalin,2025-01-11
SMP010315,19,1,Pass,None,2025-01-11
SMP010316,16,9,Fail,Detergent,2025-01-11
SMP010317,14,4,Fail,Detergent,2025-01-11
SMP010318,6,5,Fail,Detergent,2025-01-11
SMP010319,19,7,Pass,None,2025-01-11
SMP010320,5,15,Fail,Detergent,2025-01-11
SMP010321,16,12,Fail,Detergent,2025-01-11
SMP010322,7,16,Pass,None,2025-01-11
SMP010323,25,11,Pass,None,2025-01-11
SMP010324,1,1,Pass,None,2025-01-11
SMP010325,5,4,Fail,Detergent,2025-01-11
SMP010326,7,15,Pass,None,2025-01-11
SMP010327,12,11,Fail,Formalin,2025-01-11
SMP010328,6,16,Pass,None,2025-01-11
SMP010329,14,3,Pass,None,2025-01-11
SMP010330,23,5,Pass,None,2025-01-12
SMP010331,19,6,Pass,None,2025-01-12
SMP010332,17,5,Pass,None,2025-01-12
SMP010333,3,4,Pass,None,2025-01-12
SMP010334,19,7,Pass,None,2025-01-12
SMP010335,5,11,Fail,Synthetic Color,2025-01-12
SMP010336,22,5,Pass,None,2025-01-12
SMP010337,7,2,Pass,None,2025-01-12
SMP010338,12,12,Pass,None,2025-01-12
SMP010339,9,7,Pass,None,2025-01-12
SMP010340,23,9,Pass,None,2025-01-12
SMP010341,4,7,Pass,None,2025-01-12
SMP010342,16,15,Fail,Chalk Powder,2025-01-12
SMP010343,5,9,Pass,None,2025-01-12
SMP010344,19,15,Fail,Synthetic Color,2025-01-12
SMP010345,24,8,Fail,Urea,2025-01-12
SMP010346,12,5,Pass,None,2025-01-12
SMP010347,14,5,Fail,Synthetic Color,2025-01-12
SMP010348,24,8,Fail,Formalin,2025-01-12
SMP010349,15,9,Pass,None,2025-01-12
SMP010350,14,11,Pass,None,2025-01-12
SMP010351,17,4,Fail,Detergent,2025-01-12
SMP010352,19,11,Fail,Starch,2025-01-12
SMP010353,3,13,Fail,Formalin,2025-01-12
SMP010354,22,11,Fail,Starch,2025-01-12
SMP010355,12,8,Fail,Urea,2025-01-12
SMP010356,2,16,Pass,None,2025-01-12
SMP010357,22,6,Fail,Chalk Powder,2025-01-13
SMP010358,9,2,Pass,None,2025-01-13
SMP010359,3,14,Pass,None,2025-01-13
SMP010360,17,4,Pass,None,2025-01-13
SMP010361,23,12,Fail,Formalin,2025-01-13
SMP010362,24,3,Pass,None,2025-01-13
SMP010363,25,1,Pass,None,2025-01-13
SMP010364,23,3,Pass,None,2025-01-13
SMP010365,1,6,Fail,Detergent,2025-01-13
SMP010366,10,2,Fail,Detergent,2025-01-13
SMP010367,22,3,Pass,None,2025-01-13
SMP010368,9,13,Pass,None,2025-01-13
SMP010369,17,13,Pass,None,2025-01-13
SMP010370,17,14,Pass,None,2025-01-13
SMP010371,9,14,Pass,None,2025-01-13
SMP010372,24,6,Pass,None,2025-01-13
SMP010373,14,15,Fail,Chalk Powder,2025-01-13
SMP010374,13,8,Pass,None,2025-01-13
SMP010375,26,7,Pass,None,2025-01-13
SMP010376,14,12,Pass,None,2025-01-13
SMP010377,5,4,Fail,Chalk Powder,2025-01-13
SMP010378,15,13,Pass,None,2025-01-13
SMP010379,22,6,Pass,None,2025-01-13
SMP010380,21,2,Pass,None,2025-01-13
SMP010381,22,2,Pass,None,2025-01-13
SMP010382,19,3,Fail,Formalin,2025-01-13
SMP010383,7,15,Pass,None,2025-01-13
SMP010384,23,16,Pass,None,2025-01-13
SMP010385,24,5,Pass,None,2025-01-14
SMP010386,5,5,Pass,None,2025-01-14
SMP010387,4,4,Fail,Formalin,2025-01-14
SMP010388,25,14,Fail,Detergent,2025-01-14
SMP010389,23,4,Pass,None,2025-01-14
SMP010390,24,15,Pass,None,2025-01-14
SMP010391,24,11,Pass,None,2025-01-14
SMP010392,16,15,Pass,None,2025-01-14
SMP010393,18,9,Pass,None,2025-01-14
SMP010394,16,11,Fail,Starch,2025-01-14
SMP010395,2,10,Pass,None,2025-01-14
SMP010396,21,14,Pass,None,2025-01-14
SMP010397,15,14,Pass,None,2025-01-14
SMP010398,18,10,Pass,None,2025-01-14
SMP010399,14,11,Pass,None,2025-01-14
SMP010400,14,15,Pass,None,2025-01-14
SMP010401,5,15,Pass,None,2025-01-14
SMP010402,7,11,Fail,Formalin,2025-01-14
SMP010403,5,1,Fail,Chalk Powder,2025-01-14
SMP010404,5,2,Pass,None,2025-01-14
SMP010405,25,14,Fail,Detergent,2025-01-14
SMP010406,5,2,Fail,Synthetic Color,2025-01-14
SMP010407,7,4,Pass,None,2025-01-14
SMP010408,17,4,Pass,None,2025-01-14
SMP010409,17,10,Pass,None,2025-01-14
SMP010410,5,9,Pass,None,2025-01-14
SMP010411,22,5,Fail,Formalin,2025-01-14
SMP010412,22,4,Pass,None,2025-01-15
SMP010413,6,13,Fail,Urea,2025-01-15
SMP010414,8,16,Pass,None,2025-01-15
SMP010415,25,1,Fail,Chalk Powder,2025-01-15
SMP010416,23,2,Pass,None,2025-01-15
SMP010417,19,11,Fail,Urea,2025-01-15
SMP010418,3,13,Fail,Chalk Powder,2025-01-15
SMP010419,12,13,Pass,None,2025-01-15
SMP010420,16,12,Pass,None,2025-01-15
SMP010421,5,15,Pass,None,2025-01-15
SMP010422,13,4,Fail,Formalin,2025-01-15
SMP010423,17,2,Pass,None,2025-01-15
SMP010424,9,10,Fail,Detergent,2025-01-15
SMP010425,22,14,Pass,None,2025-01-15
SMP010426,23,10,Fail,Starch,2025-01-15
SMP010427,9,16,Pass,None,2025-01-15
SMP010428,23,13,Pass,None,2025-01-15
SMP010429,3,12,Pass,None,2025-01-15
SMP010430,23,1,Pass,None,2025-01-15
SMP010431,5,2,Fail,Formalin,2025-01-15
SMP010432,3,13,Pass,None,2025-01-15
SMP010433,18,3,Pass,None,2025-01-15
SMP010434,13,1,Pass,None,2025-01-15
SMP010435,24,15,Pass,None,2025-01-15
SMP010436,9,15,Pass,None,2025-01-15
SMP010437,8,4,Pass,None,2025-01-15
SMP010438,14,13,Pass,None,2025-01-15
SMP010439,13,1,Pass,None,2025-01-16
SMP010440,9,5,Pass,None,2025-01-16
SMP010441,19,10,Pass,None,2025-01-16
SMP010442,21,13,Pass,None,2025-01-16
SMP010443,23,1,Pass,None,2025-01-16
SMP010444,25,5,Pass,None,2025-01-16
SMP010445,7,4,Pass,None,2025-01-16
SMP010446,19,16,Pass,None,2025-01-16
SMP010447,10,11,Fail,Urea,2025-01-16
SMP010448,19,6,Fail,Starch,2025-01-16
SMP010449,14,2,Fail,Synthetic Color,2025-01-16
SMP010450,26,10,Pass,None,2025-01-16
SMP010451,20,11,Pass,None,2025-01-16
SMP010452,25,14,Pass,None,2025-01-16
SMP010453,23,5,Pass,None,2025-01-16
SMP010454,24,16,Fail,Starch,2025-01-16
SMP010455,22,7,Pass,None,2025-01-16
SMP010456,13,5,Fail,Synthetic Color,2025-01-16
SMP010457,7,5,Fail,Chalk Powder,2025-01-16
SMP010458,9,8,Pass,None,2025-01-16
SMP010459,1,16,Fail,Urea,2025-01-16
SMP010460,15,12,Fail,Synthetic Color,2025-01-16
SMP010461,15,9,Pass,None,2025-01-16
SMP010462,15,3,Pass,None,2025-01-16
SMP010463,25,3,Pass,None,2025-01-16
SMP010464,24,8,Fail,Starch,2025-01-16
SMP010465,5,12,Fail,Urea,2025-01-16
SMP010466,9,12,Fail,Starch,2025-01-16
SMP010467,12,4,Fail,Formalin,2025-01-17
SMP010468,9,2,Pass,None,2025-01-17
SMP010469,22,6,Pass,None,2025-01-17
SMP010470,15,15,Pass,None,2025-01-17
SMP010471,16,9,Pass,None,2025-01-17
SMP010472,23,5,Pass,None,2025-01-17
SMP010473,22,5,Pass,None,2025-01-17
SMP010474,4,2,Pass,None,2025-01-17
SMP010475,19,7,Pass,None,2025-01-17
SMP010476,12,13,Pass,None,2025-01-17
SMP010477,8,16,Pass,None,2025-01-17
SMP010478,2,8,Pass,None,2025-01-17
SMP010479,14,3,Pass,None,2025-01-17
SMP010480,9,11,Pass,None,2025-01-17
SMP010481,7,12,Pass,None,2025-01-17
SMP010482,19,1,Pass,None,2025-01-17
SMP010483,21,14,Fail,Starch,2025-01-17
SMP010484,7,14,Pass,None,2025-01-17
SMP010485,2,7,Pass,None,2025-01-17
SMP010486,23,9,Pass,None,2025-01-17
SMP010487,1,12,Pass,None,2025-01-17
SMP010488,25,11,Pass,None,2025-01-17
SMP010489,17,1,Fail,Formalin,2025-01-17
SMP010490,9,2,Pass,None,2025-01-17
SMP010491,7,3,Fail,Formalin,2025-01-17
SMP010492,1,12,Pass,None,2025-01-17
SMP010493,6,7,Pass,None,2025-01-17
SMP010494,4,9,Pass,None,2025-01-18
SMP010495,17,13,Pass,None,2025-01-18
SMP010496,5,5,Pass,None,2025-01-18
SMP010497,15,12,Pass,None,2025-01-18
SMP010498,17,7,Pass,None,2025-01-18
SMP010499,8,6,Pass,None,2025-01-18
SMP010500,1,5,Pass,None,2025-01-18
SMP010501,2,16,Pass,None,2025-01-18
SMP010502,1,13,Pass,None,2025-01-18
SMP010503,21,1,Fail,Synthetic Color,2025-01-18
SMP010504,8,16,Pass,None,2025-01-18
SMP010505,22,13,Fail,Formalin,2025-01-18
SMP010506,12,3,Pass,None,2025-01-18
SMP010507,13,2,Fail,Synthetic Color,2025-01-18
SMP010508,15,5,Pass,None,2025-01-18
SMP010509,19,10,Pass,None,2025-01-18
SMP010510,7,10,Pass,None,2025-01-18
SMP010511,4,4,Pass,None,2025-01-18
SMP010512,16,7,Pass,None,2025-01-18
SMP010513,9,4,Pass,None,2025-01-18
SMP010514,12,1,Pass,None,2025-01-18
SMP010515,18,8,Pass,None,2025-01-18
SMP010516,14,5,Pass,None,2025-01-18
SMP010517,17,9,Fail,Formalin,2025-01-18
SMP010518,16,16,Pass,None,2025-01-18
SMP010519,21,3,Fail,Chalk Powder,2025-01-18
SMP010520,19,1,Pass,None,2025-01-18
SMP010521,16,2,Pass,None,2025-01-18
SMP010522,19,7,Pass,None,2025-01-19
SMP010523,23,12,Fail,Urea,2025-01-19
SMP010524,12,10,Pass,None,2025-01-19
SMP010525,11,8,Pass,None,2025-01-19
SMP010526,21,5,Fail,Synthetic Color,2025-01-19
SMP010527,17,5,Pass,None,2025-01-19
SMP010528,2,6,Pass,None,2025-01-19
SMP010529,24,10,Pass,None,2025-01-19
SMP010530,1,3,Pass,None,2025-01-19
SMP010531,21,13,Fail,Starch,2025-01-19
SMP010532,21,9,Pass,None,2025-01-19
SMP010533,25,4,Pass,None,2025-01-19
SMP010534,2,8,Pass,None,2025-01-19
SMP010535,17,16,Pass,None,2025-01-19
SMP010536,12,1,Pass,None,2025-01-19
SMP010537,9,3,Pass,None,2025-01-19
SMP010538,3,7,Pass,None,2025-01-19
SMP010539,16,11,Fail,Synthetic Color,2025-01-19
SMP010540,14,4,Pass,None,2025-01-19
SMP010541,3,15,Pass,None,2025-01-19
SMP010542,17,11,Pass,None,2025-01-19
SMP010543,20,15,Pass,None,2025-01-19
SMP010544,21,5,Fail,Chalk Powder,2025-01-19
SMP010545,24,14,Fail,Urea,2025-01-19
SMP010546,11,6,Pass,None,2025-01-19
SMP010547,25,4,Pass,None,2025-01-19
SMP010548,23,15,Fail,Formalin,2025-01-19
SMP010549,8,2,Fail,Urea,2025-01-20
SMP010550,5,16,Pass,None,2025-01-20
SMP010551,12,7,Pass,None,2025-01-20
SMP010552,11,16,Fail,Detergent,2025-01-20
SMP010553,17,9,Fail,Urea,2025-01-20
SMP010554,17,12,Pass,None,2025-01-20
SMP010555,21,1,Pass,None,2025-01-20
SMP010556,15,8,Pass,None,2025-01-20
SMP010557,3,12,Pass,None,2025-01-20
SMP010558,23,13,Pass,None,2025-01-20
SMP010559,8,3,Fail,Urea,2025-01-20
SMP010560,25,6,Pass,None,2025-01-20
SMP010561,4,6,Pass,None,2025-01-20
SMP010562,25,2,Fail,Urea,2025-01-20
SMP010563,3,7,Pass,None,2025-01-20
SMP010564,6,13,Fail,Starch,2025-01-20
SMP010565,2,5,Pass,None,2025-01-20
SMP010566,19,6,Pass,None,2025-01-20
SMP010567,23,16,Pass,None,2025-01-20
SMP010568,12,1,Pass,None,2025-01-20
SMP010569,24,10,Pass,None,2025-01-20
SMP010570,17,12,Pass,None,2025-01-20
SMP010571,17,13,Pass,None,2025-01-20
SMP010572,23,12,Fail,Starch,2025-01-20
SMP010573,8,12,Pass,None,2025-01-20
SMP010574,9,1,Fail,Urea,2025-01-20
SMP010575,24,9,Fail,Detergent,2025-01-20
SMP010576,24,13,Pass,None,2025-01-21
SMP010577,25,2,Pass,None,2025-01-21
SMP010578,24,1,Pass,None,2025-01-21
SMP010579,4,14,Pass,None,2025-01-21
SMP010580,22,12,Pass,None,2025-01-21
SMP010581,11,6,Pass,None,2025-01-21
SMP010582,26,16,Pass,None,2025-01-21
SMP010583,13,13,Pass,None,2025-01-21
SMP010584,16,16,Pass,None,2025-01-21
SMP010585,16,15,Fail,Detergent,2025-01-21
SMP010586,9,8,Pass,None,2025-01-21
SMP010587,2,12,Fail,Synthetic Color,2025-01-21
SMP010588,24,11,Pass,None,2025-01-21
SMP010589,22,13,Pass,None,2025-01-21
SMP010590,4,13,Pass,None,2025-01-21
SMP010591,21,3,Pass,None,2025-01-21
SMP010592,17,4,Pass,None,2025-01-21
SMP010593,11,4,Fail,Urea,2025-01-21
SMP010594,7,14,Fail,Synthetic Color,2025-01-21
SMP010595,23,13,Fail,Formalin,2025-01-21
SMP010596,19,8,Fail,Detergent,2025-01-21
SMP010597,16,10,Pass,None,2025-01-21
SMP010598,17,14,Pass,None,2025-01-21
SMP010599,3,5,Fail,Formalin,2025-01-21
SMP010600,13,1,Pass,None,2025-01-21
SMP010601,5,8,Fail,Formalin,2025-01-21
SMP010602,5,15,Fail,Urea,2025-01-21
SMP010603,18,13,Pass,None,2025-01-21
SMP010604,24,6,Fail,Detergent,2025-01-22
SMP010605,11,1,Fail,Synthetic Color,2025-01-22
SMP010606,5,11,Pass,None,2025-01-22
SMP010607,18,14,Pass,None,2025-01-22
SMP010608,23,11,Pass,None,2025-01-22
SMP010609,21,6,Fail,Formalin,2025-01-22
SMP010610,23,2,Pass,None,2025-01-22
SMP010611,16,15,Pass,None,2025-01-22
SMP010612,21,4,Pass,None,2025-01-22
SMP010613,4,4,Pass,None,2025-01-22
SMP010614,9,14,Pass,None,2025-01-22
SMP010615,10,16,Pass,None,2025-01-22
SMP010616,15,11,Pass,None,2025-01-22
SMP010617,24,10,Pass,None,2025-01-22
SMP010618,23,5,Pass,None,2025-01-22
SMP010619,4,1,Pass,None,2025-01-22
SMP010620,5,3,Fail,Urea,2025-01-22
SMP010621,9,10,Pass,None,2025-01-22
SMP010622,8,3,Fail,Starch,2025-01-22
SMP010623,17,15,Pass,None,2025-01-22
SMP010624,24,3,Fail,Detergent,2025-01-22
SMP010625,25,8,Pass,None,2025-01-22
SMP010626,18,8,Pass,None,2025-01-22
SMP010627,23,10,Pass,None,2025-01-22
SMP010628,15,5,Fail,Starch,2025-01-22
SMP010629,5,15,Pass,None,2025-01-22
SMP010630,15,7,Fail,Chalk Powder,2025-01-22
SMP010631,16,12,Pass,None,2025-01-23
SMP010632,21,11,Fail,Synthetic Color,2025-01-23
SMP010633,6,2,Pass,None,2025-01-23
SMP010634,9,10,Pass,None,2025-01-23
SMP010635,9,9,Pass,None,2025-01-23
SMP010636,25,15,Fail,Synthetic Color,2025-01-23
SMP010637,13,15,Pass,None,2025-01-23
SMP010638,21,3,Pass,None,2025-01-23
SMP010639,21,2,Pass,None,2025-01-23
SMP010640,7,5,Fail,Synthetic Color,2025-01-23
SMP010641,16,16,Pass,None,2025-01-23
SMP010642,24,1,Pass,None,2025-01-23
SMP010643,14,11,Fail,Detergent,2025-01-23
SMP010644,25,10,Pass,None,2025-01-23
SMP010645,6,11,Pass,None,2025-01-23
SMP010646,2,4,Fail,Formalin,2025-01-23
SMP010647,24,4,Pass,None,2025-01-23
SMP010648,23,6,Pass,None,2025-01-23
SMP010649,26,2,Pass,None,2025-01-23
SMP010650,19,1,Fail,Urea,2025-01-23
SMP010651,25,2,Pass,None,2025-01-23
SMP010652,23,9,Fail,Chalk Powder,2025-01-23
SMP010653,23,6,Pass,None,2025-01-23
SMP010654,16,5,Pass,None,2025-01-23
SMP010655,10,5,Pass,None,2025-01-23
SMP010656,24,4,Pass,None,2025-01-23
SMP010657,12,6,Pass,None,2025-01-23
SMP010658,16,4,Pass,None,2025-01-23
SMP010659,13,11,Fail,Formalin,2025-01-24
SMP010660,16,2,Fail,Detergent,2025-01-24
SMP010661,13,16,Pass,None,2025-01-24
SMP010662,2,2,Pass,None,2025-01-24
SMP010663,23,16,Pass,None,2025-01-24
SMP010664,13,14,Pass,None,2025-01-24
SMP010665,17,11,Pass,None,2025-01-24
SMP010666,4,15,Pass,None,2025-01-24
SMP010667,1,2,Fail,Chalk Powder,2025-01-24
SMP010668,7,3,Pass,None,2025-01-24
SMP010669,19,4,Pass,None,2025-01-24
SMP010670,3,4,Pass,None,2025-01-24
SMP010671,24,5,Pass,None,2025-01-24
SMP010672,6,9,Pass,None,2025-01-24
SMP010673,5,1,Pass,None,2025-01-24
SMP010674,5,6,Pass,None,2025-01-24
SMP010675,1,4,Pass,None,2025-01-24
SMP010676,21,10,Pass,None,2025-01-24
SMP010677,23,16,Pass,None,2025-01-24
SMP010678,17,8,Pass,None,2025-01-24
SMP010679,5,6,Fail,Starch,2025-01-24
SMP010680,8,6,Pass,None,2025-01-24
SMP010681,14,13,Fail,Urea,2025-01-24
SMP010682,25,1,Fail,Synthetic Color,2025-01-24
SMP010683,7,16,Pass,None,2025-01-24
SMP010684,20,6,Pass,None,2025-01-24
SMP010685,12,5,Pass,None,2025-01-24
SMP010686,8,16,Fail,Starch,2025-01-25
SMP010687,13,16,Fail,Chalk Powder,2025-01-25
SMP010688,2,11,Pass,None,2025-01-25
SMP010689,22,1,Pass,None,2025-01-25
SMP010690,7,12,Pass,None,2025-01-25
SMP010691,19,5,Pass,None,2025-01-25
SMP010692,2,6,Pass,None,2025-01-25
SMP010693,25,3,Pass,None,2025-01-25
SMP010694,5,8,Pass,None,2025-01-25
SMP010695,23,12,Fail,Formalin,2025-01-25
SMP010696,22,4,Fail,Urea,2025-01-25
SMP010697,25,16,Fail,Synthetic Color,2025-01-25
SMP010698,14,3,Fail,Urea,2025-01-25
SMP010699,20,1,Fail,Formalin,2025-01-25
SMP010700,9,11,Pass,None,2025-01-25
SMP010701,5,14,Pass,None,2025-01-25
SMP010702,13,16,Pass,None,2025-01-25
SMP010703,5,13,Pass,None,2025-01-25
SMP010704,26,3,Pass,None,2025-01-25
SMP010705,3,16,Pass,None,2025-01-25
SMP010706,17,15,Pass,None,2025-01-25
SMP010707,17,3,Pass,None,2025-01-25
SMP010708,16,9,Pass,None,2025-01-25
SMP010709,18,9,Pass,None,2025-01-25
SMP010710,4,7,Pass,None,2025-01-25
SMP010711,16,16,Pass,None,2025-01-25
SMP010712,8,1,Pass,None,2025-01-25
SMP010713,25,10,Pass,None,2025-01-26
SMP010714,21,4,Pass,None,2025-01-26
SMP010715,25,9,Pass,None,2025-01-26
SMP010716,2,13,Pass,None,2025-01-26
SMP010717,8,4,Pass,None,2025-01-26
SMP010718,5,6,Pass,None,2025-01-26
SMP010719,1,16,Pass,None,2025-01-26
SMP010720,7,13,Pass,None,2025-01-26
SMP010721,19,9,Fail,Detergent,2025-01-26
SMP010722,6,4,Pass,None,2025-01-26
SMP010723,15,6,Pass,None,2025-01-26
SMP010724,24,13,Pass,None,2025-01-26
SMP010725,19,14,Fail,Formalin,2025-01-26
SMP010726,10,4,Fail,Detergent,2025-01-26
SMP010727,9,11,Pass,None,2025-01-26
SMP010728,13,2,Fail,Synthetic Color,2025-01-26
SMP010729,5,1,Pass,None,2025-01-26
SMP010730,17,9,Pass,None,2025-01-26
SMP010731,9,4,Pass,None,2025-01-26
SMP010732,23,2,Pass,None,2025-01-26
SMP010733,21,12,Pass,None,2025-01-26
SMP010734,17,8,Pass,None,2025-01-26
SMP010735,9,13,Pass,None,2025-01-26
SMP010736,5,11,Pass,None,2025-01-26
SMP010737,21,12,Pass,None,2025-01-26
SMP010738,14,5,Pass,None,2025-01-26
SMP010739,6,4,Pass,None,2025-01-26
SMP010740,5,10,Pass,None,2025-01-26
SMP010741,5,3,Pass,None,2025-01-27
SMP010742,21,14,Pass,None,2025-01-27
SMP010743,6,8,Pass,None,2025-01-27
SMP010744,15,4,Pass,None,2025-01-27
SMP010745,13,10,Fail,Formalin,2025-01-27
SMP010746,17,16,Pass,None,2025-01-27
SMP010747,23,2,Pass,None,2025-01-27
SMP010748,23,2,Fail,Formalin,2025-01-27
SMP010749,13,14,Fail,Formalin,2025-01-27
SMP010750,1,2,Fail,Formalin,2025-01-27
SMP010751,12,1,Pass,None,2025-01-27
SMP010752,17,5,Pass,None,2025-01-27
SMP010753,16,7,Pass,None,2025-01-27
SMP010754,18,9,Pass,None,2025-01-27
SMP010755,5,8,Pass,None,2025-01-27
SMP010756,18,15,Pass,None,2025-01-27
SMP010757,5,13,Fail,Detergent,2025-01-27
SMP010758,21,16,Fail,Detergent,2025-01-27
SMP010759,9,7,Fail,Starch,2025-01-27
SMP010760,19,2,Pass,None,2025-01-27
SMP010761,2,16,Pass,None,2025-01-27
SMP010762,11,1,Fail,Synthetic Color,2025-01-27
SMP010763,19,13,Fail,Synthetic Color,2025-01-27
SMP010764,6,1,Fail,Detergent,2025-01-27
SMP010765,22,13,Fail,Starch,2025-01-27
SMP010766,17,16,Fail,Starch,2025-01-27
SMP010767,17,6,Fail,Formalin,2025-01-27
SMP010768,9,4,Pass,None,2025-01-28
SMP010769,14,4,Pass,None,2025-01-28
SMP010770,17,8,Pass,None,2025-01-28
SMP010771,13,3,Pass,None,2025-01-28
SMP010772,19,11,Pass,None,2025-01-28
SMP010773,12,6,Pass,None,2025-01-28
SMP010774,5,5,Pass,None,2025-01-28
SMP010775,6,7,Pass,None,2025-01-28
SMP010776,1,9,Pass,None,2025-01-28
SMP010777,8,2,Fail,Starch,2025-01-28
SMP010778,21,12,Pass,None,2025-01-28
SMP010779,22,15,Fail,Synthetic Color,2025-01-28
SMP010780,5,4,Pass,None,2025-01-28
SMP010781,25,3,Pass,None,2025-01-28
SMP010782,14,13,Pass,None,2025-01-28
SMP010783,24,3,Pass,None,2025-01-28
SMP010784,19,1,Pass,None,2025-01-28
SMP010785,19,10,Pass,None,2025-01-28
SMP010786,3,4,Pass,None,2025-01-28
SMP010787,6,3,Pass,None,2025-01-28
SMP010788,1,16,Pass,None,2025-01-28
SMP010789,19,5,Pass,None,2025-01-28
SMP010790,9,15,Fail,Urea,2025-01-28
SMP010791,22,3,Pass,None,2025-01-28
SMP010792,9,14,Pass,None,2025-01-28
SMP010793,22,8,Pass,None,2025-01-28
SMP010794,4,2,Pass,None,2025-01-28
SMP010795,5,12,Pass,None,2025-01-29
SMP010796,9,15,Fail,Detergent,2025-01-29
SMP010797,11,3,Pass,None,2025-01-29
SMP010798,9,12,Fail,Formalin,2025-01-29
SMP010799,21,7,Pass,None,2025-01-29
SMP010800,3,12,Fail,Starch,2025-01-29
SMP010801,9,12,Pass,None,2025-01-29
SMP010802,23,1,Pass,None,2025-01-29
SMP010803,2,3,Pass,None,2025-01-29
SMP010804,25,7,Pass,None,2025-01-29
SMP010805,26,16,Pass,None,2025-01-29
SMP010806,3,5,Pass,None,2025-01-29
SMP010807,8,10,Pass,None,2025-01-29
SMP010808,9,1,Fail,Detergent,2025-01-29
SMP010809,21,12,Pass,None,2025-01-29
SMP010810,17,10,Pass,None,2025-01-29
SMP010811,18,12,Pass,None,2025-01-29
SMP010812,21,15,Pass,None,2025-01-29
SMP010813,4,3,Pass,None,2025-01-29
SMP010814,23,4,Pass,None,2025-01-29
SMP010815,19,16,Pass,None,2025-01-29
SMP010816,17,3,Pass,None,2025-01-29
SMP010817,24,12,Pass,None,2025-01-29
SMP010818,19,12,Pass,None,2025-01-29
SMP010819,5,11,Fail,Detergent,2025-01-29
SMP010820,12,4,Pass,None,2025-01-29
SMP010821,14,4,Pass,None,2025-01-29
SMP010822,2,11,Fail,Detergent,2025-01-29
SMP010823,25,3,Pass,None,2025-01-30
SMP010824,4,11,Pass,None,2025-01-30
SMP010825,19,8,Pass,None,2025-01-30
SMP010826,15,6,Pass,None,2025-01-30
SMP010827,1,5,Pass,None,2025-01-30
SMP010828,24,16,Fail,Synthetic Color,2025-01-30
SMP010829,23,8,Pass,None,2025-01-30
SMP010830,15,9,Pass,None,2025-01-30
SMP010831,6,16,Pass,None,2025-01-30
SMP010832,4,11,Fail,Formalin,2025-01-30
SMP010833,9,16,Fail,Urea,2025-01-30
SMP010834,7,2,Fail,Formalin,2025-01-30
SMP010835,15,14,Pass,None,2025-01-30
SMP010836,25,5,Fail,Chalk Powder,2025-01-30
SMP010837,17,13,Fail,Starch,2025-01-30
SMP010838,24,14,Fail,Chalk Powder,2025-01-30
SMP010839,18,4,Pass,None,2025-01-30
SMP010840,14,6,Fail,Formalin,2025-01-30
SMP010841,23,12,Fail,Synthetic Color,2025-01-30
SMP010842,13,2,Pass,None,2025-01-30
SMP010843,23,12,Pass,None,2025-01-30
SMP010844,8,2,Pass,None,2025-01-30
SMP010845,4,15,Pass,None,2025-01-30
SMP010846,23,4,Fail,Urea,2025-01-30
SMP010847,17,9,Fail,Formalin,2025-01-30
SMP010848,24,2,Fail,Starch,2025-01-30
SMP010849,25,4,Pass,None,2025-01-30
SMP010850,2,6,Fail,Formalin,2025-01-31
SMP010851,14,8,Pass,None,2025-01-31
SMP010852,9,1,Pass,None,2025-01-31
SMP010853,17,15,Pass,None,2025-01-31
SMP010854,22,1,Pass,None,2025-01-31
SMP010855,7,13,Pass,None,2025-01-31
SMP010856,16,7,Pass,None,2025-01-31
SMP010857,19,8,Pass,None,2025-01-31
SMP010858,4,4,Pass,None,2025-01-31
SMP010859,22,10,Fail,Synthetic Color,2025-01-31
SMP010860,17,9,Pass,None,2025-01-31
SMP010861,25,3,Pass,None,2025-01-31
SMP010862,9,4,Pass,None,2025-01-31
SMP010863,3,1,Pass,None,2025-01-31
SMP010864,15,1,Fail,Detergent,2025-01-31
SMP010865,3,1,Pass,None,2025-01-31
SMP010866,25,4,Pass,None,2025-01-31
SMP010867,2,11,Pass,None,2025-01-31
SMP010868,21,5,Pass,None,2025-01-31
SMP010869,15,5,Pass,None,2025-01-31
SMP010870,9,2,Pass,None,2025-01-31
SMP010871,2,9,Pass,None,2025-01-31
SMP010872,17,5,Fail,Synthetic Color,2025-01-31
SMP010873,17,11,Pass,None,2025-01-31
SMP010874,7,12,Pass,None,2025-01-31
SMP010875,24,10,Fail,Synthetic Color,2025-01-31
SMP010876,8,4,Fail,Synthetic Color,2025-01-31
SMP010877,13,8,Pass,None,2025-01-31
SMP010878,16,4,Pass,None,2025-02-01
SMP010879,3,15,Pass,None,2025-02-01
SMP010880,24,13,Pass,None,2025-02-01
SMP010881,9,8,Pass,None,2025-02-01
SMP010882,3,16,Pass,None,2025-02-01
SMP010883,10,9,Pass,None,2025-02-01
SMP010884,17,5,Pass,None,2025-02-01
SMP010885,15,2,Pass,None,2025-02-01
SMP010886,19,9,Pass,None,2025-02-01
SMP010887,2,14,Fail,Urea,2025-02-01
SMP010888,8,15,Pass,None,2025-02-01
SMP010889,22,10,Pass,None,2025-02-01
SMP010890,3,6,Pass,None,2025-02-01
SMP010891,23,11,Pass,None,2025-02-01
SMP010892,3,13,Pass,None,2025-02-01
SMP010893,23,6,Pass,None,2025-02-01
SMP010894,9,7,Fail,Chalk Powder,2025-02-01
SMP010895,17,11,Pass,None,2025-02-01
SMP010896,5,15,Pass,None,2025-02-01
SMP010897,2,13,Pass,None,2025-02-01
SMP010898,6,1,Pass,None,2025-02-01
SMP010899,4,2,Fail,Formalin,2025-02-01
SMP010900,8,14,Pass,None,2025-02-01
SMP010901,15,14,Pass,None,2025-02-01
SMP010902,17,6,Fail,Starch,2025-02-01
SMP010903,22,10,Pass,None,2025-02-01
SMP010904,18,15,Pass,None,2025-02-01
SMP010905,17,15,Pass,None,2025-02-02
SMP010906,11,13,Pass,None,2025-02-02
SMP010907,13,4,Pass,None,2025-02-02
SMP010908,12,12,Pass,None,2025-02-02
SMP010909,23,2,Fail,Detergent,2025-02-02
SMP010910,6,15,Pass,None,2025-02-02
SMP010911,1,3,Fail,Detergent,2025-02-02
SMP010912,18,11,Fail,Chalk Powder,2025-02-02
SMP010913,5,10,Pass,None,2025-02-02
SMP010914,24,13,Fail,Urea,2025-02-02
SMP010915,23,9,Fail,Starch,2025-02-02
SMP010916,2,1,Pass,None,2025-02-02
SMP010917,3,12,Fail,Chalk Powder,2025-02-02
SMP010918,14,6,Fail,Detergent,2025-02-02
SMP010919,17,5,Pass,None,2025-02-02
SMP010920,7,16,Pass,None,2025-02-02
SMP010921,19,10,Pass,None,2025-02-02
SMP010922,17,12,Fail,Starch,2025-02-02
SMP010923,9,9,Pass,None,2025-02-02
SMP010924,1,13,Pass,None,2025-02-02
SMP010925,21,12,Pass,None,2025-02-02
SMP010926,6,11,Pass,None,2025-02-02
SMP010927,23,16,Pass,None,2025-02-02
SMP010928,12,7,Pass,None,2025-02-02
SMP010929,17,12,Pass,None,2025-02-02
SMP010930,23,13,Fail,Starch,2025-02-02
SMP010931,23,6,Pass,None,2025-02-02
SMP010932,9,7,Fail,Formalin,2025-02-03
SMP010933,5,16,Pass,None,2025-02-03
SMP010934,21,1,Pass,None,2025-02-03
SMP010935,12,5,Pass,None,2025-02-03
SMP010936,5,8,Pass,None,2025-02-03
SMP010937,24,1,Pass,None,2025-02-03
SMP010938,5,15,Pass,None,2025-02-03
SMP010939,1,5,Fail,Urea,2025-02-03
SMP010940,1,4,Pass,None,2025-02-03
SMP010941,17,14,Pass,None,2025-02-03
SMP010942,18,4,Fail,Synthetic Color,2025-02-03
SMP010943,8,11,Pass,None,2025-02-03
SMP010944,9,14,Pass,None,2025-02-03
SMP010945,9,13,Pass,None,2025-02-03
SMP010946,19,13,Pass,None,2025-02-03
SMP010947,2,2,Pass,None,2025-02-03
SMP010948,24,2,Pass,None,2025-02-03
SMP010949,6,5,Pass,None,2025-02-03
SMP010950,26,1,Fail,Synthetic Color,2025-02-03
SMP010951,5,8,Pass,None,2025-02-03
SMP010952,21,6,Pass,None,2025-02-03
SMP010953,6,9,Fail,Chalk Powder,2025-02-03
SMP010954,3,5,Pass,None,2025-02-03
SMP010955,23,8,Pass,None,2025-02-03
SMP010956,23,5,Pass,None,2025-02-03
SMP010957,11,3,Pass,None,2025-02-03
SMP010958,19,11,Fail,Detergent,2025-02-03
SMP010959,16,11,Pass,None,2025-02-03
SMP010960,23,14,Pass,None,2025-02-04
SMP010961,8,15,Fail,Detergent,2025-02-04
SMP010962,15,12,Pass,None,2025-02-04
SMP010963,14,11,Pass,None,2025-02-04
SMP010964,9,1,Pass,None,2025-02-04
SMP010965,24,2,Pass,None,2025-02-04
SMP010966,5,13,Pass,None,2025-02-04
SMP010967,5,4,Pass,None,2025-02-04
SMP010968,17,5,Fail,Urea,2025-02-04
SMP010969,18,3,Fail,Formalin,2025-02-04
SMP010970,5,3,Pass,None,2025-02-04
SMP010971,10,13,Pass,None,2025-02-04
SMP010972,25,4,Pass,None,2025-02-04
SMP010973,7,7,Pass,None,2025-02-04
SMP010974,19,3,Pass,None,2025-02-04
SMP010975,21,11,Pass,None,2025-02-04
SMP010976,13,12,Pass,None,2025-02-04
SMP010977,25,6,Pass,None,2025-02-04
SMP010978,20,13,Fail,Detergent,2025-02-04
SMP010979,13,4,Pass,None,2025-02-04
SMP010980,16,11,Pass,None,2025-02-04
SMP010981,19,12,Fail,Chalk Powder,2025-02-04
SMP010982,17,16,Pass,None,2025-02-04
SMP010983,23,4,Pass,None,2025-02-04
SMP010984,9,2,Pass,None,2025-02-04
SMP010985,8,4,Pass,None,2025-02-04
SMP010986,6,2,Pass,None,2025-02-04
SMP010987,2,3,Fail,Chalk Powder,2025-02-05
SMP010988,2,5,Pass,None,2025-02-05
SMP010989,23,6,Fail,Chalk Powder,2025-02-05
SMP010990,19,15,Pass,None,2025-02-05
SMP010991,18,3,Pass,None,2025-02-05
SMP010992,17,16,Pass,None,2025-02-05
SMP010993,23,13,Pass,None,2025-02-05
SMP010994,14,15,Pass,None,2025-02-05
SMP010995,23,15,Pass,None,2025-02-05
SMP010996,9,12,Pass,None,2025-02-05
SMP010997,24,13,Fail,Chalk Powder,2025-02-05
SMP010998,19,7,Pass,None,2025-02-05
SMP010999,7,8,Pass,None,2025-02-05
SMP011000,16,15,Fail,Chalk Powder,2025-02-05
SMP011001,16,6,Pass,None,2025-02-05
SMP011002,4,1,Pass,None,2025-02-05
SMP011003,17,13,Pass,None,2025-02-05
SMP011004,8,9,Pass,None,2025-02-05
SMP011005,2,14,Fail,Detergent,2025-02-05
SMP011006,25,2,Fail,Starch,2025-02-05
SMP011007,18,10,Pass,None,2025-02-05
SMP011008,23,4,Fail,Urea,2025-02-05
SMP011009,19,15,Pass,None,2025-02-05
SMP011010,9,2,Pass,None,2025-02-05
SMP011011,15,14,Pass,None,2025-02-05
SMP011012,19,2,Fail,Synthetic Color,2025-02-05
SMP011013,25,1,Fail,Urea,2025-02-05
SMP011014,7,4,Pass,None,2025-02-05
SMP011015,23,5,Fail,Chalk Powder,2025-02-06
SMP011016,24,10,Pass,None,2025-02-06
SMP011017,19,2,Pass,None,2025-02-06
SMP011018,24,7,Pass,None,2025-02-06
SMP011019,10,4,Fail,Synthetic Color,2025-02-06
SMP011020,25,14,Pass,None,2025-02-06
SMP011021,19,1,Pass,None,2025-02-06
SMP011022,2,5,Pass,None,2025-02-06
SMP011023,24,11,Pass,None,2025-02-06
SMP011024,14,15,Pass,None,2025-02-06
SMP011025,13,15,Pass,None,2025-02-06
SMP011026,16,15,Pass,None,2025-02-06
SMP011027,5,1,Pass,None,2025-02-06
SMP011028,13,14,Fail,Starch,2025-02-06
SMP011029,23,13,Pass,None,2025-02-06
SMP011030,1,15,Fail,Formalin,2025-02-06
SMP011031,7,5,Pass,None,2025-02-06
SMP011032,1,15,Pass,None,2025-02-06
SMP011033,12,6,Fail,Synthetic Color,2025-02-06
SMP011034,20,11,Fail,Starch,2025-02-06
SMP011035,22,6,Pass,None,2025-02-06
SMP011036,25,6,Pass,None,2025-02-06
SMP011037,17,9,Fail,Formalin,2025-02-06
SMP011038,7,5,Pass,None,2025-02-06
SMP011039,24,13,Pass,None,2025-02-06
SMP011040,21,11,Fail,Starch,2025-02-06
SMP011041,17,11,Pass,None,2025-02-06
SMP011042,19,4,Fail,Formalin,2025-02-07
SMP011043,24,16,Fail,Detergent,2025-02-07
SMP011044,19,11,Pass,None,2025-02-07
SMP011045,9,3,Pass,None,2025-02-07
SMP011046,19,12,Pass,None,2025-02-07
SMP011047,2,3,Fail,Chalk Powder,2025-02-07
SMP011048,10,1,Pass,None,2025-02-07
SMP011049,11,9,Pass,None,2025-02-07
SMP011050,5,9,Pass,None,2025-02-07
SMP011051,1,3,Pass,None,2025-02-07
SMP011052,4,5,Pass,None,2025-02-07
SMP011053,18,16,Pass,None,2025-02-07
SMP011054,22,5,Pass,None,2025-02-07
SMP011055,26,3,Pass,None,2025-02-07
SMP011056,9,16,Fail,Formalin,2025-02-07
SMP011057,17,5,Fail,Synthetic Color,2025-02-07
SMP011058,25,11,Pass,None,2025-02-07
SMP011059,5,4,Pass,None,2025-02-07
SMP011060,19,9,Pass,None,2025-02-07
SMP011061,21,6,Fail,Formalin,2025-02-07
SMP011062,3,16,Pass,None,2025-02-07
SMP011063,23,6,Pass,None,2025-02-07
SMP011064,22,10,Pass,None,2025-02-07
SMP011065,1,16,Pass,None,2025-02-07
SMP011066,3,16,Fail,Urea,2025-02-07
SMP011067,2,2,Pass,None,2025-02-07
SMP011068,9,14,Pass,None,2025-02-07
SMP011069,15,6,Pass,None,2025-02-08
SMP011070,16,10,Pass,None,2025-02-08
SMP011071,7,6,Pass,None,2025-02-08
SMP011072,24,6,Fail,Formalin,2025-02-08
SMP011073,9,3,Fail,Starch,2025-02-08
SMP011074,2,9,Pass,None,2025-02-08
SMP011075,8,9,Fail,Synthetic Color,2025-02-08
SMP011076,16,3,Pass,None,2025-02-08
SMP011077,11,9,Pass,None,2025-02-08
SMP011078,7,16,Pass,None,2025-02-08
SMP011079,4,12,Pass,None,2025-02-08
SMP011080,22,8,Pass,None,2025-02-08
SMP011081,26,15,Fail,Chalk Powder,2025-02-08
SMP011082,9,9,Fail,Detergent,2025-02-08
SMP011083,10,2,Fail,Chalk Powder,2025-02-08
SMP011084,17,9,Pass,None,2025-02-08
SMP011085,19,3,Pass,None,2025-02-08
SMP011086,10,13,Fail,Detergent,2025-02-08
SMP011087,24,16,Pass,None,2025-02-08
SMP011088,16,6,Pass,None,2025-02-08
SMP011089,13,6,Fail,Starch,2025-02-08
SMP011090,18,6,Pass,None,2025-02-08
SMP011091,25,5,Pass,None,2025-02-08
SMP011092,22,13,Pass,None,2025-02-08
SMP011093,2,10,Pass,None,2025-02-08
SMP011094,9,1,Pass,None,2025-02-08
SMP011095,13,14,Fail,Detergent,2025-02-08
SMP011096,8,3,Pass,None,2025-02-08
SMP011097,19,16,Fail,Synthetic Color,2025-02-09
SMP011098,23,6,Fail,Starch,2025-02-09
SMP011099,20,10,Pass,None,2025-02-09
SMP011100,26,2,Pass,None,2025-02-09
SMP011101,7,5,Pass,None,2025-02-09
SMP011102,23,13,Fail,Synthetic Color,2025-02-09
SMP011103,21,7,Pass,None,2025-02-09
SMP011104,9,15,Fail,Detergent,2025-02-09
SMP011105,20,9,Pass,None,2025-02-09
SMP011106,3,15,Pass,None,2025-02-09
SMP011107,22,16,Pass,None,2025-02-09
SMP011108,16,7,Fail,Chalk Powder,2025-02-09
SMP011109,8,9,Pass,None,2025-02-09
SMP011110,18,14,Pass,None,2025-02-09
SMP011111,18,4,Pass,None,2025-02-09
SMP011112,5,14,Pass,None,2025-02-09
SMP011113,1,10,Pass,None,2025-02-09
SMP011114,12,12,Pass,None,2025-02-09
SMP011115,16,2,Fail,Detergent,2025-02-09
SMP011116,23,13,Pass,None,2025-02-09
SMP011117,24,5,Pass,None,2025-02-09
SMP011118,15,13,Pass,None,2025-02-09
SMP011119,21,8,Pass,None,2025-02-09
SMP011120,12,4,Pass,None,2025-02-09
SMP011121,21,16,Pass,None,2025-02-09
SMP011122,5,13,Fail,Urea,2025-02-09
SMP011123,9,16,Pass,None,2025-02-09
SMP011124,17,6,Pass,None,2025-02-10
SMP011125,1,11,Pass,None,2025-02-10
SMP011126,19,10,Pass,None,2025-02-10
SMP011127,23,11,Pass,None,2025-02-10
SMP011128,10,1,Pass,None,2025-02-10
SMP011129,13,5,Pass,None,2025-02-10
SMP011130,23,15,Pass,None,2025-02-10
SMP011131,21,6,Pass,None,2025-02-10
SMP011132,8,16,Pass,None,2025-02-10
SMP011133,9,4,Fail,Starch,2025-02-10
SMP011134,19,16,Pass,None,2025-02-10
SMP011135,16,11,Pass,None,2025-02-10
SMP011136,5,13,Fail,Formalin,2025-02-10
SMP011137,8,6,Pass,None,2025-02-10
SMP011138,24,15,Pass,None,2025-02-10
SMP011139,19,9,Fail,Starch,2025-02-10
SMP011140,26,11,Fail,Synthetic Color,2025-02-10
SMP011141,21,2,Pass,None,2025-02-10
SMP011142,25,11,Pass,None,2025-02-10
SMP011143,6,15,Fail,Detergent,2025-02-10
SMP011144,21,3,Pass,None,2025-02-10
SMP011145,1,12,Pass,None,2025-02-10
SMP011146,19,1,Pass,None,2025-02-10
SMP011147,13,15,Pass,None,2025-02-10
SMP011148,9,16,Pass,None,2025-02-10
SMP011149,23,5,Pass,None,2025-02-10
SMP011150,23,2,Pass,None,2025-02-10
SMP011151,1,11,Pass,None,2025-02-10
SMP011152,17,1,Fail,Chalk Powder,2025-02-11
SMP011153,9,8,Pass,None,2025-02-11
SMP011154,12,4,Pass,None,2025-02-11
SMP011155,23,7,Pass,None,2025-02-11
SMP011156,8,1,Pass,None,2025-02-11
SMP011157,25,1,Pass,None,2025-02-11
SMP011158,5,1,Fail,Urea,2025-02-11
SMP011159,18,10,Pass,None,2025-02-11
SMP011160,19,9,Pass,None,2025-02-11
SMP011161,7,4,Pass,None,2025-02-11
SMP011162,9,11,Pass,None,2025-02-11
SMP011163,23,15,Pass,None,2025-02-11
SMP011164,21,4,Pass,None,2025-02-11
SMP011165,9,14,Fail,Chalk Powder,2025-02-11
SMP011166,16,11,Fail,Starch,2025-02-11
SMP011167,2,1,Fail,Chalk Powder,2025-02-11
SMP011168,5,6,Pass,None,2025-02-11
SMP011169,14,8,Pass,None,2025-02-11
SMP011170,3,12,Fail,Synthetic Color,2025-02-11
SMP011171,23,5,Pass,None,2025-02-11
SMP011172,19,16,Pass,None,2025-02-11
SMP011173,25,11,Pass,None,2025-02-11
SMP011174,19,6,Fail,Urea,2025-02-11
SMP011175,25,2,Pass,None,2025-02-11
SMP011176,16,3,Pass,None,2025-02-11
SMP011177,17,8,Pass,None,2025-02-11
SMP011178,25,8,Pass,None,2025-02-11
SMP011179,18,13,Fail,Urea,2025-02-12
SMP011180,1,12,Pass,None,2025-02-12
SMP011181,19,4,Pass,None,2025-02-12
SMP011182,24,10,Pass,None,2025-02-12
SMP011183,22,1,Fail,Urea,2025-02-12
SMP011184,17,6,Pass,None,2025-02-12
SMP011185,19,13,Pass,None,2025-02-12
SMP011186,26,6,Pass,None,2025-02-12
SMP011187,3,14,Pass,None,2025-02-12
SMP011188,18,16,Fail,Detergent,2025-02-12
SMP011189,8,10,Fail,Synthetic Color,2025-02-12
SMP011190,18,3,Pass,None,2025-02-12
SMP011191,17,6,Pass,None,2025-02-12
SMP011192,5,1,Pass,None,2025-02-12
SMP011193,5,10,Fail,Urea,2025-02-12
SMP011194,17,14,Fail,Chalk Powder,2025-02-12
SMP011195,4,11,Pass,None,2025-02-12
SMP011196,7,13,Fail,Chalk Powder,2025-02-12
SMP011197,23,13,Pass,None,2025-02-12
SMP011198,9,14,Pass,None,2025-02-12
SMP011199,14,4,Pass,None,2025-02-12
SMP011200,25,15,Pass,None,2025-02-12
SMP011201,6,11,Pass,None,2025-02-12
SMP011202,10,5,Pass,None,2025-02-12
SMP011203,17,16,Fail,Chalk Powder,2025-02-12
SMP011204,21,16,Pass,None,2025-02-12
SMP011205,24,9,Fail,Detergent,2025-02-12
SMP011206,24,14,Pass,None,2025-02-13
SMP011207,21,4,Fail,Detergent,2025-02-13
SMP011208,6,6,Fail,Detergent,2025-02-13
SMP011209,1,3,Pass,None,2025-02-13
SMP011210,10,8,Fail,Starch,2025-02-13
SMP011211,5,8,Pass,None,2025-02-13
SMP011212,19,4,Fail,Chalk Powder,2025-02-13
SMP011213,18,11,Pass,None,2025-02-13
SMP011214,2,2,Pass,None,2025-02-13
SMP011215,23,1,Pass,None,2025-02-13
SMP011216,7,6,Pass,None,2025-02-13
SMP011217,12,6,Fail,Detergent,2025-02-13
SMP011218,19,5,Pass,None,2025-02-13
SMP011219,12,4,Pass,None,2025-02-13
SMP011220,12,5,Pass,None,2025-02-13
SMP011221,2,3,Pass,None,2025-02-13
SMP011222,11,6,Pass,None,2025-02-13
SMP011223,21,15,Pass,None,2025-02-13
SMP011224,24,4,Fail,Synthetic Color,2025-02-13
SMP011225,12,11,Fail,Formalin,2025-02-13
SMP011226,12,2,Fail,Starch,2025-02-13
SMP011227,19,5,Pass,None,2025-02-13
SMP011228,25,5,Fail,Urea,2025-02-13
SMP011229,7,16,Pass,None,2025-02-13
SMP011230,12,6,Fail,Detergent,2025-02-13
SMP011231,22,11,Pass,None,2025-02-13
SMP011232,17,10,Pass,None,2025-02-13
SMP011233,3,2,Fail,Chalk Powder,2025-02-13
SMP011234,17,16,Fail,Starch,2025-02-14
SMP011235,5,5,Fail,Starch,2025-02-14
SMP011236,15,1,Fail,Synthetic Color,2025-02-14
SMP011237,16,5,Pass,None,2025-02-14
SMP011238,23,5,Pass,None,2025-02-14
SMP011239,13,2,Pass,None,2025-02-14
SMP011240,7,10,Pass,None,2025-02-14
SMP011241,6,5,Pass,None,2025-02-14
SMP011242,23,10,Pass,None,2025-02-14
SMP011243,5,1,Fail,Urea,2025-02-14
SMP011244,12,16,Pass,None,2025-02-14
SMP011245,5,3,Pass,None,2025-02-14
SMP011246,21,11,Pass,None,2025-02-14
SMP011247,14,12,Pass,None,2025-02-14
SMP011248,9,3,Pass,None,2025-02-14
SMP011249,9,2,Pass,None,2025-02-14
SMP011250,23,3,Pass,None,2025-02-14
SMP011251,16,4,Pass,None,2025-02-14
SMP011252,19,3,Pass,None,2025-02-14
SMP011253,24,11,Pass,None,2025-02-14
SMP011254,24,6,Pass,None,2025-02-14
SMP011255,9,9,Pass,None,2025-02-14
SMP011256,25,1,Pass,None,2025-02-14
SMP011257,1,14,Pass,None,2025-02-14
SMP011258,9,3,Fail,Formalin,2025-02-14
SMP011259,24,6,Fail,Formalin,2025-02-14
SMP011260,7,1,Fail,Chalk Powder,2025-02-14
SMP011261,7,2,Pass,None,2025-02-15
SMP011262,8,11,Pass,None,2025-02-15
SMP011263,17,11,Pass,None,2025-02-15
SMP011264,12,11,Pass,None,2025-02-15
SMP011265,20,9,Pass,None,2025-02-15
SMP011266,24,16,Fail,Starch,2025-02-15
SMP011267,19,8,Pass,None,2025-02-15
SMP011268,5,7,Pass,None,2025-02-15
SMP011269,24,4,Fail,Starch,2025-02-15
SMP011270,7,2,Pass,None,2025-02-15
SMP011271,5,9,Pass,None,2025-02-15
SMP011272,3,5,Pass,None,2025-02-15
SMP011273,16,8,Pass,None,2025-02-15
SMP011274,4,4,Pass,None,2025-02-15
SMP011275,4,14,Pass,None,2025-02-15
SMP011276,8,16,Pass,None,2025-02-15
SMP011277,8,5,Fail,Urea,2025-02-15
SMP011278,17,14,Fail,Chalk Powder,2025-02-15
SMP011279,22,15,Pass,None,2025-02-15
SMP011280,21,16,Pass,None,2025-02-15
SMP011281,7,5,Fail,Starch,2025-02-15
SMP011282,7,12,Pass,None,2025-02-15
SMP011283,25,4,Pass,None,2025-02-15
SMP011284,1,10,Pass,None,2025-02-15
SMP011285,23,12,Pass,None,2025-02-15
SMP011286,5,12,Pass,None,2025-02-15
SMP011287,25,4,Pass,None,2025-02-15
SMP011288,9,14,Fail,Detergent,2025-02-15
SMP011289,12,6,Fail,Formalin,2025-02-16
SMP011290,19,4,Pass,None,2025-02-16
SMP011291,17,9,Pass,None,2025-02-16
SMP011292,8,15,Fail,Chalk Powder,2025-02-16
SMP011293,16,16,Pass,None,2025-02-16
SMP011294,20,12,Fail,Detergent,2025-02-16
SMP011295,2,1,Fail,Synthetic Color,2025-02-16
SMP011296,1,2,Fail,Starch,2025-02-16
SMP011297,13,2,Pass,None,2025-02-16
SMP011298,4,2,Fail,Urea,2025-02-16
SMP011299,18,6,Fail,Synthetic Color,2025-02-16
SMP011300,6,5,Pass,None,2025-02-16
SMP011301,12,2,Fail,Synthetic Color,2025-02-16
SMP011302,5,15,Fail,Urea,2025-02-16
SMP011303,16,10,Fail,Synthetic Color,2025-02-16
SMP011304,4,13,Pass,None,2025-02-16
SMP011305,1,6,Fail,Detergent,2025-02-16
SMP011306,2,6,Pass,None,2025-02-16
SMP011307,25,5,Fail,Synthetic Color,2025-02-16
SMP011308,5,7,Fail,Urea,2025-02-16
SMP011309,19,10,Pass,None,2025-02-16
SMP011310,2,8,Pass,None,2025-02-16
SMP011311,3,14,Pass,None,2025-02-16
SMP011312,15,15,Pass,None,2025-02-16
SMP011313,13,7,Pass,None,2025-02-16
SMP011314,25,4,Pass,None,2025-02-16
SMP011315,25,16,Pass,None,2025-02-16
SMP011316,22,12,Fail,Formalin,2025-02-17
SMP011317,17,11,Pass,None,2025-02-17
SMP011318,13,12,Pass,None,2025-02-17
SMP011319,9,2,Fail,Starch,2025-02-17
SMP011320,25,1,Fail,Urea,2025-02-17
SMP011321,17,3,Pass,None,2025-02-17
SMP011322,17,3,Pass,None,2025-02-17
SMP011323,6,6,Pass,None,2025-02-17
SMP011324,2,3,Pass,None,2025-02-17
SMP011325,25,14,Pass,None,2025-02-17
SMP011326,8,9,Pass,None,2025-02-17
SMP011327,12,6,Fail,Detergent,2025-02-17
SMP011328,4,1,Pass,None,2025-02-17
SMP011329,23,10,Pass,None,2025-02-17
SMP011330,1,2,Pass,None,2025-02-17
SMP011331,23,12,Fail,Detergent,2025-02-17
SMP011332,4,13,Pass,None,2025-02-17
SMP011333,24,9,Fail,Formalin,2025-02-17
SMP011334,20,3,Pass,None,2025-02-17
SMP011335,5,13,Fail,Detergent,2025-02-17
SMP011336,16,5,Pass,None,2025-02-17
SMP011337,8,4,Pass,None,2025-02-17
SMP011338,5,7,Pass,None,2025-02-17
SMP011339,23,15,Fail,Urea,2025-02-17
SMP011340,11,5,Fail,Detergent,2025-02-17
SMP011341,10,15,Pass,None,2025-02-17
SMP011342,5,1,Fail,Formalin,2025-02-17
SMP011343,10,2,Pass,None,2025-02-18
SMP011344,23,12,Pass,None,2025-02-18
SMP011345,9,3,Pass,None,2025-02-18
SMP011346,25,5,Fail,Formalin,2025-02-18
SMP011347,25,2,Fail,Chalk Powder,2025-02-18
SMP011348,5,5,Pass,None,2025-02-18
SMP011349,5,4,Fail,Synthetic Color,2025-02-18
SMP011350,23,12,Pass,None,2025-02-18
SMP011351,10,12,Fail,Synthetic Color,2025-02-18
SMP011352,1,16,Pass,None,2025-02-18
SMP011353,7,12,Pass,None,2025-02-18
SMP011354,17,11,Pass,None,2025-02-18
SMP011355,22,11,Pass,None,2025-02-18
SMP011356,4,15,Pass,None,2025-02-18
SMP011357,3,5,Pass,None,2025-02-18
SMP011358,24,5,Pass,None,2025-02-18
SMP011359,21,12,Pass,None,2025-02-18
SMP011360,17,4,Fail,Detergent,2025-02-18
SMP011361,21,15,Pass,None,2025-02-18
SMP011362,12,9,Fail,Detergent,2025-02-18
SMP011363,21,5,Fail,Chalk Powder,2025-02-18
SMP011364,9,13,Pass,None,2025-02-18
SMP011365,7,5,Pass,None,2025-02-18
SMP011366,20,16,Pass,None,2025-02-18
SMP011367,12,16,Pass,None,2025-02-18
SMP011368,26,11,Pass,None,2025-02-18
SMP011369,9,2,Pass,None,2025-02-18
SMP011370,24,4,Pass,None,2025-02-18
SMP011371,24,8,Fail,Detergent,2025-02-19
SMP011372,7,14,Pass,None,2025-02-19
SMP011373,22,3,Pass,None,2025-02-19
SMP011374,12,2,Pass,None,2025-02-19
SMP011375,24,1,Pass,None,2025-02-19
SMP011376,13,8,Pass,None,2025-02-19
SMP011377,21,15,Pass,None,2025-02-19
SMP011378,13,1,Pass,None,2025-02-19
SMP011379,6,4,Pass,None,2025-02-19
SMP011380,5,11,Pass,None,2025-02-19
SMP011381,12,14,Pass,None,2025-02-19
SMP011382,21,13,Fail,Detergent,2025-02-19
SMP011383,17,13,Pass,None,2025-02-19
SMP011384,19,2,Pass,None,2025-02-19
SMP011385,8,6,Pass,None,2025-02-19
SMP011386,14,16,Pass,None,2025-02-19
SMP011387,2,16,Fail,Synthetic Color,2025-02-19
SMP011388,22,10,Pass,None,2025-02-19
SMP011389,26,12,Pass,None,2025-02-19
SMP011390,11,16,Pass,None,2025-02-19
SMP011391,1,7,Pass,None,2025-02-19
SMP011392,5,2,Pass,None,2025-02-19
SMP011393,18,11,Pass,None,2025-02-19
SMP011394,17,16,Pass,None,2025-02-19
SMP011395,22,11,Pass,None,2025-02-19
SMP011396,7,13,Pass,None,2025-02-19
SMP011397,21,6,Fail,Urea,2025-02-19
SMP011398,19,2,Pass,None,2025-02-20
SMP011399,9,3,Pass,None,2025-02-20
SMP011400,16,16,Pass,None,2025-02-20
SMP011401,5,8,Fail,Chalk Powder,2025-02-20
SMP011402,13,1,Pass,None,2025-02-20
SMP011403,23,16,Pass,None,2025-02-20
SMP011404,12,8,Fail,Urea,2025-02-20
SMP011405,23,14,Pass,None,2025-02-20
SMP011406,17,9,Fail,Urea,2025-02-20
SMP011407,5,2,Fail,Chalk Powder,2025-02-20
SMP011408,17,10,Pass,None,2025-02-20
SMP011409,15,16,Pass,None,2025-02-20
SMP011410,10,1,Fail,Synthetic Color,2025-02-20
SMP011411,4,14,Pass,None,2025-02-20
SMP011412,12,4,Pass,None,2025-02-20
SMP011413,2,6,Fail,Urea,2025-02-20
SMP011414,3,6,Pass,None,2025-02-20
SMP011415,12,15,Pass,None,2025-02-20
SMP011416,8,8,Pass,None,2025-02-20
SMP011417,24,7,Pass,None,2025-02-20
SMP011418,9,14,Pass,None,2025-02-20
SMP011419,21,1,Pass,None,2025-02-20
SMP011420,16,2,Pass,None,2025-02-20
SMP011421,19,1,Pass,None,2025-02-20
SMP011422,7,11,Fail,Chalk Powder,2025-02-20
SMP011423,25,8,Pass,None,2025-02-20
SMP011424,16,15,Pass,None,2025-02-20
SMP011425,23,8,Pass,None,2025-02-20
SMP011426,9,4,Pass,None,2025-02-21
SMP011427,3,13,Pass,None,2025-02-21
SMP011428,19,5,Fail,Urea,2025-02-21
SMP011429,1,16,Pass,None,2025-02-21
SMP011430,14,4,Pass,None,2025-02-21
SMP011431,5,3,Fail,Synthetic Color,2025-02-21
SMP011432,17,8,Pass,None,2025-02-21
SMP011433,25,1,Pass,None,2025-02-21
SMP011434,13,1,Pass,None,2025-02-21
SMP011435,22,8,Pass,None,2025-02-21
SMP011436,15,4,Fail,Starch,2025-02-21
SMP011437,14,1,Pass,None,2025-02-21
SMP011438,24,5,Fail,Detergent,2025-02-21
SMP011439,24,7,Fail,Detergent,2025-02-21
SMP011440,22,6,Pass,None,2025-02-21
SMP011441,8,2,Pass,None,2025-02-21
SMP011442,16,10,Pass,None,2025-02-21
SMP011443,6,12,Fail,Starch,2025-02-21
SMP011444,13,11,Fail,Formalin,2025-02-21
SMP011445,14,6,Pass,None,2025-02-21
SMP011446,23,2,Pass,None,2025-02-21
SMP011447,24,8,Pass,None,2025-02-21
SMP011448,12,15,Pass,None,2025-02-21
SMP011449,1,7,Pass,None,2025-02-21
SMP011450,23,3,Pass,None,2025-02-21
SMP011451,5,2,Pass,None,2025-02-21
SMP011452,17,16,Pass,None,2025-02-21
SMP011453,1,12,Pass,None,2025-02-22
SMP011454,10,5,Pass,None,2025-02-22
SMP011455,26,5,Fail,Urea,2025-02-22
SMP011456,3,15,Pass,None,2025-02-22
SMP011457,12,3,Fail,Starch,2025-02-22
SMP011458,8,9,Pass,None,2025-02-22
SMP011459,24,12,Pass,None,2025-02-22
SMP011460,23,6,Pass,None,2025-02-22
SMP011461,6,1,Pass,None,2025-02-22
SMP011462,3,4,Fail,Urea,2025-02-22
SMP011463,17,15,Fail,Starch,2025-02-22
SMP011464,9,8,Pass,None,2025-02-22
SMP011465,19,14,Pass,None,2025-02-22
SMP011466,1,9,Pass,None,2025-02-22
SMP011467,4,16,Pass,None,2025-02-22
SMP011468,19,15,Fail,Chalk Powder,2025-02-22
SMP011469,6,8,Pass,None,2025-02-22
SMP011470,23,5,Pass,None,2025-02-22
SMP011471,2,10,Fail,Chalk Powder,2025-02-22
SMP011472,6,11,Pass,None,2025-02-22
SMP011473,26,8,Pass,None,2025-02-22
SMP011474,12,14,Fail,Detergent,2025-02-22
SMP011475,19,3,Pass,None,2025-02-22
SMP011476,5,5,Pass,None,2025-02-22
SMP011477,17,11,Fail,Urea,2025-02-22
SMP011478,20,4,Pass,None,2025-02-22
SMP011479,8,7,Pass,None,2025-02-22
SMP011480,23,16,Pass,None,2025-02-23
SMP011481,17,10,Pass,None,2025-02-23
SMP011482,10,16,Fail,Chalk Powder,2025-02-23
SMP011483,16,12,Pass,None,2025-02-23
SMP011484,17,12,Pass,None,2025-02-23
SMP011485,5,10,Fail,Chalk Powder,2025-02-23
SMP011486,11,2,Pass,None,2025-02-23
SMP011487,9,8,Pass,None,2025-02-23
SMP011488,11,4,Pass,None,2025-02-23
SMP011489,21,16,Fail,Synthetic Color,2025-02-23
SMP011490,14,4,Pass,None,2025-02-23
SMP011491,25,4,Pass,None,2025-02-23
SMP011492,8,10,Pass,None,2025-02-23
SMP011493,12,8,Pass,None,2025-02-23
SMP011494,22,1,Fail,Detergent,2025-02-23
SMP011495,16,2,Fail,Detergent,2025-02-23
SMP011496,16,13,Pass,None,2025-02-23
SMP011497,2,8,Pass,None,2025-02-23
SMP011498,10,3,Pass,None,2025-02-23
SMP011499,7,7,Pass,None,2025-02-23
SMP011500,26,4,Pass,None,2025-02-23
SMP011501,8,4,Pass,None,2025-02-23
SMP011502,23,16,Pass,None,2025-02-23
SMP011503,19,6,Fail,Detergent,2025-02-23
SMP011504,9,1,Pass,None,2025-02-23
SMP011505,16,16,Pass,None,2025-02-23
SMP011506,23,13,Pass,None,2025-02-23
SMP011507,23,4,Fail,Urea,2025-02-23
SMP011508,5,6,Pass,None,2025-02-24
SMP011509,9,14,Fail,Formalin,2025-02-24
SMP011510,9,5,Pass,None,2025-02-24
SMP011511,2,9,Pass,None,2025-02-24
SMP011512,17,9,Fail,Starch,2025-02-24
SMP011513,23,6,Pass,None,2025-02-24
SMP011514,10,11,Fail,Starch,2025-02-24
SMP011515,21,7,Pass,None,2025-02-24
SMP011516,17,1,Pass,None,2025-02-24
SMP011517,9,14,Fail,Chalk Powder,2025-02-24
SMP011518,5,2,Pass,None,2025-02-24
SMP011519,19,7,Pass,None,2025-02-24
SMP011520,23,10,Pass,None,2025-02-24
SMP011521,19,12,Fail,Synthetic Color,2025-02-24
SMP011522,1,6,Pass,None,2025-02-24
SMP011523,6,12,Pass,None,2025-02-24
SMP011524,2,2,Pass,None,2025-02-24
SMP011525,16,11,Pass,None,2025-02-24
SMP011526,21,14,Pass,None,2025-02-24
SMP011527,3,15,Pass,None,2025-02-24
SMP011528,23,10,Pass,None,2025-02-24
SMP011529,16,5,Fail,Formalin,2025-02-24
SMP011530,19,3,Pass,None,2025-02-24
SMP011531,25,5,Pass,None,2025-02-24
SMP011532,3,9,Fail,Detergent,2025-02-24
SMP011533,24,3,Fail,Starch,2025-02-24
SMP011534,4,16,Pass,None,2025-02-24
SMP011535,10,15,Pass,None,2025-02-25
SMP011536,23,1,Pass,None,2025-02-25
SMP011537,24,9,Pass,None,2025-02-25
SMP011538,15,13,Pass,None,2025-02-25
SMP011539,17,4,Pass,None,2025-02-25
SMP011540,19,8,Pass,None,2025-02-25
SMP011541,23,6,Fail,Urea,2025-02-25
SMP011542,4,3,Pass,None,2025-02-25
SMP011543,22,10,Fail,Detergent,2025-02-25
SMP011544,14,16,Fail,Detergent,2025-02-25
SMP011545,13,6,Fail,Chalk Powder,2025-02-25
SMP011546,12,9,Pass,None,2025-02-25
SMP011547,15,5,Pass,None,2025-02-25
SMP011548,25,15,Pass,None,2025-02-25
SMP011549,16,15,Fail,Formalin,2025-02-25
SMP011550,25,3,Pass,None,2025-02-25
SMP011551,5,15,Fail,Chalk Powder,2025-02-25
SMP011552,19,3,Pass,None,2025-02-25
SMP011553,22,2,Pass,None,2025-02-25
SMP011554,19,11,Pass,None,2025-02-25
SMP011555,17,6,Fail,Formalin,2025-02-25
SMP011556,16,9,Pass,None,2025-02-25
SMP011557,23,11,Pass,None,2025-02-25
SMP011558,22,1,Pass,None,2025-02-25
SMP011559,4,5,Fail,Chalk Powder,2025-02-25
SMP011560,23,7,Pass,None,2025-02-25
SMP011561,12,4,Pass,None,2025-02-25
SMP011562,7,1,Fail,Starch,2025-02-25
SMP011563,23,2,Pass,None,2025-02-26
SMP011564,12,13,Pass,None,2025-02-26
SMP011565,22,15,Pass,None,2025-02-26
SMP011566,7,3,Fail,Starch,2025-02-26
SMP011567,1,4,Pass,None,2025-02-26
SMP011568,14,11,Pass,None,2025-02-26
SMP011569,3,16,Fail,Detergent,2025-02-26
SMP011570,21,5,Pass,None,2025-02-26
SMP011571,7,14,Pass,None,2025-02-26
SMP011572,13,8,Pass,None,2025-02-26
SMP011573,3,16,Pass,None,2025-02-26
SMP011574,8,2,Fail,Synthetic Color,2025-02-26
SMP011575,22,16,Pass,None,2025-02-26
SMP011576,5,7,Fail,Detergent,2025-02-26
SMP011577,18,16,Fail,Urea,2025-02-26
SMP011578,24,7,Pass,None,2025-02-26
SMP011579,19,9,Pass,None,2025-02-26
SMP011580,22,13,Pass,None,2025-02-26
SMP011581,3,12,Pass,None,2025-02-26
SMP011582,7,10,Pass,None,2025-02-26
SMP011583,24,6,Pass,None,2025-02-26
SMP011584,19,13,Pass,None,2025-02-26
SMP011585,18,16,Fail,Synthetic Color,2025-02-26
SMP011586,18,1,Fail,Starch,2025-02-26
SMP011587,12,10,Fail,Synthetic Color,2025-02-26
SMP011588,2,15,Pass,None,2025-02-26
SMP011589,22,11,Fail,Synthetic Color,2025-02-26
SMP011590,19,13,Pass,None,2025-02-27
SMP011591,13,15,Pass,None,2025-02-27
SMP011592,24,12,Fail,Starch,2025-02-27
SMP011593,9,12,Pass,None,2025-02-27
SMP011594,8,16,Pass,None,2025-02-27
SMP011595,23,15,Pass,None,2025-02-27
SMP011596,22,14,Fail,Urea,2025-02-27
SMP011597,15,2,Pass,None,2025-02-27
SMP011598,4,4,Fail,Urea,2025-02-27
SMP011599,6,9,Pass,None,2025-02-27
SMP011600,18,12,Fail,Chalk Powder,2025-02-27
SMP011601,10,5,Fail,Formalin,2025-02-27
SMP011602,23,2,Fail,Chalk Powder,2025-02-27
SMP011603,25,5,Fail,Formalin,2025-02-27
SMP011604,22,13,Pass,None,2025-02-27
SMP011605,10,15,Pass,None,2025-02-27
SMP011606,22,15,Pass,None,2025-02-27
SMP011607,9,6,Pass,None,2025-02-27
SMP011608,5,6,Fail,Urea,2025-02-27
SMP011609,1,6,Fail,Urea,2025-02-27
SMP011610,10,6,Pass,None,2025-02-27
SMP011611,24,11,Fail,Formalin,2025-02-27
SMP011612,6,5,Pass,None,2025-02-27
SMP011613,5,1,Pass,None,2025-02-27
SMP011614,25,7,Fail,Chalk Powder,2025-02-27
SMP011615,1,4,Pass,None,2025-02-27
SMP011616,22,1,Pass,None,2025-02-27
SMP011617,9,7,Pass,None,2025-02-28
SMP011618,2,4,Pass,None,2025-02-28
SMP011619,24,7,Pass,None,2025-02-28
SMP011620,4,4,Pass,None,2025-02-28
SMP011621,16,10,Pass,None,2025-02-28
SMP011622,7,16,Pass,None,2025-02-28
SMP011623,2,9,Pass,None,2025-02-28
SMP011624,2,11,Fail,Formalin,2025-02-28
SMP011625,4,15,Fail,Chalk Powder,2025-02-28
SMP011626,2,6,Pass,None,2025-02-28
SMP011627,21,3,Fail,Urea,2025-02-28
SMP011628,14,5,Pass,None,2025-02-28
SMP011629,9,6,Pass,None,2025-02-28
SMP011630,12,11,Fail,Starch,2025-02-28
SMP011631,24,1,Fail,Urea,2025-02-28
SMP011632,24,14,Fail,Chalk Powder,2025-02-28
SMP011633,19,2,Pass,None,2025-02-28
SMP011634,23,15,Pass,None,2025-02-28
SMP011635,9,16,Pass,None,2025-02-28
SMP011636,10,16,Pass,None,2025-02-28
SMP011637,17,13,Pass,None,2025-02-28
SMP011638,17,2,Pass,None,2025-02-28
SMP011639,14,12,Pass,None,2025-02-28
SMP011640,11,4,Fail,Starch,2025-02-28
SMP011641,26,15,Pass,None,2025-02-28
SMP011642,22,5,Pass,None,2025-02-28
SMP011643,12,5,Pass,None,2025-02-28
SMP011644,20,15,Pass,None,2025-02-28
SMP011645,7,1,Fail,Starch,2025-03-01
SMP011646,3,3,Pass,None,2025-03-01
SMP011647,9,6,Fail,Starch,2025-03-01
SMP011648,11,12,Fail,Formalin,2025-03-01
SMP011649,1,11,Pass,None,2025-03-01
SMP011650,22,11,Fail,Detergent,2025-03-01
SMP011651,9,15,Pass,None,2025-03-01
SMP011652,17,2,Pass,None,2025-03-01
SMP011653,2,8,Pass,None,2025-03-01
SMP011654,5,12,Pass,None,2025-03-01
SMP011655,24,11,Pass,None,2025-03-01
SMP011656,17,7,Pass,None,2025-03-01
SMP011657,25,1,Pass,None,2025-03-01
SMP011658,26,1,Pass,None,2025-03-01
SMP011659,9,2,Pass,None,2025-03-01
SMP011660,8,5,Fail,Urea,2025-03-01
SMP011661,23,2,Fail,Synthetic Color,2025-03-01
SMP011662,26,6,Pass,None,2025-03-01
SMP011663,17,3,Pass,None,2025-03-01
SMP011664,22,13,Pass,None,2025-03-01
SMP011665,22,15,Pass,None,2025-03-01
SMP011666,9,6,Fail,Synthetic Color,2025-03-01
SMP011667,17,8,Fail,Urea,2025-03-01
SMP011668,23,16,Pass,None,2025-03-01
SMP011669,19,9,Pass,None,2025-03-01
SMP011670,1,16,Pass,None,2025-03-01
SMP011671,9,2,Pass,None,2025-03-01
SMP011672,5,14,Pass,None,2025-03-02
SMP011673,6,8,Pass,None,2025-03-02
SMP011674,24,1,Pass,None,2025-03-02
SMP011675,2,16,Pass,None,2025-03-02
SMP011676,6,16,Pass,None,2025-03-02
SMP011677,8,6,Pass,None,2025-03-02
SMP011678,17,16,Fail,Starch,2025-03-02
SMP011679,16,2,Pass,None,2025-03-02
SMP011680,6,11,Pass,None,2025-03-02
SMP011681,5,3,Pass,None,2025-03-02
SMP011682,6,4,Pass,None,2025-03-02
SMP011683,14,13,Pass,None,2025-03-02
SMP011684,7,6,Fail,Formalin,2025-03-02
SMP011685,25,1,Fail,Chalk Powder,2025-03-02
SMP011686,13,6,Pass,None,2025-03-02
SMP011687,2,4,Pass,None,2025-03-02
SMP011688,20,11,Fail,Formalin,2025-03-02
SMP011689,9,3,Pass,None,2025-03-02
SMP011690,18,14,Pass,None,2025-03-02
SMP011691,7,4,Fail,Starch,2025-03-02
SMP011692,16,6,Fail,Urea,2025-03-02
SMP011693,21,5,Pass,None,2025-03-02
SMP011694,24,11,Pass,None,2025-03-02
SMP011695,7,2,Pass,None,2025-03-02
SMP011696,9,7,Pass,None,2025-03-02
SMP011697,13,5,Fail,Synthetic Color,2025-03-02
SMP011698,24,15,Fail,Formalin,2025-03-02
SMP011699,24,1,Fail,Starch,2025-03-02
SMP011700,3,14,Fail,Formalin,2025-03-03
SMP011701,4,3,Pass,None,2025-03-03
SMP011702,14,2,Fail,Starch,2025-03-03
SMP011703,3,4,Fail,Formalin,2025-03-03
SMP011704,9,2,Fail,Synthetic Color,2025-03-03
SMP011705,5,8,Pass,None,2025-03-03
SMP011706,18,16,Fail,Formalin,2025-03-03
SMP011707,25,1,Fail,Urea,2025-03-03
SMP011708,26,7,Fail,Detergent,2025-03-03
SMP011709,9,6,Pass,None,2025-03-03
SMP011710,17,5,Pass,None,2025-03-03
SMP011711,23,5,Pass,None,2025-03-03
SMP011712,4,15,Fail,Starch,2025-03-03
SMP011713,19,1,Fail,Detergent,2025-03-03
SMP011714,11,13,Pass,None,2025-03-03
SMP011715,5,4,Fail,Synthetic Color,2025-03-03
SMP011716,11,6,Pass,None,2025-03-03
SMP011717,2,6,Pass,None,2025-03-03
SMP011718,19,5,Pass,None,2025-03-03
SMP011719,7,2,Pass,None,2025-03-03
SMP011720,8,2,Pass,None,2025-03-03
SMP011721,4,5,Pass,None,2025-03-03
SMP011722,23,14,Pass,None,2025-03-03
SMP011723,14,2,Pass,None,2025-03-03
SMP011724,16,12,Pass,None,2025-03-03
SMP011725,16,5,Pass,None,2025-03-03
SMP011726,11,15,Pass,None,2025-03-03
SMP011727,5,6,Pass,None,2025-03-04
SMP011728,21,3,Pass,None,2025-03-04
SMP011729,4,16,Pass,None,2025-03-04
SMP011730,3,3,Pass,None,2025-03-04
SMP011731,19,9,Pass,None,2025-03-04
SMP011732,5,9,Pass,None,2025-03-04
SMP011733,8,6,Pass,None,2025-03-04
SMP011734,14,16,Pass,None,2025-03-04
SMP011735,13,14,Fail,Synthetic Color,2025-03-04
SMP011736,19,14,Pass,None,2025-03-04
SMP011737,17,16,Fail,Detergent,2025-03-04
SMP011738,18,7,Pass,None,2025-03-04
SMP011739,19,2,Pass,None,2025-03-04
SMP011740,8,13,Pass,None,2025-03-04
SMP011741,9,6,Fail,Synthetic Color,2025-03-04
SMP011742,12,3,Pass,None,2025-03-04
SMP011743,8,8,Fail,Synthetic Color,2025-03-04
SMP011744,26,15,Pass,None,2025-03-04
SMP011745,22,3,Pass,None,2025-03-04
SMP011746,5,14,Pass,None,2025-03-04
SMP011747,1,6,Fail,Chalk Powder,2025-03-04
SMP011748,2,2,Fail,Starch,2025-03-04
SMP011749,7,14,Pass,None,2025-03-04
SMP011750,4,16,Fail,Starch,2025-03-04
SMP011751,16,5,Pass,None,2025-03-04
SMP011752,23,5,Pass,None,2025-03-04
SMP011753,20,6,Pass,None,2025-03-04
SMP011754,6,14,Pass,None,2025-03-05
SMP011755,10,1,Fail,Starch,2025-03-05
SMP011756,15,4,Pass,None,2025-03-05
SMP011757,22,12,Pass,None,2025-03-05
SMP011758,23,6,Fail,Urea,2025-03-05
SMP011759,24,5,Pass,None,2025-03-05
SMP011760,15,15,Fail,Chalk Powder,2025-03-05
SMP011761,19,15,Pass,None,2025-03-05
SMP011762,3,16,Pass,None,2025-03-05
SMP011763,16,4,Fail,Urea,2025-03-05
SMP011764,7,15,Fail,Urea,2025-03-05
SMP011765,12,12,Fail,Chalk Powder,2025-03-05
SMP011766,17,3,Fail,Urea,2025-03-05
SMP011767,7,10,Pass,None,2025-03-05
SMP011768,2,1,Pass,None,2025-03-05
SMP011769,1,12,Fail,Detergent,2025-03-05
SMP011770,1,12,Fail,Chalk Powder,2025-03-05
SMP011771,1,13,Pass,None,2025-03-05
SMP011772,3,3,Pass,None,2025-03-05
SMP011773,7,10,Pass,None,2025-03-05
SMP011774,6,3,Pass,None,2025-03-05
SMP011775,26,16,Pass,None,2025-03-05
SMP011776,8,11,Fail,Chalk Powder,2025-03-05
SMP011777,4,2,Fail,Starch,2025-03-05
SMP011778,16,3,Pass,None,2025-03-05
SMP011779,23,11,Pass,None,2025-03-05
SMP011780,19,7,Pass,None,2025-03-05
SMP011781,8,12,Fail,Synthetic Color,2025-03-05
SMP011782,16,4,Pass,None,2025-03-06
SMP011783,19,11,Pass,None,2025-03-06
SMP011784,20,3,Pass,None,2025-03-06
SMP011785,18,9,Fail,Formalin,2025-03-06
SMP011786,23,16,Fail,Urea,2025-03-06
SMP011787,23,10,Fail,Synthetic Color,2025-03-06
SMP011788,17,1,Pass,None,2025-03-06
SMP011789,12,16,Pass,None,2025-03-06
SMP011790,18,3,Pass,None,2025-03-06
SMP011791,22,12,Fail,Starch,2025-03-06
SMP011792,1,9,Pass,None,2025-03-06
SMP011793,26,5,Pass,None,2025-03-06
SMP011794,5,3,Fail,Detergent,2025-03-06
SMP011795,13,3,Fail,Chalk Powder,2025-03-06
SMP011796,23,14,Pass,None,2025-03-06
SMP011797,6,15,Pass,None,2025-03-06
SMP011798,14,7,Pass,None,2025-03-06
SMP011799,4,2,Pass,None,2025-03-06
SMP011800,10,15,Pass,None,2025-03-06
SMP011801,5,8,Pass,None,2025-03-06
SMP011802,9,7,Fail,Synthetic Color,2025-03-06
SMP011803,9,6,Pass,None,2025-03-06
SMP011804,26,6,Pass,None,2025-03-06
SMP011805,26,9,Pass,None,2025-03-06
SMP011806,4,10,Pass,None,2025-03-06
SMP011807,19,7,Pass,None,2025-03-06
SMP011808,2,15,Pass,None,2025-03-06
SMP011809,1,5,Fail,Formalin,2025-03-07
SMP011810,3,9,Pass,None,2025-03-07
SMP011811,25,5,Pass,None,2025-03-07
SMP011812,25,12,Pass,None,2025-03-07
SMP011813,5,2,Pass,None,2025-03-07
SMP011814,5,3,Pass,None,2025-03-07
SMP011815,7,13,Fail,Synthetic Color,2025-03-07
SMP011816,15,3,Pass,None,2025-03-07
SMP011817,16,10,Pass,None,2025-03-07
SMP011818,6,16,Fail,Chalk Powder,2025-03-07
SMP011819,21,8,Pass,None,2025-03-07
SMP011820,8,3,Fail,Starch,2025-03-07
SMP011821,24,5,Pass,None,2025-03-07
SMP011822,18,14,Pass,None,2025-03-07
SMP011823,12,5,Pass,None,2025-03-07
SMP011824,22,12,Pass,None,2025-03-07
SMP011825,22,13,Fail,Synthetic Color,2025-03-07
SMP011826,8,8,Fail,Chalk Powder,2025-03-07
SMP011827,9,13,Fail,Detergent,2025-03-07
SMP011828,25,5,Fail,Starch,2025-03-07
SMP011829,5,8,Fail,Urea,2025-03-07
SMP011830,2,11,Pass,None,2025-03-07
SMP011831,13,3,Fail,Starch,2025-03-07
SMP011832,22,4,Pass,None,2025-03-07
SMP011833,21,11,Fail,Synthetic Color,2025-03-07
SMP011834,24,11,Pass,None,2025-03-07
SMP011835,16,8,Fail,Chalk Powder,2025-03-07
SMP011836,3,13,Pass,None,2025-03-07
SMP011837,17,8,Pass,None,2025-03-08
SMP011838,22,15,Pass,None,2025-03-08
SMP011839,3,12,Pass,None,2025-03-08
SMP011840,5,5,Pass,None,2025-03-08
SMP011841,1,6,Pass,None,2025-03-08
SMP011842,17,11,Pass,None,2025-03-08
SMP011843,24,15,Fail,Formalin,2025-03-08
SMP011844,19,3,Pass,None,2025-03-08
SMP011845,26,8,Pass,None,2025-03-08
SMP011846,2,2,Pass,None,2025-03-08
SMP011847,24,4,Pass,None,2025-03-08
SMP011848,22,11,Fail,Starch,2025-03-08
SMP011849,8,2,Pass,None,2025-03-08
SMP011850,25,11,Fail,Starch,2025-03-08
SMP011851,8,15,Fail,Starch,2025-03-08
SMP011852,24,16,Pass,None,2025-03-08
SMP011853,23,4,Pass,None,2025-03-08
SMP011854,21,12,Pass,None,2025-03-08
SMP011855,16,15,Fail,Starch,2025-03-08
SMP011856,4,2,Pass,None,2025-03-08
SMP011857,16,6,Fail,Synthetic Color,2025-03-08
SMP011858,9,15,Pass,None,2025-03-08
SMP011859,22,4,Pass,None,2025-03-08
SMP011860,21,16,Pass,None,2025-03-08
SMP011861,24,9,Pass,None,2025-03-08
SMP011862,1,2,Pass,None,2025-03-08
SMP011863,22,7,Pass,None,2025-03-08
SMP011864,25,5,Fail,Urea,2025-03-09
SMP011865,22,5,Pass,None,2025-03-09
SMP011866,4,9,Pass,None,2025-03-09
SMP011867,3,8,Pass,None,2025-03-09
SMP011868,1,8,Pass,None,2025-03-09
SMP011869,17,2,Pass,None,2025-03-09
SMP011870,17,13,Fail,Formalin,2025-03-09
SMP011871,26,8,Fail,Starch,2025-03-09
SMP011872,10,14,Pass,None,2025-03-09
SMP011873,9,14,Fail,Chalk Powder,2025-03-09
SMP011874,17,5,Pass,None,2025-03-09
SMP011875,23,1,Fail,Formalin,2025-03-09
SMP011876,25,15,Pass,None,2025-03-09
SMP011877,22,13,Pass,None,2025-03-09
SMP011878,12,2,Pass,None,2025-03-09
SMP011879,18,12,Pass,None,2025-03-09
SMP011880,23,1,Fail,Synthetic Color,2025-03-09
SMP011881,14,1,Pass,None,2025-03-09
SMP011882,6,8,Pass,None,2025-03-09
SMP011883,5,2,Fail,Urea,2025-03-09
SMP011884,1,16,Pass,None,2025-03-09
SMP011885,19,15,Pass,None,2025-03-09
SMP011886,3,11,Pass,None,2025-03-09
SMP011887,7,1,Pass,None,2025-03-09
SMP011888,8,5,Pass,None,2025-03-09
SMP011889,16,6,Pass,None,2025-03-09
SMP011890,10,8,Pass,None,2025-03-09
SMP011891,19,3,Pass,None,2025-03-10
SMP011892,2,9,Fail,Starch,2025-03-10
SMP011893,4,6,Pass,None,2025-03-10
SMP011894,14,16,Pass,None,2025-03-10
SMP011895,9,16,Pass,None,2025-03-10
SMP011896,8,9,Pass,None,2025-03-10
SMP011897,2,11,Pass,None,2025-03-10
SMP011898,24,2,Pass,None,2025-03-10
SMP011899,19,4,Pass,None,2025-03-10
SMP011900,4,15,Fail,Urea,2025-03-10
SMP011901,2,12,Pass,None,2025-03-10
SMP011902,25,3,Pass,None,2025-03-10
SMP011903,19,9,Pass,None,2025-03-10
SMP011904,12,16,Pass,None,2025-03-10
SMP011905,19,5,Pass,None,2025-03-10
SMP011906,21,3,Pass,None,2025-03-10
SMP011907,22,16,Pass,None,2025-03-10
SMP011908,14,7,Fail,Starch,2025-03-10
SMP011909,12,6,Pass,None,2025-03-10
SMP011910,1,4,Fail,Starch,2025-03-10
SMP011911,24,15,Fail,Chalk Powder,2025-03-10
SMP011912,17,14,Pass,None,2025-03-10
SMP011913,5,6,Pass,None,2025-03-10
SMP011914,24,1,Pass,None,2025-03-10
SMP011915,24,7,Pass,None,2025-03-10
SMP011916,26,3,Pass,None,2025-03-10
SMP011917,23,3,Pass,None,2025-03-10
SMP011918,26,6,Pass,None,2025-03-10
SMP011919,7,2,Pass,None,2025-03-11
SMP011920,23,16,Pass,None,2025-03-11
SMP011921,22,1,Pass,None,2025-03-11
SMP011922,6,6,Pass,None,2025-03-11
SMP011923,3,3,Fail,Detergent,2025-03-11
SMP011924,25,11,Fail,Chalk Powder,2025-03-11
SMP011925,8,2,Fail,Formalin,2025-03-11
SMP011926,23,9,Pass,None,2025-03-11
SMP011927,1,13,Pass,None,2025-03-11
SMP011928,1,16,Pass,None,2025-03-11
SMP011929,13,12,Pass,None,2025-03-11
SMP011930,6,2,Pass,None,2025-03-11
SMP011931,19,2,Fail,Urea,2025-03-11
SMP011932,16,12,Pass,None,2025-03-11
SMP011933,2,4,Fail,Formalin,2025-03-11
SMP011934,5,7,Pass,None,2025-03-11
SMP011935,10,16,Pass,None,2025-03-11
SMP011936,5,14,Pass,None,2025-03-11
SMP011937,22,14,Pass,None,2025-03-11
SMP011938,12,14,Pass,None,2025-03-11
SMP011939,3,10,Pass,None,2025-03-11
SMP011940,14,12,Fail,Formalin,2025-03-11
SMP011941,3,5,Pass,None,2025-03-11
SMP011942,4,16,Fail,Formalin,2025-03-11
SMP011943,7,4,Pass,None,2025-03-11
SMP011944,23,10,Pass,None,2025-03-11
SMP011945,24,5,Pass,None,2025-03-11
SMP011946,23,2,Pass,None,2025-03-12
SMP011947,9,9,Pass,None,2025-03-12
SMP011948,7,5,Fail,Urea,2025-03-12
SMP011949,16,10,Fail,Starch,2025-03-12
SMP011950,19,9,Fail,Starch,2025-03-12
SMP011951,26,9,Pass,None,2025-03-12
SMP011952,4,2,Pass,None,2025-03-12
SMP011953,2,7,Pass,None,2025-03-12
SMP011954,19,13,Pass,None,2025-03-12
SMP011955,23,5,Pass,None,2025-03-12
SMP011956,23,7,Pass,None,2025-03-12
SMP011957,19,8,Pass,None,2025-03-12
SMP011958,25,15,Pass,None,2025-03-12
SMP011959,15,11,Pass,None,2025-03-12
SMP011960,24,2,Pass,None,2025-03-12
SMP011961,25,15,Pass,None,2025-03-12
SMP011962,23,14,Pass,None,2025-03-12
SMP011963,8,12,Fail,Starch,2025-03-12
SMP011964,5,7,Pass,None,2025-03-12
SMP011965,16,12,Pass,None,2025-03-12
SMP011966,13,7,Pass,None,2025-03-12
SMP011967,23,12,Pass,None,2025-03-12
SMP011968,3,15,Pass,None,2025-03-12
SMP011969,7,15,Fail,Starch,2025-03-12
SMP011970,21,7,Pass,None,2025-03-12
SMP011971,3,14,Pass,None,2025-03-12
SMP011972,9,2,Fail,Starch,2025-03-12
SMP011973,10,2,Pass,None,2025-03-12
SMP011974,17,9,Pass,None,2025-03-13
SMP011975,5,11,Fail,Chalk Powder,2025-03-13
SMP011976,23,3,Fail,Starch,2025-03-13
SMP011977,13,7,Pass,None,2025-03-13
SMP011978,24,2,Fail,Synthetic Color,2025-03-13
SMP011979,13,10,Fail,Synthetic Color,2025-03-13
SMP011980,7,14,Fail,Chalk Powder,2025-03-13
SMP011981,5,12,Fail,Chalk Powder,2025-03-13
SMP011982,1,6,Fail,Starch,2025-03-13
SMP011983,16,16,Pass,None,2025-03-13
SMP011984,3,11,Pass,None,2025-03-13
SMP011985,10,14,Pass,None,2025-03-13
SMP011986,17,11,Pass,None,2025-03-13
SMP011987,7,16,Fail,Chalk Powder,2025-03-13
SMP011988,5,14,Pass,None,2025-03-13
SMP011989,21,8,Pass,None,2025-03-13
SMP011990,25,6,Pass,None,2025-03-13
SMP011991,3,11,Pass,None,2025-03-13
SMP011992,5,10,Pass,None,2025-03-13
SMP011993,25,10,Pass,None,2025-03-13
SMP011994,2,5,Pass,None,2025-03-13
SMP011995,25,6,Pass,None,2025-03-13
SMP011996,1,9,Pass,None,2025-03-13
SMP011997,23,14,Fail,Chalk Powder,2025-03-13
SMP011998,8,13,Pass,None,2025-03-13
SMP011999,25,2,Pass,None,2025-03-13
SMP012000,8,4,Pass,None,2025-03-13
SMP012001,18,1,Fail,Urea,2025-03-14
SMP012002,3,1,Fail,Formalin,2025-03-14
SMP012003,7,4,Fail,Formalin,2025-03-14
SMP012004,21,13,Pass,None,2025-03-14
SMP012005,15,15,Fail,Urea,2025-03-14
SMP012006,24,6,Fail,Synthetic Color,2025-03-14
SMP012007,12,9,Pass,None,2025-03-14
SMP012008,23,12,Pass,None,2025-03-14
SMP012009,13,16,Pass,None,2025-03-14
SMP012010,25,15,Pass,None,2025-03-14
SMP012011,25,1,Pass,None,2025-03-14
SMP012012,9,4,Fail,Formalin,2025-03-14
SMP012013,24,1,Pass,None,2025-03-14
SMP012014,23,10,Pass,None,2025-03-14
SMP012015,6,12,Fail,Synthetic Color,2025-03-14
SMP012016,17,5,Fail,Detergent,2025-03-14
SMP012017,2,14,Pass,None,2025-03-14
SMP012018,23,7,Pass,None,2025-03-14
SMP012019,5,16,Fail,Formalin,2025-03-14
SMP012020,2,1,Pass,None,2025-03-14
SMP012021,10,2,Pass,None,2025-03-14
SMP012022,17,5,Pass,None,2025-03-14
SMP012023,23,1,Pass,None,2025-03-14
SMP012024,25,13,Pass,None,2025-03-14
SMP012025,12,1,Pass,None,2025-03-14
SMP012026,2,12,Fail,Detergent,2025-03-14
SMP012027,21,1,Pass,None,2025-03-14
SMP012028,16,4,Pass,None,2025-03-15
SMP012029,13,14,Pass,None,2025-03-15
SMP012030,8,16,Pass,None,2025-03-15
SMP012031,14,6,Fail,Chalk Powder,2025-03-15
SMP012032,9,16,Pass,None,2025-03-15
SMP012033,21,10,Pass,None,2025-03-15
SMP012034,16,6,Pass,None,2025-03-15
SMP012035,23,13,Pass,None,2025-03-15
SMP012036,16,5,Pass,None,2025-03-15
SMP012037,6,4,Pass,None,2025-03-15
SMP012038,23,11,Pass,None,2025-03-15
SMP012039,16,6,Pass,None,2025-03-15
SMP012040,5,2,Pass,None,2025-03-15
SMP012041,17,1,Pass,None,2025-03-15
SMP012042,9,13,Pass,None,2025-03-15
SMP012043,23,11,Pass,None,2025-03-15
SMP012044,13,6,Pass,None,2025-03-15
SMP012045,20,15,Pass,None,2025-03-15
SMP012046,3,6,Pass,None,2025-03-15
SMP012047,10,12,Pass,None,2025-03-15
SMP012048,26,15,Pass,None,2025-03-15
SMP012049,22,14,Pass,None,2025-03-15
SMP012050,5,8,Pass,None,2025-03-15
SMP012051,7,11,Fail,Detergent,2025-03-15
SMP012052,9,6,Pass,None,2025-03-15
SMP012053,18,11,Pass,None,2025-03-15
SMP012054,21,4,Fail,Detergent,2025-03-15
SMP012055,21,6,Pass,None,2025-03-15
SMP012056,15,4,Pass,None,2025-03-16
SMP012057,22,1,Pass,None,2025-03-16
SMP012058,12,10,Pass,None,2025-03-16
SMP012059,4,15,Pass,None,2025-03-16
SMP012060,16,1,Fail,Detergent,2025-03-16
SMP012061,25,3,Pass,None,2025-03-16
SMP012062,22,7,Pass,None,2025-03-16
SMP012063,17,11,Pass,None,2025-03-16
SMP012064,18,3,Pass,None,2025-03-16
SMP012065,24,1,Fail,Starch,2025-03-16
SMP012066,12,8,Pass,None,2025-03-16
SMP012067,9,14,Pass,None,2025-03-16
SMP012068,25,1,Pass,None,2025-03-16
SMP012069,23,5,Fail,Starch,2025-03-16
SMP012070,9,11,Pass,None,2025-03-16
SMP012071,13,2,Pass,None,2025-03-16
SMP012072,12,4,Pass,None,2025-03-16
SMP012073,5,9,Fail,Chalk Powder,2025-03-16
SMP012074,25,16,Pass,None,2025-03-16
SMP012075,11,5,Pass,None,2025-03-16
SMP012076,23,8,Pass,None,2025-03-16
SMP012077,5,6,Fail,Urea,2025-03-16
SMP012078,16,15,Pass,None,2025-03-16
SMP012079,1,1,Pass,None,2025-03-16
SMP012080,21,9,Fail,Formalin,2025-03-16
SMP012081,17,14,Pass,None,2025-03-16
SMP012082,17,16,Fail,Urea,2025-03-16
SMP012083,2,12,Pass,None,2025-03-17
SMP012084,6,6,Pass,None,2025-03-17
SMP012085,2,6,Pass,None,2025-03-17
SMP012086,8,5,Pass,None,2025-03-17
SMP012087,17,10,Fail,Detergent,2025-03-17
SMP012088,16,12,Fail,Urea,2025-03-17
SMP012089,17,14,Pass,None,2025-03-17
SMP012090,16,6,Pass,None,2025-03-17
SMP012091,7,12,Pass,None,2025-03-17
SMP012092,7,15,Pass,None,2025-03-17
SMP012093,4,15,Pass,None,2025-03-17
SMP012094,23,12,Pass,None,2025-03-17
SMP012095,17,11,Fail,Starch,2025-03-17
SMP012096,5,9,Pass,None,2025-03-17
SMP012097,5,3,Fail,Synthetic Color,2025-03-17
SMP012098,23,2,Pass,None,2025-03-17
SMP012099,21,8,Pass,None,2025-03-17
SMP012100,18,3,Pass,None,2025-03-17
SMP012101,11,9,Fail,Chalk Powder,2025-03-17
SMP012102,7,11,Pass,None,2025-03-17
SMP012103,25,8,Pass,None,2025-03-17
SMP012104,22,1,Pass,None,2025-03-17
SMP012105,8,1,Pass,None,2025-03-17
SMP012106,23,2,Pass,None,2025-03-17
SMP012107,21,3,Fail,Synthetic Color,2025-03-17
SMP012108,8,16,Pass,None,2025-03-17
SMP012109,12,5,Fail,Chalk Powder,2025-03-17
SMP012110,5,5,Fail,Synthetic Color,2025-03-18
SMP012111,3,1,Pass,None,2025-03-18
SMP012112,19,11,Fail,Synthetic Color,2025-03-18
SMP012113,7,11,Pass,None,2025-03-18
SMP012114,22,3,Fail,Synthetic Color,2025-03-18
SMP012115,26,15,Fail,Formalin,2025-03-18
SMP012116,2,13,Pass,None,2025-03-18
SMP012117,13,4,Fail,Detergent,2025-03-18
SMP012118,22,8,Fail,Starch,2025-03-18
SMP012119,22,7,Pass,None,2025-03-18
SMP012120,21,5,Pass,None,2025-03-18
SMP012121,9,14,Pass,None,2025-03-18
SMP012122,13,2,Pass,None,2025-03-18
SMP012123,17,6,Fail,Synthetic Color,2025-03-18
SMP012124,25,6,Pass,None,2025-03-18
SMP012125,9,7,Pass,None,2025-03-18
SMP012126,24,14,Pass,None,2025-03-18
SMP012127,7,4,Pass,None,2025-03-18
SMP012128,26,2,Pass,None,2025-03-18
SMP012129,19,10,Fail,Formalin,2025-03-18
SMP012130,13,3,Pass,None,2025-03-18
SMP012131,17,1,Fail,Starch,2025-03-18
SMP012132,7,6,Fail,Synthetic Color,2025-03-18
SMP012133,7,4,Fail,Chalk Powder,2025-03-18
SMP012134,4,6,Pass,None,2025-03-18
SMP012135,4,4,Fail,Chalk Powder,2025-03-18
SMP012136,9,2,Pass,None,2025-03-18
SMP012137,21,9,Fail,Detergent,2025-03-18
SMP012138,17,1,Pass,None,2025-03-19
SMP012139,3,16,Pass,None,2025-03-19
SMP012140,23,5,Fail,Urea,2025-03-19
SMP012141,17,11,Pass,None,2025-03-19
SMP012142,25,13,Pass,None,2025-03-19
SMP012143,19,4,Fail,Chalk Powder,2025-03-19
SMP012144,5,12,Pass,None,2025-03-19
SMP012145,13,14,Pass,None,2025-03-19
SMP012146,18,4,Pass,None,2025-03-19
SMP012147,1,16,Pass,None,2025-03-19
SMP012148,1,1,Fail,Chalk Powder,2025-03-19
SMP012149,4,4,Pass,None,2025-03-19
SMP012150,7,13,Fail,Chalk Powder,2025-03-19
SMP012151,12,3,Fail,Chalk Powder,2025-03-19
SMP012152,14,11,Pass,None,2025-03-19
SMP012153,4,14,Fail,Detergent,2025-03-19
SMP012154,19,16,Fail,Detergent,2025-03-19
SMP012155,17,7,Pass,None,2025-03-19
SMP012156,8,16,Pass,None,2025-03-19
SMP012157,1,6,Fail,Synthetic Color,2025-03-19
SMP012158,2,4,Fail,Chalk Powder,2025-03-19
SMP012159,10,8,Pass,None,2025-03-19
SMP012160,5,11,Pass,None,2025-03-19
SMP012161,9,7,Pass,None,2025-03-19
SMP012162,17,9,Pass,None,2025-03-19
SMP012163,16,6,Pass,None,2025-03-19
SMP012164,6,8,Pass,None,2025-03-19
SMP012165,9,16,Pass,None,2025-03-20
SMP012166,17,8,Pass,None,2025-03-20
SMP012167,23,4,Pass,None,2025-03-20
SMP012168,21,12,Pass,None,2025-03-20
SMP012169,16,5,Pass,None,2025-03-20
SMP012170,9,14,Pass,None,2025-03-20
SMP012171,9,1,Pass,None,2025-03-20
SMP012172,23,5,Pass,None,2025-03-20
SMP012173,2,2,Pass,None,2025-03-20
SMP012174,26,2,Fail,Urea,2025-03-20
SMP012175,18,11,Pass,None,2025-03-20
SMP012176,19,6,Fail,Urea,2025-03-20
SMP012177,2,15,Pass,None,2025-03-20
SMP012178,17,8,Pass,None,2025-03-20
SMP012179,14,5,Fail,Starch,2025-03-20
SMP012180,3,12,Pass,None,2025-03-20
SMP012181,7,10,Pass,None,2025-03-20
SMP012182,24,13,Fail,Formalin,2025-03-20
SMP012183,16,11,Fail,Chalk Powder,2025-03-20
SMP012184,12,3,Pass,None,2025-03-20
SMP012185,2,11,Pass,None,2025-03-20
SMP012186,19,6,Pass,None,2025-03-20
SMP012187,19,7,Pass,None,2025-03-20
SMP012188,17,15,Pass,None,2025-03-20
SMP012189,15,5,Pass,None,2025-03-20
SMP012190,12,10,Pass,None,2025-03-20
SMP012191,17,6,Fail,Starch,2025-03-20
SMP012192,6,2,Pass,None,2025-03-20
SMP012193,25,7,Pass,None,2025-03-21
SMP012194,17,10,Pass,None,2025-03-21
SMP012195,8,6,Pass,None,2025-03-21
SMP012196,13,6,Pass,None,2025-03-21
SMP012197,22,14,Pass,None,2025-03-21
SMP012198,5,1,Fail,Synthetic Color,2025-03-21
SMP012199,8,5,Pass,None,2025-03-21
SMP012200,19,13,Pass,None,2025-03-21
SMP012201,8,15,Pass,None,2025-03-21
SMP012202,22,6,Pass,None,2025-03-21
SMP012203,4,15,Fail,Urea,2025-03-21
SMP012204,21,3,Pass,None,2025-03-21
SMP012205,2,4,Pass,None,2025-03-21
SMP012206,1,14,Pass,None,2025-03-21
SMP012207,24,15,Fail,Detergent,2025-03-21
SMP012208,17,4,Fail,Detergent,2025-03-21
SMP012209,9,1,Pass,None,2025-03-21
SMP012210,6,2,Pass,None,2025-03-21
SMP012211,17,4,Fail,Formalin,2025-03-21
SMP012212,15,13,Pass,None,2025-03-21
SMP012213,26,8,Pass,None,2025-03-21
SMP012214,26,7,Fail,Chalk Powder,2025-03-21
SMP012215,18,10,Fail,Synthetic Color,2025-03-21
SMP012216,13,15,Pass,None,2025-03-21
SMP012217,14,2,Fail,Synthetic Color,2025-03-21
SMP012218,19,11,Pass,None,2025-03-21
SMP012219,3,15,Pass,None,2025-03-21
SMP012220,9,4,Fail,Starch,2025-03-22
SMP012221,2,14,Fail,Chalk Powder,2025-03-22
SMP012222,2,11,Pass,None,2025-03-22
SMP012223,5,1,Pass,None,2025-03-22
SMP012224,14,4,Fail,Urea,2025-03-22
SMP012225,22,10,Pass,None,2025-03-22
SMP012226,14,8,Pass,None,2025-03-22
SMP012227,9,9,Pass,None,2025-03-22
SMP012228,3,4,Pass,None,2025-03-22
SMP012229,16,11,Fail,Chalk Powder,2025-03-22
SMP012230,7,4,Pass,None,2025-03-22
SMP012231,17,6,Pass,None,2025-03-22
SMP012232,25,6,Pass,None,2025-03-22
SMP012233,3,11,Pass,None,2025-03-22
SMP012234,6,2,Pass,None,2025-03-22
SMP012235,13,4,Pass,None,2025-03-22
SMP012236,25,3,Pass,None,2025-03-22
SMP012237,21,2,Pass,None,2025-03-22
SMP012238,24,4,Pass,None,2025-03-22
SMP012239,9,10,Pass,None,2025-03-22
SMP012240,26,12,Pass,None,2025-03-22
SMP012241,3,11,Pass,None,2025-03-22
SMP012242,2,7,Fail,Urea,2025-03-22
SMP012243,23,1,Pass,None,2025-03-22
SMP012244,24,16,Pass,None,2025-03-22
SMP012245,3,3,Pass,None,2025-03-22
SMP012246,4,11,Pass,None,2025-03-22
SMP012247,1,15,Pass,None,2025-03-23
SMP012248,3,11,Pass,None,2025-03-23
SMP012249,5,4,Pass,None,2025-03-23
SMP012250,25,5,Fail,Formalin,2025-03-23
SMP012251,19,1,Pass,None,2025-03-23
SMP012252,22,10,Pass,None,2025-03-23
SMP012253,21,10,Pass,None,2025-03-23
SMP012254,16,12,Fail,Detergent,2025-03-23
SMP012255,22,1,Pass,None,2025-03-23
SMP012256,17,14,Pass,None,2025-03-23
SMP012257,8,12,Fail,Chalk Powder,2025-03-23
SMP012258,16,2,Pass,None,2025-03-23
SMP012259,16,5,Fail,Starch,2025-03-23
SMP012260,22,11,Pass,None,2025-03-23
SMP012261,26,8,Pass,None,2025-03-23
SMP012262,11,2,Pass,None,2025-03-23
SMP012263,21,2,Fail,Formalin,2025-03-23
SMP012264,3,13,Pass,None,2025-03-23
SMP012265,21,3,Fail,Urea,2025-03-23
SMP012266,9,3,Pass,None,2025-03-23
SMP012267,2,14,Pass,None,2025-03-23
SMP012268,9,10,Fail,Chalk Powder,2025-03-23
SMP012269,17,10,Fail,Starch,2025-03-23
SMP012270,4,8,Fail,Synthetic Color,2025-03-23
SMP012271,24,9,Pass,None,2025-03-23
SMP012272,2,10,Pass,None,2025-03-23
SMP012273,24,16,Pass,None,2025-03-23
SMP012274,19,4,Pass,None,2025-03-23
SMP012275,9,4,Fail,Detergent,2025-03-24
SMP012276,10,1,Pass,None,2025-03-24
SMP012277,21,11,Fail,Urea,2025-03-24
SMP012278,17,9,Pass,None,2025-03-24
SMP012279,19,2,Fail,Urea,2025-03-24
SMP012280,10,6,Pass,None,2025-03-24
SMP012281,14,3,Pass,None,2025-03-24
SMP012282,26,5,Pass,None,2025-03-24
SMP012283,6,16,Fail,Formalin,2025-03-24
SMP012284,12,11,Pass,None,2025-03-24
SMP012285,8,1,Pass,None,2025-03-24
SMP012286,21,4,Pass,None,2025-03-24
SMP012287,21,1,Fail,Detergent,2025-03-24
SMP012288,8,12,Pass,None,2025-03-24
SMP012289,3,7,Pass,None,2025-03-24
SMP012290,1,16,Fail,Urea,2025-03-24
SMP012291,12,12,Pass,None,2025-03-24
SMP012292,11,8,Pass,None,2025-03-24
SMP012293,26,13,Pass,None,2025-03-24
SMP012294,13,12,Pass,None,2025-03-24
SMP012295,7,4,Fail,Urea,2025-03-24
SMP012296,24,9,Pass,None,2025-03-24
SMP012297,14,9,Fail,Urea,2025-03-24
SMP012298,17,7,Fail,Formalin,2025-03-24
SMP012299,3,3,Pass,None,2025-03-24
SMP012300,10,4,Pass,None,2025-03-24
SMP012301,25,4,Pass,None,2025-03-24
SMP012302,17,1,Fail,Urea,2025-03-25
SMP012303,9,15,Fail,Formalin,2025-03-25
SMP012304,17,11,Pass,None,2025-03-25
SMP012305,24,11,Fail,Synthetic Color,2025-03-25
SMP012306,7,9,Pass,None,2025-03-25
SMP012307,15,11,Pass,None,2025-03-25
SMP012308,25,16,Pass,None,2025-03-25
SMP012309,5,6,Pass,None,2025-03-25
SMP012310,19,12,Pass,None,2025-03-25
SMP012311,17,5,Pass,None,2025-03-25
SMP012312,19,14,Pass,None,2025-03-25
SMP012313,9,14,Pass,None,2025-03-25
SMP012314,8,15,Pass,None,2025-03-25
SMP012315,19,1,Fail,Synthetic Color,2025-03-25
SMP012316,6,5,Pass,None,2025-03-25
SMP012317,12,2,Pass,None,2025-03-25
SMP012318,5,7,Pass,None,2025-03-25
SMP012319,1,8,Pass,None,2025-03-25
SMP012320,25,4,Fail,Synthetic Color,2025-03-25
SMP012321,12,12,Pass,None,2025-03-25
SMP012322,25,4,Pass,None,2025-03-25
SMP012323,4,14,Pass,None,2025-03-25
SMP012324,17,3,Pass,None,2025-03-25
SMP012325,5,6,Fail,Synthetic Color,2025-03-25
SMP012326,22,10,Pass,None,2025-03-25
SMP012327,22,10,Pass,None,2025-03-25
SMP012328,3,2,Pass,None,2025-03-25
SMP012329,24,14,Pass,None,2025-03-25
SMP012330,5,10,Pass,None,2025-03-26
SMP012331,17,15,Pass,None,2025-03-26
SMP012332,26,15,Pass,None,2025-03-26
SMP012333,23,9,Pass,None,2025-03-26
SMP012334,25,15,Pass,None,2025-03-26
SMP012335,9,14,Pass,None,2025-03-26
SMP012336,3,16,Pass,None,2025-03-26
SMP012337,5,14,Fail,Starch,2025-03-26
SMP012338,14,14,Fail,Starch,2025-03-26
SMP012339,22,7,Pass,None,2025-03-26
SMP012340,5,4,Pass,None,2025-03-26
SMP012341,18,15,Pass,None,2025-03-26
SMP012342,9,12,Pass,None,2025-03-26
SMP012343,9,5,Pass,None,2025-03-26
SMP012344,18,5,Fail,Synthetic Color,2025-03-26
SMP012345,13,11,Fail,Chalk Powder,2025-03-26
SMP012346,22,7,Pass,None,2025-03-26
SMP012347,5,2,Pass,None,2025-03-26
SMP012348,22,2,Fail,Synthetic Color,2025-03-26
SMP012349,2,12,Pass,None,2025-03-26
SMP012350,5,5,Fail,Detergent,2025-03-26
SMP012351,18,8,Fail,Urea,2025-03-26
SMP012352,23,13,Pass,None,2025-03-26
SMP012353,7,12,Pass,None,2025-03-26
SMP012354,9,3,Pass,None,2025-03-26
SMP012355,16,2,Pass,None,2025-03-26
SMP012356,6,10,Pass,None,2025-03-26
SMP012357,22,12,Fail,Chalk Powder,2025-03-27
SMP012358,21,3,Pass,None,2025-03-27
SMP012359,5,6,Pass,None,2025-03-27
SMP012360,13,15,Fail,Detergent,2025-03-27
SMP012361,21,16,Pass,None,2025-03-27
SMP012362,9,7,Pass,None,2025-03-27
SMP012363,17,2,Pass,None,2025-03-27
SMP012364,2,4,Fail,Detergent,2025-03-27
SMP012365,17,4,Pass,None,2025-03-27
SMP012366,5,4,Pass,None,2025-03-27
SMP012367,23,8,Pass,None,2025-03-27
SMP012368,9,10,Pass,None,2025-03-27
SMP012369,8,2,Pass,None,2025-03-27
SMP012370,23,15,Pass,None,2025-03-27
SMP012371,2,10,Pass,None,2025-03-27
SMP012372,10,10,Pass,None,2025-03-27
SMP012373,9,16,Pass,None,2025-03-27
SMP012374,8,10,Pass,None,2025-03-27
SMP012375,24,15,Pass,None,2025-03-27
SMP012376,21,5,Pass,None,2025-03-27
SMP012377,2,4,Fail,Detergent,2025-03-27
SMP012378,19,8,Pass,None,2025-03-27
SMP012379,15,8,Pass,None,2025-03-27
SMP012380,24,4,Pass,None,2025-03-27
SMP012381,8,12,Fail,Detergent,2025-03-27
SMP012382,17,1,Pass,None,2025-03-27
SMP012383,14,11,Pass,None,2025-03-27
SMP012384,14,7,Fail,Chalk Powder,2025-03-28
SMP012385,13,11,Pass,None,2025-03-28
SMP012386,5,7,Pass,None,2025-03-28
SMP012387,21,16,Pass,None,2025-03-28
SMP012388,13,5,Fail,Detergent,2025-03-28
SMP012389,25,16,Pass,None,2025-03-28
SMP012390,7,1,Pass,None,2025-03-28
SMP012391,19,11,Fail,Detergent,2025-03-28
SMP012392,25,7,Pass,None,2025-03-28
SMP012393,18,14,Fail,Synthetic Color,2025-03-28
SMP012394,23,13,Pass,None,2025-03-28
SMP012395,23,13,Fail,Detergent,2025-03-28
SMP012396,9,2,Pass,None,2025-03-28
SMP012397,17,14,Pass,None,2025-03-28
SMP012398,5,4,Fail,Chalk Powder,2025-03-28
SMP012399,16,1,Pass,None,2025-03-28
SMP012400,6,4,Fail,Starch,2025-03-28
SMP012401,21,8,Pass,None,2025-03-28
SMP012402,15,12,Pass,None,2025-03-28
SMP012403,11,4,Fail,Chalk Powder,2025-03-28
SMP012404,7,2,Pass,None,2025-03-28
SMP012405,26,11,Fail,Urea,2025-03-28
SMP012406,2,16,Pass,None,2025-03-28
SMP012407,2,10,Pass,None,2025-03-28
SMP012408,6,11,Pass,None,2025-03-28
SMP012409,25,9,Fail,Chalk Powder,2025-03-28
SMP012410,25,13,Fail,Chalk Powder,2025-03-28
SMP012411,18,16,Pass,None,2025-03-28
SMP012412,23,9,Pass,None,2025-03-29
SMP012413,6,6,Pass,None,2025-03-29
SMP012414,25,14,Pass,None,2025-03-29
SMP012415,5,16,Pass,None,2025-03-29
SMP012416,3,2,Fail,Starch,2025-03-29
SMP012417,3,9,Pass,None,2025-03-29
SMP012418,17,13,Pass,None,2025-03-29
SMP012419,22,9,Pass,None,2025-03-29
SMP012420,9,6,Fail,Formalin,2025-03-29
SMP012421,25,11,Pass,None,2025-03-29
SMP012422,12,4,Pass,None,2025-03-29
SMP012423,5,5,Fail,Starch,2025-03-29
SMP012424,13,16,Pass,None,2025-03-29
SMP012425,19,11,Pass,None,2025-03-29
SMP012426,23,15,Pass,None,2025-03-29
SMP012427,13,13,Pass,None,2025-03-29
SMP012428,17,11,Fail,Formalin,2025-03-29
SMP012429,7,14,Pass,None,2025-03-29
SMP012430,18,5,Pass,None,2025-03-29
SMP012431,26,11,Pass,None,2025-03-29
SMP012432,2,10,Fail,Synthetic Color,2025-03-29
SMP012433,24,10,Pass,None,2025-03-29
SMP012434,16,3,Fail,Formalin,2025-03-29
SMP012435,7,4,Pass,None,2025-03-29
SMP012436,25,5,Pass,None,2025-03-29
SMP012437,14,10,Pass,None,2025-03-29
SMP012438,9,16,Fail,Detergent,2025-03-29
SMP012439,5,16,Fail,Detergent,2025-03-30
SMP012440,7,4,Pass,None,2025-03-30
SMP012441,23,5,Pass,None,2025-03-30
SMP012442,17,1,Pass,None,2025-03-30
SMP012443,24,6,Fail,Detergent,2025-03-30
SMP012444,6,14,Pass,None,2025-03-30
SMP012445,4,15,Pass,None,2025-03-30
SMP012446,1,4,Pass,None,2025-03-30
SMP012447,15,4,Pass,None,2025-03-30
SMP012448,26,4,Fail,Formalin,2025-03-30
SMP012449,19,5,Pass,None,2025-03-30
SMP012450,8,13,Fail,Chalk Powder,2025-03-30
SMP012451,23,11,Fail,Formalin,2025-03-30
SMP012452,22,13,Pass,None,2025-03-30
SMP012453,1,10,Fail,Formalin,2025-03-30
SMP012454,22,4,Pass,None,2025-03-30
SMP012455,8,4,Pass,None,2025-03-30
SMP012456,5,1,Pass,None,2025-03-30
SMP012457,6,13,Pass,None,2025-03-30
SMP012458,13,14,Pass,None,2025-03-30
SMP012459,12,13,Pass,None,2025-03-30
SMP012460,8,1,Pass,None,2025-03-30
SMP012461,5,13,Pass,None,2025-03-30
SMP012462,21,1,Fail,Urea,2025-03-30
SMP012463,26,2,Pass,None,2025-03-30
SMP012464,21,7,Pass,None,2025-03-30
SMP012465,8,7,Pass,None,2025-03-30
SMP012466,7,14,Fail,Urea,2025-03-30
SMP012467,6,11,Pass,None,2025-03-31
SMP012468,4,3,Pass,None,2025-03-31
SMP012469,16,4,Pass,None,2025-03-31
SMP012470,17,5,Pass,None,2025-03-31
SMP012471,19,2,Pass,None,2025-03-31
SMP012472,19,5,Fail,Urea,2025-03-31
SMP012473,8,12,Pass,None,2025-03-31
SMP012474,9,4,Pass,None,2025-03-31
SMP012475,19,14,Fail,Detergent,2025-03-31
SMP012476,9,7,Pass,None,2025-03-31
SMP012477,6,5,Fail,Synthetic Color,2025-03-31
SMP012478,9,6,Fail,Starch,2025-03-31
SMP012479,7,12,Pass,None,2025-03-31
SMP012480,3,8,Pass,None,2025-03-31
SMP012481,23,1,Pass,None,2025-03-31
SMP012482,23,15,Fail,Urea,2025-03-31
SMP012483,6,1,Pass,None,2025-03-31
SMP012484,2,16,Fail,Starch,2025-03-31
SMP012485,21,1,Pass,None,2025-03-31
SMP012486,6,13,Pass,None,2025-03-31
SMP012487,10,9,Pass,None,2025-03-31
SMP012488,2,8,Fail,Urea,2025-03-31
SMP012489,6,1,Pass,None,2025-03-31
SMP012490,22,4,Pass,None,2025-03-31
SMP012491,22,13,Pass,None,2025-03-31
SMP012492,5,15,Pass,None,2025-03-31
SMP012493,9,9,Pass,None,2025-03-31
SMP012494,4,5,Pass,None,2025-04-01
SMP012495,2,1,Fail,Formalin,2025-04-01
SMP012496,26,11,Pass,None,2025-04-01
SMP012497,18,4,Pass,None,2025-04-01
SMP012498,16,1,Fail,Formalin,2025-04-01
SMP012499,21,11,Pass,None,2025-04-01
SMP012500,23,8,Pass,None,2025-04-01
SMP012501,22,1,Fail,Detergent,2025-04-01
SMP012502,1,2,Pass,None,2025-04-01
SMP012503,5,12,Pass,None,2025-04-01
SMP012504,18,1,Pass,None,2025-04-01
SMP012505,9,15,Pass,None,2025-04-01
SMP012506,26,5,Fail,Detergent,2025-04-01
SMP012507,18,2,Pass,None,2025-04-01
SMP012508,25,13,Pass,None,2025-04-01
SMP012509,5,8,Pass,None,2025-04-01
SMP012510,23,5,Pass,None,2025-04-01
SMP012511,9,6,Pass,None,2025-04-01
SMP012512,26,1,Pass,None,2025-04-01
SMP012513,5,11,Fail,Starch,2025-04-01
SMP012514,15,6,Pass,None,2025-04-01
SMP012515,22,12,Pass,None,2025-04-01
SMP012516,12,10,Pass,None,2025-04-01
SMP012517,13,11,Pass,None,2025-04-01
SMP012518,26,13,Pass,None,2025-04-01
SMP012519,12,11,Fail,Detergent,2025-04-01
SMP012520,17,6,Pass,None,2025-04-01
SMP012521,2,6,Pass,None,2025-04-02
SMP012522,23,2,Fail,Synthetic Color,2025-04-02
SMP012523,18,13,Pass,None,2025-04-02
SMP012524,11,13,Pass,None,2025-04-02
SMP012525,1,4,Fail,Synthetic Color,2025-04-02
SMP012526,17,15,Pass,None,2025-04-02
SMP012527,1,10,Fail,Synthetic Color,2025-04-02
SMP012528,1,7,Fail,Detergent,2025-04-02
SMP012529,17,1,Fail,Urea,2025-04-02
SMP012530,5,6,Pass,None,2025-04-02
SMP012531,5,11,Pass,None,2025-04-02
SMP012532,18,2,Pass,None,2025-04-02
SMP012533,2,7,Pass,None,2025-04-02
SMP012534,8,16,Fail,Starch,2025-04-02
SMP012535,5,12,Pass,None,2025-04-02
SMP012536,17,9,Fail,Chalk Powder,2025-04-02
SMP012537,18,9,Pass,None,2025-04-02
SMP012538,19,1,Fail,Starch,2025-04-02
SMP012539,7,16,Fail,Starch,2025-04-02
SMP012540,3,15,Pass,None,2025-04-02
SMP012541,2,11,Pass,None,2025-04-02
SMP012542,12,2,Fail,Chalk Powder,2025-04-02
SMP012543,25,4,Fail,Urea,2025-04-02
SMP012544,6,3,Pass,None,2025-04-02
SMP012545,7,8,Pass,None,2025-04-02
SMP012546,3,4,Pass,None,2025-04-02
SMP012547,17,11,Fail,Detergent,2025-04-02
SMP012548,19,9,Fail,Urea,2025-04-02
SMP012549,18,1,Pass,None,2025-04-03
SMP012550,23,12,Fail,Formalin,2025-04-03
SMP012551,14,3,Pass,None,2025-04-03
SMP012552,4,14,Fail,Urea,2025-04-03
SMP012553,8,5,Pass,None,2025-04-03
SMP012554,18,5,Fail,Chalk Powder,2025-04-03
SMP012555,17,1,Pass,None,2025-04-03
SMP012556,16,16,Pass,None,2025-04-03
SMP012557,19,10,Pass,None,2025-04-03
SMP012558,18,6,Pass,None,2025-04-03
SMP012559,23,2,Pass,None,2025-04-03
SMP012560,17,12,Pass,None,2025-04-03
SMP012561,22,5,Fail,Detergent,2025-04-03
SMP012562,7,16,Pass,None,2025-04-03
SMP012563,19,16,Pass,None,2025-04-03
SMP012564,24,12,Fail,Chalk Powder,2025-04-03
SMP012565,10,16,Pass,None,2025-04-03
SMP012566,22,2,Pass,None,2025-04-03
SMP012567,19,4,Pass,None,2025-04-03
SMP012568,2,4,Pass,None,2025-04-03
SMP012569,17,1,Fail,Chalk Powder,2025-04-03
SMP012570,4,16,Fail,Urea,2025-04-03
SMP012571,25,1,Pass,None,2025-04-03
SMP012572,22,14,Pass,None,2025-04-03
SMP012573,3,13,Fail,Detergent,2025-04-03
SMP012574,4,6,Fail,Urea,2025-04-03
SMP012575,17,1,Fail,Urea,2025-04-03
SMP012576,9,1,Pass,None,2025-04-04
SMP012577,1,4,Fail,Starch,2025-04-04
SMP012578,16,8,Fail,Starch,2025-04-04
SMP012579,10,7,Pass,None,2025-04-04
SMP012580,3,10,Fail,Starch,2025-04-04
SMP012581,22,13,Fail,Detergent,2025-04-04
SMP012582,24,6,Pass,None,2025-04-04
SMP012583,21,3,Pass,None,2025-04-04
SMP012584,22,13,Pass,None,2025-04-04
SMP012585,6,5,Pass,None,2025-04-04
SMP012586,7,5,Fail,Synthetic Color,2025-04-04
SMP012587,5,13,Pass,None,2025-04-04
SMP012588,21,16,Pass,None,2025-04-04
SMP012589,25,15,Pass,None,2025-04-04
SMP012590,19,2,Pass,None,2025-04-04
SMP012591,23,8,Pass,None,2025-04-04
SMP012592,18,2,Pass,None,2025-04-04
SMP012593,10,16,Pass,None,2025-04-04
SMP012594,12,4,Pass,None,2025-04-04
SMP012595,2,3,Pass,None,2025-04-04
SMP012596,1,15,Pass,None,2025-04-04
SMP012597,19,16,Pass,None,2025-04-04
SMP012598,12,11,Pass,None,2025-04-04
SMP012599,16,2,Fail,Synthetic Color,2025-04-04
SMP012600,16,8,Pass,None,2025-04-04
SMP012601,7,14,Pass,None,2025-04-04
SMP012602,14,9,Pass,None,2025-04-04
SMP012603,13,2,Pass,None,2025-04-04
SMP012604,10,3,Pass,None,2025-04-05
SMP012605,22,15,Pass,None,2025-04-05
SMP012606,13,9,Fail,Synthetic Color,2025-04-05
SMP012607,17,12,Pass,None,2025-04-05
SMP012608,24,6,Fail,Synthetic Color,2025-04-05
SMP012609,23,9,Fail,Detergent,2025-04-05
SMP012610,24,16,Fail,Starch,2025-04-05
SMP012611,7,5,Pass,None,2025-04-05
SMP012612,1,11,Fail,Starch,2025-04-05
SMP012613,7,3,Fail,Starch,2025-04-05
SMP012614,7,2,Pass,None,2025-04-05
SMP012615,24,13,Pass,None,2025-04-05
SMP012616,18,14,Pass,None,2025-04-05
SMP012617,3,11,Fail,Detergent,2025-04-05
SMP012618,4,3,Fail,Urea,2025-04-05
SMP012619,5,4,Fail,Formalin,2025-04-05
SMP012620,17,15,Pass,None,2025-04-05
SMP012621,20,5,Pass,None,2025-04-05
SMP012622,23,14,Pass,None,2025-04-05
SMP012623,25,5,Pass,None,2025-04-05
SMP012624,5,16,Pass,None,2025-04-05
SMP012625,8,15,Fail,Chalk Powder,2025-04-05
SMP012626,7,1,Pass,None,2025-04-05
SMP012627,9,13,Fail,Detergent,2025-04-05
SMP012628,24,3,Fail,Chalk Powder,2025-04-05
SMP012629,17,4,Fail,Chalk Powder,2025-04-05
SMP012630,20,7,Pass,None,2025-04-05
SMP012631,14,9,Pass,None,2025-04-06
SMP012632,1,5,Pass,None,2025-04-06
SMP012633,2,9,Pass,None,2025-04-06
SMP012634,16,3,Pass,None,2025-04-06
SMP012635,19,1,Fail,Urea,2025-04-06
SMP012636,6,9,Pass,None,2025-04-06
SMP012637,19,8,Pass,None,2025-04-06
SMP012638,22,11,Pass,None,2025-04-06
SMP012639,11,11,Fail,Chalk Powder,2025-04-06
SMP012640,21,15,Pass,None,2025-04-06
SMP012641,11,7,Pass,None,2025-04-06
SMP012642,19,1,Pass,None,2025-04-06
SMP012643,21,11,Pass,None,2025-04-06
SMP012644,26,11,Pass,None,2025-04-06
SMP012645,9,8,Pass,None,2025-04-06
SMP012646,11,11,Pass,None,2025-04-06
SMP012647,5,5,Pass,None,2025-04-06
SMP012648,5,3,Pass,None,2025-04-06
SMP012649,19,11,Pass,None,2025-04-06
SMP012650,24,4,Pass,None,2025-04-06
SMP012651,10,7,Fail,Starch,2025-04-06
SMP012652,5,8,Fail,Starch,2025-04-06
SMP012653,8,7,Pass,None,2025-04-06
SMP012654,13,10,Pass,None,2025-04-06
SMP012655,8,1,Pass,None,2025-04-06
SMP012656,6,16,Pass,None,2025-04-06
SMP012657,20,12,Pass,None,2025-04-06
SMP012658,1,6,Pass,None,2025-04-07
SMP012659,16,3,Pass,None,2025-04-07
SMP012660,22,2,Fail,Synthetic Color,2025-04-07
SMP012661,7,11,Pass,None,2025-04-07
SMP012662,17,5,Pass,None,2025-04-07
SMP012663,19,4,Pass,None,2025-04-07
SMP012664,18,6,Fail,Synthetic Color,2025-04-07
SMP012665,13,10,Pass,None,2025-04-07
SMP012666,9,11,Pass,None,2025-04-07
SMP012667,23,11,Pass,None,2025-04-07
SMP012668,21,15,Pass,None,2025-04-07
SMP012669,9,4,Pass,None,2025-04-07
SMP012670,3,11,Pass,None,2025-04-07
SMP012671,2,2,Pass,None,2025-04-07
SMP012672,3,9,Pass,None,2025-04-07
SMP012673,17,10,Fail,Chalk Powder,2025-04-07
SMP012674,2,4,Fail,Urea,2025-04-07
SMP012675,9,6,Fail,Formalin,2025-04-07
SMP012676,21,14,Fail,Chalk Powder,2025-04-07
SMP012677,8,3,Pass,None,2025-04-07
SMP012678,21,6,Fail,Chalk Powder,2025-04-07
SMP012679,21,15,Pass,None,2025-04-07
SMP012680,7,8,Pass,None,2025-04-07
SMP012681,20,12,Pass,None,2025-04-07
SMP012682,21,14,Pass,None,2025-04-07
SMP012683,10,4,Fail,Urea,2025-04-07
SMP012684,6,4,Pass,None,2025-04-07
SMP012685,15,12,Pass,None,2025-04-07
SMP012686,24,12,Pass,None,2025-04-08
SMP012687,18,1,Fail,Urea,2025-04-08
SMP012688,5,5,Pass,None,2025-04-08
SMP012689,19,6,Pass,None,2025-04-08
SMP012690,12,14,Pass,None,2025-04-08
SMP012691,17,6,Pass,None,2025-04-08
SMP012692,20,15,Pass,None,2025-04-08
SMP012693,15,16,Pass,None,2025-04-08
SMP012694,22,13,Pass,None,2025-04-08
SMP012695,19,11,Pass,None,2025-04-08
SMP012696,17,6,Pass,None,2025-04-08
SMP012697,5,1,Pass,None,2025-04-08
SMP012698,23,9,Fail,Chalk Powder,2025-04-08
SMP012699,25,6,Fail,Formalin,2025-04-08
SMP012700,4,5,Pass,None,2025-04-08
SMP012701,14,11,Fail,Urea,2025-04-08
SMP012702,7,7,Pass,None,2025-04-08
SMP012703,21,12,Pass,None,2025-04-08
SMP012704,19,6,Fail,Urea,2025-04-08
SMP012705,5,3,Pass,None,2025-04-08
SMP012706,23,7,Pass,None,2025-04-08
SMP012707,5,16,Fail,Detergent,2025-04-08
SMP012708,22,13,Pass,None,2025-04-08
SMP012709,13,4,Pass,None,2025-04-08
SMP012710,9,6,Pass,None,2025-04-08
SMP012711,5,15,Pass,None,2025-04-08
SMP012712,5,2,Pass,None,2025-04-08
SMP012713,18,4,Fail,Formalin,2025-04-09
SMP012714,16,4,Pass,None,2025-04-09
SMP012715,4,9,Pass,None,2025-04-09
SMP012716,3,6,Pass,None,2025-04-09
SMP012717,2,2,Fail,Starch,2025-04-09
SMP012718,21,10,Fail,Synthetic Color,2025-04-09
SMP012719,19,2,Pass,None,2025-04-09
SMP012720,2,10,Pass,None,2025-04-09
SMP012721,16,8,Pass,None,2025-04-09
SMP012722,3,8,Pass,None,2025-04-09
SMP012723,24,1,Pass,None,2025-04-09
SMP012724,24,11,Fail,Starch,2025-04-09
SMP012725,19,6,Fail,Chalk Powder,2025-04-09
SMP012726,24,6,Fail,Starch,2025-04-09
SMP012727,22,10,Pass,None,2025-04-09
SMP012728,23,10,Pass,None,2025-04-09
SMP012729,16,1,Pass,None,2025-04-09
SMP012730,8,2,Pass,None,2025-04-09
SMP012731,6,4,Fail,Synthetic Color,2025-04-09
SMP012732,9,11,Pass,None,2025-04-09
SMP012733,17,9,Pass,None,2025-04-09
SMP012734,5,12,Pass,None,2025-04-09
SMP012735,7,12,Pass,None,2025-04-09
SMP012736,13,14,Pass,None,2025-04-09
SMP012737,6,6,Pass,None,2025-04-09
SMP012738,17,5,Fail,Synthetic Color,2025-04-09
SMP012739,24,14,Fail,Urea,2025-04-09
SMP012740,21,4,Pass,None,2025-04-09
SMP012741,18,7,Pass,None,2025-04-10
SMP012742,17,3,Fail,Formalin,2025-04-10
SMP012743,14,15,Pass,None,2025-04-10
SMP012744,5,6,Fail,Chalk Powder,2025-04-10
SMP012745,24,4,Fail,Chalk Powder,2025-04-10
SMP012746,7,11,Pass,None,2025-04-10
SMP012747,3,4,Pass,None,2025-04-10
SMP012748,21,16,Fail,Synthetic Color,2025-04-10
SMP012749,5,6,Pass,None,2025-04-10
SMP012750,9,11,Fail,Formalin,2025-04-10
SMP012751,1,5,Pass,None,2025-04-10
SMP012752,4,13,Pass,None,2025-04-10
SMP012753,5,15,Pass,None,2025-04-10
SMP012754,2,13,Pass,None,2025-04-10
SMP012755,18,14,Fail,Urea,2025-04-10
SMP012756,23,2,Fail,Chalk Powder,2025-04-10
SMP012757,9,15,Fail,Chalk Powder,2025-04-10
SMP012758,23,10,Pass,None,2025-04-10
SMP012759,6,15,Fail,Starch,2025-04-10
SMP012760,9,11,Pass,None,2025-04-10
SMP012761,5,4,Fail,Chalk Powder,2025-04-10
SMP012762,17,10,Fail,Synthetic Color,2025-04-10
SMP012763,12,2,Pass,None,2025-04-10
SMP012764,17,11,Pass,None,2025-04-10
SMP012765,21,6,Fail,Chalk Powder,2025-04-10
SMP012766,16,3,Pass,None,2025-04-10
SMP012767,17,16,Pass,None,2025-04-10
SMP012768,25,15,Fail,Synthetic Color,2025-04-11
SMP012769,8,15,Pass,None,2025-04-11
SMP012770,9,13,Pass,None,2025-04-11
SMP012771,19,11,Pass,None,2025-04-11
SMP012772,17,11,Pass,None,2025-04-11
SMP012773,5,2,Pass,None,2025-04-11
SMP012774,9,15,Pass,None,2025-04-11
SMP012775,13,15,Pass,None,2025-04-11
SMP012776,12,12,Pass,None,2025-04-11
SMP012777,5,15,Pass,None,2025-04-11
SMP012778,24,9,Fail,Urea,2025-04-11
SMP012779,21,7,Pass,None,2025-04-11
SMP012780,14,16,Pass,None,2025-04-11
SMP012781,19,7,Fail,Formalin,2025-04-11
SMP012782,24,11,Pass,None,2025-04-11
SMP012783,4,6,Pass,None,2025-04-11
SMP012784,7,11,Pass,None,2025-04-11
SMP012785,16,12,Pass,None,2025-04-11
SMP012786,22,10,Fail,Formalin,2025-04-11
SMP012787,2,8,Pass,None,2025-04-11
SMP012788,26,5,Fail,Chalk Powder,2025-04-11
SMP012789,13,11,Pass,None,2025-04-11
SMP012790,9,15,Pass,None,2025-04-11
SMP012791,8,1,Pass,None,2025-04-11
SMP012792,5,2,Pass,None,2025-04-11
SMP012793,22,2,Fail,Detergent,2025-04-11
SMP012794,25,15,Fail,Starch,2025-04-11
SMP012795,12,11,Pass,None,2025-04-12
SMP012796,25,16,Pass,None,2025-04-12
SMP012797,22,10,Pass,None,2025-04-12
SMP012798,14,7,Pass,None,2025-04-12
SMP012799,19,13,Pass,None,2025-04-12
SMP012800,12,3,Pass,None,2025-04-12
SMP012801,16,6,Fail,Detergent,2025-04-12
SMP012802,2,7,Pass,None,2025-04-12
SMP012803,19,5,Pass,None,2025-04-12
SMP012804,2,6,Fail,Formalin,2025-04-12
SMP012805,22,2,Pass,None,2025-04-12
SMP012806,23,3,Pass,None,2025-04-12
SMP012807,6,5,Pass,None,2025-04-12
SMP012808,9,13,Pass,None,2025-04-12
SMP012809,14,3,Pass,None,2025-04-12
SMP012810,17,5,Fail,Detergent,2025-04-12
SMP012811,8,1,Pass,None,2025-04-12
SMP012812,17,9,Fail,Formalin,2025-04-12
SMP012813,8,10,Pass,None,2025-04-12
SMP012814,2,15,Fail,Synthetic Color,2025-04-12
SMP012815,1,14,Fail,Urea,2025-04-12
SMP012816,3,5,Pass,None,2025-04-12
SMP012817,22,2,Pass,None,2025-04-12
SMP012818,25,3,Fail,Chalk Powder,2025-04-12
SMP012819,12,16,Pass,None,2025-04-12
SMP012820,15,11,Fail,Detergent,2025-04-12
SMP012821,5,1,Fail,Chalk Powder,2025-04-12
SMP012822,16,2,Fail,Synthetic Color,2025-04-12
SMP012823,5,8,Pass,None,2025-04-13
SMP012824,17,4,Pass,None,2025-04-13
SMP012825,24,13,Fail,Synthetic Color,2025-04-13
SMP012826,5,9,Fail,Urea,2025-04-13
SMP012827,21,10,Pass,None,2025-04-13
SMP012828,1,7,Pass,None,2025-04-13
SMP012829,9,4,Pass,None,2025-04-13
SMP012830,3,10,Pass,None,2025-04-13
SMP012831,9,12,Pass,None,2025-04-13
SMP012832,5,6,Pass,None,2025-04-13
SMP012833,9,8,Pass,None,2025-04-13
SMP012834,12,14,Pass,None,2025-04-13
SMP012835,8,3,Fail,Urea,2025-04-13
SMP012836,18,9,Pass,None,2025-04-13
SMP012837,24,5,Pass,None,2025-04-13
SMP012838,11,12,Fail,Synthetic Color,2025-04-13
SMP012839,5,1,Pass,None,2025-04-13
SMP012840,7,11,Pass,None,2025-04-13
SMP012841,23,2,Fail,Chalk Powder,2025-04-13
SMP012842,16,1,Fail,Synthetic Color,2025-04-13
SMP012843,13,12,Fail,Detergent,2025-04-13
SMP012844,5,11,Pass,None,2025-04-13
SMP012845,13,15,Pass,None,2025-04-13
SMP012846,7,8,Pass,None,2025-04-13
SMP012847,25,9,Fail,Detergent,2025-04-13
SMP012848,23,12,Pass,None,2025-04-13
SMP012849,3,5,Fail,Starch,2025-04-13
SMP012850,15,1,Fail,Starch,2025-04-14
SMP012851,6,4,Pass,None,2025-04-14
SMP012852,11,4,Pass,None,2025-04-14
SMP012853,23,5,Pass,None,2025-04-14
SMP012854,15,16,Fail,Synthetic Color,2025-04-14
SMP012855,9,13,Pass,None,2025-04-14
SMP012856,5,16,Pass,None,2025-04-14
SMP012857,22,16,Pass,None,2025-04-14
SMP012858,17,6,Fail,Starch,2025-04-14
SMP012859,13,4,Pass,None,2025-04-14
SMP012860,6,9,Pass,None,2025-04-14
SMP012861,9,15,Pass,None,2025-04-14
SMP012862,25,7,Pass,None,2025-04-14
SMP012863,15,8,Pass,None,2025-04-14
SMP012864,11,2,Pass,None,2025-04-14
SMP012865,15,6,Pass,None,2025-04-14
SMP012866,22,6,Fail,Synthetic Color,2025-04-14
SMP012867,9,5,Fail,Urea,2025-04-14
SMP012868,5,15,Pass,None,2025-04-14
SMP012869,17,1,Pass,None,2025-04-14
SMP012870,18,16,Pass,None,2025-04-14
SMP012871,19,1,Fail,Urea,2025-04-14
SMP012872,23,16,Pass,None,2025-04-14
SMP012873,9,9,Fail,Detergent,2025-04-14
SMP012874,2,12,Pass,None,2025-04-14
SMP012875,25,3,Fail,Chalk Powder,2025-04-14
SMP012876,12,11,Fail,Formalin,2025-04-14
SMP012877,17,15,Fail,Chalk Powder,2025-04-14
SMP012878,18,2,Pass,None,2025-04-15
SMP012879,16,2,Pass,None,2025-04-15
SMP012880,5,5,Fail,Synthetic Color,2025-04-15
SMP012881,21,3,Pass,None,2025-04-15
SMP012882,22,2,Pass,None,2025-04-15
SMP012883,16,11,Pass,None,2025-04-15
SMP012884,14,4,Pass,None,2025-04-15
SMP012885,4,11,Fail,Chalk Powder,2025-04-15
SMP012886,3,14,Fail,Detergent,2025-04-15
SMP012887,9,11,Fail,Starch,2025-04-15
SMP012888,8,2,Pass,None,2025-04-15
SMP012889,25,9,Pass,None,2025-04-15
SMP012890,22,6,Fail,Synthetic Color,2025-04-15
SMP012891,18,5,Pass,None,2025-04-15
SMP012892,15,5,Pass,None,2025-04-15
SMP012893,5,15,Pass,None,2025-04-15
SMP012894,25,12,Pass,None,2025-04-15
SMP012895,9,2,Pass,None,2025-04-15
SMP012896,3,7,Pass,None,2025-04-15
SMP012897,14,5,Pass,None,2025-04-15
SMP012898,23,16,Fail,Detergent,2025-04-15
SMP012899,24,16,Pass,None,2025-04-15
SMP012900,1,5,Fail,Starch,2025-04-15
SMP012901,24,5,Pass,None,2025-04-15
SMP012902,7,10,Pass,None,2025-04-15
SMP012903,2,8,Fail,Synthetic Color,2025-04-15
SMP012904,23,4,Fail,Detergent,2025-04-15
SMP012905,23,11,Fail,Formalin,2025-04-16
SMP012906,17,5,Pass,None,2025-04-16
SMP012907,17,11,Pass,None,2025-04-16
SMP012908,22,6,Pass,None,2025-04-16
SMP012909,22,12,Fail,Detergent,2025-04-16
SMP012910,24,11,Fail,Synthetic Color,2025-04-16
SMP012911,16,8,Pass,None,2025-04-16
SMP012912,25,12,Fail,Starch,2025-04-16
SMP012913,26,7,Fail,Synthetic Color,2025-04-16
SMP012914,4,2,Pass,None,2025-04-16
SMP012915,23,3,Pass,None,2025-04-16
SMP012916,14,4,Pass,None,2025-04-16
SMP012917,10,1,Fail,Synthetic Color,2025-04-16
SMP012918,17,12,Fail,Detergent,2025-04-16
SMP012919,2,6,Pass,None,2025-04-16
SMP012920,15,2,Pass,None,2025-04-16
SMP012921,23,14,Pass,None,2025-04-16
SMP012922,6,11,Pass,None,2025-04-16
SMP012923,12,7,Fail,Synthetic Color,2025-04-16
SMP012924,25,4,Fail,Chalk Powder,2025-04-16
SMP012925,12,3,Pass,None,2025-04-16
SMP012926,9,7,Pass,None,2025-04-16
SMP012927,12,15,Pass,None,2025-04-16
SMP012928,15,3,Pass,None,2025-04-16
SMP012929,17,9,Pass,None,2025-04-16
SMP012930,22,16,Fail,Urea,2025-04-16
SMP012931,13,11,Pass,None,2025-04-16
SMP012932,22,7,Pass,None,2025-04-17
SMP012933,16,12,Fail,Formalin,2025-04-17
SMP012934,9,14,Fail,Starch,2025-04-17
SMP012935,18,10,Pass,None,2025-04-17
SMP012936,19,15,Pass,None,2025-04-17
SMP012937,16,8,Pass,None,2025-04-17
SMP012938,2,14,Pass,None,2025-04-17
SMP012939,5,16,Pass,None,2025-04-17
SMP012940,8,8,Pass,None,2025-04-17
SMP012941,8,10,Pass,None,2025-04-17
SMP012942,19,10,Fail,Formalin,2025-04-17
SMP012943,1,13,Fail,Chalk Powder,2025-04-17
SMP012944,21,14,Pass,None,2025-04-17
SMP012945,7,1,Pass,None,2025-04-17
SMP012946,8,12,Pass,None,2025-04-17
SMP012947,15,13,Pass,None,2025-04-17
SMP012948,6,12,Pass,None,2025-04-17
SMP012949,23,12,Fail,Detergent,2025-04-17
SMP012950,3,1,Pass,None,2025-04-17
SMP012951,13,7,Fail,Detergent,2025-04-17
SMP012952,23,14,Pass,None,2025-04-17
SMP012953,17,16,Fail,Chalk Powder,2025-04-17
SMP012954,8,4,Fail,Urea,2025-04-17
SMP012955,12,9,Pass,None,2025-04-17
SMP012956,19,13,Fail,Detergent,2025-04-17
SMP012957,25,12,Pass,None,2025-04-17
SMP012958,24,10,Pass,None,2025-04-17
SMP012959,9,1,Pass,None,2025-04-17
SMP012960,26,12,Fail,Chalk Powder,2025-04-18
SMP012961,1,13,Fail,Detergent,2025-04-18
SMP012962,1,12,Pass,None,2025-04-18
SMP012963,22,13,Pass,None,2025-04-18
SMP012964,5,6,Pass,None,2025-04-18
SMP012965,2,16,Fail,Detergent,2025-04-18
SMP012966,6,13,Pass,None,2025-04-18
SMP012967,12,9,Fail,Formalin,2025-04-18
SMP012968,20,16,Pass,None,2025-04-18
SMP012969,17,15,Pass,None,2025-04-18
SMP012970,6,14,Pass,None,2025-04-18
SMP012971,14,9,Pass,None,2025-04-18
SMP012972,24,9,Fail,Urea,2025-04-18
SMP012973,22,5,Pass,None,2025-04-18
SMP012974,9,4,Pass,None,2025-04-18
SMP012975,26,8,Fail,Synthetic Color,2025-04-18
SMP012976,19,9,Fail,Starch,2025-04-18
SMP012977,2,4,Fail,Chalk Powder,2025-04-18
SMP012978,1,15,Fail,Urea,2025-04-18
SMP012979,5,9,Pass,None,2025-04-18
SMP012980,20,9,Pass,None,2025-04-18
SMP012981,5,6,Fail,Formalin,2025-04-18
SMP012982,15,1,Pass,None,2025-04-18
SMP012983,3,15,Pass,None,2025-04-18
SMP012984,24,5,Fail,Chalk Powder,2025-04-18
SMP012985,9,11,Fail,Synthetic Color,2025-04-18
SMP012986,24,10,Fail,Synthetic Color,2025-04-18
SMP012987,25,10,Pass,None,2025-04-19
SMP012988,1,8,Pass,None,2025-04-19
SMP012989,13,3,Pass,None,2025-04-19
SMP012990,1,4,Pass,None,2025-04-19
SMP012991,24,8,Pass,None,2025-04-19
SMP012992,15,13,Pass,None,2025-04-19
SMP012993,2,6,Pass,None,2025-04-19
SMP012994,3,4,Pass,None,2025-04-19
SMP012995,10,2,Pass,None,2025-04-19
SMP012996,25,11,Pass,None,2025-04-19
SMP012997,19,6,Pass,None,2025-04-19
SMP012998,23,2,Pass,None,2025-04-19
SMP012999,9,11,Pass,None,2025-04-19
SMP013000,2,4,Pass,None,2025-04-19
SMP013001,25,8,Pass,None,2025-04-19
SMP013002,1,5,Pass,None,2025-04-19
SMP013003,25,15,Fail,Chalk Powder,2025-04-19
SMP013004,9,4,Pass,None,2025-04-19
SMP013005,1,6,Pass,None,2025-04-19
SMP013006,19,16,Pass,None,2025-04-19
SMP013007,25,5,Fail,Starch,2025-04-19
SMP013008,25,11,Pass,None,2025-04-19
SMP013009,5,5,Pass,None,2025-04-19
SMP013010,5,2,Pass,None,2025-04-19
SMP013011,16,10,Fail,Synthetic Color,2025-04-19
SMP013012,18,15,Pass,None,2025-04-19
SMP013013,21,7,Fail,Urea,2025-04-19
SMP013014,5,10,Pass,None,2025-04-19
SMP013015,25,10,Pass,None,2025-04-20
SMP013016,18,6,Pass,None,2025-04-20
SMP013017,23,10,Pass,None,2025-04-20
SMP013018,16,4,Pass,None,2025-04-20
SMP013019,12,6,Fail,Synthetic Color,2025-04-20
SMP013020,25,7,Pass,None,2025-04-20
SMP013021,17,15,Pass,None,2025-04-20
SMP013022,23,5,Pass,None,2025-04-20
SMP013023,25,11,Fail,Chalk Powder,2025-04-20
SMP013024,19,4,Fail,Formalin,2025-04-20
SMP013025,16,4,Pass,None,2025-04-20
SMP013026,1,11,Pass,None,2025-04-20
SMP013027,2,13,Pass,None,2025-04-20
SMP013028,5,7,Fail,Synthetic Color,2025-04-20
SMP013029,5,5,Pass,None,2025-04-20
SMP013030,7,15,Pass,None,2025-04-20
SMP013031,8,2,Fail,Formalin,2025-04-20
SMP013032,9,12,Pass,None,2025-04-20
SMP013033,12,11,Pass,None,2025-04-20
SMP013034,3,11,Pass,None,2025-04-20
SMP013035,2,16,Pass,None,2025-04-20
SMP013036,19,12,Pass,None,2025-04-20
SMP013037,16,5,Fail,Synthetic Color,2025-04-20
SMP013038,13,5,Fail,Starch,2025-04-20
SMP013039,17,6,Fail,Urea,2025-04-20
SMP013040,23,1,Pass,None,2025-04-20
SMP013041,12,15,Fail,Formalin,2025-04-20
SMP013042,18,1,Pass,None,2025-04-21
SMP013043,25,12,Pass,None,2025-04-21
SMP013044,23,12,Pass,None,2025-04-21
SMP013045,12,14,Pass,None,2025-04-21
SMP013046,18,9,Fail,Synthetic Color,2025-04-21
SMP013047,5,12,Fail,Detergent,2025-04-21
SMP013048,16,5,Pass,None,2025-04-21
SMP013049,26,12,Pass,None,2025-04-21
SMP013050,15,5,Fail,Detergent,2025-04-21
SMP013051,24,15,Fail,Urea,2025-04-21
SMP013052,11,3,Pass,None,2025-04-21
SMP013053,26,5,Pass,None,2025-04-21
SMP013054,17,8,Fail,Chalk Powder,2025-04-21
SMP013055,2,13,Pass,None,2025-04-21
SMP013056,17,12,Pass,None,2025-04-21
SMP013057,7,4,Pass,None,2025-04-21
SMP013058,1,3,Pass,None,2025-04-21
SMP013059,22,5,Pass,None,2025-04-21
SMP013060,7,8,Fail,Formalin,2025-04-21
SMP013061,22,9,Pass,None,2025-04-21
SMP013062,8,6,Fail,Starch,2025-04-21
SMP013063,5,11,Pass,None,2025-04-21
SMP013064,25,6,Fail,Chalk Powder,2025-04-21
SMP013065,9,16,Pass,None,2025-04-21
SMP013066,17,4,Pass,None,2025-04-21
SMP013067,17,10,Fail,Starch,2025-04-21
SMP013068,16,10,Pass,None,2025-04-21
SMP013069,24,5,Pass,None,2025-04-22
SMP013070,19,6,Pass,None,2025-04-22
SMP013071,11,6,Pass,None,2025-04-22
SMP013072,23,3,Pass,None,2025-04-22
SMP013073,5,7,Pass,None,2025-04-22
SMP013074,16,6,Pass,None,2025-04-22
SMP013075,25,3,Pass,None,2025-04-22
SMP013076,17,7,Pass,None,2025-04-22
SMP013077,22,6,Pass,None,2025-04-22
SMP013078,18,2,Pass,None,2025-04-22
SMP013079,23,2,Fail,Urea,2025-04-22
SMP013080,25,11,Fail,Starch,2025-04-22
SMP013081,7,12,Pass,None,2025-04-22
SMP013082,5,16,Pass,None,2025-04-22
SMP013083,14,2,Pass,None,2025-04-22
SMP013084,19,2,Fail,Synthetic Color,2025-04-22
SMP013085,6,1,Pass,None,2025-04-22
SMP013086,1,9,Pass,None,2025-04-22
SMP013087,9,10,Pass,None,2025-04-22
SMP013088,25,6,Fail,Chalk Powder,2025-04-22
SMP013089,19,13,Pass,None,2025-04-22
SMP013090,11,11,Pass,None,2025-04-22
SMP013091,5,16,Pass,None,2025-04-22
SMP013092,9,2,Pass,None,2025-04-22
SMP013093,5,1,Fail,Urea,2025-04-22
SMP013094,3,4,Pass,None,2025-04-22
SMP013095,24,1,Pass,None,2025-04-22
SMP013096,26,15,Fail,Chalk Powder,2025-04-22
SMP013097,5,5,Fail,Formalin,2025-04-23
SMP013098,2,9,Pass,None,2025-04-23
SMP013099,9,5,Pass,None,2025-04-23
SMP013100,13,4,Pass,None,2025-04-23
SMP013101,5,3,Pass,None,2025-04-23
SMP013102,8,5,Fail,Starch,2025-04-23
SMP013103,5,10,Pass,None,2025-04-23
SMP013104,21,16,Fail,Synthetic Color,2025-04-23
SMP013105,19,9,Fail,Chalk Powder,2025-04-23
SMP013106,18,9,Pass,None,2025-04-23
SMP013107,10,1,Pass,None,2025-04-23
SMP013108,24,14,Pass,None,2025-04-23
SMP013109,25,1,Pass,None,2025-04-23
SMP013110,5,15,Fail,Chalk Powder,2025-04-23
SMP013111,6,9,Fail,Starch,2025-04-23
SMP013112,15,3,Pass,None,2025-04-23
SMP013113,3,7,Pass,None,2025-04-23
SMP013114,12,16,Pass,None,2025-04-23
SMP013115,17,5,Pass,None,2025-04-23
SMP013116,15,4,Pass,None,2025-04-23
SMP013117,9,2,Fail,Urea,2025-04-23
SMP013118,16,10,Fail,Urea,2025-04-23
SMP013119,25,2,Pass,None,2025-04-23
SMP013120,5,13,Pass,None,2025-04-23
SMP013121,18,15,Pass,None,2025-04-23
SMP013122,2,15,Pass,None,2025-04-23
SMP013123,2,2,Pass,None,2025-04-23
SMP013124,16,9,Pass,None,2025-04-24
SMP013125,3,2,Pass,None,2025-04-24
SMP013126,1,9,Pass,None,2025-04-24
SMP013127,5,14,Fail,Starch,2025-04-24
SMP013128,16,9,Pass,None,2025-04-24
SMP013129,19,15,Pass,None,2025-04-24
SMP013130,5,13,Pass,None,2025-04-24
SMP013131,19,4,Pass,None,2025-04-24
SMP013132,5,11,Fail,Chalk Powder,2025-04-24
SMP013133,17,1,Pass,None,2025-04-24
SMP013134,11,6,Pass,None,2025-04-24
SMP013135,18,4,Fail,Urea,2025-04-24
SMP013136,26,16,Pass,None,2025-04-24
SMP013137,25,6,Pass,None,2025-04-24
SMP013138,1,11,Pass,None,2025-04-24
SMP013139,24,12,Pass,None,2025-04-24
SMP013140,2,13,Fail,Detergent,2025-04-24
SMP013141,25,12,Pass,None,2025-04-24
SMP013142,8,5,Pass,None,2025-04-24
SMP013143,10,11,Pass,None,2025-04-24
SMP013144,3,9,Pass,None,2025-04-24
SMP013145,3,10,Pass,None,2025-04-24
SMP013146,20,1,Fail,Chalk Powder,2025-04-24
SMP013147,25,4,Pass,None,2025-04-24
SMP013148,17,15,Pass,None,2025-04-24
SMP013149,19,5,Pass,None,2025-04-24
SMP013150,21,7,Fail,Urea,2025-04-24
SMP013151,7,3,Pass,None,2025-04-24
SMP013152,2,2,Fail,Formalin,2025-04-25
SMP013153,1,4,Pass,None,2025-04-25
SMP013154,9,9,Pass,None,2025-04-25
SMP013155,7,15,Fail,Starch,2025-04-25
SMP013156,2,5,Pass,None,2025-04-25
SMP013157,5,5,Pass,None,2025-04-25
SMP013158,4,9,Pass,None,2025-04-25
SMP013159,24,5,Pass,None,2025-04-25
SMP013160,4,15,Pass,None,2025-04-25
SMP013161,16,6,Pass,None,2025-04-25
SMP013162,17,8,Fail,Chalk Powder,2025-04-25
SMP013163,16,9,Pass,None,2025-04-25
SMP013164,3,13,Pass,None,2025-04-25
SMP013165,9,9,Pass,None,2025-04-25
SMP013166,2,4,Fail,Detergent,2025-04-25
SMP013167,10,2,Pass,None,2025-04-25
SMP013168,5,16,Pass,None,2025-04-25
SMP013169,16,13,Fail,Starch,2025-04-25
SMP013170,19,1,Pass,None,2025-04-25
SMP013171,16,14,Fail,Chalk Powder,2025-04-25
SMP013172,12,10,Fail,Urea,2025-04-25
SMP013173,10,8,Pass,None,2025-04-25
SMP013174,23,1,Pass,None,2025-04-25
SMP013175,6,13,Pass,None,2025-04-25
SMP013176,20,3,Pass,None,2025-04-25
SMP013177,21,12,Fail,Detergent,2025-04-25
SMP013178,12,1,Pass,None,2025-04-25
SMP013179,8,13,Pass,None,2025-04-26
SMP013180,13,1,Pass,None,2025-04-26
SMP013181,3,4,Pass,None,2025-04-26
SMP013182,2,4,Fail,Starch,2025-04-26
SMP013183,3,3,Pass,None,2025-04-26
SMP013184,5,8,Pass,None,2025-04-26
SMP013185,14,5,Pass,None,2025-04-26
SMP013186,23,16,Fail,Urea,2025-04-26
SMP013187,6,10,Fail,Chalk Powder,2025-04-26
SMP013188,25,9,Pass,None,2025-04-26
SMP013189,25,4,Fail,Urea,2025-04-26
SMP013190,25,6,Fail,Chalk Powder,2025-04-26
SMP013191,23,2,Pass,None,2025-04-26
SMP013192,9,13,Pass,None,2025-04-26
SMP013193,2,5,Pass,None,2025-04-26
SMP013194,16,12,Pass,None,2025-04-26
SMP013195,16,6,Pass,None,2025-04-26
SMP013196,23,16,Pass,None,2025-04-26
SMP013197,26,3,Fail,Starch,2025-04-26
SMP013198,15,1,Fail,Chalk Powder,2025-04-26
SMP013199,9,10,Pass,None,2025-04-26
SMP013200,5,16,Fail,Starch,2025-04-26
SMP013201,1,11,Pass,None,2025-04-26
SMP013202,15,2,Pass,None,2025-04-26
SMP013203,16,9,Pass,None,2025-04-26
SMP013204,23,15,Pass,None,2025-04-26
SMP013205,15,1,Pass,None,2025-04-26
SMP013206,24,3,Fail,Starch,2025-04-27
SMP013207,17,14,Pass,None,2025-04-27
SMP013208,23,15,Fail,Detergent,2025-04-27
SMP013209,5,12,Fail,Detergent,2025-04-27
SMP013210,23,16,Fail,Formalin,2025-04-27
SMP013211,19,2,Pass,None,2025-04-27
SMP013212,5,9,Fail,Detergent,2025-04-27
SMP013213,5,11,Pass,None,2025-04-27
SMP013214,24,12,Fail,Urea,2025-04-27
SMP013215,1,13,Pass,None,2025-04-27
SMP013216,13,15,Pass,None,2025-04-27
SMP013217,8,6,Pass,None,2025-04-27
SMP013218,18,1,Pass,None,2025-04-27
SMP013219,23,6,Pass,None,2025-04-27
SMP013220,9,11,Pass,None,2025-04-27
SMP013221,12,4,Fail,Detergent,2025-04-27
SMP013222,26,13,Pass,None,2025-04-27
SMP013223,22,4,Pass,None,2025-04-27
SMP013224,24,1,Pass,None,2025-04-27
SMP013225,12,8,Pass,None,2025-04-27
SMP013226,6,12,Fail,Starch,2025-04-27
SMP013227,11,5,Pass,None,2025-04-27
SMP013228,19,12,Pass,None,2025-04-27
SMP013229,3,7,Pass,None,2025-04-27
SMP013230,7,3,Fail,Starch,2025-04-27
SMP013231,2,2,Pass,None,2025-04-27
SMP013232,12,12,Pass,None,2025-04-27
SMP013233,23,6,Pass,None,2025-04-27
SMP013234,1,15,Pass,None,2025-04-28
SMP013235,19,9,Pass,None,2025-04-28
SMP013236,24,5,Pass,None,2025-04-28
SMP013237,6,5,Pass,None,2025-04-28
SMP013238,19,2,Fail,Detergent,2025-04-28
SMP013239,25,10,Fail,Urea,2025-04-28
SMP013240,25,10,Pass,None,2025-04-28
SMP013241,6,13,Fail,Formalin,2025-04-28
SMP013242,3,4,Pass,None,2025-04-28
SMP013243,5,5,Pass,None,2025-04-28
SMP013244,19,2,Pass,None,2025-04-28
SMP013245,19,5,Pass,None,2025-04-28
SMP013246,19,6,Pass,None,2025-04-28
SMP013247,9,16,Pass,None,2025-04-28
SMP013248,5,11,Fail,Starch,2025-04-28
SMP013249,17,13,Pass,None,2025-04-28
SMP013250,14,5,Pass,None,2025-04-28
SMP013251,20,3,Pass,None,2025-04-28
SMP013252,12,4,Fail,Synthetic Color,2025-04-28
SMP013253,9,4,Pass,None,2025-04-28
SMP013254,8,10,Fail,Formalin,2025-04-28
SMP013255,6,5,Pass,None,2025-04-28
SMP013256,7,14,Pass,None,2025-04-28
SMP013257,3,16,Fail,Chalk Powder,2025-04-28
SMP013258,9,5,Pass,None,2025-04-28
SMP013259,2,12,Pass,None,2025-04-28
SMP013260,5,11,Fail,Synthetic Color,2025-04-28
SMP013261,21,3,Pass,None,2025-04-29
SMP013262,9,15,Pass,None,2025-04-29
SMP013263,19,3,Pass,None,2025-04-29
SMP013264,19,12,Pass,None,2025-04-29
SMP013265,17,5,Fail,Synthetic Color,2025-04-29
SMP013266,25,6,Fail,Synthetic Color,2025-04-29
SMP013267,1,7,Pass,None,2025-04-29
SMP013268,21,15,Pass,None,2025-04-29
SMP013269,25,2,Fail,Starch,2025-04-29
SMP013270,23,1,Pass,None,2025-04-29
SMP013271,5,6,Pass,None,2025-04-29
SMP013272,9,1,Pass,None,2025-04-29
SMP013273,5,11,Pass,None,2025-04-29
SMP013274,17,13,Fail,Starch,2025-04-29
SMP013275,19,14,Pass,None,2025-04-29
SMP013276,8,12,Pass,None,2025-04-29
SMP013277,16,15,Pass,None,2025-04-29
SMP013278,19,12,Pass,None,2025-04-29
SMP013279,12,16,Pass,None,2025-04-29
SMP013280,23,3,Pass,None,2025-04-29
SMP013281,21,8,Pass,None,2025-04-29
SMP013282,2,16,Pass,None,2025-04-29
SMP013283,17,11,Pass,None,2025-04-29
SMP013284,6,15,Pass,None,2025-04-29
SMP013285,16,1,Fail,Synthetic Color,2025-04-29
SMP013286,25,15,Fail,Synthetic Color,2025-04-29
SMP013287,23,11,Pass,None,2025-04-29
SMP013288,11,3,Pass,None,2025-04-29
SMP013289,8,1,Fail,Formalin,2025-04-30
SMP013290,6,4,Pass,None,2025-04-30
SMP013291,16,15,Pass,None,2025-04-30
SMP013292,4,11,Fail,Starch,2025-04-30
SMP013293,16,15,Pass,None,2025-04-30
SMP013294,1,7,Pass,None,2025-04-30
SMP013295,9,16,Fail,Synthetic Color,2025-04-30
SMP013296,6,7,Fail,Urea,2025-04-30
SMP013297,25,4,Fail,Chalk Powder,2025-04-30
SMP013298,20,3,Pass,None,2025-04-30
SMP013299,9,16,Pass,None,2025-04-30
SMP013300,3,5,Pass,None,2025-04-30
SMP013301,15,3,Pass,None,2025-04-30
SMP013302,6,1,Pass,None,2025-04-30
SMP013303,16,5,Fail,Starch,2025-04-30
SMP013304,23,15,Fail,Starch,2025-04-30
SMP013305,17,9,Pass,None,2025-04-30
SMP013306,17,11,Pass,None,2025-04-30
SMP013307,16,15,Pass,None,2025-04-30
SMP013308,24,8,Pass,None,2025-04-30
SMP013309,24,14,Fail,Chalk Powder,2025-04-30
SMP013310,15,5,Pass,None,2025-04-30
SMP013311,8,16,Fail,Chalk Powder,2025-04-30
SMP013312,13,2,Pass,None,2025-04-30
SMP013313,5,12,Fail,Chalk Powder,2025-04-30
SMP013314,18,11,Pass,None,2025-04-30
SMP013315,14,3,Pass,None,2025-04-30
SMP013316,3,6,Pass,None,2025-05-01
SMP013317,5,5,Fail,Urea,2025-05-01
SMP013318,14,2,Pass,None,2025-05-01
SMP013319,24,10,Pass,None,2025-05-01
SMP013320,16,16,Fail,Chalk Powder,2025-05-01
SMP013321,19,9,Pass,None,2025-05-01
SMP013322,9,9,Pass,None,2025-05-01
SMP013323,16,1,Fail,Synthetic Color,2025-05-01
SMP013324,13,2,Fail,Detergent,2025-05-01
SMP013325,18,8,Fail,Starch,2025-05-01
SMP013326,2,16,Pass,None,2025-05-01
SMP013327,14,15,Fail,Chalk Powder,2025-05-01
SMP013328,8,5,Fail,Synthetic Color,2025-05-01
SMP013329,9,9,Pass,None,2025-05-01
SMP013330,25,9,Pass,None,2025-05-01
SMP013331,5,11,Fail,Chalk Powder,2025-05-01
SMP013332,8,11,Pass,None,2025-05-01
SMP013333,15,13,Pass,None,2025-05-01
SMP013334,23,1,Fail,Urea,2025-05-01
SMP013335,12,16,Fail,Urea,2025-05-01
SMP013336,21,1,Fail,Starch,2025-05-01
SMP013337,23,7,Pass,None,2025-05-01
SMP013338,8,15,Pass,None,2025-05-01
SMP013339,10,8,Pass,None,2025-05-01
SMP013340,9,1,Pass,None,2025-05-01
SMP013341,23,4,Pass,None,2025-05-01
SMP013342,2,9,Pass,None,2025-05-01
SMP013343,8,2,Fail,Urea,2025-05-02
SMP013344,19,6,Fail,Urea,2025-05-02
SMP013345,16,5,Pass,None,2025-05-02
SMP013346,12,14,Pass,None,2025-05-02
SMP013347,16,2,Fail,Synthetic Color,2025-05-02
SMP013348,5,11,Fail,Chalk Powder,2025-05-02
SMP013349,12,6,Fail,Urea,2025-05-02
SMP013350,14,10,Pass,None,2025-05-02
SMP013351,24,4,Pass,None,2025-05-02
SMP013352,7,10,Pass,None,2025-05-02
SMP013353,23,11,Pass,None,2025-05-02
SMP013354,18,1,Fail,Detergent,2025-05-02
SMP013355,1,14,Pass,None,2025-05-02
SMP013356,19,14,Fail,Synthetic Color,2025-05-02
SMP013357,1,1,Fail,Synthetic Color,2025-05-02
SMP013358,26,10,Pass,None,2025-05-02
SMP013359,23,10,Fail,Starch,2025-05-02
SMP013360,8,1,Pass,None,2025-05-02
SMP013361,7,5,Pass,None,2025-05-02
SMP013362,10,16,Pass,None,2025-05-02
SMP013363,9,9,Pass,None,2025-05-02
SMP013364,9,16,Pass,None,2025-05-02
SMP013365,9,11,Pass,None,2025-05-02
SMP013366,17,1,Pass,None,2025-05-02
SMP013367,5,2,Pass,None,2025-05-02
SMP013368,23,12,Pass,None,2025-05-02
SMP013369,22,9,Pass,None,2025-05-02
SMP013370,14,2,Pass,None,2025-05-02
SMP013371,23,10,Fail,Synthetic Color,2025-05-03
SMP013372,7,13,Pass,None,2025-05-03
SMP013373,1,12,Fail,Starch,2025-05-03
SMP013374,17,4,Pass,None,2025-05-03
SMP013375,13,4,Fail,Urea,2025-05-03
SMP013376,16,16,Pass,None,2025-05-03
SMP013377,24,15,Pass,None,2025-05-03
SMP013378,25,5,Pass,None,2025-05-03
SMP013379,17,14,Fail,Formalin,2025-05-03
SMP013380,21,3,Fail,Detergent,2025-05-03
SMP013381,3,3,Pass,None,2025-05-03
SMP013382,5,3,Pass,None,2025-05-03
SMP013383,20,2,Pass,None,2025-05-03
SMP013384,12,14,Pass,None,2025-05-03
SMP013385,13,9,Pass,None,2025-05-03
SMP013386,8,4,Pass,None,2025-05-03
SMP013387,17,14,Fail,Chalk Powder,2025-05-03
SMP013388,5,13,Pass,None,2025-05-03
SMP013389,17,2,Pass,None,2025-05-03
SMP013390,5,11,Pass,None,2025-05-03
SMP013391,2,12,Pass,None,2025-05-03
SMP013392,9,12,Pass,None,2025-05-03
SMP013393,6,12,Pass,None,2025-05-03
SMP013394,24,3,Pass,None,2025-05-03
SMP013395,2,5,Pass,None,2025-05-03
SMP013396,5,14,Pass,None,2025-05-03
SMP013397,16,15,Pass,None,2025-05-03
SMP013398,14,4,Fail,Detergent,2025-05-04
SMP013399,2,1,Fail,Urea,2025-05-04
SMP013400,1,14,Fail,Formalin,2025-05-04
SMP013401,26,6,Pass,None,2025-05-04
SMP013402,18,5,Fail,Synthetic Color,2025-05-04
SMP013403,9,5,Pass,None,2025-05-04
SMP013404,13,6,Pass,None,2025-05-04
SMP013405,7,6,Pass,None,2025-05-04
SMP013406,9,9,Pass,None,2025-05-04
SMP013407,18,2,Fail,Formalin,2025-05-04
SMP013408,23,16,Pass,None,2025-05-04
SMP013409,5,16,Pass,None,2025-05-04
SMP013410,23,16,Pass,None,2025-05-04
SMP013411,4,15,Pass,None,2025-05-04
SMP013412,6,11,Fail,Synthetic Color,2025-05-04
SMP013413,2,4,Fail,Synthetic Color,2025-05-04
SMP013414,5,1,Pass,None,2025-05-04
SMP013415,24,2,Pass,None,2025-05-04
SMP013416,13,5,Fail,Synthetic Color,2025-05-04
SMP013417,2,8,Pass,None,2025-05-04
SMP013418,25,16,Fail,Formalin,2025-05-04
SMP013419,23,6,Pass,None,2025-05-04
SMP013420,21,8,Pass,None,2025-05-04
SMP013421,24,11,Pass,None,2025-05-04
SMP013422,6,3,Pass,None,2025-05-04
SMP013423,23,15,Fail,Urea,2025-05-04
SMP013424,19,9,Pass,None,2025-05-04
SMP013425,23,4,Fail,Synthetic Color,2025-05-05
SMP013426,22,16,Pass,None,2025-05-05
SMP013427,9,10,Pass,None,2025-05-05
SMP013428,21,8,Pass,None,2025-05-05
SMP013429,7,10,Pass,None,2025-05-05
SMP013430,9,12,Pass,None,2025-05-05
SMP013431,3,3,Pass,None,2025-05-05
SMP013432,25,15,Pass,None,2025-05-05
SMP013433,8,16,Pass,None,2025-05-05
SMP013434,15,9,Pass,None,2025-05-05
SMP013435,10,11,Pass,None,2025-05-05
SMP013436,25,14,Pass,None,2025-05-05
SMP013437,9,6,Pass,None,2025-05-05
SMP013438,22,16,Fail,Chalk Powder,2025-05-05
SMP013439,23,11,Pass,None,2025-05-05
SMP013440,12,6,Pass,None,2025-05-05
SMP013441,10,11,Pass,None,2025-05-05
SMP013442,21,8,Pass,None,2025-05-05
SMP013443,24,2,Pass,None,2025-05-05
SMP013444,21,13,Pass,None,2025-05-05
SMP013445,6,9,Pass,None,2025-05-05
SMP013446,24,13,Pass,None,2025-05-05
SMP013447,10,3,Pass,None,2025-05-05
SMP013448,17,9,Pass,None,2025-05-05
SMP013449,23,13,Pass,None,2025-05-05
SMP013450,5,16,Pass,None,2025-05-05
SMP013451,22,15,Fail,Urea,2025-05-05
SMP013452,17,15,Pass,None,2025-05-05
SMP013453,24,4,Fail,Synthetic Color,2025-05-06
SMP013454,5,14,Pass,None,2025-05-06
SMP013455,12,3,Fail,Urea,2025-05-06
SMP013456,23,3,Pass,None,2025-05-06
SMP013457,1,2,Pass,None,2025-05-06
SMP013458,3,14,Pass,None,2025-05-06
SMP013459,26,2,Pass,None,2025-05-06
SMP013460,7,2,Pass,None,2025-05-06
SMP013461,25,4,Pass,None,2025-05-06
SMP013462,5,9,Fail,Chalk Powder,2025-05-06
SMP013463,9,15,Pass,None,2025-05-06
SMP013464,21,6,Pass,None,2025-05-06
SMP013465,18,9,Fail,Chalk Powder,2025-05-06
SMP013466,17,3,Pass,None,2025-05-06
SMP013467,16,4,Fail,Urea,2025-05-06
SMP013468,23,2,Pass,None,2025-05-06
SMP013469,6,6,Fail,Urea,2025-05-06
SMP013470,12,10,Pass,None,2025-05-06
SMP013471,5,5,Pass,None,2025-05-06
SMP013472,17,14,Pass,None,2025-05-06
SMP013473,7,16,Pass,None,2025-05-06
SMP013474,9,2,Pass,None,2025-05-06
SMP013475,13,1,Pass,None,2025-05-06
SMP013476,1,13,Pass,None,2025-05-06
SMP013477,3,3,Pass,None,2025-05-06
SMP013478,19,5,Pass,None,2025-05-06
SMP013479,12,6,Fail,Starch,2025-05-06
SMP013480,23,15,Pass,None,2025-05-07
SMP013481,19,11,Pass,None,2025-05-07
SMP013482,1,1,Pass,None,2025-05-07
SMP013483,17,1,Pass,None,2025-05-07
SMP013484,3,3,Pass,None,2025-05-07
SMP013485,22,5,Fail,Chalk Powder,2025-05-07
SMP013486,26,8,Fail,Chalk Powder,2025-05-07
SMP013487,16,14,Pass,None,2025-05-07
SMP013488,19,5,Fail,Formalin,2025-05-07
SMP013489,6,6,Pass,None,2025-05-07
SMP013490,12,5,Pass,None,2025-05-07
SMP013491,23,1,Pass,None,2025-05-07
SMP013492,5,16,Pass,None,2025-05-07
SMP013493,7,2,Pass,None,2025-05-07
SMP013494,13,5,Fail,Synthetic Color,2025-05-07
SMP013495,19,2,Pass,None,2025-05-07
SMP013496,9,8,Pass,None,2025-05-07
SMP013497,24,15,Fail,Synthetic Color,2025-05-07
SMP013498,3,2,Pass,None,2025-05-07
SMP013499,9,7,Pass,None,2025-05-07
SMP013500,19,1,Fail,Starch,2025-05-07
SMP013501,6,13,Fail,Urea,2025-05-07
SMP013502,18,11,Pass,None,2025-05-07
SMP013503,5,12,Pass,None,2025-05-07
SMP013504,2,7,Pass,None,2025-05-07
SMP013505,4,15,Fail,Urea,2025-05-07
SMP013506,24,6,Fail,Synthetic Color,2025-05-07
SMP013507,16,8,Pass,None,2025-05-07
SMP013508,22,11,Fail,Detergent,2025-05-08
SMP013509,9,8,Fail,Synthetic Color,2025-05-08
SMP013510,17,3,Pass,None,2025-05-08
SMP013511,14,5,Pass,None,2025-05-08
SMP013512,25,2,Pass,None,2025-05-08
SMP013513,21,6,Pass,None,2025-05-08
SMP013514,20,10,Pass,None,2025-05-08
SMP013515,2,2,Pass,None,2025-05-08
SMP013516,16,11,Pass,None,2025-05-08
SMP013517,13,15,Fail,Synthetic Color,2025-05-08
SMP013518,24,5,Pass,None,2025-05-08
SMP013519,7,4,Fail,Starch,2025-05-08
SMP013520,7,15,Fail,Urea,2025-05-08
SMP013521,11,11,Fail,Formalin,2025-05-08
SMP013522,7,2,Pass,None,2025-05-08
SMP013523,4,6,Pass,None,2025-05-08
SMP013524,23,11,Pass,None,2025-05-08
SMP013525,16,9,Fail,Synthetic Color,2025-05-08
SMP013526,23,10,Fail,Synthetic Color,2025-05-08
SMP013527,23,9,Pass,None,2025-05-08
SMP013528,8,13,Pass,None,2025-05-08
SMP013529,16,5,Pass,None,2025-05-08
SMP013530,3,12,Fail,Formalin,2025-05-08
SMP013531,24,16,Pass,None,2025-05-08
SMP013532,11,6,Pass,None,2025-05-08
SMP013533,10,13,Fail,Starch,2025-05-08
SMP013534,8,4,Pass,None,2025-05-08
SMP013535,13,5,Fail,Detergent,2025-05-09
SMP013536,7,16,Fail,Starch,2025-05-09
SMP013537,9,1,Pass,None,2025-05-09
SMP013538,22,4,Pass,None,2025-05-09
SMP013539,23,8,Pass,None,2025-05-09
SMP013540,8,6,Pass,None,2025-05-09
SMP013541,13,10,Pass,None,2025-05-09
SMP013542,23,3,Fail,Synthetic Color,2025-05-09
SMP013543,2,1,Fail,Starch,2025-05-09
SMP013544,24,6,Pass,None,2025-05-09
SMP013545,6,8,Pass,None,2025-05-09
SMP013546,19,9,Pass,None,2025-05-09
SMP013547,17,10,Pass,None,2025-05-09
SMP013548,16,9,Pass,None,2025-05-09
SMP013549,23,4,Pass,None,2025-05-09
SMP013550,3,13,Pass,None,2025-05-09
SMP013551,9,2,Pass,None,2025-05-09
SMP013552,16,3,Pass,None,2025-05-09
SMP013553,22,12,Fail,Chalk Powder,2025-05-09
SMP013554,6,4,Fail,Formalin,2025-05-09
SMP013555,22,8,Fail,Starch,2025-05-09
SMP013556,10,5,Fail,Synthetic Color,2025-05-09
SMP013557,5,8,Fail,Formalin,2025-05-09
SMP013558,21,5,Fail,Formalin,2025-05-09
SMP013559,3,16,Fail,Synthetic Color,2025-05-09
SMP013560,15,5,Fail,Synthetic Color,2025-05-09
SMP013561,2,10,Fail,Synthetic Color,2025-05-09
SMP013562,9,15,Fail,Detergent,2025-05-10
SMP013563,17,11,Pass,None,2025-05-10
SMP013564,16,9,Pass,None,2025-05-10
SMP013565,11,9,Pass,None,2025-05-10
SMP013566,12,8,Fail,Synthetic Color,2025-05-10
SMP013567,6,13,Pass,None,2025-05-10
SMP013568,13,1,Pass,None,2025-05-10
SMP013569,25,15,Pass,None,2025-05-10
SMP013570,23,10,Pass,None,2025-05-10
SMP013571,5,14,Pass,None,2025-05-10
SMP013572,1,1,Pass,None,2025-05-10
SMP013573,24,15,Pass,None,2025-05-10
SMP013574,15,2,Pass,None,2025-05-10
SMP013575,16,12,Pass,None,2025-05-10
SMP013576,22,6,Pass,None,2025-05-10
SMP013577,8,11,Pass,None,2025-05-10
SMP013578,14,10,Fail,Starch,2025-05-10
SMP013579,25,3,Pass,None,2025-05-10
SMP013580,19,8,Fail,Chalk Powder,2025-05-10
SMP013581,5,4,Fail,Urea,2025-05-10
SMP013582,4,9,Pass,None,2025-05-10
SMP013583,5,12,Fail,Detergent,2025-05-10
SMP013584,21,2,Pass,None,2025-05-10
SMP013585,8,8,Pass,None,2025-05-10
SMP013586,1,10,Pass,None,2025-05-10
SMP013587,25,5,Fail,Detergent,2025-05-10
SMP013588,5,16,Fail,Urea,2025-05-10
SMP013589,1,8,Pass,None,2025-05-10
SMP013590,6,3,Pass,None,2025-05-11
SMP013591,6,2,Fail,Starch,2025-05-11
SMP013592,12,9,Pass,None,2025-05-11
SMP013593,24,6,Fail,Detergent,2025-05-11
SMP013594,23,3,Pass,None,2025-05-11
SMP013595,13,1,Pass,None,2025-05-11
SMP013596,11,9,Fail,Detergent,2025-05-11
SMP013597,16,10,Pass,None,2025-05-11
SMP013598,7,2,Pass,None,2025-05-11
SMP013599,2,10,Fail,Synthetic Color,2025-05-11
SMP013600,25,16,Pass,None,2025-05-11
SMP013601,5,16,Pass,None,2025-05-11
SMP013602,5,15,Pass,None,2025-05-11
SMP013603,13,13,Pass,None,2025-05-11
SMP013604,14,4,Pass,None,2025-05-11
SMP013605,1,3,Pass,None,2025-05-11
SMP013606,5,7,Pass,None,2025-05-11
SMP013607,10,10,Pass,None,2025-05-11
SMP013608,19,14,Pass,None,2025-05-11
SMP013609,6,4,Fail,Chalk Powder,2025-05-11
SMP013610,12,8,Fail,Formalin,2025-05-11
SMP013611,16,11,Pass,None,2025-05-11
SMP013612,24,7,Pass,None,2025-05-11
SMP013613,9,7,Pass,None,2025-05-11
SMP013614,4,4,Pass,None,2025-05-11
SMP013615,14,16,Pass,None,2025-05-11
SMP013616,21,7,Pass,None,2025-05-11
SMP013617,3,9,Pass,None,2025-05-12
SMP013618,12,4,Pass,None,2025-05-12
SMP013619,1,8,Fail,Detergent,2025-05-12
SMP013620,1,4,Fail,Chalk Powder,2025-05-12
SMP013621,14,4,Pass,None,2025-05-12
SMP013622,8,4,Fail,Starch,2025-05-12
SMP013623,23,1,Fail,Formalin,2025-05-12
SMP013624,17,9,Pass,None,2025-05-12
SMP013625,13,6,Pass,None,2025-05-12
SMP013626,11,15,Pass,None,2025-05-12
SMP013627,14,1,Pass,None,2025-05-12
SMP013628,2,1,Pass,None,2025-05-12
SMP013629,24,15,Pass,None,2025-05-12
SMP013630,26,2,Pass,None,2025-05-12
SMP013631,5,1,Pass,None,2025-05-12
SMP013632,4,3,Fail,Urea,2025-05-12
SMP013633,5,14,Pass,None,2025-05-12
SMP013634,18,13,Fail,Detergent,2025-05-12
SMP013635,18,5,Fail,Starch,2025-05-12
SMP013636,23,11,Pass,None,2025-05-12
SMP013637,21,8,Pass,None,2025-05-12
SMP013638,13,15,Pass,None,2025-05-12
SMP013639,17,1,Pass,None,2025-05-12
SMP013640,19,13,Pass,None,2025-05-12
SMP013641,15,3,Pass,None,2025-05-12
SMP013642,14,6,Fail,Chalk Powder,2025-05-12
SMP013643,18,3,Pass,None,2025-05-12
SMP013644,16,12,Fail,Urea,2025-05-12
SMP013645,18,11,Fail,Synthetic Color,2025-05-13
SMP013646,17,9,Pass,None,2025-05-13
SMP013647,19,11,Fail,Synthetic Color,2025-05-13
SMP013648,18,11,Pass,None,2025-05-13
SMP013649,15,13,Pass,None,2025-05-13
SMP013650,19,4,Pass,None,2025-05-13
SMP013651,13,6,Pass,None,2025-05-13
SMP013652,7,3,Pass,None,2025-05-13
SMP013653,1,6,Pass,None,2025-05-13
SMP013654,16,12,Fail,Formalin,2025-05-13
SMP013655,17,11,Pass,None,2025-05-13
SMP013656,25,12,Pass,None,2025-05-13
SMP013657,9,5,Pass,None,2025-05-13
SMP013658,10,11,Fail,Urea,2025-05-13
SMP013659,5,6,Fail,Formalin,2025-05-13
SMP013660,2,16,Pass,None,2025-05-13
SMP013661,21,5,Fail,Urea,2025-05-13
SMP013662,7,10,Fail,Chalk Powder,2025-05-13
SMP013663,17,12,Pass,None,2025-05-13
SMP013664,19,15,Pass,None,2025-05-13
SMP013665,13,7,Pass,None,2025-05-13
SMP013666,23,6,Pass,None,2025-05-13
SMP013667,13,6,Pass,None,2025-05-13
SMP013668,8,5,Fail,Urea,2025-05-13
SMP013669,24,11,Pass,None,2025-05-13
SMP013670,23,15,Pass,None,2025-05-13
SMP013671,5,2,Fail,Synthetic Color,2025-05-13
SMP013672,1,9,Pass,None,2025-05-14
SMP013673,3,15,Fail,Formalin,2025-05-14
SMP013674,8,2,Pass,None,2025-05-14
SMP013675,25,8,Pass,None,2025-05-14
SMP013676,16,15,Fail,Synthetic Color,2025-05-14
SMP013677,9,15,Fail,Urea,2025-05-14
SMP013678,24,8,Pass,None,2025-05-14
SMP013679,13,1,Fail,Synthetic Color,2025-05-14
SMP013680,8,2,Pass,None,2025-05-14
SMP013681,25,10,Pass,None,2025-05-14
SMP013682,23,2,Pass,None,2025-05-14
SMP013683,23,3,Pass,None,2025-05-14
SMP013684,15,13,Pass,None,2025-05-14
SMP013685,22,12,Fail,Formalin,2025-05-14
SMP013686,5,14,Fail,Formalin,2025-05-14
SMP013687,17,2,Fail,Starch,2025-05-14
SMP013688,26,3,Pass,None,2025-05-14
SMP013689,8,14,Fail,Synthetic Color,2025-05-14
SMP013690,22,12,Pass,None,2025-05-14
SMP013691,14,13,Pass,None,2025-05-14
SMP013692,2,16,Pass,None,2025-05-14
SMP013693,21,15,Pass,None,2025-05-14
SMP013694,5,8,Pass,None,2025-05-14
SMP013695,17,5,Fail,Starch,2025-05-14
SMP013696,3,9,Pass,None,2025-05-14
SMP013697,25,11,Pass,None,2025-05-14
SMP013698,8,5,Pass,None,2025-05-14
SMP013699,6,13,Pass,None,2025-05-15
SMP013700,4,2,Pass,None,2025-05-15
SMP013701,25,13,Pass,None,2025-05-15
SMP013702,19,1,Fail,Urea,2025-05-15
SMP013703,21,8,Pass,None,2025-05-15
SMP013704,14,14,Pass,None,2025-05-15
SMP013705,14,2,Fail,Chalk Powder,2025-05-15
SMP013706,3,8,Pass,None,2025-05-15
SMP013707,16,3,Pass,None,2025-05-15
SMP013708,7,15,Pass,None,2025-05-15
SMP013709,25,14,Pass,None,2025-05-15
SMP013710,22,16,Pass,None,2025-05-15
SMP013711,11,15,Pass,None,2025-05-15
SMP013712,5,12,Pass,None,2025-05-15
SMP013713,22,3,Fail,Synthetic Color,2025-05-15
SMP013714,4,5,Fail,Detergent,2025-05-15
SMP013715,5,8,Pass,None,2025-05-15
SMP013716,6,10,Pass,None,2025-05-15
SMP013717,16,13,Pass,None,2025-05-15
SMP013718,22,4,Pass,None,2025-05-15
SMP013719,8,2,Fail,Starch,2025-05-15
SMP013720,3,8,Pass,None,2025-05-15
SMP013721,13,3,Pass,None,2025-05-15
SMP013722,21,11,Fail,Formalin,2025-05-15
SMP013723,6,9,Pass,None,2025-05-15
SMP013724,6,12,Pass,None,2025-05-15
SMP013725,25,1,Fail,Starch,2025-05-15
SMP013726,25,16,Pass,None,2025-05-15
SMP013727,26,1,Pass,None,2025-05-16
SMP013728,22,5,Pass,None,2025-05-16
SMP013729,5,11,Pass,None,2025-05-16
SMP013730,6,1,Pass,None,2025-05-16
SMP013731,9,2,Pass,None,2025-05-16
SMP013732,8,2,Pass,None,2025-05-16
SMP013733,25,10,Fail,Synthetic Color,2025-05-16
SMP013734,22,15,Fail,Starch,2025-05-16
SMP013735,19,9,Pass,None,2025-05-16
SMP013736,5,10,Pass,None,2025-05-16
SMP013737,24,5,Pass,None,2025-05-16
SMP013738,23,1,Pass,None,2025-05-16
SMP013739,5,1,Pass,None,2025-05-16
SMP013740,23,15,Pass,None,2025-05-16
SMP013741,7,2,Pass,None,2025-05-16
SMP013742,3,16,Fail,Formalin,2025-05-16
SMP013743,18,3,Fail,Starch,2025-05-16
SMP013744,18,11,Pass,None,2025-05-16
SMP013745,3,16,Pass,None,2025-05-16
SMP013746,9,6,Pass,None,2025-05-16
SMP013747,26,12,Fail,Starch,2025-05-16
SMP013748,19,5,Fail,Detergent,2025-05-16
SMP013749,20,5,Pass,None,2025-05-16
SMP013750,6,4,Pass,None,2025-05-16
SMP013751,2,14,Pass,None,2025-05-16
SMP013752,7,4,Pass,None,2025-05-16
SMP013753,7,5,Pass,None,2025-05-16
SMP013754,6,16,Fail,Urea,2025-05-17
SMP013755,5,5,Pass,None,2025-05-17
SMP013756,17,6,Pass,None,2025-05-17
SMP013757,9,16,Pass,None,2025-05-17
SMP013758,22,6,Fail,Formalin,2025-05-17
SMP013759,5,6,Pass,None,2025-05-17
SMP013760,13,14,Pass,None,2025-05-17
SMP013761,1,5,Fail,Urea,2025-05-17
SMP013762,14,4,Pass,None,2025-05-17
SMP013763,2,6,Fail,Detergent,2025-05-17
SMP013764,25,12,Pass,None,2025-05-17
SMP013765,22,1,Pass,None,2025-05-17
SMP013766,14,6,Pass,None,2025-05-17
SMP013767,3,5,Pass,None,2025-05-17
SMP013768,17,4,Pass,None,2025-05-17
SMP013769,21,11,Fail,Chalk Powder,2025-05-17
SMP013770,5,5,Fail,Chalk Powder,2025-05-17
SMP013771,16,10,Pass,None,2025-05-17
SMP013772,22,8,Fail,Synthetic Color,2025-05-17
SMP013773,21,4,Pass,None,2025-05-17
SMP013774,22,4,Pass,None,2025-05-17
SMP013775,23,3,Pass,None,2025-05-17
SMP013776,25,1,Fail,Synthetic Color,2025-05-17
SMP013777,11,10,Pass,None,2025-05-17
SMP013778,16,11,Pass,None,2025-05-17
SMP013779,22,3,Pass,None,2025-05-17
SMP013780,19,10,Pass,None,2025-05-17
SMP013781,26,16,Fail,Detergent,2025-05-17
SMP013782,1,1,Fail,Synthetic Color,2025-05-18
SMP013783,9,8,Pass,None,2025-05-18
SMP013784,7,12,Pass,None,2025-05-18
SMP013785,7,1,Fail,Synthetic Color,2025-05-18
SMP013786,6,13,Pass,None,2025-05-18
SMP013787,19,16,Pass,None,2025-05-18
SMP013788,3,2,Pass,None,2025-05-18
SMP013789,21,14,Pass,None,2025-05-18
SMP013790,19,6,Fail,Starch,2025-05-18
SMP013791,7,3,Pass,None,2025-05-18
SMP013792,7,8,Pass,None,2025-05-18
SMP013793,17,1,Pass,None,2025-05-18
SMP013794,21,8,Pass,None,2025-05-18
SMP013795,23,1,Pass,None,2025-05-18
SMP013796,23,12,Fail,Starch,2025-05-18
SMP013797,25,8,Pass,None,2025-05-18
SMP013798,17,7,Fail,Starch,2025-05-18
SMP013799,24,3,Fail,Chalk Powder,2025-05-18
SMP013800,22,6,Pass,None,2025-05-18
SMP013801,24,3,Fail,Detergent,2025-05-18
SMP013802,1,12,Pass,None,2025-05-18
SMP013803,25,3,Fail,Chalk Powder,2025-05-18
SMP013804,13,10,Pass,None,2025-05-18
SMP013805,22,4,Pass,None,2025-05-18
SMP013806,4,11,Fail,Synthetic Color,2025-05-18
SMP013807,10,9,Pass,None,2025-05-18
SMP013808,7,6,Pass,None,2025-05-18
SMP013809,8,11,Fail,Urea,2025-05-19
SMP013810,4,6,Pass,None,2025-05-19
SMP013811,22,14,Pass,None,2025-05-19
SMP013812,1,12,Fail,Chalk Powder,2025-05-19
SMP013813,8,9,Pass,None,2025-05-19
SMP013814,5,15,Fail,Formalin,2025-05-19
SMP013815,17,14,Pass,None,2025-05-19
SMP013816,7,9,Fail,Synthetic Color,2025-05-19
SMP013817,7,1,Fail,Chalk Powder,2025-05-19
SMP013818,14,9,Pass,None,2025-05-19
SMP013819,18,5,Fail,Detergent,2025-05-19
SMP013820,4,9,Pass,None,2025-05-19
SMP013821,5,11,Pass,None,2025-05-19
SMP013822,7,11,Pass,None,2025-05-19
SMP013823,25,11,Pass,None,2025-05-19
SMP013824,10,11,Pass,None,2025-05-19
SMP013825,17,2,Pass,None,2025-05-19
SMP013826,7,3,Pass,None,2025-05-19
SMP013827,14,11,Pass,None,2025-05-19
SMP013828,2,6,Pass,None,2025-05-19
SMP013829,1,13,Pass,None,2025-05-19
SMP013830,13,2,Pass,None,2025-05-19
SMP013831,10,3,Pass,None,2025-05-19
SMP013832,4,9,Pass,None,2025-05-19
SMP013833,19,8,Pass,None,2025-05-19
SMP013834,26,4,Pass,None,2025-05-19
SMP013835,10,6,Pass,None,2025-05-19
SMP013836,17,1,Pass,None,2025-05-20
SMP013837,25,1,Fail,Starch,2025-05-20
SMP013838,23,2,Pass,None,2025-05-20
SMP013839,13,9,Fail,Formalin,2025-05-20
SMP013840,20,15,Fail,Chalk Powder,2025-05-20
SMP013841,4,4,Pass,None,2025-05-20
SMP013842,15,1,Pass,None,2025-05-20
SMP013843,7,12,Pass,None,2025-05-20
SMP013844,5,14,Pass,None,2025-05-20
SMP013845,12,2,Pass,None,2025-05-20
SMP013846,4,6,Fail,Formalin,2025-05-20
SMP013847,19,3,Fail,Formalin,2025-05-20
SMP013848,13,2,Pass,None,2025-05-20
SMP013849,16,11,Fail,Urea,2025-05-20
SMP013850,5,16,Fail,Chalk Powder,2025-05-20
SMP013851,4,11,Fail,Chalk Powder,2025-05-20
SMP013852,17,16,Pass,None,2025-05-20
SMP013853,26,6,Fail,Starch,2025-05-20
SMP013854,3,15,Pass,None,2025-05-20
SMP013855,8,4,Pass,None,2025-05-20
SMP013856,23,2,Fail,Starch,2025-05-20
SMP013857,2,12,Pass,None,2025-05-20
SMP013858,23,6,Pass,None,2025-05-20
SMP013859,15,5,Pass,None,2025-05-20
SMP013860,11,11,Pass,None,2025-05-20
SMP013861,8,5,Fail,Starch,2025-05-20
SMP013862,8,9,Pass,None,2025-05-20
SMP013863,8,5,Pass,None,2025-05-20
SMP013864,23,13,Pass,None,2025-05-21
SMP013865,19,5,Fail,Starch,2025-05-21
SMP013866,19,9,Pass,None,2025-05-21
SMP013867,22,1,Fail,Synthetic Color,2025-05-21
SMP013868,7,13,Pass,None,2025-05-21
SMP013869,17,10,Pass,None,2025-05-21
SMP013870,13,3,Pass,None,2025-05-21
SMP013871,22,4,Pass,None,2025-05-21
SMP013872,8,4,Fail,Formalin,2025-05-21
SMP013873,18,9,Pass,None,2025-05-21
SMP013874,23,9,Pass,None,2025-05-21
SMP013875,11,4,Fail,Formalin,2025-05-21
SMP013876,2,11,Pass,None,2025-05-21
SMP013877,15,15,Fail,Formalin,2025-05-21
SMP013878,9,1,Pass,None,2025-05-21
SMP013879,19,6,Pass,None,2025-05-21
SMP013880,25,10,Pass,None,2025-05-21
SMP013881,14,10,Pass,None,2025-05-21
SMP013882,13,1,Pass,None,2025-05-21
SMP013883,18,4,Fail,Detergent,2025-05-21
SMP013884,3,1,Pass,None,2025-05-21
SMP013885,7,9,Pass,None,2025-05-21
SMP013886,24,11,Pass,None,2025-05-21
SMP013887,19,3,Pass,None,2025-05-21
SMP013888,1,5,Pass,None,2025-05-21
SMP013889,5,5,Fail,Starch,2025-05-21
SMP013890,19,14,Fail,Synthetic Color,2025-05-21
SMP013891,21,3,Pass,None,2025-05-22
SMP013892,23,9,Pass,None,2025-05-22
SMP013893,8,13,Pass,None,2025-05-22
SMP013894,24,14,Fail,Synthetic Color,2025-05-22
SMP013895,16,11,Fail,Chalk Powder,2025-05-22
SMP013896,19,5,Fail,Chalk Powder,2025-05-22
SMP013897,17,14,Fail,Detergent,2025-05-22
SMP013898,4,12,Pass,None,2025-05-22
SMP013899,25,12,Pass,None,2025-05-22
SMP013900,4,1,Pass,None,2025-05-22
SMP013901,7,1,Fail,Detergent,2025-05-22
SMP013902,22,11,Pass,None,2025-05-22
SMP013903,17,16,Pass,None,2025-05-22
SMP013904,23,13,Fail,Chalk Powder,2025-05-22
SMP013905,15,14,Pass,None,2025-05-22
SMP013906,9,9,Pass,None,2025-05-22
SMP013907,24,5,Pass,None,2025-05-22
SMP013908,2,11,Fail,Chalk Powder,2025-05-22
SMP013909,23,12,Fail,Formalin,2025-05-22
SMP013910,6,11,Pass,None,2025-05-22
SMP013911,23,16,Fail,Formalin,2025-05-22
SMP013912,4,6,Pass,None,2025-05-22
SMP013913,17,1,Pass,None,2025-05-22
SMP013914,24,15,Fail,Formalin,2025-05-22
SMP013915,13,3,Fail,Formalin,2025-05-22
SMP013916,21,11,Fail,Chalk Powder,2025-05-22
SMP013917,22,15,Pass,None,2025-05-22
SMP013918,20,5,Pass,None,2025-05-22
SMP013919,24,14,Pass,None,2025-05-23
SMP013920,13,5,Pass,None,2025-05-23
SMP013921,5,13,Pass,None,2025-05-23
SMP013922,2,1,Pass,None,2025-05-23
SMP013923,7,11,Pass,None,2025-05-23
SMP013924,5,11,Pass,None,2025-05-23
SMP013925,16,8,Fail,Formalin,2025-05-23
SMP013926,5,11,Fail,Chalk Powder,2025-05-23
SMP013927,2,15,Fail,Starch,2025-05-23
SMP013928,2,12,Pass,None,2025-05-23
SMP013929,23,16,Pass,None,2025-05-23
SMP013930,17,7,Fail,Synthetic Color,2025-05-23
SMP013931,9,9,Pass,None,2025-05-23
SMP013932,24,4,Pass,None,2025-05-23
SMP013933,2,16,Fail,Starch,2025-05-23
SMP013934,25,1,Pass,None,2025-05-23
SMP013935,17,5,Pass,None,2025-05-23
SMP013936,5,5,Fail,Synthetic Color,2025-05-23
SMP013937,19,6,Pass,None,2025-05-23
SMP013938,21,15,Fail,Urea,2025-05-23
SMP013939,12,6,Pass,None,2025-05-23
SMP013940,23,15,Pass,None,2025-05-23
SMP013941,5,6,Pass,None,2025-05-23
SMP013942,7,14,Pass,None,2025-05-23
SMP013943,3,8,Pass,None,2025-05-23
SMP013944,6,5,Fail,Urea,2025-05-23
SMP013945,6,7,Pass,None,2025-05-23
SMP013946,24,6,Pass,None,2025-05-24
SMP013947,2,4,Pass,None,2025-05-24
SMP013948,12,5,Pass,None,2025-05-24
SMP013949,16,3,Pass,None,2025-05-24
SMP013950,24,5,Fail,Urea,2025-05-24
SMP013951,26,10,Pass,None,2025-05-24
SMP013952,21,6,Pass,None,2025-05-24
SMP013953,25,12,Pass,None,2025-05-24
SMP013954,22,16,Pass,None,2025-05-24
SMP013955,25,6,Fail,Synthetic Color,2025-05-24
SMP013956,19,7,Pass,None,2025-05-24
SMP013957,3,3,Pass,None,2025-05-24
SMP013958,11,6,Fail,Detergent,2025-05-24
SMP013959,18,12,Pass,None,2025-05-24
SMP013960,9,4,Pass,None,2025-05-24
SMP013961,7,3,Fail,Starch,2025-05-24
SMP013962,17,6,Fail,Detergent,2025-05-24
SMP013963,24,14,Fail,Synthetic Color,2025-05-24
SMP013964,1,10,Pass,None,2025-05-24
SMP013965,21,16,Pass,None,2025-05-24
SMP013966,19,15,Pass,None,2025-05-24
SMP013967,25,3,Pass,None,2025-05-24
SMP013968,24,1,Pass,None,2025-05-24
SMP013969,21,6,Fail,Formalin,2025-05-24
SMP013970,15,8,Pass,None,2025-05-24
SMP013971,5,8,Pass,None,2025-05-24
SMP013972,16,2,Pass,None,2025-05-24
SMP013973,21,2,Pass,None,2025-05-25
SMP013974,24,1,Pass,None,2025-05-25
SMP013975,22,14,Pass,None,2025-05-25
SMP013976,5,16,Pass,None,2025-05-25
SMP013977,17,2,Fail,Detergent,2025-05-25
SMP013978,9,4,Pass,None,2025-05-25
SMP013979,1,2,Pass,None,2025-05-25
SMP013980,5,15,Pass,None,2025-05-25
SMP013981,4,16,Pass,None,2025-05-25
SMP013982,23,4,Fail,Synthetic Color,2025-05-25
SMP013983,7,5,Fail,Urea,2025-05-25
SMP013984,8,6,Pass,None,2025-05-25
SMP013985,25,8,Pass,None,2025-05-25
SMP013986,10,11,Fail,Formalin,2025-05-25
SMP013987,1,8,Pass,None,2025-05-25
SMP013988,8,16,Pass,None,2025-05-25
SMP013989,4,2,Pass,None,2025-05-25
SMP013990,3,13,Pass,None,2025-05-25
SMP013991,2,5,Pass,None,2025-05-25
SMP013992,17,6,Fail,Urea,2025-05-25
SMP013993,5,12,Fail,Detergent,2025-05-25
SMP013994,9,15,Pass,None,2025-05-25
SMP013995,23,12,Pass,None,2025-05-25
SMP013996,12,13,Pass,None,2025-05-25
SMP013997,24,12,Fail,Detergent,2025-05-25
SMP013998,14,5,Pass,None,2025-05-25
SMP013999,10,12,Pass,None,2025-05-25
SMP014000,21,13,Pass,None,2025-05-25
SMP014001,2,9,Pass,None,2025-05-26
SMP014002,3,9,Pass,None,2025-05-26
SMP014003,18,13,Fail,Starch,2025-05-26
SMP014004,14,14,Pass,None,2025-05-26
SMP014005,22,5,Pass,None,2025-05-26
SMP014006,24,13,Pass,None,2025-05-26
SMP014007,10,14,Pass,None,2025-05-26
SMP014008,17,4,Pass,None,2025-05-26
SMP014009,14,12,Pass,None,2025-05-26
SMP014010,26,3,Pass,None,2025-05-26
SMP014011,23,2,Pass,None,2025-05-26
SMP014012,24,9,Fail,Starch,2025-05-26
SMP014013,7,15,Pass,None,2025-05-26
SMP014014,21,1,Fail,Synthetic Color,2025-05-26
SMP014015,7,14,Pass,None,2025-05-26
SMP014016,5,8,Pass,None,2025-05-26
SMP014017,25,14,Pass,None,2025-05-26
SMP014018,1,14,Pass,None,2025-05-26
SMP014019,25,15,Fail,Chalk Powder,2025-05-26
SMP014020,5,13,Pass,None,2025-05-26
SMP014021,22,14,Pass,None,2025-05-26
SMP014022,7,3,Fail,Detergent,2025-05-26
SMP014023,9,5,Pass,None,2025-05-26
SMP014024,6,4,Pass,None,2025-05-26
SMP014025,17,12,Pass,None,2025-05-26
SMP014026,9,3,Pass,None,2025-05-26
SMP014027,18,3,Pass,None,2025-05-26
SMP014028,1,15,Pass,None,2025-05-27
SMP014029,2,12,Pass,None,2025-05-27
SMP014030,3,15,Fail,Urea,2025-05-27
SMP014031,12,2,Pass,None,2025-05-27
SMP014032,22,6,Fail,Starch,2025-05-27
SMP014033,24,5,Fail,Urea,2025-05-27
SMP014034,7,1,Fail,Synthetic Color,2025-05-27
SMP014035,17,5,Pass,None,2025-05-27
SMP014036,21,6,Pass,None,2025-05-27
SMP014037,8,2,Pass,None,2025-05-27
SMP014038,11,9,Pass,None,2025-05-27
SMP014039,15,6,Pass,None,2025-05-27
SMP014040,4,1,Fail,Chalk Powder,2025-05-27
SMP014041,1,12,Pass,None,2025-05-27
SMP014042,5,12,Pass,None,2025-05-27
SMP014043,17,14,Fail,Urea,2025-05-27
SMP014044,2,8,Pass,None,2025-05-27
SMP014045,5,16,Pass,None,2025-05-27
SMP014046,9,15,Pass,None,2025-05-27
SMP014047,2,9,Pass,None,2025-05-27
SMP014048,5,7,Pass,None,2025-05-27
SMP014049,24,1,Fail,Urea,2025-05-27
SMP014050,1,12,Pass,None,2025-05-27
SMP014051,18,9,Pass,None,2025-05-27
SMP014052,10,16,Pass,None,2025-05-27
SMP014053,19,10,Pass,None,2025-05-27
SMP014054,17,16,Pass,None,2025-05-27
SMP014055,6,14,Pass,None,2025-05-27
SMP014056,23,16,Pass,None,2025-05-28
SMP014057,14,5,Fail,Formalin,2025-05-28
SMP014058,22,3,Pass,None,2025-05-28
SMP014059,11,13,Pass,None,2025-05-28
SMP014060,26,13,Pass,None,2025-05-28
SMP014061,21,4,Pass,None,2025-05-28
SMP014062,25,13,Pass,None,2025-05-28
SMP014063,15,10,Pass,None,2025-05-28
SMP014064,13,2,Pass,None,2025-05-28
SMP014065,21,8,Pass,None,2025-05-28
SMP014066,23,15,Pass,None,2025-05-28
SMP014067,25,8,Pass,None,2025-05-28
SMP014068,9,13,Pass,None,2025-05-28
SMP014069,22,1,Pass,None,2025-05-28
SMP014070,6,12,Pass,None,2025-05-28
SMP014071,16,16,Fail,Synthetic Color,2025-05-28
SMP014072,5,8,Pass,None,2025-05-28
SMP014073,9,5,Pass,None,2025-05-28
SMP014074,24,11,Pass,None,2025-05-28
SMP014075,5,15,Fail,Chalk Powder,2025-05-28
SMP014076,17,3,Pass,None,2025-05-28
SMP014077,17,6,Fail,Starch,2025-05-28
SMP014078,4,3,Pass,None,2025-05-28
SMP014079,9,8,Pass,None,2025-05-28
SMP014080,16,9,Pass,None,2025-05-28
SMP014081,5,16,Pass,None,2025-05-28
SMP014082,22,6,Pass,None,2025-05-28
SMP014083,25,9,Pass,None,2025-05-29
SMP014084,6,15,Pass,None,2025-05-29
SMP014085,5,5,Fail,Formalin,2025-05-29
SMP014086,13,11,Pass,None,2025-05-29
SMP014087,21,12,Pass,None,2025-05-29
SMP014088,8,5,Pass,None,2025-05-29
SMP014089,1,3,Pass,None,2025-05-29
SMP014090,16,8,Pass,None,2025-05-29
SMP014091,25,5,Fail,Detergent,2025-05-29
SMP014092,10,4,Pass,None,2025-05-29
SMP014093,12,16,Pass,None,2025-05-29
SMP014094,25,8,Pass,None,2025-05-29
SMP014095,19,14,Pass,None,2025-05-29
SMP014096,19,3,Pass,None,2025-05-29
SMP014097,16,16,Fail,Detergent,2025-05-29
SMP014098,25,13,Fail,Starch,2025-05-29
SMP014099,19,13,Pass,None,2025-05-29
SMP014100,24,6,Pass,None,2025-05-29
SMP014101,19,8,Pass,None,2025-05-29
SMP014102,20,10,Pass,None,2025-05-29
SMP014103,8,13,Fail,Chalk Powder,2025-05-29
SMP014104,8,14,Pass,None,2025-05-29
SMP014105,22,2,Pass,None,2025-05-29
SMP014106,8,15,Fail,Chalk Powder,2025-05-29
SMP014107,16,16,Pass,None,2025-05-29
SMP014108,7,10,Pass,None,2025-05-29
SMP014109,22,3,Pass,None,2025-05-29
SMP014110,3,14,Pass,None,2025-05-30
SMP014111,23,9,Pass,None,2025-05-30
SMP014112,17,14,Pass,None,2025-05-30
SMP014113,5,14,Pass,None,2025-05-30
SMP014114,16,2,Fail,Synthetic Color,2025-05-30
SMP014115,8,10,Pass,None,2025-05-30
SMP014116,9,8,Pass,None,2025-05-30
SMP014117,9,16,Fail,Detergent,2025-05-30
SMP014118,2,5,Pass,None,2025-05-30
SMP014119,26,4,Pass,None,2025-05-30
SMP014120,1,15,Fail,Detergent,2025-05-30
SMP014121,18,3,Pass,None,2025-05-30
SMP014122,9,11,Pass,None,2025-05-30
SMP014123,18,5,Pass,None,2025-05-30
SMP014124,9,9,Pass,None,2025-05-30
SMP014125,19,10,Pass,None,2025-05-30
SMP014126,20,6,Pass,None,2025-05-30
SMP014127,19,16,Fail,Detergent,2025-05-30
SMP014128,4,2,Pass,None,2025-05-30
SMP014129,18,6,Pass,None,2025-05-30
SMP014130,7,6,Pass,None,2025-05-30
SMP014131,1,11,Pass,None,2025-05-30
SMP014132,12,6,Pass,None,2025-05-30
SMP014133,12,2,Pass,None,2025-05-30
SMP014134,13,16,Pass,None,2025-05-30
SMP014135,19,6,Fail,Synthetic Color,2025-05-30
SMP014136,8,5,Fail,Detergent,2025-05-30
SMP014137,8,7,Pass,None,2025-05-30
SMP014138,2,4,Fail,Starch,2025-05-31
SMP014139,19,2,Fail,Starch,2025-05-31
SMP014140,16,3,Fail,Starch,2025-05-31
SMP014141,9,3,Fail,Formalin,2025-05-31
SMP014142,19,3,Pass,None,2025-05-31
SMP014143,16,6,Pass,None,2025-05-31
SMP014144,13,10,Fail,Starch,2025-05-31
SMP014145,15,10,Pass,None,2025-05-31
SMP014146,18,1,Fail,Urea,2025-05-31
SMP014147,18,15,Fail,Detergent,2025-05-31
SMP014148,8,14,Pass,None,2025-05-31
SMP014149,4,16,Fail,Starch,2025-05-31
SMP014150,5,5,Pass,None,2025-05-31
SMP014151,18,11,Fail,Chalk Powder,2025-05-31
SMP014152,23,3,Fail,Chalk Powder,2025-05-31
SMP014153,11,14,Pass,None,2025-05-31
SMP014154,5,3,Pass,None,2025-05-31
SMP014155,21,5,Fail,Chalk Powder,2025-05-31
SMP014156,23,8,Pass,None,2025-05-31
SMP014157,23,10,Fail,Chalk Powder,2025-05-31
SMP014158,17,9,Pass,None,2025-05-31
SMP014159,23,2,Fail,Synthetic Color,2025-05-31
SMP014160,1,6,Fail,Chalk Powder,2025-05-31
SMP014161,3,15,Pass,None,2025-05-31
SMP014162,3,15,Fail,Synthetic Color,2025-05-31
SMP014163,19,10,Pass,None,2025-05-31
SMP014164,2,9,Fail,Synthetic Color,2025-05-31
SMP014165,14,2,Fail,Formalin,2025-06-01
SMP014166,13,3,Fail,Chalk Powder,2025-06-01
SMP014167,8,4,Pass,None,2025-06-01
SMP014168,23,8,Pass,None,2025-06-01
SMP014169,5,12,Pass,None,2025-06-01
SMP014170,9,7,Pass,None,2025-06-01
SMP014171,21,2,Pass,None,2025-06-01
SMP014172,1,7,Pass,None,2025-06-01
SMP014173,19,3,Pass,None,2025-06-01
SMP014174,22,12,Pass,None,2025-06-01
SMP014175,24,3,Fail,Synthetic Color,2025-06-01
SMP014176,23,8,Fail,Formalin,2025-06-01
SMP014177,9,11,Pass,None,2025-06-01
SMP014178,17,4,Fail,Detergent,2025-06-01
SMP014179,2,2,Pass,None,2025-06-01
SMP014180,7,9,Pass,None,2025-06-01
SMP014181,3,1,Pass,None,2025-06-01
SMP014182,8,10,Fail,Urea,2025-06-01
SMP014183,23,12,Pass,None,2025-06-01
SMP014184,9,5,Pass,None,2025-06-01
SMP014185,16,8,Pass,None,2025-06-01
SMP014186,12,15,Pass,None,2025-06-01
SMP014187,13,7,Pass,None,2025-06-01
SMP014188,25,16,Pass,None,2025-06-01
SMP014189,8,3,Pass,None,2025-06-01
SMP014190,17,12,Pass,None,2025-06-01
SMP014191,12,11,Pass,None,2025-06-01
SMP014192,2,15,Pass,None,2025-06-01
SMP014193,14,2,Fail,Synthetic Color,2025-06-02
SMP014194,22,4,Fail,Synthetic Color,2025-06-02
SMP014195,3,2,Pass,None,2025-06-02
SMP014196,2,16,Pass,None,2025-06-02
SMP014197,5,6,Pass,None,2025-06-02
SMP014198,21,15,Pass,None,2025-06-02
SMP014199,19,5,Pass,None,2025-06-02
SMP014200,16,2,Fail,Formalin,2025-06-02
SMP014201,13,5,Pass,None,2025-06-02
SMP014202,24,10,Pass,None,2025-06-02
SMP014203,21,14,Fail,Formalin,2025-06-02
SMP014204,22,6,Pass,None,2025-06-02
SMP014205,22,15,Pass,None,2025-06-02
SMP014206,18,4,Pass,None,2025-06-02
SMP014207,13,11,Pass,None,2025-06-02
SMP014208,23,12,Pass,None,2025-06-02
SMP014209,24,4,Pass,None,2025-06-02
SMP014210,1,1,Pass,None,2025-06-02
SMP014211,2,6,Fail,Urea,2025-06-02
SMP014212,25,1,Fail,Starch,2025-06-02
SMP014213,7,15,Pass,None,2025-06-02
SMP014214,23,16,Pass,None,2025-06-02
SMP014215,10,12,Pass,None,2025-06-02
SMP014216,4,12,Pass,None,2025-06-02
SMP014217,3,4,Pass,None,2025-06-02
SMP014218,5,1,Pass,None,2025-06-02
SMP014219,7,13,Pass,None,2025-06-02
SMP014220,14,9,Pass,None,2025-06-03
SMP014221,19,11,Pass,None,2025-06-03
SMP014222,26,13,Fail,Formalin,2025-06-03
SMP014223,12,6,Fail,Urea,2025-06-03
SMP014224,15,3,Pass,None,2025-06-03
SMP014225,15,13,Pass,None,2025-06-03
SMP014226,16,7,Pass,None,2025-06-03
SMP014227,15,14,Pass,None,2025-06-03
SMP014228,1,7,Pass,None,2025-06-03
SMP014229,1,4,Pass,None,2025-06-03
SMP014230,3,3,Pass,None,2025-06-03
SMP014231,3,12,Pass,None,2025-06-03
SMP014232,19,9,Fail,Detergent,2025-06-03
SMP014233,5,6,Fail,Chalk Powder,2025-06-03
SMP014234,24,8,Fail,Synthetic Color,2025-06-03
SMP014235,24,9,Pass,None,2025-06-03
SMP014236,25,4,Pass,None,2025-06-03
SMP014237,25,6,Pass,None,2025-06-03
SMP014238,7,5,Pass,None,2025-06-03
SMP014239,15,6,Pass,None,2025-06-03
SMP014240,5,8,Pass,None,2025-06-03
SMP014241,22,3,Pass,None,2025-06-03
SMP014242,24,6,Pass,None,2025-06-03
SMP014243,23,6,Pass,None,2025-06-03
SMP014244,12,5,Pass,None,2025-06-03
SMP014245,21,16,Fail,Synthetic Color,2025-06-03
SMP014246,3,1,Pass,None,2025-06-03
SMP014247,2,11,Pass,None,2025-06-04
SMP014248,21,3,Pass,None,2025-06-04
SMP014249,12,14,Fail,Urea,2025-06-04
SMP014250,26,15,Fail,Urea,2025-06-04
SMP014251,3,6,Pass,None,2025-06-04
SMP014252,23,14,Fail,Synthetic Color,2025-06-04
SMP014253,14,4,Fail,Formalin,2025-06-04
SMP014254,23,2,Fail,Starch,2025-06-04
SMP014255,22,5,Fail,Detergent,2025-06-04
SMP014256,24,5,Pass,None,2025-06-04
SMP014257,8,6,Pass,None,2025-06-04
SMP014258,25,6,Fail,Starch,2025-06-04
SMP014259,5,6,Pass,None,2025-06-04
SMP014260,3,12,Pass,None,2025-06-04
SMP014261,12,4,Pass,None,2025-06-04
SMP014262,23,1,Pass,None,2025-06-04
SMP014263,13,8,Fail,Starch,2025-06-04
SMP014264,23,7,Pass,None,2025-06-04
SMP014265,20,1,Pass,None,2025-06-04
SMP014266,5,2,Pass,None,2025-06-04
SMP014267,25,8,Fail,Starch,2025-06-04
SMP014268,2,4,Fail,Synthetic Color,2025-06-04
SMP014269,24,15,Fail,Starch,2025-06-04
SMP014270,8,3,Fail,Formalin,2025-06-04
SMP014271,14,1,Fail,Formalin,2025-06-04
SMP014272,12,7,Fail,Formalin,2025-06-04
SMP014273,5,16,Pass,None,2025-06-04
SMP014274,9,11,Pass,None,2025-06-04
SMP014275,5,5,Pass,None,2025-06-05
SMP014276,5,1,Fail,Urea,2025-06-05
SMP014277,5,8,Pass,None,2025-06-05
SMP014278,14,4,Pass,None,2025-06-05
SMP014279,22,11,Fail,Detergent,2025-06-05
SMP014280,16,10,Fail,Formalin,2025-06-05
SMP014281,24,4,Fail,Starch,2025-06-05
SMP014282,18,1,Pass,None,2025-06-05
SMP014283,19,12,Fail,Urea,2025-06-05
SMP014284,18,10,Fail,Synthetic Color,2025-06-05
SMP014285,13,14,Pass,None,2025-06-05
SMP014286,19,4,Pass,None,2025-06-05
SMP014287,2,11,Fail,Formalin,2025-06-05
SMP014288,23,2,Pass,None,2025-06-05
SMP014289,21,5,Fail,Starch,2025-06-05
SMP014290,7,11,Pass,None,2025-06-05
SMP014291,21,14,Pass,None,2025-06-05
SMP014292,1,5,Pass,None,2025-06-05
SMP014293,6,13,Pass,None,2025-06-05
SMP014294,2,11,Fail,Starch,2025-06-05
SMP014295,22,5,Fail,Chalk Powder,2025-06-05
SMP014296,21,15,Fail,Synthetic Color,2025-06-05
SMP014297,22,8,Fail,Urea,2025-06-05
SMP014298,1,11,Fail,Starch,2025-06-05
SMP014299,14,8,Fail,Detergent,2025-06-05
SMP014300,19,7,Pass,None,2025-06-05
SMP014301,5,14,Fail,Formalin,2025-06-05
SMP014302,18,5,Pass,None,2025-06-06
SMP014303,3,1,Pass,None,2025-06-06
SMP014304,5,15,Fail,Urea,2025-06-06
SMP014305,14,14,Pass,None,2025-06-06
SMP014306,18,6,Pass,None,2025-06-06
SMP014307,5,3,Pass,None,2025-06-06
SMP014308,5,11,Pass,None,2025-06-06
SMP014309,5,2,Pass,None,2025-06-06
SMP014310,6,6,Pass,None,2025-06-06
SMP014311,6,2,Pass,None,2025-06-06
SMP014312,10,10,Fail,Formalin,2025-06-06
SMP014313,18,1,Fail,Formalin,2025-06-06
SMP014314,12,10,Pass,None,2025-06-06
SMP014315,21,11,Pass,None,2025-06-06
SMP014316,19,8,Pass,None,2025-06-06
SMP014317,4,3,Fail,Synthetic Color,2025-06-06
SMP014318,2,2,Pass,None,2025-06-06
SMP014319,23,5,Fail,Detergent,2025-06-06
SMP014320,3,7,Pass,None,2025-06-06
SMP014321,5,11,Pass,None,2025-06-06
SMP014322,1,1,Pass,None,2025-06-06
SMP014323,17,12,Fail,Detergent,2025-06-06
SMP014324,17,12,Pass,None,2025-06-06
SMP014325,26,7,Fail,Synthetic Color,2025-06-06
SMP014326,24,5,Pass,None,2025-06-06
SMP014327,11,14,Pass,None,2025-06-06
SMP014328,9,13,Pass,None,2025-06-06
SMP014329,8,16,Pass,None,2025-06-06
SMP014330,5,6,Pass,None,2025-06-07
SMP014331,4,15,Pass,None,2025-06-07
SMP014332,4,2,Fail,Formalin,2025-06-07
SMP014333,4,6,Pass,None,2025-06-07
SMP014334,7,7,Fail,Detergent,2025-06-07
SMP014335,8,7,Pass,None,2025-06-07
SMP014336,25,10,Pass,None,2025-06-07
SMP014337,17,3,Pass,None,2025-06-07
SMP014338,26,15,Pass,None,2025-06-07
SMP014339,9,9,Fail,Formalin,2025-06-07
SMP014340,13,15,Pass,None,2025-06-07
SMP014341,9,1,Pass,None,2025-06-07
SMP014342,5,11,Pass,None,2025-06-07
SMP014343,5,6,Pass,None,2025-06-07
SMP014344,25,8,Pass,None,2025-06-07
SMP014345,26,12,Pass,None,2025-06-07
SMP014346,2,4,Pass,None,2025-06-07
SMP014347,5,4,Pass,None,2025-06-07
SMP014348,12,12,Fail,Urea,2025-06-07
SMP014349,5,8,Pass,None,2025-06-07
SMP014350,9,4,Pass,None,2025-06-07
SMP014351,4,8,Pass,None,2025-06-07
SMP014352,13,7,Pass,None,2025-06-07
SMP014353,7,11,Pass,None,2025-06-07
SMP014354,9,1,Pass,None,2025-06-07
SMP014355,3,10,Pass,None,2025-06-07
SMP014356,12,10,Pass,None,2025-06-07
SMP014357,26,12,Pass,None,2025-06-08
SMP014358,9,15,Pass,None,2025-06-08
SMP014359,23,7,Pass,None,2025-06-08
SMP014360,23,5,Pass,None,2025-06-08
SMP014361,25,2,Pass,None,2025-06-08
SMP014362,22,5,Pass,None,2025-06-08
SMP014363,18,1,Fail,Synthetic Color,2025-06-08
SMP014364,23,13,Fail,Synthetic Color,2025-06-08
SMP014365,2,13,Pass,None,2025-06-08
SMP014366,13,6,Pass,None,2025-06-08
SMP014367,26,4,Pass,None,2025-06-08
SMP014368,21,2,Fail,Detergent,2025-06-08
SMP014369,25,14,Pass,None,2025-06-08
SMP014370,22,15,Pass,None,2025-06-08
SMP014371,23,4,Pass,None,2025-06-08
SMP014372,19,10,Pass,None,2025-06-08
SMP014373,21,4,Pass,None,2025-06-08
SMP014374,15,4,Pass,None,2025-06-08
SMP014375,24,1,Pass,None,2025-06-08
SMP014376,23,9,Pass,None,2025-06-08
SMP014377,23,3,Fail,Chalk Powder,2025-06-08
SMP014378,19,1,Pass,None,2025-06-08
SMP014379,8,2,Pass,None,2025-06-08
SMP014380,1,5,Pass,None,2025-06-08
SMP014381,25,11,Pass,None,2025-06-08
SMP014382,17,4,Fail,Chalk Powder,2025-06-08
SMP014383,8,15,Pass,None,2025-06-08
SMP014384,5,5,Pass,None,2025-06-09
SMP014385,23,5,Pass,None,2025-06-09
SMP014386,23,4,Fail,Urea,2025-06-09
SMP014387,22,4,Fail,Formalin,2025-06-09
SMP014388,18,1,Pass,None,2025-06-09
SMP014389,9,5,Pass,None,2025-06-09
SMP014390,8,14,Pass,None,2025-06-09
SMP014391,1,11,Pass,None,2025-06-09
SMP014392,23,15,Pass,None,2025-06-09
SMP014393,3,2,Pass,None,2025-06-09
SMP014394,17,7,Pass,None,2025-06-09
SMP014395,14,4,Pass,None,2025-06-09
SMP014396,15,12,Pass,None,2025-06-09
SMP014397,24,16,Pass,None,2025-06-09
SMP014398,1,14,Pass,None,2025-06-09
SMP014399,21,1,Pass,None,2025-06-09
SMP014400,2,5,Pass,None,2025-06-09
SMP014401,2,1,Pass,None,2025-06-09
SMP014402,12,1,Pass,None,2025-06-09
SMP014403,2,2,Pass,None,2025-06-09
SMP014404,22,4,Pass,None,2025-06-09
SMP014405,16,5,Pass,None,2025-06-09
SMP014406,1,6,Pass,None,2025-06-09
SMP014407,2,6,Fail,Detergent,2025-06-09
SMP014408,17,13,Pass,None,2025-06-09
SMP014409,22,2,Fail,Formalin,2025-06-09
SMP014410,12,3,Pass,None,2025-06-09
SMP014411,16,10,Pass,None,2025-06-09
SMP014412,22,9,Fail,Urea,2025-06-10
SMP014413,17,3,Pass,None,2025-06-10
SMP014414,6,14,Pass,None,2025-06-10
SMP014415,17,5,Pass,None,2025-06-10
SMP014416,17,6,Pass,None,2025-06-10
SMP014417,20,6,Fail,Starch,2025-06-10
SMP014418,17,5,Fail,Detergent,2025-06-10
SMP014419,25,9,Fail,Chalk Powder,2025-06-10
SMP014420,5,6,Pass,None,2025-06-10
SMP014421,25,4,Pass,None,2025-06-10
SMP014422,16,15,Pass,None,2025-06-10
SMP014423,19,5,Pass,None,2025-06-10
SMP014424,3,11,Pass,None,2025-06-10
SMP014425,10,5,Pass,None,2025-06-10
SMP014426,21,6,Pass,None,2025-06-10
SMP014427,19,4,Fail,Chalk Powder,2025-06-10
SMP014428,2,12,Fail,Detergent,2025-06-10
SMP014429,16,12,Fail,Synthetic Color,2025-06-10
SMP014430,3,1,Pass,None,2025-06-10
SMP014431,26,1,Pass,None,2025-06-10
SMP014432,24,15,Fail,Starch,2025-06-10
SMP014433,1,15,Fail,Chalk Powder,2025-06-10
SMP014434,23,8,Pass,None,2025-06-10
SMP014435,24,8,Pass,None,2025-06-10
SMP014436,9,13,Pass,None,2025-06-10
SMP014437,19,2,Pass,None,2025-06-10
SMP014438,12,11,Pass,None,2025-06-10
SMP014439,18,7,Fail,Chalk Powder,2025-06-11
SMP014440,9,12,Pass,None,2025-06-11
SMP014441,9,1,Pass,None,2025-06-11
SMP014442,12,10,Pass,None,2025-06-11
SMP014443,5,9,Pass,None,2025-06-11
SMP014444,23,14,Pass,None,2025-06-11
SMP014445,9,11,Pass,None,2025-06-11
SMP014446,10,15,Pass,None,2025-06-11
SMP014447,24,15,Fail,Chalk Powder,2025-06-11
SMP014448,14,6,Pass,None,2025-06-11
SMP014449,16,2,Pass,None,2025-06-11
SMP014450,25,11,Pass,None,2025-06-11
SMP014451,24,15,Fail,Chalk Powder,2025-06-11
SMP014452,5,1,Pass,None,2025-06-11
SMP014453,13,9,Pass,None,2025-06-11
SMP014454,25,2,Pass,None,2025-06-11
SMP014455,9,1,Pass,None,2025-06-11
SMP014456,9,11,Pass,None,2025-06-11
SMP014457,5,11,Fail,Detergent,2025-06-11
SMP014458,4,10,Pass,None,2025-06-11
SMP014459,21,14,Pass,None,2025-06-11
SMP014460,21,2,Pass,None,2025-06-11
SMP014461,25,2,Fail,Formalin,2025-06-11
SMP014462,21,15,Pass,None,2025-06-11
SMP014463,7,8,Fail,Urea,2025-06-11
SMP014464,2,4,Pass,None,2025-06-11
SMP014465,26,12,Pass,None,2025-06-11
SMP014466,9,15,Fail,Starch,2025-06-11
SMP014467,8,11,Pass,None,2025-06-12
SMP014468,24,13,Pass,None,2025-06-12
SMP014469,17,5,Fail,Synthetic Color,2025-06-12
SMP014470,6,5,Pass,None,2025-06-12
SMP014471,24,15,Fail,Synthetic Color,2025-06-12
SMP014472,26,10,Pass,None,2025-06-12
SMP014473,3,4,Pass,None,2025-06-12
SMP014474,23,8,Pass,None,2025-06-12
SMP014475,10,11,Fail,Formalin,2025-06-12
SMP014476,15,4,Pass,None,2025-06-12
SMP014477,24,11,Fail,Urea,2025-06-12
SMP014478,25,1,Pass,None,2025-06-12
SMP014479,7,5,Fail,Synthetic Color,2025-06-12
SMP014480,6,11,Pass,None,2025-06-12
SMP014481,3,3,Pass,None,2025-06-12
SMP014482,16,4,Fail,Synthetic Color,2025-06-12
SMP014483,1,15,Fail,Urea,2025-06-12
SMP014484,11,11,Fail,Starch,2025-06-12
SMP014485,2,8,Pass,None,2025-06-12
SMP014486,11,4,Pass,None,2025-06-12
SMP014487,2,5,Pass,None,2025-06-12
SMP014488,23,9,Fail,Detergent,2025-06-12
SMP014489,5,3,Fail,Detergent,2025-06-12
SMP014490,9,8,Pass,None,2025-06-12
SMP014491,23,6,Pass,None,2025-06-12
SMP014492,21,7,Pass,None,2025-06-12
SMP014493,6,2,Pass,None,2025-06-12
SMP014494,2,2,Pass,None,2025-06-13
SMP014495,19,16,Fail,Urea,2025-06-13
SMP014496,10,16,Fail,Urea,2025-06-13
SMP014497,21,6,Fail,Chalk Powder,2025-06-13
SMP014498,13,13,Pass,None,2025-06-13
SMP014499,9,11,Pass,None,2025-06-13
SMP014500,13,2,Pass,None,2025-06-13
SMP014501,21,5,Pass,None,2025-06-13
SMP014502,24,5,Pass,None,2025-06-13
SMP014503,2,10,Fail,Urea,2025-06-13
SMP014504,15,10,Pass,None,2025-06-13
SMP014505,1,15,Fail,Formalin,2025-06-13
SMP014506,13,13,Pass,None,2025-06-13
SMP014507,23,14,Fail,Formalin,2025-06-13
SMP014508,9,15,Fail,Urea,2025-06-13
SMP014509,24,13,Pass,None,2025-06-13
SMP014510,17,5,Pass,None,2025-06-13
SMP014511,24,4,Pass,None,2025-06-13
SMP014512,21,9,Pass,None,2025-06-13
SMP014513,3,11,Pass,None,2025-06-13
SMP014514,6,6,Pass,None,2025-06-13
SMP014515,10,14,Pass,None,2025-06-13
SMP014516,5,16,Pass,None,2025-06-13
SMP014517,14,9,Pass,None,2025-06-13
SMP014518,13,7,Fail,Formalin,2025-06-13
SMP014519,25,14,Pass,None,2025-06-13
SMP014520,12,1,Pass,None,2025-06-13
SMP014521,22,2,Fail,Detergent,2025-06-14
SMP014522,25,14,Pass,None,2025-06-14
SMP014523,23,12,Fail,Urea,2025-06-14
SMP014524,5,6,Pass,None,2025-06-14
SMP014525,14,15,Pass,None,2025-06-14
SMP014526,9,5,Pass,None,2025-06-14
SMP014527,10,11,Pass,None,2025-06-14
SMP014528,9,11,Fail,Detergent,2025-06-14
SMP014529,23,3,Pass,None,2025-06-14
SMP014530,13,5,Fail,Detergent,2025-06-14
SMP014531,15,15,Pass,None,2025-06-14
SMP014532,26,3,Pass,None,2025-06-14
SMP014533,2,3,Pass,None,2025-06-14
SMP014534,14,8,Pass,None,2025-06-14
SMP014535,21,2,Fail,Formalin,2025-06-14
SMP014536,5,15,Fail,Synthetic Color,2025-06-14
SMP014537,17,2,Pass,None,2025-06-14
SMP014538,7,10,Fail,Synthetic Color,2025-06-14
SMP014539,23,5,Fail,Starch,2025-06-14
SMP014540,9,13,Pass,None,2025-06-14
SMP014541,9,10,Pass,None,2025-06-14
SMP014542,17,6,Fail,Starch,2025-06-14
SMP014543,5,16,Pass,None,2025-06-14
SMP014544,8,1,Pass,None,2025-06-14
SMP014545,12,9,Fail,Synthetic Color,2025-06-14
SMP014546,9,16,Fail,Urea,2025-06-14
SMP014547,15,11,Pass,None,2025-06-14
SMP014548,17,12,Pass,None,2025-06-14
SMP014549,16,1,Pass,None,2025-06-15
SMP014550,18,1,Pass,None,2025-06-15
SMP014551,8,1,Fail,Synthetic Color,2025-06-15
SMP014552,4,16,Fail,Chalk Powder,2025-06-15
SMP014553,21,16,Pass,None,2025-06-15
SMP014554,23,5,Pass,None,2025-06-15
SMP014555,7,5,Pass,None,2025-06-15
SMP014556,11,3,Fail,Formalin,2025-06-15
SMP014557,14,5,Fail,Synthetic Color,2025-06-15
SMP014558,16,6,Pass,None,2025-06-15
SMP014559,18,12,Pass,None,2025-06-15
SMP014560,2,15,Pass,None,2025-06-15
SMP014561,19,12,Fail,Urea,2025-06-15
SMP014562,2,11,Pass,None,2025-06-15
SMP014563,13,13,Pass,None,2025-06-15
SMP014564,23,12,Pass,None,2025-06-15
SMP014565,13,7,Pass,None,2025-06-15
SMP014566,5,5,Pass,None,2025-06-15
SMP014567,26,5,Fail,Urea,2025-06-15
SMP014568,24,11,Fail,Starch,2025-06-15
SMP014569,21,16,Fail,Starch,2025-06-15
SMP014570,11,10,Pass,None,2025-06-15
SMP014571,5,15,Fail,Urea,2025-06-15
SMP014572,25,1,Pass,None,2025-06-15
SMP014573,16,13,Pass,None,2025-06-15
SMP014574,23,14,Pass,None,2025-06-15
SMP014575,9,11,Fail,Detergent,2025-06-15
SMP014576,9,16,Pass,None,2025-06-16
SMP014577,26,10,Pass,None,2025-06-16
SMP014578,15,4,Pass,None,2025-06-16
SMP014579,4,4,Pass,None,2025-06-16
SMP014580,6,9,Pass,None,2025-06-16
SMP014581,14,15,Fail,Chalk Powder,2025-06-16
SMP014582,2,1,Pass,None,2025-06-16
SMP014583,13,10,Pass,None,2025-06-16
SMP014584,12,13,Fail,Starch,2025-06-16
SMP014585,22,2,Pass,None,2025-06-16
SMP014586,9,2,Pass,None,2025-06-16
SMP014587,26,6,Pass,None,2025-06-16
SMP014588,5,4,Pass,None,2025-06-16
SMP014589,17,3,Pass,None,2025-06-16
SMP014590,3,3,Fail,Chalk Powder,2025-06-16
SMP014591,20,2,Pass,None,2025-06-16
SMP014592,26,10,Pass,None,2025-06-16
SMP014593,22,11,Pass,None,2025-06-16
SMP014594,16,12,Fail,Formalin,2025-06-16
SMP014595,14,9,Pass,None,2025-06-16
SMP014596,23,16,Pass,None,2025-06-16
SMP014597,25,15,Pass,None,2025-06-16
SMP014598,26,16,Pass,None,2025-06-16
SMP014599,10,6,Fail,Detergent,2025-06-16
SMP014600,26,15,Pass,None,2025-06-16
SMP014601,5,13,Fail,Formalin,2025-06-16
SMP014602,7,5,Pass,None,2025-06-16
SMP014603,3,2,Pass,None,2025-06-16
SMP014604,7,11,Pass,None,2025-06-17
SMP014605,21,2,Fail,Formalin,2025-06-17
SMP014606,23,5,Pass,None,2025-06-17
SMP014607,22,8,Pass,None,2025-06-17
SMP014608,17,11,Pass,None,2025-06-17
SMP014609,15,15,Pass,None,2025-06-17
SMP014610,19,10,Fail,Chalk Powder,2025-06-17
SMP014611,10,11,Pass,None,2025-06-17
SMP014612,23,5,Pass,None,2025-06-17
SMP014613,19,11,Pass,None,2025-06-17
SMP014614,19,7,Pass,None,2025-06-17
SMP014615,16,14,Pass,None,2025-06-17
SMP014616,23,6,Pass,None,2025-06-17
SMP014617,7,7,Fail,Urea,2025-06-17
SMP014618,10,6,Fail,Detergent,2025-06-17
SMP014619,21,13,Pass,None,2025-06-17
SMP014620,14,16,Pass,None,2025-06-17
SMP014621,24,5,Fail,Starch,2025-06-17
SMP014622,9,7,Pass,None,2025-06-17
SMP014623,9,12,Fail,Urea,2025-06-17
SMP014624,24,15,Pass,None,2025-06-17
SMP014625,13,8,Pass,None,2025-06-17
SMP014626,15,2,Pass,None,2025-06-17
SMP014627,9,6,Pass,None,2025-06-17
SMP014628,7,9,Pass,None,2025-06-17
SMP014629,18,6,Pass,None,2025-06-17
SMP014630,4,3,Fail,Synthetic Color,2025-06-17
SMP014631,23,1,Pass,None,2025-06-18
SMP014632,22,11,Pass,None,2025-06-18
SMP014633,5,16,Pass,None,2025-06-18
SMP014634,19,15,Pass,None,2025-06-18
SMP014635,17,11,Pass,None,2025-06-18
SMP014636,5,14,Pass,None,2025-06-18
SMP014637,7,4,Fail,Starch,2025-06-18
SMP014638,11,10,Pass,None,2025-06-18
SMP014639,19,1,Pass,None,2025-06-18
SMP014640,18,12,Pass,None,2025-06-18
SMP014641,16,16,Pass,None,2025-06-18
SMP014642,21,14,Pass,None,2025-06-18
SMP014643,21,9,Fail,Synthetic Color,2025-06-18
SMP014644,17,13,Pass,None,2025-06-18
SMP014645,22,16,Pass,None,2025-06-18
SMP014646,9,4,Pass,None,2025-06-18
SMP014647,23,13,Pass,None,2025-06-18
SMP014648,17,4,Pass,None,2025-06-18
SMP014649,22,15,Pass,None,2025-06-18
SMP014650,16,2,Fail,Urea,2025-06-18
SMP014651,6,3,Pass,None,2025-06-18
SMP014652,16,12,Pass,None,2025-06-18
SMP014653,9,3,Pass,None,2025-06-18
SMP014654,19,3,Fail,Formalin,2025-06-18
SMP014655,14,9,Pass,None,2025-06-18
SMP014656,23,14,Pass,None,2025-06-18
SMP014657,19,4,Fail,Formalin,2025-06-18
SMP014658,19,14,Pass,None,2025-06-19
SMP014659,6,13,Pass,None,2025-06-19
SMP014660,26,9,Fail,Detergent,2025-06-19
SMP014661,23,11,Pass,None,2025-06-19
SMP014662,22,1,Pass,None,2025-06-19
SMP014663,9,6,Pass,None,2025-06-19
SMP014664,16,4,Fail,Starch,2025-06-19
SMP014665,4,3,Fail,Synthetic Color,2025-06-19
SMP014666,16,6,Fail,Synthetic Color,2025-06-19
SMP014667,5,5,Fail,Detergent,2025-06-19
SMP014668,16,12,Pass,None,2025-06-19
SMP014669,18,10,Pass,None,2025-06-19
SMP014670,10,15,Fail,Chalk Powder,2025-06-19
SMP014671,14,3,Fail,Chalk Powder,2025-06-19
SMP014672,23,1,Pass,None,2025-06-19
SMP014673,3,9,Pass,None,2025-06-19
SMP014674,22,1,Pass,None,2025-06-19
SMP014675,5,13,Pass,None,2025-06-19
SMP014676,2,8,Fail,Starch,2025-06-19
SMP014677,5,8,Pass,None,2025-06-19
SMP014678,21,6,Fail,Formalin,2025-06-19
SMP014679,11,6,Pass,None,2025-06-19
SMP014680,23,6,Fail,Chalk Powder,2025-06-19
SMP014681,15,1,Pass,None,2025-06-19
SMP014682,1,2,Pass,None,2025-06-19
SMP014683,19,8,Pass,None,2025-06-19
SMP014684,3,3,Pass,None,2025-06-19
SMP014685,22,13,Pass,None,2025-06-19
SMP014686,5,4,Fail,Urea,2025-06-20
SMP014687,9,2,Pass,None,2025-06-20
SMP014688,21,4,Pass,None,2025-06-20
SMP014689,25,5,Fail,Detergent,2025-06-20
SMP014690,9,1,Pass,None,2025-06-20
SMP014691,23,2,Fail,Urea,2025-06-20
SMP014692,5,5,Pass,None,2025-06-20
SMP014693,22,5,Pass,None,2025-06-20
SMP014694,18,13,Pass,None,2025-06-20
SMP014695,5,14,Pass,None,2025-06-20
SMP014696,8,3,Fail,Urea,2025-06-20
SMP014697,4,2,Fail,Detergent,2025-06-20
SMP014698,10,11,Pass,None,2025-06-20
SMP014699,5,13,Fail,Synthetic Color,2025-06-20
SMP014700,18,16,Pass,None,2025-06-20
SMP014701,26,1,Pass,None,2025-06-20
SMP014702,1,6,Fail,Starch,2025-06-20
SMP014703,16,12,Fail,Synthetic Color,2025-06-20
SMP014704,17,14,Fail,Formalin,2025-06-20
SMP014705,24,1,Fail,Starch,2025-06-20
SMP014706,15,11,Fail,Detergent,2025-06-20
SMP014707,16,5,Fail,Detergent,2025-06-20
SMP014708,13,1,Pass,None,2025-06-20
SMP014709,7,8,Pass,None,2025-06-20
SMP014710,2,3,Fail,Detergent,2025-06-20
SMP014711,11,12,Pass,None,2025-06-20
SMP014712,2,12,Fail,Urea,2025-06-20
SMP014713,16,14,Pass,None,2025-06-21
SMP014714,8,6,Pass,None,2025-06-21
SMP014715,16,1,Pass,None,2025-06-21
SMP014716,4,4,Fail,Detergent,2025-06-21
SMP014717,24,7,Pass,None,2025-06-21
SMP014718,24,11,Pass,None,2025-06-21
SMP014719,5,6,Pass,None,2025-06-21
SMP014720,9,9,Pass,None,2025-06-21
SMP014721,17,8,Pass,None,2025-06-21
SMP014722,3,3,Pass,None,2025-06-21
SMP014723,9,10,Pass,None,2025-06-21
SMP014724,7,7,Fail,Formalin,2025-06-21
SMP014725,24,13,Pass,None,2025-06-21
SMP014726,23,11,Pass,None,2025-06-21
SMP014727,17,2,Pass,None,2025-06-21
SMP014728,15,8,Fail,Formalin,2025-06-21
SMP014729,24,12,Pass,None,2025-06-21
SMP014730,24,2,Pass,None,2025-06-21
SMP014731,25,13,Pass,None,2025-06-21
SMP014732,4,4,Pass,None,2025-06-21
SMP014733,5,8,Pass,None,2025-06-21
SMP014734,19,16,Pass,None,2025-06-21
SMP014735,16,9,Fail,Detergent,2025-06-21
SMP014736,1,6,Pass,None,2025-06-21
SMP014737,2,1,Fail,Starch,2025-06-21
SMP014738,24,2,Pass,None,2025-06-21
SMP014739,23,9,Pass,None,2025-06-21
SMP014740,9,8,Pass,None,2025-06-22
SMP014741,24,6,Pass,None,2025-06-22
SMP014742,17,15,Fail,Formalin,2025-06-22
SMP014743,22,5,Pass,None,2025-06-22
SMP014744,12,9,Pass,None,2025-06-22
SMP014745,4,9,Pass,None,2025-06-22
SMP014746,12,9,Pass,None,2025-06-22
SMP014747,13,7,Pass,None,2025-06-22
SMP014748,16,5,Fail,Starch,2025-06-22
SMP014749,3,15,Fail,Starch,2025-06-22
SMP014750,26,7,Fail,Starch,2025-06-22
SMP014751,7,9,Pass,None,2025-06-22
SMP014752,5,11,Pass,None,2025-06-22
SMP014753,15,1,Pass,None,2025-06-22
SMP014754,16,13,Pass,None,2025-06-22
SMP014755,12,8,Pass,None,2025-06-22
SMP014756,21,11,Fail,Detergent,2025-06-22
SMP014757,15,13,Pass,None,2025-06-22
SMP014758,17,15,Fail,Chalk Powder,2025-06-22
SMP014759,19,6,Fail,Urea,2025-06-22
SMP014760,1,13,Pass,None,2025-06-22
SMP014761,16,4,Pass,None,2025-06-22
SMP014762,23,11,Pass,None,2025-06-22
SMP014763,1,2,Pass,None,2025-06-22
SMP014764,11,1,Pass,None,2025-06-22
SMP014765,24,2,Fail,Detergent,2025-06-22
SMP014766,9,5,Pass,None,2025-06-22
SMP014767,13,1,Pass,None,2025-06-22
SMP014768,26,11,Pass,None,2025-06-23
SMP014769,5,5,Fail,Formalin,2025-06-23
SMP014770,2,12,Fail,Formalin,2025-06-23
SMP014771,23,1,Pass,None,2025-06-23
SMP014772,23,4,Pass,None,2025-06-23
SMP014773,13,6,Pass,None,2025-06-23
SMP014774,15,6,Pass,None,2025-06-23
SMP014775,23,2,Pass,None,2025-06-23
SMP014776,20,16,Pass,None,2025-06-23
SMP014777,7,5,Pass,None,2025-06-23
SMP014778,1,12,Pass,None,2025-06-23
SMP014779,14,4,Pass,None,2025-06-23
SMP014780,23,15,Fail,Formalin,2025-06-23
SMP014781,24,6,Fail,Formalin,2025-06-23
SMP014782,25,15,Pass,None,2025-06-23
SMP014783,23,5,Fail,Chalk Powder,2025-06-23
SMP014784,17,1,Fail,Urea,2025-06-23
SMP014785,13,8,Pass,None,2025-06-23
SMP014786,21,8,Pass,None,2025-06-23
SMP014787,21,2,Fail,Chalk Powder,2025-06-23
SMP014788,16,4,Pass,None,2025-06-23
SMP014789,3,13,Pass,None,2025-06-23
SMP014790,24,1,Pass,None,2025-06-23
SMP014791,13,8,Pass,None,2025-06-23
SMP014792,9,9,Pass,None,2025-06-23
SMP014793,17,11,Pass,None,2025-06-23
SMP014794,19,1,Fail,Starch,2025-06-23
SMP014795,6,10,Fail,Detergent,2025-06-24
SMP014796,23,1,Fail,Formalin,2025-06-24
SMP014797,8,4,Pass,None,2025-06-24
SMP014798,5,8,Pass,None,2025-06-24
SMP014799,11,15,Pass,None,2025-06-24
SMP014800,20,2,Fail,Starch,2025-06-24
SMP014801,25,3,Fail,Detergent,2025-06-24
SMP014802,22,11,Fail,Urea,2025-06-24
SMP014803,25,6,Pass,None,2025-06-24
SMP014804,4,10,Pass,None,2025-06-24
SMP014805,2,16,Pass,None,2025-06-24
SMP014806,16,16,Pass,None,2025-06-24
SMP014807,8,5,Pass,None,2025-06-24
SMP014808,23,8,Pass,None,2025-06-24
SMP014809,19,15,Fail,Synthetic Color,2025-06-24
SMP014810,25,2,Pass,None,2025-06-24
SMP014811,7,7,Pass,None,2025-06-24
SMP014812,14,6,Pass,None,2025-06-24
SMP014813,14,5,Pass,None,2025-06-24
SMP014814,6,16,Pass,None,2025-06-24
SMP014815,17,12,Pass,None,2025-06-24
SMP014816,13,6,Pass,None,2025-06-24
SMP014817,13,14,Fail,Urea,2025-06-24
SMP014818,9,8,Pass,None,2025-06-24
SMP014819,1,15,Fail,Synthetic Color,2025-06-24
SMP014820,15,4,Pass,None,2025-06-24
SMP014821,9,4,Fail,Formalin,2025-06-24
SMP014822,1,4,Fail,Starch,2025-06-24
SMP014823,8,9,Pass,None,2025-06-25
SMP014824,7,5,Pass,None,2025-06-25
SMP014825,10,3,Pass,None,2025-06-25
SMP014826,4,16,Fail,Chalk Powder,2025-06-25
SMP014827,15,15,Pass,None,2025-06-25
SMP014828,19,11,Fail,Starch,2025-06-25
SMP014829,17,15,Pass,None,2025-06-25
SMP014830,22,16,Fail,Detergent,2025-06-25
SMP014831,13,11,Pass,None,2025-06-25
SMP014832,15,8,Fail,Synthetic Color,2025-06-25
SMP014833,22,15,Fail,Synthetic Color,2025-06-25
SMP014834,12,9,Pass,None,2025-06-25
SMP014835,19,2,Pass,None,2025-06-25
SMP014836,12,6,Fail,Detergent,2025-06-25
SMP014837,12,7,Pass,None,2025-06-25
SMP014838,21,16,Pass,None,2025-06-25
SMP014839,5,11,Pass,None,2025-06-25
SMP014840,9,15,Pass,None,2025-06-25
SMP014841,6,12,Pass,None,2025-06-25
SMP014842,9,5,Fail,Starch,2025-06-25
SMP014843,6,12,Fail,Chalk Powder,2025-06-25
SMP014844,17,3,Pass,None,2025-06-25
SMP014845,22,6,Pass,None,2025-06-25
SMP014846,22,13,Pass,None,2025-06-25
SMP014847,9,10,Pass,None,2025-06-25
SMP014848,26,14,Fail,Starch,2025-06-25
SMP014849,17,4,Pass,None,2025-06-25
SMP014850,10,12,Pass,None,2025-06-26
SMP014851,23,4,Pass,None,2025-06-26
SMP014852,20,9,Pass,None,2025-06-26
SMP014853,21,6,Pass,None,2025-06-26
SMP014854,5,9,Pass,None,2025-06-26
SMP014855,13,2,Pass,None,2025-06-26
SMP014856,23,6,Fail,Detergent,2025-06-26
SMP014857,14,11,Pass,None,2025-06-26
SMP014858,19,9,Pass,None,2025-06-26
SMP014859,17,9,Fail,Chalk Powder,2025-06-26
SMP014860,23,8,Pass,None,2025-06-26
SMP014861,8,16,Pass,None,2025-06-26
SMP014862,17,16,Pass,None,2025-06-26
SMP014863,4,6,Pass,None,2025-06-26
SMP014864,19,5,Pass,None,2025-06-26
SMP014865,20,9,Pass,None,2025-06-26
SMP014866,2,2,Fail,Chalk Powder,2025-06-26
SMP014867,19,5,Fail,Synthetic Color,2025-06-26
SMP014868,12,4,Fail,Chalk Powder,2025-06-26
SMP014869,4,4,Fail,Formalin,2025-06-26
SMP014870,12,11,Pass,None,2025-06-26
SMP014871,5,6,Pass,None,2025-06-26
SMP014872,12,3,Fail,Detergent,2025-06-26
SMP014873,10,15,Pass,None,2025-06-26
SMP014874,20,15,Pass,None,2025-06-26
SMP014875,21,14,Fail,Starch,2025-06-26
SMP014876,17,6,Fail,Formalin,2025-06-26
SMP014877,1,1,Pass,None,2025-06-27
SMP014878,24,2,Pass,None,2025-06-27
SMP014879,19,4,Fail,Formalin,2025-06-27
SMP014880,1,4,Fail,Synthetic Color,2025-06-27
SMP014881,22,15,Pass,None,2025-06-27
SMP014882,5,16,Fail,Chalk Powder,2025-06-27
SMP014883,17,14,Pass,None,2025-06-27
SMP014884,13,12,Fail,Detergent,2025-06-27
SMP014885,12,10,Pass,None,2025-06-27
SMP014886,24,13,Pass,None,2025-06-27
SMP014887,12,16,Pass,None,2025-06-27
SMP014888,2,10,Pass,None,2025-06-27
SMP014889,25,3,Fail,Formalin,2025-06-27
SMP014890,24,3,Pass,None,2025-06-27
SMP014891,19,10,Pass,None,2025-06-27
SMP014892,13,5,Pass,None,2025-06-27
SMP014893,3,15,Pass,None,2025-06-27
SMP014894,22,10,Pass,None,2025-06-27
SMP014895,2,11,Fail,Urea,2025-06-27
SMP014896,2,1,Pass,None,2025-06-27
SMP014897,16,8,Pass,None,2025-06-27
SMP014898,5,6,Fail,Formalin,2025-06-27
SMP014899,1,12,Pass,None,2025-06-27
SMP014900,12,6,Fail,Formalin,2025-06-27
SMP014901,4,16,Pass,None,2025-06-27
SMP014902,5,11,Pass,None,2025-06-27
SMP014903,2,11,Pass,None,2025-06-27
SMP014904,5,15,Pass,None,2025-06-27
SMP014905,19,16,Pass,None,2025-06-28
SMP014906,22,3,Pass,None,2025-06-28
SMP014907,13,13,Pass,None,2025-06-28
SMP014908,15,3,Pass,None,2025-06-28
SMP014909,1,7,Pass,None,2025-06-28
SMP014910,2,2,Fail,Formalin,2025-06-28
SMP014911,7,10,Fail,Detergent,2025-06-28
SMP014912,16,7,Pass,None,2025-06-28
SMP014913,21,10,Pass,None,2025-06-28
SMP014914,17,11,Fail,Synthetic Color,2025-06-28
SMP014915,10,10,Pass,None,2025-06-28
SMP014916,4,5,Pass,None,2025-06-28
SMP014917,22,14,Pass,None,2025-06-28
SMP014918,9,9,Fail,Synthetic Color,2025-06-28
SMP014919,20,8,Pass,None,2025-06-28
SMP014920,15,16,Pass,None,2025-06-28
SMP014921,21,5,Pass,None,2025-06-28
SMP014922,24,9,Pass,None,2025-06-28
SMP014923,24,11,Pass,None,2025-06-28
SMP014924,16,2,Pass,None,2025-06-28
SMP014925,15,5,Pass,None,2025-06-28
SMP014926,7,13,Pass,None,2025-06-28
SMP014927,25,4,Fail,Urea,2025-06-28
SMP014928,13,8,Fail,Chalk Powder,2025-06-28
SMP014929,4,11,Pass,None,2025-06-28
SMP014930,12,11,Pass,None,2025-06-28
SMP014931,4,12,Fail,Urea,2025-06-28
SMP014932,14,15,Fail,Formalin,2025-06-29
SMP014933,16,6,Pass,None,2025-06-29
SMP014934,9,12,Pass,None,2025-06-29
SMP014935,2,12,Pass,None,2025-06-29
SMP014936,25,5,Pass,None,2025-06-29
SMP014937,21,16,Pass,None,2025-06-29
SMP014938,23,15,Pass,None,2025-06-29
SMP014939,9,5,Fail,Formalin,2025-06-29
SMP014940,21,11,Pass,None,2025-06-29
SMP014941,14,12,Fail,Formalin,2025-06-29
SMP014942,5,6,Fail,Urea,2025-06-29
SMP014943,4,15,Fail,Synthetic Color,2025-06-29
SMP014944,9,11,Pass,None,2025-06-29
SMP014945,4,11,Pass,None,2025-06-29
SMP014946,26,4,Fail,Urea,2025-06-29
SMP014947,2,6,Pass,None,2025-06-29
SMP014948,12,6,Pass,None,2025-06-29
SMP014949,13,12,Pass,None,2025-06-29
SMP014950,8,10,Pass,None,2025-06-29
SMP014951,16,2,Fail,Chalk Powder,2025-06-29
SMP014952,5,5,Fail,Synthetic Color,2025-06-29
SMP014953,22,7,Pass,None,2025-06-29
SMP014954,9,12,Pass,None,2025-06-29
SMP014955,17,12,Fail,Urea,2025-06-29
SMP014956,19,8,Fail,Synthetic Color,2025-06-29
SMP014957,24,2,Pass,None,2025-06-29
SMP014958,23,5,Fail,Urea,2025-06-29
SMP014959,17,4,Pass,None,2025-06-29
SMP014960,10,13,Pass,None,2025-06-30
SMP014961,14,3,Pass,None,2025-06-30
SMP014962,21,7,Pass,None,2025-06-30
SMP014963,23,11,Pass,None,2025-06-30
SMP014964,3,16,Pass,None,2025-06-30
SMP014965,10,16,Pass,None,2025-06-30
SMP014966,21,16,Pass,None,2025-06-30
SMP014967,12,12,Pass,None,2025-06-30
SMP014968,9,12,Pass,None,2025-06-30
SMP014969,11,13,Fail,Synthetic Color,2025-06-30
SMP014970,17,14,Fail,Detergent,2025-06-30
SMP014971,26,16,Pass,None,2025-06-30
SMP014972,14,7,Pass,None,2025-06-30
SMP014973,5,6,Pass,None,2025-06-30
SMP014974,5,7,Pass,None,2025-06-30
SMP014975,2,11,Pass,None,2025-06-30
SMP014976,16,13,Pass,None,2025-06-30
SMP014977,16,15,Pass,None,2025-06-30
SMP014978,5,7,Pass,None,2025-06-30
SMP014979,19,6,Pass,None,2025-06-30
SMP014980,21,16,Pass,None,2025-06-30
SMP014981,7,4,Pass,None,2025-06-30
SMP014982,9,4,Pass,None,2025-06-30
SMP014983,26,12,Pass,None,2025-06-30
SMP014984,9,3,Pass,None,2025-06-30
SMP014985,21,6,Pass,None,2025-06-30
SMP014986,13,5,Pass,None,2025-06-30
SMP014987,22,3,Pass,None,2025-07-01
SMP014988,21,10,Pass,None,2025-07-01
SMP014989,19,6,Fail,Detergent,2025-07-01
SMP014990,23,7,Fail,Starch,2025-07-01
SMP014991,25,3,Pass,None,2025-07-01
SMP014992,17,13,Pass,None,2025-07-01
SMP014993,6,5,Fail,Chalk Powder,2025-07-01
SMP014994,10,5,Pass,None,2025-07-01
SMP014995,21,4,Fail,Synthetic Color,2025-07-01
SMP014996,18,6,Pass,None,2025-07-01
SMP014997,5,7,Pass,None,2025-07-01
SMP014998,2,9,Pass,None,2025-07-01
SMP014999,19,16,Fail,Synthetic Color,2025-07-01
SMP015000,7,15,Pass,None,2025-07-01
SMP015001,14,10,Pass,None,2025-07-01
SMP015002,21,1,Pass,None,2025-07-01
SMP015003,16,10,Pass,None,2025-07-01
SMP015004,3,2,Pass,None,2025-07-01
SMP015005,5,12,Fail,Chalk Powder,2025-07-01
SMP015006,6,6,Fail,Chalk Powder,2025-07-01
SMP015007,7,14,Pass,None,2025-07-01
SMP015008,16,16,Fail,Synthetic Color,2025-07-01
SMP015009,14,6,Fail,Starch,2025-07-01
SMP015010,5,7,Pass,None,2025-07-01
SMP015011,2,10,Pass,None,2025-07-01
SMP015012,5,3,Pass,None,2025-07-01
SMP015013,26,15,Fail,Urea,2025-07-01
SMP015014,13,6,Pass,None,2025-07-02
SMP015015,23,3,Pass,None,2025-07-02
SMP015016,23,13,Pass,None,2025-07-02
SMP015017,15,4,Fail,Chalk Powder,2025-07-02
SMP015018,19,3,Pass,None,2025-07-02
SMP015019,5,9,Pass,None,2025-07-02
SMP015020,19,11,Pass,None,2025-07-02
SMP015021,7,9,Fail,Detergent,2025-07-02
SMP015022,23,11,Pass,None,2025-07-02
SMP015023,3,2,Pass,None,2025-07-02
SMP015024,21,7,Fail,Starch,2025-07-02
SMP015025,3,5,Pass,None,2025-07-02
SMP015026,23,16,Pass,None,2025-07-02
SMP015027,8,1,Pass,None,2025-07-02
SMP015028,18,5,Fail,Detergent,2025-07-02
SMP015029,14,16,Fail,Formalin,2025-07-02
SMP015030,9,16,Pass,None,2025-07-02
SMP015031,18,14,Fail,Starch,2025-07-02
SMP015032,25,2,Pass,None,2025-07-02
SMP015033,2,9,Pass,None,2025-07-02
SMP015034,24,6,Fail,Starch,2025-07-02
SMP015035,17,13,Pass,None,2025-07-02
SMP015036,22,1,Pass,None,2025-07-02
SMP015037,10,3,Pass,None,2025-07-02
SMP015038,13,8,Pass,None,2025-07-02
SMP015039,23,3,Pass,None,2025-07-02
SMP015040,12,11,Pass,None,2025-07-02
SMP015041,16,14,Pass,None,2025-07-02
SMP015042,1,12,Pass,None,2025-07-03
SMP015043,5,7,Pass,None,2025-07-03
SMP015044,18,15,Pass,None,2025-07-03
SMP015045,19,2,Pass,None,2025-07-03
SMP015046,17,4,Pass,None,2025-07-03
SMP015047,5,8,Fail,Detergent,2025-07-03
SMP015048,13,1,Pass,None,2025-07-03
SMP015049,9,2,Pass,None,2025-07-03
SMP015050,14,6,Pass,None,2025-07-03
SMP015051,23,16,Pass,None,2025-07-03
SMP015052,21,15,Pass,None,2025-07-03
SMP015053,3,7,Fail,Synthetic Color,2025-07-03
SMP015054,24,2,Pass,None,2025-07-03
SMP015055,13,3,Pass,None,2025-07-03
SMP015056,21,6,Pass,None,2025-07-03
SMP015057,4,4,Fail,Formalin,2025-07-03
SMP015058,19,2,Pass,None,2025-07-03
SMP015059,6,11,Pass,None,2025-07-03
SMP015060,12,10,Pass,None,2025-07-03
SMP015061,1,5,Pass,None,2025-07-03
SMP015062,5,13,Pass,None,2025-07-03
SMP015063,3,13,Pass,None,2025-07-03
SMP015064,7,8,Pass,None,2025-07-03
SMP015065,3,2,Pass,None,2025-07-03
SMP015066,19,15,Pass,None,2025-07-03
SMP015067,1,11,Pass,None,2025-07-03
SMP015068,17,4,Pass,None,2025-07-03
SMP015069,4,10,Fail,Detergent,2025-07-04
SMP015070,25,6,Pass,None,2025-07-04
SMP015071,24,11,Pass,None,2025-07-04
SMP015072,6,7,Pass,None,2025-07-04
SMP015073,17,8,Pass,None,2025-07-04
SMP015074,1,12,Pass,None,2025-07-04
SMP015075,24,10,Pass,None,2025-07-04
SMP015076,15,2,Pass,None,2025-07-04
SMP015077,2,1,Pass,None,2025-07-04
SMP015078,9,5,Pass,None,2025-07-04
SMP015079,2,6,Fail,Starch,2025-07-04
SMP015080,10,4,Pass,None,2025-07-04
SMP015081,19,11,Pass,None,2025-07-04
SMP015082,13,3,Fail,Synthetic Color,2025-07-04
SMP015083,10,12,Pass,None,2025-07-04
SMP015084,4,13,Pass,None,2025-07-04
SMP015085,7,2,Fail,Formalin,2025-07-04
SMP015086,3,11,Pass,None,2025-07-04
SMP015087,22,16,Pass,None,2025-07-04
SMP015088,4,3,Pass,None,2025-07-04
SMP015089,17,15,Fail,Synthetic Color,2025-07-04
SMP015090,9,10,Pass,None,2025-07-04
SMP015091,6,10,Fail,Detergent,2025-07-04
SMP015092,18,1,Fail,Synthetic Color,2025-07-04
SMP015093,13,12,Pass,None,2025-07-04
SMP015094,10,7,Pass,None,2025-07-04
SMP015095,17,12,Fail,Starch,2025-07-04
SMP015096,14,13,Fail,Starch,2025-07-04
SMP015097,8,8,Fail,Urea,2025-07-05
SMP015098,16,4,Pass,None,2025-07-05
SMP015099,19,2,Fail,Formalin,2025-07-05
SMP015100,1,3,Pass,None,2025-07-05
SMP015101,13,15,Pass,None,2025-07-05
SMP015102,2,2,Fail,Detergent,2025-07-05
SMP015103,5,6,Pass,None,2025-07-05
SMP015104,16,5,Pass,None,2025-07-05
SMP015105,23,15,Fail,Synthetic Color,2025-07-05
SMP015106,23,7,Pass,None,2025-07-05
SMP015107,2,16,Pass,None,2025-07-05
SMP015108,12,12,Pass,None,2025-07-05
SMP015109,17,14,Pass,None,2025-07-05
SMP015110,5,2,Pass,None,2025-07-05
SMP015111,21,4,Fail,Chalk Powder,2025-07-05
SMP015112,21,2,Pass,None,2025-07-05
SMP015113,24,7,Pass,None,2025-07-05
SMP015114,1,12,Fail,Starch,2025-07-05
SMP015115,6,3,Pass,None,2025-07-05
SMP015116,23,2,Pass,None,2025-07-05
SMP015117,19,10,Fail,Urea,2025-07-05
SMP015118,24,4,Pass,None,2025-07-05
SMP015119,2,8,Fail,Detergent,2025-07-05
SMP015120,17,1,Pass,None,2025-07-05
SMP015121,16,11,Pass,None,2025-07-05
SMP015122,1,9,Pass,None,2025-07-05
SMP015123,15,11,Pass,None,2025-07-05
SMP015124,17,4,Pass,None,2025-07-06
SMP015125,5,4,Pass,None,2025-07-06
SMP015126,7,13,Pass,None,2025-07-06
SMP015127,18,12,Pass,None,2025-07-06
SMP015128,13,10,Pass,None,2025-07-06
SMP015129,23,10,Pass,None,2025-07-06
SMP015130,9,2,Pass,None,2025-07-06
SMP015131,7,14,Fail,Starch,2025-07-06
SMP015132,26,13,Fail,Detergent,2025-07-06
SMP015133,24,10,Pass,None,2025-07-06
SMP015134,1,15,Pass,None,2025-07-06
SMP015135,21,3,Pass,None,2025-07-06
SMP015136,3,11,Pass,None,2025-07-06
SMP015137,1,16,Pass,None,2025-07-06
SMP015138,7,5,Pass,None,2025-07-06
SMP015139,7,1,Pass,None,2025-07-06
SMP015140,22,12,Pass,None,2025-07-06
SMP015141,19,1,Pass,None,2025-07-06
SMP015142,26,15,Pass,None,2025-07-06
SMP015143,19,1,Pass,None,2025-07-06
SMP015144,12,11,Pass,None,2025-07-06
SMP015145,19,6,Pass,None,2025-07-06
SMP015146,26,4,Pass,None,2025-07-06
SMP015147,19,15,Fail,Starch,2025-07-06
SMP015148,21,12,Pass,None,2025-07-06
SMP015149,25,5,Pass,None,2025-07-06
SMP015150,4,5,Fail,Detergent,2025-07-06
SMP015151,19,12,Pass,None,2025-07-07
SMP015152,23,14,Pass,None,2025-07-07
SMP015153,25,12,Pass,None,2025-07-07
SMP015154,6,11,Fail,Starch,2025-07-07
SMP015155,14,4,Pass,None,2025-07-07
SMP015156,19,14,Pass,None,2025-07-07
SMP015157,7,12,Pass,None,2025-07-07
SMP015158,17,8,Pass,None,2025-07-07
SMP015159,7,8,Pass,None,2025-07-07
SMP015160,9,9,Fail,Chalk Powder,2025-07-07
SMP015161,12,14,Pass,None,2025-07-07
SMP015162,16,12,Fail,Chalk Powder,2025-07-07
SMP015163,13,14,Pass,None,2025-07-07
SMP015164,14,8,Pass,None,2025-07-07
SMP015165,8,10,Pass,None,2025-07-07
SMP015166,5,14,Fail,Chalk Powder,2025-07-07
SMP015167,2,4,Fail,Chalk Powder,2025-07-07
SMP015168,5,7,Fail,Synthetic Color,2025-07-07
SMP015169,17,10,Pass,None,2025-07-07
SMP015170,22,15,Pass,None,2025-07-07
SMP015171,5,1,Fail,Formalin,2025-07-07
SMP015172,3,4,Fail,Starch,2025-07-07
SMP015173,21,4,Pass,None,2025-07-07
SMP015174,8,5,Pass,None,2025-07-07
SMP015175,25,5,Fail,Detergent,2025-07-07
SMP015176,19,10,Pass,None,2025-07-07
SMP015177,9,15,Fail,Starch,2025-07-07
SMP015178,8,11,Fail,Urea,2025-07-07
SMP015179,15,4,Pass,None,2025-07-08
SMP015180,3,15,Pass,None,2025-07-08
SMP015181,4,11,Pass,None,2025-07-08
SMP015182,5,4,Pass,None,2025-07-08
SMP015183,21,6,Pass,None,2025-07-08
SMP015184,15,13,Pass,None,2025-07-08
SMP015185,1,12,Pass,None,2025-07-08
SMP015186,19,9,Fail,Chalk Powder,2025-07-08
SMP015187,12,3,Pass,None,2025-07-08
SMP015188,15,13,Fail,Synthetic Color,2025-07-08
SMP015189,6,5,Fail,Chalk Powder,2025-07-08
SMP015190,16,13,Fail,Chalk Powder,2025-07-08
SMP015191,25,11,Fail,Urea,2025-07-08
SMP015192,2,4,Pass,None,2025-07-08
SMP015193,8,4,Pass,None,2025-07-08
SMP015194,7,2,Pass,None,2025-07-08
SMP015195,7,4,Pass,None,2025-07-08
SMP015196,10,3,Fail,Detergent,2025-07-08
SMP015197,22,10,Pass,None,2025-07-08
SMP015198,24,10,Fail,Starch,2025-07-08
SMP015199,5,10,Fail,Starch,2025-07-08
SMP015200,16,11,Pass,None,2025-07-08
SMP015201,18,14,Pass,None,2025-07-08
SMP015202,15,15,Pass,None,2025-07-08
SMP015203,12,4,Pass,None,2025-07-08
SMP015204,5,10,Pass,None,2025-07-08
SMP015205,14,2,Pass,None,2025-07-08
SMP015206,11,2,Pass,None,2025-07-09
SMP015207,22,11,Pass,None,2025-07-09
SMP015208,21,8,Pass,None,2025-07-09
SMP015209,4,12,Pass,None,2025-07-09
SMP015210,3,6,Fail,Urea,2025-07-09
SMP015211,24,2,Pass,None,2025-07-09
SMP015212,16,15,Fail,Formalin,2025-07-09
SMP015213,23,2,Pass,None,2025-07-09
SMP015214,2,3,Pass,None,2025-07-09
SMP015215,15,4,Pass,None,2025-07-09
SMP015216,16,16,Fail,Synthetic Color,2025-07-09
SMP015217,23,6,Fail,Starch,2025-07-09
SMP015218,3,8,Pass,None,2025-07-09
SMP015219,7,13,Pass,None,2025-07-09
SMP015220,11,11,Fail,Starch,2025-07-09
SMP015221,23,14,Pass,None,2025-07-09
SMP015222,25,8,Pass,None,2025-07-09
SMP015223,26,16,Pass,None,2025-07-09
SMP015224,25,13,Pass,None,2025-07-09
SMP015225,1,6,Fail,Detergent,2025-07-09
SMP015226,2,6,Pass,None,2025-07-09
SMP015227,5,15,Pass,None,2025-07-09
SMP015228,9,11,Pass,None,2025-07-09
SMP015229,23,10,Pass,None,2025-07-09
SMP015230,24,12,Pass,None,2025-07-09
SMP015231,5,9,Pass,None,2025-07-09
SMP015232,17,3,Pass,None,2025-07-09
SMP015233,24,5,Pass,None,2025-07-09
SMP015234,13,9,Pass,None,2025-07-10
SMP015235,3,1,Pass,None,2025-07-10
SMP015236,13,7,Pass,None,2025-07-10
SMP015237,9,12,Pass,None,2025-07-10
SMP015238,17,3,Pass,None,2025-07-10
SMP015239,12,1,Pass,None,2025-07-10
SMP015240,1,14,Pass,None,2025-07-10
SMP015241,26,10,Fail,Urea,2025-07-10
SMP015242,16,3,Pass,None,2025-07-10
SMP015243,13,13,Pass,None,2025-07-10
SMP015244,25,11,Pass,None,2025-07-10
SMP015245,5,5,Pass,None,2025-07-10
SMP015246,5,6,Pass,None,2025-07-10
SMP015247,22,3,Pass,None,2025-07-10
SMP015248,7,14,Pass,None,2025-07-10
SMP015249,22,8,Fail,Detergent,2025-07-10
SMP015250,7,9,Pass,None,2025-07-10
SMP015251,1,15,Pass,None,2025-07-10
SMP015252,15,1,Pass,None,2025-07-10
SMP015253,5,1,Fail,Synthetic Color,2025-07-10
SMP015254,21,3,Fail,Starch,2025-07-10
SMP015255,18,1,Fail,Urea,2025-07-10
SMP015256,24,11,Fail,Chalk Powder,2025-07-10
SMP015257,22,11,Pass,None,2025-07-10
SMP015258,5,4,Fail,Urea,2025-07-10
SMP015259,22,3,Pass,None,2025-07-10
SMP015260,18,3,Pass,None,2025-07-10
SMP015261,19,16,Fail,Urea,2025-07-11
SMP015262,23,11,Pass,None,2025-07-11
SMP015263,17,10,Pass,None,2025-07-11
SMP015264,13,5,Pass,None,2025-07-11
SMP015265,18,6,Fail,Synthetic Color,2025-07-11
SMP015266,8,2,Pass,None,2025-07-11
SMP015267,5,16,Pass,None,2025-07-11
SMP015268,17,12,Pass,None,2025-07-11
SMP015269,6,10,Pass,None,2025-07-11
SMP015270,3,10,Fail,Formalin,2025-07-11
SMP015271,1,8,Fail,Formalin,2025-07-11
SMP015272,17,4,Pass,None,2025-07-11
SMP015273,9,4,Fail,Formalin,2025-07-11
SMP015274,21,9,Pass,None,2025-07-11
SMP015275,9,1,Fail,Detergent,2025-07-11
SMP015276,14,1,Pass,None,2025-07-11
SMP015277,11,9,Pass,None,2025-07-11
SMP015278,18,15,Pass,None,2025-07-11
SMP015279,9,15,Pass,None,2025-07-11
SMP015280,25,1,Pass,None,2025-07-11
SMP015281,25,2,Pass,None,2025-07-11
SMP015282,23,10,Pass,None,2025-07-11
SMP015283,24,14,Fail,Detergent,2025-07-11
SMP015284,13,16,Pass,None,2025-07-11
SMP015285,16,14,Pass,None,2025-07-11
SMP015286,21,11,Pass,None,2025-07-11
SMP015287,19,3,Fail,Synthetic Color,2025-07-11
SMP015288,24,1,Pass,None,2025-07-12
SMP015289,19,1,Pass,None,2025-07-12
SMP015290,26,10,Fail,Urea,2025-07-12
SMP015291,9,1,Pass,None,2025-07-12
SMP015292,23,12,Fail,Formalin,2025-07-12
SMP015293,19,12,Pass,None,2025-07-12
SMP015294,19,2,Pass,None,2025-07-12
SMP015295,9,15,Pass,None,2025-07-12
SMP015296,22,8,Pass,None,2025-07-12
SMP015297,24,15,Pass,None,2025-07-12
SMP015298,6,15,Fail,Starch,2025-07-12
SMP015299,17,3,Pass,None,2025-07-12
SMP015300,10,6,Fail,Formalin,2025-07-12
SMP015301,26,2,Fail,Synthetic Color,2025-07-12
SMP015302,14,13,Fail,Formalin,2025-07-12
SMP015303,6,8,Pass,None,2025-07-12
SMP015304,10,15,Pass,None,2025-07-12
SMP015305,18,4,Fail,Starch,2025-07-12
SMP015306,2,11,Fail,Starch,2025-07-12
SMP015307,17,16,Fail,Starch,2025-07-12
SMP015308,24,11,Pass,None,2025-07-12
SMP015309,23,1,Fail,Synthetic Color,2025-07-12
SMP015310,2,10,Pass,None,2025-07-12
SMP015311,26,3,Pass,None,2025-07-12
SMP015312,19,1,Pass,None,2025-07-12
SMP015313,5,5,Pass,None,2025-07-12
SMP015314,1,4,Fail,Formalin,2025-07-12
SMP015315,5,13,Fail,Synthetic Color,2025-07-12
SMP015316,23,6,Pass,None,2025-07-13
SMP015317,1,12,Pass,None,2025-07-13
SMP015318,6,1,Pass,None,2025-07-13
SMP015319,21,1,Pass,None,2025-07-13
SMP015320,17,1,Pass,None,2025-07-13
SMP015321,22,4,Fail,Chalk Powder,2025-07-13
SMP015322,21,6,Pass,None,2025-07-13
SMP015323,2,10,Fail,Starch,2025-07-13
SMP015324,24,16,Pass,None,2025-07-13
SMP015325,6,5,Fail,Formalin,2025-07-13
SMP015326,16,1,Fail,Detergent,2025-07-13
SMP015327,18,3,Pass,None,2025-07-13
SMP015328,5,15,Fail,Synthetic Color,2025-07-13
SMP015329,25,12,Fail,Detergent,2025-07-13
SMP015330,14,13,Pass,None,2025-07-13
SMP015331,2,2,Pass,None,2025-07-13
SMP015332,25,2,Pass,None,2025-07-13
SMP015333,17,2,Pass,None,2025-07-13
SMP015334,19,14,Pass,None,2025-07-13
SMP015335,15,4,Fail,Chalk Powder,2025-07-13
SMP015336,23,11,Pass,None,2025-07-13
SMP015337,1,8,Pass,None,2025-07-13
SMP015338,7,9,Pass,None,2025-07-13
SMP015339,13,3,Fail,Detergent,2025-07-13
SMP015340,2,11,Fail,Urea,2025-07-13
SMP015341,19,1,Fail,Starch,2025-07-13
SMP015342,10,16,Pass,None,2025-07-13
SMP015343,7,1,Fail,Chalk Powder,2025-07-14
SMP015344,1,1,Pass,None,2025-07-14
SMP015345,19,5,Pass,None,2025-07-14
SMP015346,23,14,Pass,None,2025-07-14
SMP015347,10,4,Pass,None,2025-07-14
SMP015348,16,7,Pass,None,2025-07-14
SMP015349,6,1,Pass,None,2025-07-14
SMP015350,17,2,Pass,None,2025-07-14
SMP015351,1,10,Pass,None,2025-07-14
SMP015352,14,3,Pass,None,2025-07-14
SMP015353,18,11,Pass,None,2025-07-14
SMP015354,24,13,Pass,None,2025-07-14
SMP015355,10,14,Pass,None,2025-07-14
SMP015356,21,2,Pass,None,2025-07-14
SMP015357,17,7,Pass,None,2025-07-14
SMP015358,24,16,Fail,Detergent,2025-07-14
SMP015359,10,13,Pass,None,2025-07-14
SMP015360,9,2,Pass,None,2025-07-14
SMP015361,24,8,Fail,Synthetic Color,2025-07-14
SMP015362,2,15,Pass,None,2025-07-14
SMP015363,4,7,Pass,None,2025-07-14
SMP015364,3,14,Pass,None,2025-07-14
SMP015365,23,8,Pass,None,2025-07-14
SMP015366,1,2,Pass,None,2025-07-14
SMP015367,23,3,Fail,Starch,2025-07-14
SMP015368,13,1,Pass,None,2025-07-14
SMP015369,1,3,Fail,Chalk Powder,2025-07-14
SMP015370,11,15,Fail,Starch,2025-07-14
SMP015371,5,11,Fail,Chalk Powder,2025-07-15
SMP015372,17,12,Pass,None,2025-07-15
SMP015373,19,10,Pass,None,2025-07-15
SMP015374,14,6,Pass,None,2025-07-15
SMP015375,2,4,Pass,None,2025-07-15
SMP015376,18,15,Pass,None,2025-07-15
SMP015377,23,8,Pass,None,2025-07-15
SMP015378,19,8,Fail,Synthetic Color,2025-07-15
SMP015379,23,16,Fail,Formalin,2025-07-15
SMP015380,5,6,Fail,Synthetic Color,2025-07-15
SMP015381,24,14,Fail,Formalin,2025-07-15
SMP015382,9,14,Pass,None,2025-07-15
SMP015383,1,4,Pass,None,2025-07-15
SMP015384,23,2,Fail,Starch,2025-07-15
SMP015385,25,16,Pass,None,2025-07-15
SMP015386,18,6,Pass,None,2025-07-15
SMP015387,6,1,Pass,None,2025-07-15
SMP015388,7,8,Pass,None,2025-07-15
SMP015389,13,10,Pass,None,2025-07-15
SMP015390,24,13,Pass,None,2025-07-15
SMP015391,5,16,Pass,None,2025-07-15
SMP015392,23,15,Pass,None,2025-07-15
SMP015393,8,16,Pass,None,2025-07-15
SMP015394,22,1,Pass,None,2025-07-15
SMP015395,24,12,Pass,None,2025-07-15
SMP015396,12,4,Pass,None,2025-07-15
SMP015397,9,3,Pass,None,2025-07-15
SMP015398,22,13,Fail,Synthetic Color,2025-07-16
SMP015399,16,6,Pass,None,2025-07-16
SMP015400,19,15,Pass,None,2025-07-16
SMP015401,17,1,Pass,None,2025-07-16
SMP015402,5,13,Fail,Detergent,2025-07-16
SMP015403,23,2,Pass,None,2025-07-16
SMP015404,5,3,Pass,None,2025-07-16
SMP015405,24,7,Pass,None,2025-07-16
SMP015406,7,6,Pass,None,2025-07-16
SMP015407,20,8,Pass,None,2025-07-16
SMP015408,8,16,Pass,None,2025-07-16
SMP015409,8,11,Pass,None,2025-07-16
SMP015410,8,5,Pass,None,2025-07-16
SMP015411,21,3,Pass,None,2025-07-16
SMP015412,16,6,Fail,Synthetic Color,2025-07-16
SMP015413,23,7,Pass,None,2025-07-16
SMP015414,8,10,Fail,Detergent,2025-07-16
SMP015415,19,4,Pass,None,2025-07-16
SMP015416,21,13,Pass,None,2025-07-16
SMP015417,5,2,Pass,None,2025-07-16
SMP015418,11,9,Fail,Detergent,2025-07-16
SMP015419,14,10,Pass,None,2025-07-16
SMP015420,9,4,Fail,Starch,2025-07-16
SMP015421,9,14,Pass,None,2025-07-16
SMP015422,19,10,Pass,None,2025-07-16
SMP015423,6,11,Pass,None,2025-07-16
SMP015424,19,8,Pass,None,2025-07-16
SMP015425,25,15,Fail,Formalin,2025-07-17
SMP015426,16,11,Pass,None,2025-07-17
SMP015427,17,6,Pass,None,2025-07-17
SMP015428,2,4,Pass,None,2025-07-17
SMP015429,23,1,Pass,None,2025-07-17
SMP015430,8,3,Pass,None,2025-07-17
SMP015431,17,16,Fail,Formalin,2025-07-17
SMP015432,25,6,Pass,None,2025-07-17
SMP015433,17,15,Pass,None,2025-07-17
SMP015434,19,3,Fail,Detergent,2025-07-17
SMP015435,13,6,Pass,None,2025-07-17
SMP015436,2,16,Pass,None,2025-07-17
SMP015437,22,2,Fail,Formalin,2025-07-17
SMP015438,1,10,Pass,None,2025-07-17
SMP015439,19,15,Pass,None,2025-07-17
SMP015440,1,16,Pass,None,2025-07-17
SMP015441,23,14,Fail,Synthetic Color,2025-07-17
SMP015442,5,14,Pass,None,2025-07-17
SMP015443,15,11,Pass,None,2025-07-17
SMP015444,17,4,Fail,Detergent,2025-07-17
SMP015445,13,12,Fail,Detergent,2025-07-17
SMP015446,9,16,Pass,None,2025-07-17
SMP015447,13,8,Pass,None,2025-07-17
SMP015448,8,4,Pass,None,2025-07-17
SMP015449,12,9,Fail,Urea,2025-07-17
SMP015450,9,11,Fail,Synthetic Color,2025-07-17
SMP015451,16,4,Fail,Formalin,2025-07-17
SMP015452,6,12,Pass,None,2025-07-17
SMP015453,26,10,Pass,None,2025-07-18
SMP015454,14,10,Fail,Formalin,2025-07-18
SMP015455,5,5,Fail,Urea,2025-07-18
SMP015456,14,3,Pass,None,2025-07-18
SMP015457,23,10,Pass,None,2025-07-18
SMP015458,1,10,Pass,None,2025-07-18
SMP015459,19,5,Fail,Synthetic Color,2025-07-18
SMP015460,16,5,Pass,None,2025-07-18
SMP015461,5,5,Pass,None,2025-07-18
SMP015462,22,8,Pass,None,2025-07-18
SMP015463,9,16,Pass,None,2025-07-18
SMP015464,8,13,Fail,Starch,2025-07-18
SMP015465,23,14,Pass,None,2025-07-18
SMP015466,18,8,Pass,None,2025-07-18
SMP015467,24,9,Fail,Starch,2025-07-18
SMP015468,17,4,Fail,Synthetic Color,2025-07-18
SMP015469,21,12,Pass,None,2025-07-18
SMP015470,23,6,Fail,Formalin,2025-07-18
SMP015471,2,12,Pass,None,2025-07-18
SMP015472,21,6,Pass,None,2025-07-18
SMP015473,17,2,Pass,None,2025-07-18
SMP015474,2,3,Pass,None,2025-07-18
SMP015475,15,13,Fail,Chalk Powder,2025-07-18
SMP015476,3,4,Fail,Starch,2025-07-18
SMP015477,20,4,Pass,None,2025-07-18
SMP015478,16,15,Pass,None,2025-07-18
SMP015479,25,11,Fail,Chalk Powder,2025-07-18
SMP015480,5,2,Pass,None,2025-07-19
SMP015481,17,3,Pass,None,2025-07-19
SMP015482,6,4,Pass,None,2025-07-19
SMP015483,17,10,Pass,None,2025-07-19
SMP015484,19,12,Fail,Chalk Powder,2025-07-19
SMP015485,19,4,Pass,None,2025-07-19
SMP015486,22,15,Fail,Starch,2025-07-19
SMP015487,23,2,Pass,None,2025-07-19
SMP015488,2,4,Pass,None,2025-07-19
SMP015489,9,16,Pass,None,2025-07-19
SMP015490,19,2,Pass,None,2025-07-19
SMP015491,14,15,Pass,None,2025-07-19
SMP015492,5,12,Pass,None,2025-07-19
SMP015493,16,1,Pass,None,2025-07-19
SMP015494,11,8,Pass,None,2025-07-19
SMP015495,10,8,Pass,None,2025-07-19
SMP015496,22,15,Pass,None,2025-07-19
SMP015497,11,6,Fail,Formalin,2025-07-19
SMP015498,1,7,Pass,None,2025-07-19
SMP015499,2,2,Fail,Synthetic Color,2025-07-19
SMP015500,23,11,Pass,None,2025-07-19
SMP015501,25,4,Pass,None,2025-07-19
SMP015502,19,2,Pass,None,2025-07-19
SMP015503,9,16,Fail,Urea,2025-07-19
SMP015504,25,4,Pass,None,2025-07-19
SMP015505,18,2,Fail,Synthetic Color,2025-07-19
SMP015506,23,12,Pass,None,2025-07-19
SMP015507,21,14,Fail,Urea,2025-07-19
SMP015508,10,1,Pass,None,2025-07-20
SMP015509,14,2,Pass,None,2025-07-20
SMP015510,5,2,Pass,None,2025-07-20
SMP015511,8,1,Fail,Chalk Powder,2025-07-20
SMP015512,22,11,Fail,Chalk Powder,2025-07-20
SMP015513,24,10,Fail,Synthetic Color,2025-07-20
SMP015514,19,11,Pass,None,2025-07-20
SMP015515,13,8,Pass,None,2025-07-20
SMP015516,3,14,Fail,Starch,2025-07-20
SMP015517,2,9,Pass,None,2025-07-20
SMP015518,9,15,Pass,None,2025-07-20
SMP015519,13,8,Pass,None,2025-07-20
SMP015520,17,13,Pass,None,2025-07-20
SMP015521,1,6,Pass,None,2025-07-20
SMP015522,26,6,Fail,Chalk Powder,2025-07-20
SMP015523,9,14,Pass,None,2025-07-20
SMP015524,23,2,Pass,None,2025-07-20
SMP015525,16,9,Pass,None,2025-07-20
SMP015526,4,12,Pass,None,2025-07-20
SMP015527,22,12,Pass,None,2025-07-20
SMP015528,19,10,Pass,None,2025-07-20
SMP015529,15,7,Pass,None,2025-07-20
SMP015530,15,4,Pass,None,2025-07-20
SMP015531,3,15,Pass,None,2025-07-20
SMP015532,18,6,Fail,Detergent,2025-07-20
SMP015533,24,13,Pass,None,2025-07-20
SMP015534,3,1,Pass,None,2025-07-20
SMP015535,7,4,Fail,Detergent,2025-07-21
SMP015536,24,5,Pass,None,2025-07-21
SMP015537,8,11,Pass,None,2025-07-21
SMP015538,18,5,Fail,Formalin,2025-07-21
SMP015539,16,1,Fail,Synthetic Color,2025-07-21
SMP015540,17,3,Pass,None,2025-07-21
SMP015541,12,4,Fail,Synthetic Color,2025-07-21
SMP015542,8,3,Pass,None,2025-07-21
SMP015543,2,4,Pass,None,2025-07-21
SMP015544,21,13,Pass,None,2025-07-21
SMP015545,21,6,Pass,None,2025-07-21
SMP015546,19,6,Pass,None,2025-07-21
SMP015547,18,16,Pass,None,2025-07-21
SMP015548,7,7,Pass,None,2025-07-21
SMP015549,1,15,Pass,None,2025-07-21
SMP015550,22,5,Pass,None,2025-07-21
SMP015551,14,6,Pass,None,2025-07-21
SMP015552,8,6,Pass,None,2025-07-21
SMP015553,3,9,Pass,None,2025-07-21
SMP015554,2,10,Pass,None,2025-07-21
SMP015555,9,4,Fail,Formalin,2025-07-21
SMP015556,22,13,Fail,Formalin,2025-07-21
SMP015557,24,8,Fail,Urea,2025-07-21
SMP015558,24,1,Fail,Urea,2025-07-21
SMP015559,24,10,Fail,Detergent,2025-07-21
SMP015560,24,13,Fail,Starch,2025-07-21
SMP015561,15,4,Pass,None,2025-07-21
SMP015562,6,1,Fail,Synthetic Color,2025-07-22
SMP015563,22,13,Pass,None,2025-07-22
SMP015564,6,16,Pass,None,2025-07-22
SMP015565,7,2,Fail,Detergent,2025-07-22
SMP015566,6,16,Pass,None,2025-07-22
SMP015567,15,5,Fail,Detergent,2025-07-22
SMP015568,9,16,Fail,Starch,2025-07-22
SMP015569,5,11,Pass,None,2025-07-22
SMP015570,13,15,Pass,None,2025-07-22
SMP015571,23,13,Pass,None,2025-07-22
SMP015572,16,1,Pass,None,2025-07-22
SMP015573,23,1,Fail,Detergent,2025-07-22
SMP015574,5,8,Pass,None,2025-07-22
SMP015575,5,2,Pass,None,2025-07-22
SMP015576,17,7,Pass,None,2025-07-22
SMP015577,13,16,Fail,Detergent,2025-07-22
SMP015578,18,5,Pass,None,2025-07-22
SMP015579,22,8,Pass,None,2025-07-22
SMP015580,21,6,Fail,Starch,2025-07-22
SMP015581,25,11,Pass,None,2025-07-22
SMP015582,10,3,Fail,Detergent,2025-07-22
SMP015583,5,4,Pass,None,2025-07-22
SMP015584,16,14,Pass,None,2025-07-22
SMP015585,3,13,Fail,Synthetic Color,2025-07-22
SMP015586,8,13,Pass,None,2025-07-22
SMP015587,5,13,Pass,None,2025-07-22
SMP015588,10,7,Pass,None,2025-07-22
SMP015589,3,12,Pass,None,2025-07-22
SMP015590,1,6,Pass,None,2025-07-23
SMP015591,18,2,Fail,Formalin,2025-07-23
SMP015592,17,6,Fail,Starch,2025-07-23
SMP015593,19,3,Fail,Chalk Powder,2025-07-23
SMP015594,18,6,Pass,None,2025-07-23
SMP015595,4,5,Pass,None,2025-07-23
SMP015596,8,10,Fail,Formalin,2025-07-23
SMP015597,4,6,Fail,Synthetic Color,2025-07-23
SMP015598,23,12,Pass,None,2025-07-23
SMP015599,21,8,Pass,None,2025-07-23
SMP015600,5,15,Pass,None,2025-07-23
SMP015601,9,2,Fail,Chalk Powder,2025-07-23
SMP015602,25,11,Pass,None,2025-07-23
SMP015603,17,11,Pass,None,2025-07-23
SMP015604,22,16,Pass,None,2025-07-23
SMP015605,7,6,Fail,Detergent,2025-07-23
SMP015606,5,5,Fail,Detergent,2025-07-23
SMP015607,22,3,Fail,Chalk Powder,2025-07-23
SMP015608,19,4,Pass,None,2025-07-23
SMP015609,19,8,Pass,None,2025-07-23
SMP015610,16,14,Pass,None,2025-07-23
SMP015611,16,5,Fail,Chalk Powder,2025-07-23
SMP015612,20,3,Pass,None,2025-07-23
SMP015613,7,4,Fail,Detergent,2025-07-23
SMP015614,9,2,Pass,None,2025-07-23
SMP015615,23,15,Pass,None,2025-07-23
SMP015616,8,15,Pass,None,2025-07-23
SMP015617,16,5,Pass,None,2025-07-24
SMP015618,19,4,Fail,Formalin,2025-07-24
SMP015619,26,15,Pass,None,2025-07-24
SMP015620,12,1,Fail,Chalk Powder,2025-07-24
SMP015621,12,10,Pass,None,2025-07-24
SMP015622,23,15,Pass,None,2025-07-24
SMP015623,22,8,Pass,None,2025-07-24
SMP015624,20,1,Pass,None,2025-07-24
SMP015625,13,4,Fail,Urea,2025-07-24
SMP015626,9,15,Pass,None,2025-07-24
SMP015627,17,1,Pass,None,2025-07-24
SMP015628,23,6,Pass,None,2025-07-24
SMP015629,23,13,Pass,None,2025-07-24
SMP015630,3,14,Pass,None,2025-07-24
SMP015631,12,7,Pass,None,2025-07-24
SMP015632,13,4,Pass,None,2025-07-24
SMP015633,25,10,Fail,Formalin,2025-07-24
SMP015634,19,4,Pass,None,2025-07-24
SMP015635,11,4,Pass,None,2025-07-24
SMP015636,1,13,Pass,None,2025-07-24
SMP015637,16,3,Fail,Urea,2025-07-24
SMP015638,3,1,Fail,Formalin,2025-07-24
SMP015639,23,5,Pass,None,2025-07-24
SMP015640,21,8,Pass,None,2025-07-24
SMP015641,13,12,Pass,None,2025-07-24
SMP015642,12,13,Pass,None,2025-07-24
SMP015643,24,11,Pass,None,2025-07-24
SMP015644,8,10,Pass,None,2025-07-24
SMP015645,7,11,Fail,Synthetic Color,2025-07-25
SMP015646,25,4,Fail,Formalin,2025-07-25
SMP015647,22,6,Fail,Formalin,2025-07-25
SMP015648,22,10,Pass,None,2025-07-25
SMP015649,5,1,Pass,None,2025-07-25
SMP015650,5,5,Fail,Starch,2025-07-25
SMP015651,1,6,Fail,Chalk Powder,2025-07-25
SMP015652,6,9,Pass,None,2025-07-25
SMP015653,21,8,Fail,Detergent,2025-07-25
SMP015654,7,12,Pass,None,2025-07-25
SMP015655,20,7,Pass,None,2025-07-25
SMP015656,7,15,Fail,Detergent,2025-07-25
SMP015657,10,6,Pass,None,2025-07-25
SMP015658,26,8,Pass,None,2025-07-25
SMP015659,7,1,Fail,Chalk Powder,2025-07-25
SMP015660,9,5,Pass,None,2025-07-25
SMP015661,8,15,Pass,None,2025-07-25
SMP015662,3,5,Pass,None,2025-07-25
SMP015663,14,4,Pass,None,2025-07-25
SMP015664,10,9,Fail,Detergent,2025-07-25
SMP015665,19,2,Fail,Urea,2025-07-25
SMP015666,22,9,Fail,Synthetic Color,2025-07-25
SMP015667,16,5,Fail,Urea,2025-07-25
SMP015668,1,6,Fail,Starch,2025-07-25
SMP015669,17,13,Fail,Starch,2025-07-25
SMP015670,2,11,Fail,Chalk Powder,2025-07-25
SMP015671,17,7,Pass,None,2025-07-25
SMP015672,19,9,Pass,None,2025-07-26
SMP015673,5,13,Fail,Formalin,2025-07-26
SMP015674,22,12,Pass,None,2025-07-26
SMP015675,24,3,Pass,None,2025-07-26
SMP015676,22,5,Pass,None,2025-07-26
SMP015677,8,5,Pass,None,2025-07-26
SMP015678,17,3,Pass,None,2025-07-26
SMP015679,24,1,Pass,None,2025-07-26
SMP015680,9,3,Fail,Starch,2025-07-26
SMP015681,22,13,Pass,None,2025-07-26
SMP015682,1,9,Pass,None,2025-07-26
SMP015683,1,5,Pass,None,2025-07-26
SMP015684,21,10,Pass,None,2025-07-26
SMP015685,21,12,Pass,None,2025-07-26
SMP015686,22,5,Fail,Starch,2025-07-26
SMP015687,24,7,Pass,None,2025-07-26
SMP015688,4,1,Pass,None,2025-07-26
SMP015689,6,10,Pass,None,2025-07-26
SMP015690,24,5,Pass,None,2025-07-26
SMP015691,5,6,Pass,None,2025-07-26
SMP015692,19,6,Pass,None,2025-07-26
SMP015693,16,11,Pass,None,2025-07-26
SMP015694,3,9,Pass,None,2025-07-26
SMP015695,8,6,Pass,None,2025-07-26
SMP015696,15,1,Pass,None,2025-07-26
SMP015697,23,10,Fail,Synthetic Color,2025-07-26
SMP015698,19,15,Pass,None,2025-07-26
SMP015699,17,13,Pass,None,2025-07-27
SMP015700,14,16,Pass,None,2025-07-27
SMP015701,8,2,Fail,Starch,2025-07-27
SMP015702,4,4,Pass,None,2025-07-27
SMP015703,11,9,Pass,None,2025-07-27
SMP015704,1,4,Fail,Formalin,2025-07-27
SMP015705,6,1,Pass,None,2025-07-27
SMP015706,12,6,Fail,Detergent,2025-07-27
SMP015707,12,5,Fail,Urea,2025-07-27
SMP015708,2,4,Fail,Urea,2025-07-27
SMP015709,17,16,Pass,None,2025-07-27
SMP015710,16,4,Pass,None,2025-07-27
SMP015711,2,2,Pass,None,2025-07-27
SMP015712,25,2,Fail,Urea,2025-07-27
SMP015713,3,13,Pass,None,2025-07-27
SMP015714,23,12,Pass,None,2025-07-27
SMP015715,1,2,Pass,None,2025-07-27
SMP015716,23,4,Pass,None,2025-07-27
SMP015717,1,12,Pass,None,2025-07-27
SMP015718,21,4,Fail,Formalin,2025-07-27
SMP015719,9,16,Fail,Synthetic Color,2025-07-27
SMP015720,20,9,Pass,None,2025-07-27
SMP015721,11,3,Pass,None,2025-07-27
SMP015722,2,14,Pass,None,2025-07-27
SMP015723,21,5,Pass,None,2025-07-27
SMP015724,2,5,Pass,None,2025-07-27
SMP015725,24,5,Pass,None,2025-07-27
SMP015726,2,13,Pass,None,2025-07-27
SMP015727,14,3,Pass,None,2025-07-28
SMP015728,19,6,Fail,Formalin,2025-07-28
SMP015729,10,1,Pass,None,2025-07-28
SMP015730,6,14,Pass,None,2025-07-28
SMP015731,21,5,Pass,None,2025-07-28
SMP015732,22,4,Pass,None,2025-07-28
SMP015733,24,10,Fail,Urea,2025-07-28
SMP015734,9,12,Fail,Formalin,2025-07-28
SMP015735,15,13,Fail,Formalin,2025-07-28
SMP015736,9,5,Fail,Formalin,2025-07-28
SMP015737,7,13,Pass,None,2025-07-28
SMP015738,21,7,Pass,None,2025-07-28
SMP015739,9,2,Fail,Detergent,2025-07-28
SMP015740,12,14,Fail,Formalin,2025-07-28
SMP015741,11,9,Pass,None,2025-07-28
SMP015742,19,10,Pass,None,2025-07-28
SMP015743,24,16,Pass,None,2025-07-28
SMP015744,18,9,Pass,None,2025-07-28
SMP015745,13,1,Pass,None,2025-07-28
SMP015746,22,15,Pass,None,2025-07-28
SMP015747,18,5,Pass,None,2025-07-28
SMP015748,2,8,Fail,Synthetic Color,2025-07-28
SMP015749,3,4,Pass,None,2025-07-28
SMP015750,2,5,Fail,Detergent,2025-07-28
SMP015751,13,11,Pass,None,2025-07-28
SMP015752,23,6,Fail,Chalk Powder,2025-07-28
SMP015753,8,10,Pass,None,2025-07-28
SMP015754,10,14,Pass,None,2025-07-29
SMP015755,24,5,Fail,Chalk Powder,2025-07-29
SMP015756,23,9,Fail,Formalin,2025-07-29
SMP015757,18,13,Pass,None,2025-07-29
SMP015758,7,12,Pass,None,2025-07-29
SMP015759,4,9,Pass,None,2025-07-29
SMP015760,1,6,Pass,None,2025-07-29
SMP015761,3,6,Fail,Starch,2025-07-29
SMP015762,8,6,Pass,None,2025-07-29
SMP015763,16,5,Pass,None,2025-07-29
SMP015764,2,12,Pass,None,2025-07-29
SMP015765,4,2,Pass,None,2025-07-29
SMP015766,5,16,Pass,None,2025-07-29
SMP015767,17,13,Pass,None,2025-07-29
SMP015768,17,5,Pass,None,2025-07-29
SMP015769,16,1,Fail,Urea,2025-07-29
SMP015770,7,12,Pass,None,2025-07-29
SMP015771,9,12,Fail,Detergent,2025-07-29
SMP015772,3,16,Fail,Starch,2025-07-29
SMP015773,6,4,Fail,Urea,2025-07-29
SMP015774,24,2,Pass,None,2025-07-29
SMP015775,25,15,Pass,None,2025-07-29
SMP015776,18,4,Fail,Synthetic Color,2025-07-29
SMP015777,24,12,Pass,None,2025-07-29
SMP015778,18,1,Fail,Starch,2025-07-29
SMP015779,1,13,Fail,Synthetic Color,2025-07-29
SMP015780,26,2,Pass,None,2025-07-29
SMP015781,3,11,Fail,Synthetic Color,2025-07-29
SMP015782,19,9,Fail,Starch,2025-07-30
SMP015783,7,16,Fail,Starch,2025-07-30
SMP015784,10,1,Fail,Detergent,2025-07-30
SMP015785,18,5,Fail,Synthetic Color,2025-07-30
SMP015786,12,1,Fail,Starch,2025-07-30
SMP015787,7,15,Pass,None,2025-07-30
SMP015788,9,10,Pass,None,2025-07-30
SMP015789,9,9,Pass,None,2025-07-30
SMP015790,25,2,Pass,None,2025-07-30
SMP015791,22,8,Pass,None,2025-07-30
SMP015792,13,6,Pass,None,2025-07-30
SMP015793,5,5,Pass,None,2025-07-30
SMP015794,22,13,Fail,Synthetic Color,2025-07-30
SMP015795,5,1,Pass,None,2025-07-30
SMP015796,6,11,Pass,None,2025-07-30
SMP015797,9,14,Fail,Formalin,2025-07-30
SMP015798,23,15,Fail,Formalin,2025-07-30
SMP015799,4,12,Pass,None,2025-07-30
SMP015800,4,5,Pass,None,2025-07-30
SMP015801,14,10,Pass,None,2025-07-30
SMP015802,7,2,Pass,None,2025-07-30
SMP015803,16,2,Fail,Formalin,2025-07-30
SMP015804,13,11,Pass,None,2025-07-30
SMP015805,12,14,Pass,None,2025-07-30
SMP015806,3,1,Pass,None,2025-07-30
SMP015807,5,2,Fail,Synthetic Color,2025-07-30
SMP015808,22,9,Fail,Synthetic Color,2025-07-30
SMP015809,24,4,Fail,Starch,2025-07-31
SMP015810,6,10,Fail,Starch,2025-07-31
SMP015811,4,4,Pass,None,2025-07-31
SMP015812,2,2,Fail,Detergent,2025-07-31
SMP015813,17,9,Pass,None,2025-07-31
SMP015814,19,14,Pass,None,2025-07-31
SMP015815,9,11,Pass,None,2025-07-31
SMP015816,19,14,Pass,None,2025-07-31
SMP015817,19,4,Fail,Detergent,2025-07-31
SMP015818,25,15,Fail,Detergent,2025-07-31
SMP015819,2,6,Pass,None,2025-07-31
SMP015820,5,14,Pass,None,2025-07-31
SMP015821,2,7,Fail,Chalk Powder,2025-07-31
SMP015822,23,4,Fail,Urea,2025-07-31
SMP015823,22,4,Fail,Formalin,2025-07-31
SMP015824,17,9,Fail,Synthetic Color,2025-07-31
SMP015825,3,2,Fail,Chalk Powder,2025-07-31
SMP015826,7,15,Fail,Formalin,2025-07-31
SMP015827,8,4,Pass,None,2025-07-31
SMP015828,16,5,Pass,None,2025-07-31
SMP015829,7,4,Fail,Synthetic Color,2025-07-31
SMP015830,2,1,Pass,None,2025-07-31
SMP015831,20,11,Fail,Chalk Powder,2025-07-31
SMP015832,8,10,Fail,Urea,2025-07-31
SMP015833,13,13,Pass,None,2025-07-31
SMP015834,4,1,Pass,None,2025-07-31
SMP015835,22,15,Fail,Synthetic Color,2025-07-31
SMP015836,16,5,Pass,None,2025-08-01
SMP015837,24,15,Pass,None,2025-08-01
SMP015838,14,2,Pass,None,2025-08-01
SMP015839,25,12,Fail,Detergent,2025-08-01
SMP015840,24,9,Fail,Chalk Powder,2025-08-01
SMP015841,17,5,Pass,None,2025-08-01
SMP015842,24,2,Fail,Formalin,2025-08-01
SMP015843,9,10,Pass,None,2025-08-01
SMP015844,9,1,Pass,None,2025-08-01
SMP015845,2,8,Pass,None,2025-08-01
SMP015846,17,10,Fail,Formalin,2025-08-01
SMP015847,19,12,Pass,None,2025-08-01
SMP015848,21,16,Fail,Formalin,2025-08-01
SMP015849,5,4,Pass,None,2025-08-01
SMP015850,13,5,Pass,None,2025-08-01
SMP015851,5,5,Fail,Urea,2025-08-01
SMP015852,18,12,Pass,None,2025-08-01
SMP015853,5,15,Pass,None,2025-08-01
SMP015854,24,16,Pass,None,2025-08-01
SMP015855,6,16,Fail,Chalk Powder,2025-08-01
SMP015856,8,15,Pass,None,2025-08-01
SMP015857,23,16,Pass,None,2025-08-01
SMP015858,13,6,Pass,None,2025-08-01
SMP015859,1,16,Pass,None,2025-08-01
SMP015860,14,13,Pass,None,2025-08-01
SMP015861,3,3,Pass,None,2025-08-01
SMP015862,26,1,Pass,None,2025-08-01
SMP015863,17,4,Fail,Formalin,2025-08-01
SMP015864,7,13,Pass,None,2025-08-02
SMP015865,16,11,Pass,None,2025-08-02
SMP015866,2,4,Pass,None,2025-08-02
SMP015867,22,12,Pass,None,2025-08-02
SMP015868,24,2,Pass,None,2025-08-02
SMP015869,23,14,Pass,None,2025-08-02
SMP015870,9,13,Pass,None,2025-08-02
SMP015871,9,16,Fail,Starch,2025-08-02
SMP015872,1,3,Pass,None,2025-08-02
SMP015873,18,15,Fail,Detergent,2025-08-02
SMP015874,16,5,Pass,None,2025-08-02
SMP015875,13,6,Fail,Detergent,2025-08-02
SMP015876,24,7,Fail,Synthetic Color,2025-08-02
SMP015877,5,10,Pass,None,2025-08-02
SMP015878,1,16,Fail,Urea,2025-08-02
SMP015879,2,10,Pass,None,2025-08-02
SMP015880,6,15,Fail,Synthetic Color,2025-08-02
SMP015881,1,4,Fail,Synthetic Color,2025-08-02
SMP015882,14,6,Pass,None,2025-08-02
SMP015883,8,8,Pass,None,2025-08-02
SMP015884,5,5,Pass,None,2025-08-02
SMP015885,21,16,Fail,Detergent,2025-08-02
SMP015886,5,12,Pass,None,2025-08-02
SMP015887,19,7,Pass,None,2025-08-02
SMP015888,9,12,Pass,None,2025-08-02
SMP015889,15,7,Pass,None,2025-08-02
SMP015890,24,1,Pass,None,2025-08-02
SMP015891,2,9,Pass,None,2025-08-03
SMP015892,14,10,Pass,None,2025-08-03
SMP015893,23,16,Pass,None,2025-08-03
SMP015894,17,1,Pass,None,2025-08-03
SMP015895,7,8,Fail,Chalk Powder,2025-08-03
SMP015896,10,2,Pass,None,2025-08-03
SMP015897,19,3,Pass,None,2025-08-03
SMP015898,24,10,Pass,None,2025-08-03
SMP015899,2,4,Pass,None,2025-08-03
SMP015900,2,12,Pass,None,2025-08-03
SMP015901,9,8,Pass,None,2025-08-03
SMP015902,6,4,Pass,None,2025-08-03
SMP015903,7,8,Fail,Chalk Powder,2025-08-03
SMP015904,6,1,Fail,Starch,2025-08-03
SMP015905,5,15,Fail,Urea,2025-08-03
SMP015906,4,1,Fail,Urea,2025-08-03
SMP015907,24,1,Fail,Urea,2025-08-03
SMP015908,5,10,Pass,None,2025-08-03
SMP015909,5,16,Fail,Starch,2025-08-03
SMP015910,7,14,Fail,Urea,2025-08-03
SMP015911,24,4,Pass,None,2025-08-03
SMP015912,21,3,Pass,None,2025-08-03
SMP015913,22,10,Pass,None,2025-08-03
SMP015914,3,14,Fail,Formalin,2025-08-03
SMP015915,23,6,Pass,None,2025-08-03
SMP015916,11,6,Pass,None,2025-08-03
SMP015917,7,2,Fail,Starch,2025-08-03
SMP015918,17,3,Pass,None,2025-08-03
SMP015919,22,9,Fail,Synthetic Color,2025-08-04
SMP015920,22,2,Pass,None,2025-08-04
SMP015921,24,4,Pass,None,2025-08-04
SMP015922,24,4,Fail,Formalin,2025-08-04
SMP015923,6,7,Pass,None,2025-08-04
SMP015924,12,1,Pass,None,2025-08-04
SMP015925,1,8,Pass,None,2025-08-04
SMP015926,23,15,Pass,None,2025-08-04
SMP015927,5,1,Fail,Chalk Powder,2025-08-04
SMP015928,23,11,Fail,Synthetic Color,2025-08-04
SMP015929,9,14,Pass,None,2025-08-04
SMP015930,9,5,Pass,None,2025-08-04
SMP015931,2,2,Pass,None,2025-08-04
SMP015932,9,1,Pass,None,2025-08-04
SMP015933,24,11,Fail,Urea,2025-08-04
SMP015934,1,9,Pass,None,2025-08-04
SMP015935,11,4,Pass,None,2025-08-04
SMP015936,1,14,Pass,None,2025-08-04
SMP015937,9,12,Pass,None,2025-08-04
SMP015938,5,4,Fail,Starch,2025-08-04
SMP015939,7,12,Pass,None,2025-08-04
SMP015940,23,4,Pass,None,2025-08-04
SMP015941,12,11,Pass,None,2025-08-04
SMP015942,7,2,Pass,None,2025-08-04
SMP015943,17,11,Pass,None,2025-08-04
SMP015944,5,4,Pass,None,2025-08-04
SMP015945,7,9,Fail,Chalk Powder,2025-08-04
SMP015946,16,3,Pass,None,2025-08-05
SMP015947,6,12,Pass,None,2025-08-05
SMP015948,19,1,Pass,None,2025-08-05
SMP015949,14,3,Pass,None,2025-08-05
SMP015950,21,3,Pass,None,2025-08-05
SMP015951,25,1,Fail,Formalin,2025-08-05
SMP015952,4,12,Fail,Starch,2025-08-05
SMP015953,9,16,Pass,None,2025-08-05
SMP015954,9,13,Pass,None,2025-08-05
SMP015955,5,14,Pass,None,2025-08-05
SMP015956,22,1,Pass,None,2025-08-05
SMP015957,21,2,Pass,None,2025-08-05
SMP015958,14,9,Pass,None,2025-08-05
SMP015959,16,16,Pass,None,2025-08-05
SMP015960,2,11,Pass,None,2025-08-05
SMP015961,16,6,Pass,None,2025-08-05
SMP015962,22,3,Pass,None,2025-08-05
SMP015963,17,3,Fail,Starch,2025-08-05
SMP015964,7,6,Pass,None,2025-08-05
SMP015965,18,12,Pass,None,2025-08-05
SMP015966,9,1,Pass,None,2025-08-05
SMP015967,16,14,Pass,None,2025-08-05
SMP015968,14,16,Pass,None,2025-08-05
SMP015969,10,15,Pass,None,2025-08-05
SMP015970,19,15,Pass,None,2025-08-05
SMP015971,23,1,Pass,None,2025-08-05
SMP015972,1,16,Pass,None,2025-08-05
SMP015973,24,6,Pass,None,2025-08-06
SMP015974,15,15,Pass,None,2025-08-06
SMP015975,19,3,Pass,None,2025-08-06
SMP015976,23,7,Pass,None,2025-08-06
SMP015977,13,1,Fail,Chalk Powder,2025-08-06
SMP015978,23,1,Pass,None,2025-08-06
SMP015979,5,16,Pass,None,2025-08-06
SMP015980,5,13,Pass,None,2025-08-06
SMP015981,18,9,Pass,None,2025-08-06
SMP015982,23,8,Fail,Starch,2025-08-06
SMP015983,24,12,Pass,None,2025-08-06
SMP015984,18,5,Pass,None,2025-08-06
SMP015985,15,13,Pass,None,2025-08-06
SMP015986,9,8,Pass,None,2025-08-06
SMP015987,25,11,Pass,None,2025-08-06
SMP015988,9,16,Pass,None,2025-08-06
SMP015989,21,7,Pass,None,2025-08-06
SMP015990,16,6,Pass,None,2025-08-06
SMP015991,17,15,Pass,None,2025-08-06
SMP015992,10,15,Pass,None,2025-08-06
SMP015993,25,16,Fail,Synthetic Color,2025-08-06
SMP015994,16,9,Pass,None,2025-08-06
SMP015995,25,5,Pass,None,2025-08-06
SMP015996,1,4,Pass,None,2025-08-06
SMP015997,16,1,Fail,Starch,2025-08-06
SMP015998,19,12,Pass,None,2025-08-06
SMP015999,21,4,Pass,None,2025-08-06
SMP016000,24,10,Pass,None,2025-08-06
SMP016001,1,15,Pass,None,2025-08-07
SMP016002,1,16,Pass,None,2025-08-07
SMP016003,13,1,Pass,None,2025-08-07
SMP016004,1,5,Pass,None,2025-08-07
SMP016005,25,14,Pass,None,2025-08-07
SMP016006,6,9,Pass,None,2025-08-07
SMP016007,13,13,Pass,None,2025-08-07
SMP016008,2,14,Pass,None,2025-08-07
SMP016009,15,7,Pass,None,2025-08-07
SMP016010,10,5,Pass,None,2025-08-07
SMP016011,2,7,Pass,None,2025-08-07
SMP016012,9,11,Pass,None,2025-08-07
SMP016013,10,6,Pass,None,2025-08-07
SMP016014,26,13,Pass,None,2025-08-07
SMP016015,5,15,Pass,None,2025-08-07
SMP016016,16,5,Pass,None,2025-08-07
SMP016017,26,16,Pass,None,2025-08-07
SMP016018,22,10,Pass,None,2025-08-07
SMP016019,26,15,Pass,None,2025-08-07
SMP016020,25,2,Pass,None,2025-08-07
SMP016021,14,4,Pass,None,2025-08-07
SMP016022,19,5,Fail,Urea,2025-08-07
SMP016023,3,5,Pass,None,2025-08-07
SMP016024,12,3,Pass,None,2025-08-07
SMP016025,22,15,Pass,None,2025-08-07
SMP016026,15,6,Pass,None,2025-08-07
SMP016027,19,16,Pass,None,2025-08-07
SMP016028,21,10,Pass,None,2025-08-08
SMP016029,7,2,Pass,None,2025-08-08
SMP016030,23,9,Fail,Formalin,2025-08-08
SMP016031,13,16,Pass,None,2025-08-08
SMP016032,6,9,Pass,None,2025-08-08
SMP016033,23,1,Pass,None,2025-08-08
SMP016034,12,16,Fail,Detergent,2025-08-08
SMP016035,21,4,Fail,Starch,2025-08-08
SMP016036,16,11,Pass,None,2025-08-08
SMP016037,10,8,Pass,None,2025-08-08
SMP016038,22,5,Pass,None,2025-08-08
SMP016039,17,5,Pass,None,2025-08-08
SMP016040,10,15,Fail,Formalin,2025-08-08
SMP016041,3,15,Pass,None,2025-08-08
SMP016042,24,8,Pass,None,2025-08-08
SMP016043,1,4,Fail,Synthetic Color,2025-08-08
SMP016044,23,2,Fail,Synthetic Color,2025-08-08
SMP016045,9,3,Fail,Starch,2025-08-08
SMP016046,18,8,Fail,Chalk Powder,2025-08-08
SMP016047,24,5,Pass,None,2025-08-08
SMP016048,5,1,Pass,None,2025-08-08
SMP016049,16,7,Pass,None,2025-08-08
SMP016050,21,12,Pass,None,2025-08-08
SMP016051,21,15,Pass,None,2025-08-08
SMP016052,15,10,Pass,None,2025-08-08
SMP016053,17,12,Pass,None,2025-08-08
SMP016054,21,6,Fail,Chalk Powder,2025-08-08
SMP016055,23,8,Fail,Starch,2025-08-09
SMP016056,21,12,Pass,None,2025-08-09
SMP016057,9,12,Pass,None,2025-08-09
SMP016058,26,6,Pass,None,2025-08-09
SMP016059,12,9,Pass,None,2025-08-09
SMP016060,1,15,Pass,None,2025-08-09
SMP016061,9,11,Pass,None,2025-08-09
SMP016062,4,11,Pass,None,2025-08-09
SMP016063,4,13,Fail,Chalk Powder,2025-08-09
SMP016064,8,2,Pass,None,2025-08-09
SMP016065,2,8,Pass,None,2025-08-09
SMP016066,19,16,Fail,Urea,2025-08-09
SMP016067,2,6,Fail,Detergent,2025-08-09
SMP016068,5,5,Pass,None,2025-08-09
SMP016069,3,10,Pass,None,2025-08-09
SMP016070,2,4,Fail,Chalk Powder,2025-08-09
SMP016071,7,9,Fail,Starch,2025-08-09
SMP016072,16,3,Pass,None,2025-08-09
SMP016073,25,10,Fail,Starch,2025-08-09
SMP016074,23,10,Fail,Urea,2025-08-09
SMP016075,23,6,Pass,None,2025-08-09
SMP016076,5,6,Pass,None,2025-08-09
SMP016077,7,4,Pass,None,2025-08-09
SMP016078,2,5,Fail,Synthetic Color,2025-08-09
SMP016079,22,8,Pass,None,2025-08-09
SMP016080,2,4,Fail,Chalk Powder,2025-08-09
SMP016081,16,13,Pass,None,2025-08-09
SMP016082,7,12,Fail,Detergent,2025-08-09
SMP016083,7,4,Pass,None,2025-08-10
SMP016084,26,2,Pass,None,2025-08-10
SMP016085,21,1,Pass,None,2025-08-10
SMP016086,23,10,Fail,Synthetic Color,2025-08-10
SMP016087,16,4,Pass,None,2025-08-10
SMP016088,23,1,Pass,None,2025-08-10
SMP016089,18,5,Fail,Starch,2025-08-10
SMP016090,25,16,Fail,Detergent,2025-08-10
SMP016091,7,11,Pass,None,2025-08-10
SMP016092,17,14,Pass,None,2025-08-10
SMP016093,19,3,Pass,None,2025-08-10
SMP016094,10,1,Pass,None,2025-08-10
SMP016095,23,1,Pass,None,2025-08-10
SMP016096,25,16,Pass,None,2025-08-10
SMP016097,14,5,Pass,None,2025-08-10
SMP016098,10,7,Fail,Starch,2025-08-10
SMP016099,13,6,Pass,None,2025-08-10
SMP016100,23,12,Pass,None,2025-08-10
SMP016101,18,5,Fail,Urea,2025-08-10
SMP016102,2,9,Fail,Urea,2025-08-10
SMP016103,16,16,Pass,None,2025-08-10
SMP016104,1,7,Fail,Synthetic Color,2025-08-10
SMP016105,22,9,Pass,None,2025-08-10
SMP016106,9,8,Pass,None,2025-08-10
SMP016107,13,13,Pass,None,2025-08-10
SMP016108,22,4,Fail,Formalin,2025-08-10
SMP016109,2,3,Pass,None,2025-08-10
SMP016110,5,12,Pass,None,2025-08-11
SMP016111,10,6,Fail,Synthetic Color,2025-08-11
SMP016112,6,15,Fail,Detergent,2025-08-11
SMP016113,9,11,Pass,None,2025-08-11
SMP016114,26,9,Pass,None,2025-08-11
SMP016115,23,1,Fail,Urea,2025-08-11
SMP016116,23,12,Pass,None,2025-08-11
SMP016117,25,11,Pass,None,2025-08-11
SMP016118,9,11,Pass,None,2025-08-11
SMP016119,8,4,Fail,Synthetic Color,2025-08-11
SMP016120,6,16,Fail,Urea,2025-08-11
SMP016121,23,5,Fail,Formalin,2025-08-11
SMP016122,19,3,Pass,None,2025-08-11
SMP016123,6,16,Pass,None,2025-08-11
SMP016124,9,12,Fail,Synthetic Color,2025-08-11
SMP016125,15,6,Pass,None,2025-08-11
SMP016126,15,16,Pass,None,2025-08-11
SMP016127,24,2,Fail,Urea,2025-08-11
SMP016128,10,2,Pass,None,2025-08-11
SMP016129,24,11,Fail,Starch,2025-08-11
SMP016130,12,3,Pass,None,2025-08-11
SMP016131,21,15,Pass,None,2025-08-11
SMP016132,24,14,Pass,None,2025-08-11
SMP016133,24,5,Fail,Chalk Powder,2025-08-11
SMP016134,2,15,Fail,Formalin,2025-08-11
SMP016135,5,1,Fail,Chalk Powder,2025-08-11
SMP016136,14,9,Fail,Starch,2025-08-11
SMP016137,12,16,Pass,None,2025-08-11
SMP016138,18,14,Pass,None,2025-08-12
SMP016139,25,5,Pass,None,2025-08-12
SMP016140,3,3,Pass,None,2025-08-12
SMP016141,13,4,Pass,None,2025-08-12
SMP016142,5,8,Fail,Chalk Powder,2025-08-12
SMP016143,24,10,Pass,None,2025-08-12
SMP016144,25,1,Fail,Detergent,2025-08-12
SMP016145,14,6,Pass,None,2025-08-12
SMP016146,3,14,Pass,None,2025-08-12
SMP016147,22,7,Fail,Formalin,2025-08-12
SMP016148,19,3,Pass,None,2025-08-12
SMP016149,9,16,Pass,None,2025-08-12
SMP016150,24,4,Pass,None,2025-08-12
SMP016151,25,13,Fail,Urea,2025-08-12
SMP016152,16,3,Pass,None,2025-08-12
SMP016153,16,6,Fail,Starch,2025-08-12
SMP016154,8,8,Pass,None,2025-08-12
SMP016155,17,8,Fail,Detergent,2025-08-12
SMP016156,12,8,Pass,None,2025-08-12
SMP016157,8,4,Pass,None,2025-08-12
SMP016158,2,8,Pass,None,2025-08-12
SMP016159,7,8,Pass,None,2025-08-12
SMP016160,5,4,Pass,None,2025-08-12
SMP016161,16,16,Pass,None,2025-08-12
SMP016162,17,15,Pass,None,2025-08-12
SMP016163,17,15,Fail,Starch,2025-08-12
SMP016164,10,11,Pass,None,2025-08-12
SMP016165,12,3,Fail,Formalin,2025-08-13
SMP016166,23,9,Pass,None,2025-08-13
SMP016167,14,14,Fail,Chalk Powder,2025-08-13
SMP016168,26,1,Pass,None,2025-08-13
SMP016169,12,8,Pass,None,2025-08-13
SMP016170,18,6,Pass,None,2025-08-13
SMP016171,2,4,Fail,Starch,2025-08-13
SMP016172,18,6,Pass,None,2025-08-13
SMP016173,23,16,Pass,None,2025-08-13
SMP016174,25,12,Fail,Starch,2025-08-13
SMP016175,26,5,Pass,None,2025-08-13
SMP016176,8,10,Pass,None,2025-08-13
SMP016177,17,4,Fail,Synthetic Color,2025-08-13
SMP016178,13,10,Pass,None,2025-08-13
SMP016179,16,15,Fail,Urea,2025-08-13
SMP016180,5,9,Pass,None,2025-08-13
SMP016181,23,12,Fail,Starch,2025-08-13
SMP016182,24,7,Pass,None,2025-08-13
SMP016183,13,8,Pass,None,2025-08-13
SMP016184,7,11,Pass,None,2025-08-13
SMP016185,5,13,Fail,Synthetic Color,2025-08-13
SMP016186,19,11,Pass,None,2025-08-13
SMP016187,8,16,Fail,Chalk Powder,2025-08-13
SMP016188,24,14,Pass,None,2025-08-13
SMP016189,19,13,Pass,None,2025-08-13
SMP016190,18,14,Fail,Urea,2025-08-13
SMP016191,16,4,Fail,Formalin,2025-08-13
SMP016192,2,6,Pass,None,2025-08-14
SMP016193,24,9,Fail,Formalin,2025-08-14
SMP016194,17,7,Fail,Synthetic Color,2025-08-14
SMP016195,26,14,Fail,Synthetic Color,2025-08-14
SMP016196,16,1,Pass,None,2025-08-14
SMP016197,19,4,Fail,Formalin,2025-08-14
SMP016198,2,15,Pass,None,2025-08-14
SMP016199,17,1,Pass,None,2025-08-14
SMP016200,21,4,Pass,None,2025-08-14
SMP016201,22,5,Pass,None,2025-08-14
SMP016202,21,12,Pass,None,2025-08-14
SMP016203,6,9,Pass,None,2025-08-14
SMP016204,25,16,Fail,Detergent,2025-08-14
SMP016205,26,4,Pass,None,2025-08-14
SMP016206,2,15,Pass,None,2025-08-14
SMP016207,25,5,Pass,None,2025-08-14
SMP016208,8,4,Fail,Chalk Powder,2025-08-14
SMP016209,19,8,Pass,None,2025-08-14
SMP016210,9,1,Pass,None,2025-08-14
SMP016211,25,6,Fail,Urea,2025-08-14
SMP016212,3,5,Pass,None,2025-08-14
SMP016213,14,3,Pass,None,2025-08-14
SMP016214,12,14,Pass,None,2025-08-14
SMP016215,9,6,Pass,None,2025-08-14
SMP016216,18,16,Fail,Urea,2025-08-14
SMP016217,4,15,Pass,None,2025-08-14
SMP016218,19,3,Pass,None,2025-08-14
SMP016219,25,8,Fail,Synthetic Color,2025-08-14
SMP016220,22,10,Fail,Chalk Powder,2025-08-15
SMP016221,23,14,Pass,None,2025-08-15
SMP016222,9,15,Pass,None,2025-08-15
SMP016223,9,10,Fail,Urea,2025-08-15
SMP016224,15,1,Pass,None,2025-08-15
SMP016225,2,8,Pass,None,2025-08-15
SMP016226,25,15,Pass,None,2025-08-15
SMP016227,5,12,Fail,Detergent,2025-08-15
SMP016228,24,15,Fail,Urea,2025-08-15
SMP016229,3,11,Fail,Synthetic Color,2025-08-15
SMP016230,22,1,Fail,Starch,2025-08-15
SMP016231,5,16,Pass,None,2025-08-15
SMP016232,2,15,Fail,Starch,2025-08-15
SMP016233,19,2,Fail,Synthetic Color,2025-08-15
SMP016234,7,2,Pass,None,2025-08-15
SMP016235,19,9,Pass,None,2025-08-15
SMP016236,16,12,Fail,Starch,2025-08-15
SMP016237,3,6,Pass,None,2025-08-15
SMP016238,24,2,Pass,None,2025-08-15
SMP016239,13,8,Pass,None,2025-08-15
SMP016240,20,5,Pass,None,2025-08-15
SMP016241,14,5,Fail,Chalk Powder,2025-08-15
SMP016242,17,11,Pass,None,2025-08-15
SMP016243,8,15,Pass,None,2025-08-15
SMP016244,5,9,Pass,None,2025-08-15
SMP016245,16,11,Fail,Urea,2025-08-15
SMP016246,12,11,Fail,Synthetic Color,2025-08-15
SMP016247,10,9,Fail,Synthetic Color,2025-08-16
SMP016248,19,5,Pass,None,2025-08-16
SMP016249,19,6,Pass,None,2025-08-16
SMP016250,2,5,Pass,None,2025-08-16
SMP016251,9,15,Fail,Synthetic Color,2025-08-16
SMP016252,11,14,Fail,Starch,2025-08-16
SMP016253,3,9,Pass,None,2025-08-16
SMP016254,6,15,Pass,None,2025-08-16
SMP016255,2,15,Pass,None,2025-08-16
SMP016256,26,15,Pass,None,2025-08-16
SMP016257,20,4,Pass,None,2025-08-16
SMP016258,3,12,Pass,None,2025-08-16
SMP016259,1,10,Pass,None,2025-08-16
SMP016260,19,12,Pass,None,2025-08-16
SMP016261,12,4,Pass,None,2025-08-16
SMP016262,22,11,Pass,None,2025-08-16
SMP016263,24,6,Pass,None,2025-08-16
SMP016264,17,14,Pass,None,2025-08-16
SMP016265,5,13,Fail,Formalin,2025-08-16
SMP016266,22,4,Pass,None,2025-08-16
SMP016267,25,3,Pass,None,2025-08-16
SMP016268,17,12,Pass,None,2025-08-16
SMP016269,19,9,Fail,Starch,2025-08-16
SMP016270,9,9,Pass,None,2025-08-16
SMP016271,10,12,Fail,Synthetic Color,2025-08-16
SMP016272,20,14,Pass,None,2025-08-16
SMP016273,24,4,Fail,Urea,2025-08-16
SMP016274,17,9,Pass,None,2025-08-16
SMP016275,22,14,Pass,None,2025-08-17
SMP016276,5,15,Fail,Chalk Powder,2025-08-17
SMP016277,6,5,Fail,Formalin,2025-08-17
SMP016278,16,2,Fail,Synthetic Color,2025-08-17
SMP016279,5,4,Pass,None,2025-08-17
SMP016280,18,16,Fail,Chalk Powder,2025-08-17
SMP016281,8,7,Pass,None,2025-08-17
SMP016282,22,6,Pass,None,2025-08-17
SMP016283,22,1,Pass,None,2025-08-17
SMP016284,13,1,Pass,None,2025-08-17
SMP016285,5,11,Pass,None,2025-08-17
SMP016286,18,10,Pass,None,2025-08-17
SMP016287,26,9,Pass,None,2025-08-17
SMP016288,17,2,Fail,Starch,2025-08-17
SMP016289,2,5,Pass,None,2025-08-17
SMP016290,1,13,Pass,None,2025-08-17
SMP016291,9,3,Pass,None,2025-08-17
SMP016292,5,15,Pass,None,2025-08-17
SMP016293,22,2,Fail,Detergent,2025-08-17
SMP016294,23,3,Pass,None,2025-08-17
SMP016295,7,7,Pass,None,2025-08-17
SMP016296,9,16,Fail,Synthetic Color,2025-08-17
SMP016297,6,5,Fail,Urea,2025-08-17
SMP016298,24,11,Pass,None,2025-08-17
SMP016299,14,10,Pass,None,2025-08-17
SMP016300,18,3,Fail,Detergent,2025-08-17
SMP016301,12,4,Pass,None,2025-08-17
SMP016302,17,15,Pass,None,2025-08-18
SMP016303,10,3,Fail,Detergent,2025-08-18
SMP016304,9,11,Pass,None,2025-08-18
SMP016305,17,16,Pass,None,2025-08-18
SMP016306,17,2,Fail,Starch,2025-08-18
SMP016307,8,6,Pass,None,2025-08-18
SMP016308,5,4,Fail,Starch,2025-08-18
SMP016309,9,4,Pass,None,2025-08-18
SMP016310,12,2,Fail,Chalk Powder,2025-08-18
SMP016311,17,11,Pass,None,2025-08-18
SMP016312,24,12,Fail,Formalin,2025-08-18
SMP016313,2,11,Fail,Synthetic Color,2025-08-18
SMP016314,7,15,Fail,Chalk Powder,2025-08-18
SMP016315,5,3,Fail,Formalin,2025-08-18
SMP016316,14,5,Pass,None,2025-08-18
SMP016317,12,5,Pass,None,2025-08-18
SMP016318,20,4,Pass,None,2025-08-18
SMP016319,7,2,Pass,None,2025-08-18
SMP016320,17,8,Fail,Formalin,2025-08-18
SMP016321,23,14,Pass,None,2025-08-18
SMP016322,24,16,Fail,Detergent,2025-08-18
SMP016323,25,2,Pass,None,2025-08-18
SMP016324,21,14,Pass,None,2025-08-18
SMP016325,24,14,Pass,None,2025-08-18
SMP016326,6,6,Pass,None,2025-08-18
SMP016327,5,2,Pass,None,2025-08-18
SMP016328,1,16,Pass,None,2025-08-18
SMP016329,19,11,Pass,None,2025-08-19
SMP016330,25,16,Fail,Starch,2025-08-19
SMP016331,5,8,Pass,None,2025-08-19
SMP016332,18,6,Pass,None,2025-08-19
SMP016333,21,4,Fail,Detergent,2025-08-19
SMP016334,24,16,Fail,Synthetic Color,2025-08-19
SMP016335,18,4,Fail,Formalin,2025-08-19
SMP016336,25,1,Pass,None,2025-08-19
SMP016337,9,8,Fail,Formalin,2025-08-19
SMP016338,9,6,Pass,None,2025-08-19
SMP016339,16,4,Fail,Synthetic Color,2025-08-19
SMP016340,10,11,Pass,None,2025-08-19
SMP016341,1,6,Pass,None,2025-08-19
SMP016342,20,6,Fail,Chalk Powder,2025-08-19
SMP016343,21,1,Pass,None,2025-08-19
SMP016344,21,10,Pass,None,2025-08-19
SMP016345,9,2,Pass,None,2025-08-19
SMP016346,15,4,Pass,None,2025-08-19
SMP016347,9,12,Fail,Formalin,2025-08-19
SMP016348,1,5,Pass,None,2025-08-19
SMP016349,16,3,Fail,Starch,2025-08-19
SMP016350,4,9,Fail,Starch,2025-08-19
SMP016351,3,4,Fail,Formalin,2025-08-19
SMP016352,21,4,Fail,Synthetic Color,2025-08-19
SMP016353,1,10,Pass,None,2025-08-19
SMP016354,25,12,Pass,None,2025-08-19
SMP016355,15,12,Pass,None,2025-08-19
SMP016356,26,8,Fail,Detergent,2025-08-19
SMP016357,2,7,Fail,Formalin,2025-08-20
SMP016358,17,13,Pass,None,2025-08-20
SMP016359,9,3,Pass,None,2025-08-20
SMP016360,23,3,Pass,None,2025-08-20
SMP016361,9,11,Pass,None,2025-08-20
SMP016362,7,6,Fail,Urea,2025-08-20
SMP016363,23,12,Pass,None,2025-08-20
SMP016364,9,4,Pass,None,2025-08-20
SMP016365,1,5,Fail,Starch,2025-08-20
SMP016366,10,15,Pass,None,2025-08-20
SMP016367,18,6,Fail,Urea,2025-08-20
SMP016368,7,10,Fail,Urea,2025-08-20
SMP016369,12,2,Pass,None,2025-08-20
SMP016370,2,3,Pass,None,2025-08-20
SMP016371,17,1,Pass,None,2025-08-20
SMP016372,21,6,Pass,None,2025-08-20
SMP016373,12,16,Pass,None,2025-08-20
SMP016374,12,15,Pass,None,2025-08-20
SMP016375,3,11,Pass,None,2025-08-20
SMP016376,5,14,Pass,None,2025-08-20
SMP016377,5,10,Pass,None,2025-08-20
SMP016378,14,6,Pass,None,2025-08-20
SMP016379,16,3,Pass,None,2025-08-20
SMP016380,25,11,Fail,Urea,2025-08-20
SMP016381,2,3,Pass,None,2025-08-20
SMP016382,17,6,Pass,None,2025-08-20
SMP016383,15,14,Pass,None,2025-08-20
SMP016384,15,2,Pass,None,2025-08-21
SMP016385,23,2,Pass,None,2025-08-21
SMP016386,5,4,Fail,Formalin,2025-08-21
SMP016387,2,9,Pass,None,2025-08-21
SMP016388,19,4,Pass,None,2025-08-21
SMP016389,9,8,Fail,Formalin,2025-08-21
SMP016390,1,5,Fail,Urea,2025-08-21
SMP016391,7,8,Fail,Formalin,2025-08-21
SMP016392,8,4,Pass,None,2025-08-21
SMP016393,17,16,Pass,None,2025-08-21
SMP016394,5,8,Fail,Urea,2025-08-21
SMP016395,11,12,Pass,None,2025-08-21
SMP016396,14,12,Pass,None,2025-08-21
SMP016397,13,8,Pass,None,2025-08-21
SMP016398,25,4,Fail,Urea,2025-08-21
SMP016399,2,8,Pass,None,2025-08-21
SMP016400,25,11,Pass,None,2025-08-21
SMP016401,17,7,Fail,Chalk Powder,2025-08-21
SMP016402,22,2,Fail,Detergent,2025-08-21
SMP016403,12,1,Pass,None,2025-08-21
SMP016404,13,5,Pass,None,2025-08-21
SMP016405,23,3,Pass,None,2025-08-21
SMP016406,24,15,Pass,None,2025-08-21
SMP016407,6,3,Pass,None,2025-08-21
SMP016408,5,6,Pass,None,2025-08-21
SMP016409,14,12,Pass,None,2025-08-21
SMP016410,24,14,Fail,Chalk Powder,2025-08-21
SMP016411,9,7,Pass,None,2025-08-21
SMP016412,18,3,Pass,None,2025-08-22
SMP016413,19,4,Fail,Detergent,2025-08-22
SMP016414,22,6,Pass,None,2025-08-22
SMP016415,16,6,Fail,Detergent,2025-08-22
SMP016416,11,5,Pass,None,2025-08-22
SMP016417,25,2,Pass,None,2025-08-22
SMP016418,17,15,Pass,None,2025-08-22
SMP016419,20,1,Pass,None,2025-08-22
SMP016420,9,7,Pass,None,2025-08-22
SMP016421,19,16,Pass,None,2025-08-22
SMP016422,7,11,Pass,None,2025-08-22
SMP016423,7,5,Pass,None,2025-08-22
SMP016424,19,3,Pass,None,2025-08-22
SMP016425,15,16,Fail,Synthetic Color,2025-08-22
SMP016426,19,1,Pass,None,2025-08-22
SMP016427,7,11,Pass,None,2025-08-22
SMP016428,17,15,Pass,None,2025-08-22
SMP016429,13,1,Pass,None,2025-08-22
SMP016430,17,12,Pass,None,2025-08-22
SMP016431,8,16,Fail,Starch,2025-08-22
SMP016432,19,11,Pass,None,2025-08-22
SMP016433,22,6,Pass,None,2025-08-22
SMP016434,7,15,Pass,None,2025-08-22
SMP016435,8,9,Fail,Formalin,2025-08-22
SMP016436,18,12,Fail,Detergent,2025-08-22
SMP016437,19,10,Pass,None,2025-08-22
SMP016438,19,1,Pass,None,2025-08-22
SMP016439,19,4,Fail,Starch,2025-08-23
SMP016440,10,2,Fail,Starch,2025-08-23
SMP016441,10,2,Pass,None,2025-08-23
SMP016442,7,1,Pass,None,2025-08-23
SMP016443,5,6,Pass,None,2025-08-23
SMP016444,19,3,Fail,Chalk Powder,2025-08-23
SMP016445,3,14,Pass,None,2025-08-23
SMP016446,25,12,Pass,None,2025-08-23
SMP016447,23,9,Pass,None,2025-08-23
SMP016448,23,8,Fail,Formalin,2025-08-23
SMP016449,24,4,Pass,None,2025-08-23
SMP016450,11,7,Fail,Chalk Powder,2025-08-23
SMP016451,23,11,Pass,None,2025-08-23
SMP016452,5,13,Pass,None,2025-08-23
SMP016453,1,2,Pass,None,2025-08-23
SMP016454,22,12,Pass,None,2025-08-23
SMP016455,2,12,Pass,None,2025-08-23
SMP016456,26,9,Pass,None,2025-08-23
SMP016457,19,4,Pass,None,2025-08-23
SMP016458,21,9,Pass,None,2025-08-23
SMP016459,7,8,Pass,None,2025-08-23
SMP016460,19,7,Pass,None,2025-08-23
SMP016461,2,7,Pass,None,2025-08-23
SMP016462,23,2,Pass,None,2025-08-23
SMP016463,5,3,Pass,None,2025-08-23
SMP016464,19,2,Fail,Synthetic Color,2025-08-23
SMP016465,6,4,Pass,None,2025-08-23
SMP016466,2,4,Pass,None,2025-08-24
SMP016467,14,4,Fail,Urea,2025-08-24
SMP016468,5,4,Fail,Detergent,2025-08-24
SMP016469,20,12,Pass,None,2025-08-24
SMP016470,6,14,Pass,None,2025-08-24
SMP016471,9,5,Pass,None,2025-08-24
SMP016472,16,5,Fail,Synthetic Color,2025-08-24
SMP016473,8,14,Pass,None,2025-08-24
SMP016474,10,10,Pass,None,2025-08-24
SMP016475,22,5,Pass,None,2025-08-24
SMP016476,5,12,Pass,None,2025-08-24
SMP016477,3,5,Pass,None,2025-08-24
SMP016478,9,10,Pass,None,2025-08-24
SMP016479,12,16,Pass,None,2025-08-24
SMP016480,16,5,Pass,None,2025-08-24
SMP016481,9,15,Pass,None,2025-08-24
SMP016482,22,5,Fail,Formalin,2025-08-24
SMP016483,2,9,Pass,None,2025-08-24
SMP016484,12,7,Pass,None,2025-08-24
SMP016485,10,13,Fail,Synthetic Color,2025-08-24
SMP016486,18,1,Pass,None,2025-08-24
SMP016487,25,10,Pass,None,2025-08-24
SMP016488,15,13,Pass,None,2025-08-24
SMP016489,26,7,Fail,Chalk Powder,2025-08-24
SMP016490,8,2,Pass,None,2025-08-24
SMP016491,1,4,Fail,Starch,2025-08-24
SMP016492,5,11,Pass,None,2025-08-24
SMP016493,10,15,Pass,None,2025-08-24
SMP016494,8,6,Pass,None,2025-08-25
SMP016495,3,9,Pass,None,2025-08-25
SMP016496,12,4,Fail,Synthetic Color,2025-08-25
SMP016497,9,6,Pass,None,2025-08-25
SMP016498,4,5,Pass,None,2025-08-25
SMP016499,8,11,Fail,Detergent,2025-08-25
SMP016500,24,16,Pass,None,2025-08-25
SMP016501,8,13,Pass,None,2025-08-25
SMP016502,19,3,Pass,None,2025-08-25
SMP016503,17,9,Pass,None,2025-08-25
SMP016504,12,1,Pass,None,2025-08-25
SMP016505,6,4,Fail,Synthetic Color,2025-08-25
SMP016506,9,3,Fail,Synthetic Color,2025-08-25
SMP016507,17,5,Pass,None,2025-08-25
SMP016508,9,11,Fail,Starch,2025-08-25
SMP016509,6,8,Pass,None,2025-08-25
SMP016510,4,15,Pass,None,2025-08-25
SMP016511,23,4,Pass,None,2025-08-25
SMP016512,12,6,Pass,None,2025-08-25
SMP016513,17,5,Pass,None,2025-08-25
SMP016514,14,4,Fail,Chalk Powder,2025-08-25
SMP016515,23,16,Pass,None,2025-08-25
SMP016516,16,6,Pass,None,2025-08-25
SMP016517,14,16,Pass,None,2025-08-25
SMP016518,24,6,Pass,None,2025-08-25
SMP016519,19,4,Pass,None,2025-08-25
SMP016520,3,2,Pass,None,2025-08-25
SMP016521,5,14,Pass,None,2025-08-26
SMP016522,22,1,Pass,None,2025-08-26
SMP016523,23,16,Pass,None,2025-08-26
SMP016524,16,6,Pass,None,2025-08-26
SMP016525,16,4,Fail,Synthetic Color,2025-08-26
SMP016526,17,10,Pass,None,2025-08-26
SMP016527,12,2,Pass,None,2025-08-26
SMP016528,19,1,Pass,None,2025-08-26
SMP016529,3,14,Fail,Starch,2025-08-26
SMP016530,25,6,Fail,Detergent,2025-08-26
SMP016531,21,8,Pass,None,2025-08-26
SMP016532,17,3,Fail,Detergent,2025-08-26
SMP016533,8,1,Fail,Urea,2025-08-26
SMP016534,5,6,Pass,None,2025-08-26
SMP016535,11,8,Pass,None,2025-08-26
SMP016536,18,13,Pass,None,2025-08-26
SMP016537,17,8,Pass,None,2025-08-26
SMP016538,10,13,Fail,Chalk Powder,2025-08-26
SMP016539,17,2,Pass,None,2025-08-26
SMP016540,22,1,Fail,Urea,2025-08-26
SMP016541,1,3,Pass,None,2025-08-26
SMP016542,13,13,Fail,Starch,2025-08-26
SMP016543,21,13,Pass,None,2025-08-26
SMP016544,16,2,Pass,None,2025-08-26
SMP016545,18,1,Pass,None,2025-08-26
SMP016546,15,11,Fail,Urea,2025-08-26
SMP016547,26,14,Pass,None,2025-08-26
SMP016548,2,12,Pass,None,2025-08-26
SMP016549,14,4,Pass,None,2025-08-27
SMP016550,3,10,Pass,None,2025-08-27
SMP016551,5,12,Pass,None,2025-08-27
SMP016552,10,4,Pass,None,2025-08-27
SMP016553,5,9,Fail,Urea,2025-08-27
SMP016554,25,5,Pass,None,2025-08-27
SMP016555,25,4,Fail,Formalin,2025-08-27
SMP016556,9,16,Pass,None,2025-08-27
SMP016557,18,15,Pass,None,2025-08-27
SMP016558,16,7,Pass,None,2025-08-27
SMP016559,22,2,Fail,Urea,2025-08-27
SMP016560,17,12,Pass,None,2025-08-27
SMP016561,1,4,Pass,None,2025-08-27
SMP016562,21,3,Pass,None,2025-08-27
SMP016563,21,6,Fail,Chalk Powder,2025-08-27
SMP016564,15,9,Pass,None,2025-08-27
SMP016565,24,2,Fail,Synthetic Color,2025-08-27
SMP016566,24,9,Fail,Detergent,2025-08-27
SMP016567,15,1,Fail,Urea,2025-08-27
SMP016568,17,15,Pass,None,2025-08-27
SMP016569,26,15,Pass,None,2025-08-27
SMP016570,8,12,Pass,None,2025-08-27
SMP016571,9,7,Pass,None,2025-08-27
SMP016572,5,4,Pass,None,2025-08-27
SMP016573,24,12,Pass,None,2025-08-27
SMP016574,21,15,Pass,None,2025-08-27
SMP016575,3,3,Pass,None,2025-08-27
SMP016576,26,7,Pass,None,2025-08-28
SMP016577,20,5,Fail,Starch,2025-08-28
SMP016578,23,5,Fail,Formalin,2025-08-28
SMP016579,2,6,Fail,Formalin,2025-08-28
SMP016580,15,16,Pass,None,2025-08-28
SMP016581,19,4,Pass,None,2025-08-28
SMP016582,16,8,Pass,None,2025-08-28
SMP016583,18,16,Pass,None,2025-08-28
SMP016584,22,7,Pass,None,2025-08-28
SMP016585,9,15,Pass,None,2025-08-28
SMP016586,23,1,Fail,Detergent,2025-08-28
SMP016587,5,16,Fail,Detergent,2025-08-28
SMP016588,7,3,Pass,None,2025-08-28
SMP016589,2,16,Pass,None,2025-08-28
SMP016590,9,3,Pass,None,2025-08-28
SMP016591,10,7,Pass,None,2025-08-28
SMP016592,22,5,Pass,None,2025-08-28
SMP016593,18,6,Pass,None,2025-08-28
SMP016594,12,4,Pass,None,2025-08-28
SMP016595,18,16,Pass,None,2025-08-28
SMP016596,2,5,Fail,Starch,2025-08-28
SMP016597,5,11,Pass,None,2025-08-28
SMP016598,17,2,Pass,None,2025-08-28
SMP016599,18,14,Pass,None,2025-08-28
SMP016600,21,9,Pass,None,2025-08-28
SMP016601,11,16,Fail,Starch,2025-08-28
SMP016602,19,6,Fail,Chalk Powder,2025-08-28
SMP016603,19,3,Fail,Chalk Powder,2025-08-29
SMP016604,25,5,Pass,None,2025-08-29
SMP016605,6,12,Pass,None,2025-08-29
SMP016606,16,11,Fail,Starch,2025-08-29
SMP016607,17,13,Pass,None,2025-08-29
SMP016608,26,1,Pass,None,2025-08-29
SMP016609,5,10,Pass,None,2025-08-29
SMP016610,15,15,Pass,None,2025-08-29
SMP016611,9,2,Pass,None,2025-08-29
SMP016612,15,2,Pass,None,2025-08-29
SMP016613,6,12,Pass,None,2025-08-29
SMP016614,2,5,Fail,Formalin,2025-08-29
SMP016615,16,11,Pass,None,2025-08-29
SMP016616,9,9,Pass,None,2025-08-29
SMP016617,5,16,Pass,None,2025-08-29
SMP016618,9,15,Pass,None,2025-08-29
SMP016619,2,11,Fail,Formalin,2025-08-29
SMP016620,25,4,Pass,None,2025-08-29
SMP016621,17,4,Fail,Starch,2025-08-29
SMP016622,22,15,Pass,None,2025-08-29
SMP016623,12,10,Pass,None,2025-08-29
SMP016624,24,13,Pass,None,2025-08-29
SMP016625,14,7,Pass,None,2025-08-29
SMP016626,17,2,Pass,None,2025-08-29
SMP016627,14,5,Pass,None,2025-08-29
SMP016628,20,3,Pass,None,2025-08-29
SMP016629,16,13,Fail,Urea,2025-08-29
SMP016630,7,12,Pass,None,2025-08-29
SMP016631,5,2,Fail,Chalk Powder,2025-08-30
SMP016632,17,10,Pass,None,2025-08-30
SMP016633,14,15,Pass,None,2025-08-30
SMP016634,3,11,Fail,Urea,2025-08-30
SMP016635,10,8,Pass,None,2025-08-30
SMP016636,15,5,Pass,None,2025-08-30
SMP016637,23,15,Pass,None,2025-08-30
SMP016638,2,6,Pass,None,2025-08-30
SMP016639,9,14,Pass,None,2025-08-30
SMP016640,22,13,Pass,None,2025-08-30
SMP016641,18,14,Fail,Starch,2025-08-30
SMP016642,8,16,Pass,None,2025-08-30
SMP016643,23,12,Pass,None,2025-08-30
SMP016644,14,1,Pass,None,2025-08-30
SMP016645,14,4,Pass,None,2025-08-30
SMP016646,25,1,Fail,Starch,2025-08-30
SMP016647,25,3,Fail,Formalin,2025-08-30
SMP016648,9,1,Pass,None,2025-08-30
SMP016649,4,8,Fail,Urea,2025-08-30
SMP016650,9,1,Fail,Chalk Powder,2025-08-30
SMP016651,1,7,Pass,None,2025-08-30
SMP016652,1,15,Fail,Detergent,2025-08-30
SMP016653,10,12,Pass,None,2025-08-30
SMP016654,25,16,Pass,None,2025-08-30
SMP016655,23,4,Pass,None,2025-08-30
SMP016656,15,9,Fail,Detergent,2025-08-30
SMP016657,16,5,Pass,None,2025-08-30
SMP016658,1,8,Pass,None,2025-08-31
SMP016659,6,9,Pass,None,2025-08-31
SMP016660,1,1,Pass,None,2025-08-31
SMP016661,21,4,Pass,None,2025-08-31
SMP016662,5,12,Fail,Synthetic Color,2025-08-31
SMP016663,23,13,Pass,None,2025-08-31
SMP016664,18,9,Fail,Chalk Powder,2025-08-31
SMP016665,6,4,Fail,Detergent,2025-08-31
SMP016666,5,6,Pass,None,2025-08-31
SMP016667,17,2,Fail,Urea,2025-08-31
SMP016668,24,16,Pass,None,2025-08-31
SMP016669,19,15,Pass,None,2025-08-31
SMP016670,9,1,Pass,None,2025-08-31
SMP016671,17,3,Pass,None,2025-08-31
SMP016672,8,10,Fail,Formalin,2025-08-31
SMP016673,26,4,Pass,None,2025-08-31
SMP016674,21,16,Pass,None,2025-08-31
SMP016675,17,12,Pass,None,2025-08-31
SMP016676,12,4,Pass,None,2025-08-31
SMP016677,17,1,Pass,None,2025-08-31
SMP016678,9,13,Fail,Urea,2025-08-31
SMP016679,1,6,Pass,None,2025-08-31
SMP016680,10,11,Pass,None,2025-08-31
SMP016681,24,5,Fail,Urea,2025-08-31
SMP016682,17,3,Pass,None,2025-08-31
SMP016683,3,11,Pass,None,2025-08-31
SMP016684,23,7,Pass,None,2025-08-31
SMP016685,7,4,Pass,None,2025-08-31
SMP016686,7,2,Pass,None,2025-09-01
SMP016687,8,10,Pass,None,2025-09-01
SMP016688,17,12,Pass,None,2025-09-01
SMP016689,16,5,Pass,None,2025-09-01
SMP016690,14,12,Pass,None,2025-09-01
SMP016691,19,3,Pass,None,2025-09-01
SMP016692,8,5,Pass,None,2025-09-01
SMP016693,22,12,Fail,Detergent,2025-09-01
SMP016694,5,11,Fail,Starch,2025-09-01
SMP016695,22,4,Pass,None,2025-09-01
SMP016696,18,2,Fail,Synthetic Color,2025-09-01
SMP016697,19,1,Pass,None,2025-09-01
SMP016698,14,14,Pass,None,2025-09-01
SMP016699,18,1,Pass,None,2025-09-01
SMP016700,3,2,Pass,None,2025-09-01
SMP016701,23,4,Pass,None,2025-09-01
SMP016702,2,7,Fail,Detergent,2025-09-01
SMP016703,5,13,Pass,None,2025-09-01
SMP016704,17,4,Pass,None,2025-09-01
SMP016705,21,9,Pass,None,2025-09-01
SMP016706,2,2,Pass,None,2025-09-01
SMP016707,24,7,Pass,None,2025-09-01
SMP016708,25,3,Pass,None,2025-09-01
SMP016709,17,4,Fail,Detergent,2025-09-01
SMP016710,14,6,Pass,None,2025-09-01
SMP016711,21,13,Pass,None,2025-09-01
SMP016712,9,12,Pass,None,2025-09-01
SMP016713,14,6,Fail,Detergent,2025-09-02
SMP016714,24,2,Pass,None,2025-09-02
SMP016715,25,4,Fail,Synthetic Color,2025-09-02
SMP016716,24,8,Pass,None,2025-09-02
SMP016717,7,15,Pass,None,2025-09-02
SMP016718,6,16,Pass,None,2025-09-02
SMP016719,8,11,Pass,None,2025-09-02
SMP016720,12,5,Pass,None,2025-09-02
SMP016721,8,11,Pass,None,2025-09-02
SMP016722,9,5,Fail,Formalin,2025-09-02
SMP016723,17,10,Fail,Chalk Powder,2025-09-02
SMP016724,21,4,Pass,None,2025-09-02
SMP016725,20,4,Pass,None,2025-09-02
SMP016726,22,1,Pass,None,2025-09-02
SMP016727,1,6,Pass,None,2025-09-02
SMP016728,2,10,Pass,None,2025-09-02
SMP016729,22,13,Pass,None,2025-09-02
SMP016730,16,13,Pass,None,2025-09-02
SMP016731,17,16,Pass,None,2025-09-02
SMP016732,2,2,Fail,Detergent,2025-09-02
SMP016733,7,8,Pass,None,2025-09-02
SMP016734,18,8,Fail,Formalin,2025-09-02
SMP016735,23,13,Pass,None,2025-09-02
SMP016736,24,4,Pass,None,2025-09-02
SMP016737,14,1,Pass,None,2025-09-02
SMP016738,16,5,Pass,None,2025-09-02
SMP016739,23,16,Pass,None,2025-09-02
SMP016740,16,15,Pass,None,2025-09-03
SMP016741,15,6,Fail,Formalin,2025-09-03
SMP016742,24,15,Fail,Urea,2025-09-03
SMP016743,22,1,Fail,Starch,2025-09-03
SMP016744,24,5,Pass,None,2025-09-03
SMP016745,6,12,Pass,None,2025-09-03
SMP016746,15,4,Fail,Synthetic Color,2025-09-03
SMP016747,23,3,Pass,None,2025-09-03
SMP016748,3,14,Fail,Starch,2025-09-03
SMP016749,22,10,Pass,None,2025-09-03
SMP016750,5,16,Pass,None,2025-09-03
SMP016751,22,2,Pass,None,2025-09-03
SMP016752,17,5,Pass,None,2025-09-03
SMP016753,5,5,Pass,None,2025-09-03
SMP016754,13,15,Fail,Formalin,2025-09-03
SMP016755,19,4,Fail,Formalin,2025-09-03
SMP016756,17,5,Pass,None,2025-09-03
SMP016757,12,3,Pass,None,2025-09-03
SMP016758,24,13,Pass,None,2025-09-03
SMP016759,15,4,Pass,None,2025-09-03
SMP016760,15,1,Pass,None,2025-09-03
SMP016761,2,6,Pass,None,2025-09-03
SMP016762,24,6,Pass,None,2025-09-03
SMP016763,5,3,Pass,None,2025-09-03
SMP016764,15,2,Fail,Synthetic Color,2025-09-03
SMP016765,22,15,Fail,Starch,2025-09-03
SMP016766,6,1,Pass,None,2025-09-03
SMP016767,15,2,Fail,Urea,2025-09-03
SMP016768,7,4,Pass,None,2025-09-04
SMP016769,21,16,Pass,None,2025-09-04
SMP016770,16,2,Pass,None,2025-09-04
SMP016771,23,14,Fail,Starch,2025-09-04
SMP016772,24,15,Pass,None,2025-09-04
SMP016773,18,6,Pass,None,2025-09-04
SMP016774,19,5,Pass,None,2025-09-04
SMP016775,16,11,Pass,None,2025-09-04
SMP016776,10,12,Pass,None,2025-09-04
SMP016777,18,13,Pass,None,2025-09-04
SMP016778,24,14,Pass,None,2025-09-04
SMP016779,12,4,Fail,Detergent,2025-09-04
SMP016780,8,11,Pass,None,2025-09-04
SMP016781,10,2,Pass,None,2025-09-04
SMP016782,12,8,Pass,None,2025-09-04
SMP016783,2,10,Fail,Starch,2025-09-04
SMP016784,14,3,Pass,None,2025-09-04
SMP016785,14,2,Fail,Formalin,2025-09-04
SMP016786,17,3,Pass,None,2025-09-04
SMP016787,9,6,Pass,None,2025-09-04
SMP016788,17,15,Pass,None,2025-09-04
SMP016789,23,9,Pass,None,2025-09-04
SMP016790,25,12,Fail,Synthetic Color,2025-09-04
SMP016791,17,3,Fail,Detergent,2025-09-04
SMP016792,2,2,Pass,None,2025-09-04
SMP016793,25,4,Pass,None,2025-09-04
SMP016794,19,5,Pass,None,2025-09-04
SMP016795,9,9,Pass,None,2025-09-05
SMP016796,5,15,Pass,None,2025-09-05
SMP016797,5,6,Fail,Formalin,2025-09-05
SMP016798,5,8,Fail,Starch,2025-09-05
SMP016799,2,1,Pass,None,2025-09-05
SMP016800,24,1,Pass,None,2025-09-05
SMP016801,16,2,Fail,Synthetic Color,2025-09-05
SMP016802,19,12,Fail,Detergent,2025-09-05
SMP016803,23,8,Pass,None,2025-09-05
SMP016804,22,3,Pass,None,2025-09-05
SMP016805,23,10,Fail,Starch,2025-09-05
SMP016806,25,9,Pass,None,2025-09-05
SMP016807,12,2,Fail,Detergent,2025-09-05
SMP016808,25,11,Pass,None,2025-09-05
SMP016809,19,13,Pass,None,2025-09-05
SMP016810,2,5,Fail,Urea,2025-09-05
SMP016811,19,11,Pass,None,2025-09-05
SMP016812,19,3,Fail,Urea,2025-09-05
SMP016813,24,12,Fail,Synthetic Color,2025-09-05
SMP016814,9,15,Pass,None,2025-09-05
SMP016815,17,7,Pass,None,2025-09-05
SMP016816,1,4,Pass,None,2025-09-05
SMP016817,9,6,Fail,Urea,2025-09-05
SMP016818,2,4,Pass,None,2025-09-05
SMP016819,15,1,Pass,None,2025-09-05
SMP016820,22,11,Pass,None,2025-09-05
SMP016821,5,1,Pass,None,2025-09-05
SMP016822,15,4,Pass,None,2025-09-05
SMP016823,5,12,Pass,None,2025-09-06
SMP016824,4,11,Pass,None,2025-09-06
SMP016825,15,1,Pass,None,2025-09-06
SMP016826,3,11,Pass,None,2025-09-06
SMP016827,17,15,Pass,None,2025-09-06
SMP016828,1,1,Pass,None,2025-09-06
SMP016829,3,6,Pass,None,2025-09-06
SMP016830,16,12,Pass,None,2025-09-06
SMP016831,17,11,Fail,Formalin,2025-09-06
SMP016832,1,4,Fail,Starch,2025-09-06
SMP016833,17,3,Pass,None,2025-09-06
SMP016834,23,13,Pass,None,2025-09-06
SMP016835,19,16,Pass,None,2025-09-06
SMP016836,4,13,Fail,Detergent,2025-09-06
SMP016837,17,16,Fail,Detergent,2025-09-06
SMP016838,19,10,Pass,None,2025-09-06
SMP016839,2,15,Pass,None,2025-09-06
SMP016840,23,11,Fail,Chalk Powder,2025-09-06
SMP016841,24,15,Pass,None,2025-09-06
SMP016842,23,3,Pass,None,2025-09-06
SMP016843,23,14,Pass,None,2025-09-06
SMP016844,21,3,Pass,None,2025-09-06
SMP016845,17,1,Fail,Urea,2025-09-06
SMP016846,19,8,Pass,None,2025-09-06
SMP016847,22,5,Pass,None,2025-09-06
SMP016848,18,1,Pass,None,2025-09-06
SMP016849,9,16,Fail,Detergent,2025-09-06
SMP016850,9,11,Pass,None,2025-09-07
SMP016851,24,15,Pass,None,2025-09-07
SMP016852,1,16,Pass,None,2025-09-07
SMP016853,19,6,Pass,None,2025-09-07
SMP016854,25,4,Fail,Detergent,2025-09-07
SMP016855,19,3,Fail,Starch,2025-09-07
SMP016856,26,8,Fail,Synthetic Color,2025-09-07
SMP016857,19,10,Pass,None,2025-09-07
SMP016858,1,7,Pass,None,2025-09-07
SMP016859,23,6,Fail,Chalk Powder,2025-09-07
SMP016860,8,3,Pass,None,2025-09-07
SMP016861,13,7,Pass,None,2025-09-07
SMP016862,8,2,Pass,None,2025-09-07
SMP016863,7,15,Pass,None,2025-09-07
SMP016864,12,1,Pass,None,2025-09-07
SMP016865,10,6,Fail,Detergent,2025-09-07
SMP016866,17,2,Fail,Urea,2025-09-07
SMP016867,22,13,Fail,Urea,2025-09-07
SMP016868,8,5,Pass,None,2025-09-07
SMP016869,6,2,Pass,None,2025-09-07
SMP016870,18,9,Pass,None,2025-09-07
SMP016871,19,15,Fail,Chalk Powder,2025-09-07
SMP016872,24,15,Fail,Synthetic Color,2025-09-07
SMP016873,1,4,Fail,Detergent,2025-09-07
SMP016874,23,12,Pass,None,2025-09-07
SMP016875,15,1,Pass,None,2025-09-07
SMP016876,17,2,Fail,Detergent,2025-09-07
SMP016877,3,8,Fail,Detergent,2025-09-08
SMP016878,12,4,Pass,None,2025-09-08
SMP016879,6,13,Fail,Synthetic Color,2025-09-08
SMP016880,7,15,Pass,None,2025-09-08
SMP016881,14,1,Pass,None,2025-09-08
SMP016882,22,4,Pass,None,2025-09-08
SMP016883,21,7,Pass,None,2025-09-08
SMP016884,17,9,Fail,Urea,2025-09-08
SMP016885,16,15,Fail,Detergent,2025-09-08
SMP016886,12,15,Pass,None,2025-09-08
SMP016887,25,11,Pass,None,2025-09-08
SMP016888,16,4,Pass,None,2025-09-08
SMP016889,7,13,Pass,None,2025-09-08
SMP016890,6,4,Pass,None,2025-09-08
SMP016891,17,16,Fail,Chalk Powder,2025-09-08
SMP016892,15,1,Pass,None,2025-09-08
SMP016893,1,9,Fail,Detergent,2025-09-08
SMP016894,23,2,Fail,Chalk Powder,2025-09-08
SMP016895,19,6,Pass,None,2025-09-08
SMP016896,18,11,Fail,Chalk Powder,2025-09-08
SMP016897,2,11,Fail,Formalin,2025-09-08
SMP016898,9,13,Pass,None,2025-09-08
SMP016899,25,10,Fail,Starch,2025-09-08
SMP016900,23,4,Fail,Synthetic Color,2025-09-08
SMP016901,8,15,Fail,Starch,2025-09-08
SMP016902,5,13,Pass,None,2025-09-08
SMP016903,13,3,Pass,None,2025-09-08
SMP016904,9,14,Pass,None,2025-09-08
SMP016905,19,16,Pass,None,2025-09-09
SMP016906,25,11,Pass,None,2025-09-09
SMP016907,9,5,Fail,Synthetic Color,2025-09-09
SMP016908,2,10,Pass,None,2025-09-09
SMP016909,24,5,Pass,None,2025-09-09
SMP016910,2,11,Fail,Starch,2025-09-09
SMP016911,25,9,Pass,None,2025-09-09
SMP016912,18,15,Fail,Formalin,2025-09-09
SMP016913,25,10,Fail,Starch,2025-09-09
SMP016914,5,4,Fail,Detergent,2025-09-09
SMP016915,2,12,Pass,None,2025-09-09
SMP016916,14,5,Pass,None,2025-09-09
SMP016917,13,4,Fail,Starch,2025-09-09
SMP016918,9,6,Pass,None,2025-09-09
SMP016919,25,1,Fail,Starch,2025-09-09
SMP016920,22,16,Pass,None,2025-09-09
SMP016921,18,9,Fail,Urea,2025-09-09
SMP016922,5,13,Pass,None,2025-09-09
SMP016923,20,4,Pass,None,2025-09-09
SMP016924,20,12,Pass,None,2025-09-09
SMP016925,12,9,Pass,None,2025-09-09
SMP016926,24,6,Pass,None,2025-09-09
SMP016927,5,16,Fail,Synthetic Color,2025-09-09
SMP016928,7,8,Pass,None,2025-09-09
SMP016929,2,11,Pass,None,2025-09-09
SMP016930,22,1,Pass,None,2025-09-09
SMP016931,17,5,Pass,None,2025-09-09
SMP016932,8,15,Pass,None,2025-09-10
SMP016933,5,13,Pass,None,2025-09-10
SMP016934,2,9,Fail,Starch,2025-09-10
SMP016935,5,15,Pass,None,2025-09-10
SMP016936,13,8,Pass,None,2025-09-10
SMP016937,7,9,Pass,None,2025-09-10
SMP016938,7,6,Pass,None,2025-09-10
SMP016939,23,10,Pass,None,2025-09-10
SMP016940,15,5,Fail,Chalk Powder,2025-09-10
SMP016941,20,6,Pass,None,2025-09-10
SMP016942,2,16,Pass,None,2025-09-10
SMP016943,9,2,Pass,None,2025-09-10
SMP016944,14,2,Fail,Detergent,2025-09-10
SMP016945,5,1,Fail,Detergent,2025-09-10
SMP016946,4,5,Fail,Synthetic Color,2025-09-10
SMP016947,23,6,Pass,None,2025-09-10
SMP016948,25,2,Pass,None,2025-09-10
SMP016949,2,9,Pass,None,2025-09-10
SMP016950,9,10,Pass,None,2025-09-10
SMP016951,25,12,Fail,Formalin,2025-09-10
SMP016952,3,16,Fail,Synthetic Color,2025-09-10
SMP016953,18,10,Fail,Detergent,2025-09-10
SMP016954,25,2,Pass,None,2025-09-10
SMP016955,25,2,Pass,None,2025-09-10
SMP016956,13,13,Pass,None,2025-09-10
SMP016957,5,11,Pass,None,2025-09-10
SMP016958,5,3,Pass,None,2025-09-10
SMP016959,24,4,Pass,None,2025-09-10
SMP016960,24,12,Pass,None,2025-09-11
SMP016961,17,9,Fail,Formalin,2025-09-11
SMP016962,21,10,Pass,None,2025-09-11
SMP016963,21,4,Pass,None,2025-09-11
SMP016964,18,10,Pass,None,2025-09-11
SMP016965,23,13,Pass,None,2025-09-11
SMP016966,19,15,Pass,None,2025-09-11
SMP016967,16,12,Pass,None,2025-09-11
SMP016968,6,9,Fail,Formalin,2025-09-11
SMP016969,21,11,Pass,None,2025-09-11
SMP016970,13,8,Fail,Urea,2025-09-11
SMP016971,8,4,Pass,None,2025-09-11
SMP016972,22,15,Fail,Chalk Powder,2025-09-11
SMP016973,19,9,Pass,None,2025-09-11
SMP016974,25,10,Fail,Starch,2025-09-11
SMP016975,5,16,Pass,None,2025-09-11
SMP016976,18,16,Fail,Chalk Powder,2025-09-11
SMP016977,7,10,Fail,Chalk Powder,2025-09-11
SMP016978,24,1,Pass,None,2025-09-11
SMP016979,3,6,Fail,Urea,2025-09-11
SMP016980,18,16,Pass,None,2025-09-11
SMP016981,22,5,Fail,Starch,2025-09-11
SMP016982,9,16,Pass,None,2025-09-11
SMP016983,25,2,Pass,None,2025-09-11
SMP016984,23,9,Pass,None,2025-09-11
SMP016985,8,8,Pass,None,2025-09-11
SMP016986,1,4,Pass,None,2025-09-11
SMP016987,8,16,Pass,None,2025-09-12
SMP016988,7,10,Pass,None,2025-09-12
SMP016989,24,4,Pass,None,2025-09-12
SMP016990,25,6,Pass,None,2025-09-12
SMP016991,2,12,Fail,Urea,2025-09-12
SMP016992,13,5,Pass,None,2025-09-12
SMP016993,16,15,Fail,Formalin,2025-09-12
SMP016994,3,3,Pass,None,2025-09-12
SMP016995,9,4,Pass,None,2025-09-12
SMP016996,8,3,Pass,None,2025-09-12
SMP016997,16,2,Pass,None,2025-09-12
SMP016998,18,5,Fail,Starch,2025-09-12
SMP016999,19,16,Pass,None,2025-09-12
SMP017000,4,2,Fail,Detergent,2025-09-12
SMP017001,22,4,Fail,Formalin,2025-09-12
SMP017002,19,4,Pass,None,2025-09-12
SMP017003,24,10,Pass,None,2025-09-12
SMP017004,13,12,Pass,None,2025-09-12
SMP017005,24,12,Fail,Synthetic Color,2025-09-12
SMP017006,23,1,Pass,None,2025-09-12
SMP017007,12,11,Fail,Formalin,2025-09-12
SMP017008,10,11,Pass,None,2025-09-12
SMP017009,24,8,Fail,Detergent,2025-09-12
SMP017010,19,6,Pass,None,2025-09-12
SMP017011,24,13,Pass,None,2025-09-12
SMP017012,22,5,Pass,None,2025-09-12
SMP017013,17,4,Fail,Urea,2025-09-12
SMP017014,4,5,Fail,Starch,2025-09-13
SMP017015,8,7,Pass,None,2025-09-13
SMP017016,25,4,Pass,None,2025-09-13
SMP017017,9,10,Pass,None,2025-09-13
SMP017018,3,15,Pass,None,2025-09-13
SMP017019,19,10,Pass,None,2025-09-13
SMP017020,20,7,Pass,None,2025-09-13
SMP017021,8,13,Pass,None,2025-09-13
SMP017022,8,12,Pass,None,2025-09-13
SMP017023,13,6,Pass,None,2025-09-13
SMP017024,1,10,Pass,None,2025-09-13
SMP017025,22,12,Pass,None,2025-09-13
SMP017026,8,4,Fail,Urea,2025-09-13
SMP017027,23,6,Pass,None,2025-09-13
SMP017028,22,2,Pass,None,2025-09-13
SMP017029,18,16,Pass,None,2025-09-13
SMP017030,9,2,Pass,None,2025-09-13
SMP017031,15,3,Pass,None,2025-09-13
SMP017032,13,8,Pass,None,2025-09-13
SMP017033,9,15,Pass,None,2025-09-13
SMP017034,23,5,Pass,None,2025-09-13
SMP017035,14,13,Pass,None,2025-09-13
SMP017036,23,11,Fail,Chalk Powder,2025-09-13
SMP017037,3,11,Fail,Urea,2025-09-13
SMP017038,5,14,Fail,Starch,2025-09-13
SMP017039,25,1,Fail,Urea,2025-09-13
SMP017040,17,15,Fail,Chalk Powder,2025-09-13
SMP017041,15,14,Fail,Detergent,2025-09-13
SMP017042,15,16,Fail,Chalk Powder,2025-09-14
SMP017043,6,13,Fail,Synthetic Color,2025-09-14
SMP017044,19,15,Pass,None,2025-09-14
SMP017045,3,4,Pass,None,2025-09-14
SMP017046,17,5,Pass,None,2025-09-14
SMP017047,16,5,Pass,None,2025-09-14
SMP017048,24,2,Fail,Starch,2025-09-14
SMP017049,15,12,Pass,None,2025-09-14
SMP017050,4,2,Pass,None,2025-09-14
SMP017051,17,1,Fail,Urea,2025-09-14
SMP017052,3,13,Pass,None,2025-09-14
SMP017053,5,15,Pass,None,2025-09-14
SMP017054,1,13,Pass,None,2025-09-14
SMP017055,15,14,Pass,None,2025-09-14
SMP017056,3,10,Pass,None,2025-09-14
SMP017057,13,15,Pass,None,2025-09-14
SMP017058,24,8,Pass,None,2025-09-14
SMP017059,19,16,Fail,Starch,2025-09-14
SMP017060,2,2,Pass,None,2025-09-14
SMP017061,6,13,Pass,None,2025-09-14
SMP017062,19,11,Pass,None,2025-09-14
SMP017063,24,10,Fail,Chalk Powder,2025-09-14
SMP017064,1,12,Pass,None,2025-09-14
SMP017065,22,14,Pass,None,2025-09-14
SMP017066,16,15,Pass,None,2025-09-14
SMP017067,16,3,Pass,None,2025-09-14
SMP017068,25,3,Pass,None,2025-09-14
SMP017069,21,1,Pass,None,2025-09-15
SMP017070,23,2,Pass,None,2025-09-15
SMP017071,9,4,Pass,None,2025-09-15
SMP017072,16,12,Pass,None,2025-09-15
SMP017073,17,7,Pass,None,2025-09-15
SMP017074,9,12,Pass,None,2025-09-15
SMP017075,16,8,Pass,None,2025-09-15
SMP017076,6,9,Pass,None,2025-09-15
SMP017077,5,2,Fail,Urea,2025-09-15
SMP017078,9,13,Pass,None,2025-09-15
SMP017079,21,12,Fail,Detergent,2025-09-15
SMP017080,24,5,Pass,None,2025-09-15
SMP017081,13,5,Pass,None,2025-09-15
SMP017082,18,4,Pass,None,2025-09-15
SMP017083,3,13,Pass,None,2025-09-15
SMP017084,24,12,Fail,Formalin,2025-09-15
SMP017085,16,10,Pass,None,2025-09-15
SMP017086,22,4,Pass,None,2025-09-15
SMP017087,22,3,Pass,None,2025-09-15
SMP017088,7,1,Pass,None,2025-09-15
SMP017089,16,1,Pass,None,2025-09-15
SMP017090,25,3,Pass,None,2025-09-15
SMP017091,3,2,Fail,Synthetic Color,2025-09-15
SMP017092,19,9,Fail,Synthetic Color,2025-09-15
SMP017093,25,5,Fail,Starch,2025-09-15
SMP017094,8,7,Pass,None,2025-09-15
SMP017095,23,10,Pass,None,2025-09-15
SMP017096,24,11,Pass,None,2025-09-15
SMP017097,21,11,Pass,None,2025-09-16
SMP017098,6,4,Fail,Synthetic Color,2025-09-16
SMP017099,9,13,Pass,None,2025-09-16
SMP017100,2,15,Pass,None,2025-09-16
SMP017101,23,5,Pass,None,2025-09-16
SMP017102,23,1,Fail,Urea,2025-09-16
SMP017103,17,15,Fail,Chalk Powder,2025-09-16
SMP017104,9,15,Pass,None,2025-09-16
SMP017105,2,1,Pass,None,2025-09-16
SMP017106,21,1,Pass,None,2025-09-16
SMP017107,20,14,Fail,Detergent,2025-09-16
SMP017108,24,5,Pass,None,2025-09-16
SMP017109,20,15,Pass,None,2025-09-16
SMP017110,23,4,Pass,None,2025-09-16
SMP017111,21,14,Fail,Chalk Powder,2025-09-16
SMP017112,17,1,Pass,None,2025-09-16
SMP017113,12,4,Fail,Detergent,2025-09-16
SMP017114,24,16,Fail,Chalk Powder,2025-09-16
SMP017115,18,4,Fail,Starch,2025-09-16
SMP017116,10,2,Pass,None,2025-09-16
SMP017117,3,14,Pass,None,2025-09-16
SMP017118,8,2,Pass,None,2025-09-16
SMP017119,16,2,Pass,None,2025-09-16
SMP017120,7,5,Pass,None,2025-09-16
SMP017121,6,11,Fail,Urea,2025-09-16
SMP017122,15,12,Pass,None,2025-09-16
SMP017123,5,15,Pass,None,2025-09-16
SMP017124,22,9,Pass,None,2025-09-17
SMP017125,14,6,Pass,None,2025-09-17
SMP017126,17,5,Pass,None,2025-09-17
SMP017127,5,14,Pass,None,2025-09-17
SMP017128,9,12,Pass,None,2025-09-17
SMP017129,11,15,Pass,None,2025-09-17
SMP017130,22,16,Pass,None,2025-09-17
SMP017131,21,5,Pass,None,2025-09-17
SMP017132,6,9,Fail,Synthetic Color,2025-09-17
SMP017133,17,11,Fail,Urea,2025-09-17
SMP017134,7,3,Pass,None,2025-09-17
SMP017135,26,1,Fail,Synthetic Color,2025-09-17
SMP017136,25,15,Pass,None,2025-09-17
SMP017137,16,9,Pass,None,2025-09-17
SMP017138,19,9,Pass,None,2025-09-17
SMP017139,22,9,Pass,None,2025-09-17
SMP017140,19,12,Fail,Urea,2025-09-17
SMP017141,19,3,Fail,Synthetic Color,2025-09-17
SMP017142,25,10,Fail,Synthetic Color,2025-09-17
SMP017143,17,7,Pass,None,2025-09-17
SMP017144,18,15,Fail,Detergent,2025-09-17
SMP017145,23,8,Pass,None,2025-09-17
SMP017146,19,16,Pass,None,2025-09-17
SMP017147,20,5,Fail,Formalin,2025-09-17
SMP017148,6,16,Fail,Formalin,2025-09-17
SMP017149,9,15,Pass,None,2025-09-17
SMP017150,5,10,Pass,None,2025-09-17
SMP017151,15,5,Pass,None,2025-09-18
SMP017152,13,6,Pass,None,2025-09-18
SMP017153,26,13,Pass,None,2025-09-18
SMP017154,17,10,Fail,Chalk Powder,2025-09-18
SMP017155,22,6,Pass,None,2025-09-18
SMP017156,9,11,Pass,None,2025-09-18
SMP017157,23,12,Pass,None,2025-09-18
SMP017158,17,1,Pass,None,2025-09-18
SMP017159,19,2,Pass,None,2025-09-18
SMP017160,8,2,Fail,Starch,2025-09-18
SMP017161,16,4,Fail,Chalk Powder,2025-09-18
SMP017162,17,6,Fail,Formalin,2025-09-18
SMP017163,17,13,Fail,Starch,2025-09-18
SMP017164,24,5,Pass,None,2025-09-18
SMP017165,24,1,Fail,Detergent,2025-09-18
SMP017166,25,8,Pass,None,2025-09-18
SMP017167,18,16,Pass,None,2025-09-18
SMP017168,25,5,Pass,None,2025-09-18
SMP017169,23,16,Fail,Starch,2025-09-18
SMP017170,7,2,Pass,None,2025-09-18
SMP017171,12,3,Pass,None,2025-09-18
SMP017172,6,12,Pass,None,2025-09-18
SMP017173,1,8,Pass,None,2025-09-18
SMP017174,5,13,Pass,None,2025-09-18
SMP017175,1,15,Pass,None,2025-09-18
SMP017176,19,4,Fail,Formalin,2025-09-18
SMP017177,12,11,Pass,None,2025-09-18
SMP017178,8,10,Pass,None,2025-09-18
SMP017179,21,14,Pass,None,2025-09-19
SMP017180,23,6,Pass,None,2025-09-19
SMP017181,25,1,Pass,None,2025-09-19
SMP017182,18,9,Fail,Synthetic Color,2025-09-19
SMP017183,13,16,Pass,None,2025-09-19
SMP017184,8,1,Fail,Starch,2025-09-19
SMP017185,6,4,Pass,None,2025-09-19
SMP017186,6,5,Pass,None,2025-09-19
SMP017187,11,13,Fail,Formalin,2025-09-19
SMP017188,26,5,Fail,Formalin,2025-09-19
SMP017189,1,4,Pass,None,2025-09-19
SMP017190,5,11,Fail,Synthetic Color,2025-09-19
SMP017191,5,1,Pass,None,2025-09-19
SMP017192,19,3,Pass,None,2025-09-19
SMP017193,9,6,Fail,Urea,2025-09-19
SMP017194,13,5,Fail,Formalin,2025-09-19
SMP017195,5,5,Pass,None,2025-09-19
SMP017196,11,2,Fail,Detergent,2025-09-19
SMP017197,3,6,Pass,None,2025-09-19
SMP017198,16,13,Pass,None,2025-09-19
SMP017199,3,6,Pass,None,2025-09-19
SMP017200,22,10,Fail,Chalk Powder,2025-09-19
SMP017201,16,3,Pass,None,2025-09-19
SMP017202,19,1,Fail,Synthetic Color,2025-09-19
SMP017203,12,15,Pass,None,2025-09-19
SMP017204,10,5,Fail,Urea,2025-09-19
SMP017205,3,5,Pass,None,2025-09-19
SMP017206,15,15,Pass,None,2025-09-20
SMP017207,15,12,Pass,None,2025-09-20
SMP017208,13,12,Fail,Synthetic Color,2025-09-20
SMP017209,21,11,Pass,None,2025-09-20
SMP017210,23,2,Fail,Chalk Powder,2025-09-20
SMP017211,21,16,Pass,None,2025-09-20
SMP017212,5,15,Pass,None,2025-09-20
SMP017213,17,4,Fail,Starch,2025-09-20
SMP017214,3,13,Pass,None,2025-09-20
SMP017215,19,6,Fail,Formalin,2025-09-20
SMP017216,10,11,Pass,None,2025-09-20
SMP017217,4,3,Fail,Formalin,2025-09-20
SMP017218,23,9,Pass,None,2025-09-20
SMP017219,17,2,Fail,Synthetic Color,2025-09-20
SMP017220,9,9,Pass,None,2025-09-20
SMP017221,1,4,Pass,None,2025-09-20
SMP017222,16,7,Pass,None,2025-09-20
SMP017223,24,11,Pass,None,2025-09-20
SMP017224,17,15,Pass,None,2025-09-20
SMP017225,25,3,Fail,Starch,2025-09-20
SMP017226,4,15,Pass,None,2025-09-20
SMP017227,16,6,Pass,None,2025-09-20
SMP017228,22,14,Pass,None,2025-09-20
SMP017229,15,8,Pass,None,2025-09-20
SMP017230,3,14,Fail,Chalk Powder,2025-09-20
SMP017231,17,11,Pass,None,2025-09-20
SMP017232,17,8,Pass,None,2025-09-20
SMP017233,20,5,Fail,Synthetic Color,2025-09-20
SMP017234,21,16,Pass,None,2025-09-21
SMP017235,21,13,Pass,None,2025-09-21
SMP017236,18,6,Pass,None,2025-09-21
SMP017237,6,3,Pass,None,2025-09-21
SMP017238,11,13,Pass,None,2025-09-21
SMP017239,21,16,Pass,None,2025-09-21
SMP017240,25,4,Fail,Detergent,2025-09-21
SMP017241,2,15,Pass,None,2025-09-21
SMP017242,16,2,Pass,None,2025-09-21
SMP017243,8,16,Pass,None,2025-09-21
SMP017244,6,12,Fail,Formalin,2025-09-21
SMP017245,15,5,Pass,None,2025-09-21
SMP017246,17,5,Fail,Formalin,2025-09-21
SMP017247,1,11,Fail,Detergent,2025-09-21
SMP017248,22,10,Pass,None,2025-09-21
SMP017249,22,15,Pass,None,2025-09-21
SMP017250,25,13,Pass,None,2025-09-21
SMP017251,5,9,Pass,None,2025-09-21
SMP017252,17,15,Pass,None,2025-09-21
SMP017253,12,10,Fail,Urea,2025-09-21
SMP017254,9,14,Fail,Chalk Powder,2025-09-21
SMP017255,16,14,Pass,None,2025-09-21
SMP017256,22,15,Fail,Formalin,2025-09-21
SMP017257,1,1,Pass,None,2025-09-21
SMP017258,25,10,Fail,Chalk Powder,2025-09-21
SMP017259,22,7,Pass,None,2025-09-21
SMP017260,21,8,Pass,None,2025-09-21
SMP017261,21,7,Pass,None,2025-09-22
SMP017262,10,14,Pass,None,2025-09-22
SMP017263,21,5,Fail,Synthetic Color,2025-09-22
SMP017264,10,7,Pass,None,2025-09-22
SMP017265,24,3,Pass,None,2025-09-22
SMP017266,5,4,Pass,None,2025-09-22
SMP017267,8,11,Fail,Urea,2025-09-22
SMP017268,16,2,Pass,None,2025-09-22
SMP017269,9,3,Fail,Urea,2025-09-22
SMP017270,12,9,Fail,Synthetic Color,2025-09-22
SMP017271,14,1,Fail,Chalk Powder,2025-09-22
SMP017272,23,2,Fail,Detergent,2025-09-22
SMP017273,15,15,Pass,None,2025-09-22
SMP017274,9,14,Pass,None,2025-09-22
SMP017275,7,5,Pass,None,2025-09-22
SMP017276,11,5,Pass,None,2025-09-22
SMP017277,15,16,Fail,Urea,2025-09-22
SMP017278,21,1,Fail,Formalin,2025-09-22
SMP017279,4,10,Fail,Starch,2025-09-22
SMP017280,6,10,Pass,None,2025-09-22
SMP017281,10,13,Pass,None,2025-09-22
SMP017282,9,16,Pass,None,2025-09-22
SMP017283,10,5,Pass,None,2025-09-22
SMP017284,22,7,Pass,None,2025-09-22
SMP017285,9,11,Fail,Urea,2025-09-22
SMP017286,14,16,Pass,None,2025-09-22
SMP017287,17,15,Pass,None,2025-09-22
SMP017288,6,11,Fail,Detergent,2025-09-23
SMP017289,19,14,Fail,Synthetic Color,2025-09-23
SMP017290,16,2,Pass,None,2025-09-23
SMP017291,13,6,Fail,Formalin,2025-09-23
SMP017292,22,1,Pass,None,2025-09-23
SMP017293,7,3,Pass,None,2025-09-23
SMP017294,23,11,Pass,None,2025-09-23
SMP017295,16,15,Pass,None,2025-09-23
SMP017296,17,11,Pass,None,2025-09-23
SMP017297,23,11,Fail,Starch,2025-09-23
SMP017298,22,2,Pass,None,2025-09-23
SMP017299,17,11,Fail,Urea,2025-09-23
SMP017300,21,7,Pass,None,2025-09-23
SMP017301,12,11,Pass,None,2025-09-23
SMP017302,16,5,Pass,None,2025-09-23
SMP017303,2,10,Pass,None,2025-09-23
SMP017304,3,6,Pass,None,2025-09-23
SMP017305,23,9,Pass,None,2025-09-23
SMP017306,2,3,Fail,Detergent,2025-09-23
SMP017307,5,6,Fail,Starch,2025-09-23
SMP017308,22,6,Pass,None,2025-09-23
SMP017309,1,12,Fail,Starch,2025-09-23
SMP017310,8,12,Pass,None,2025-09-23
SMP017311,17,15,Pass,None,2025-09-23
SMP017312,17,11,Pass,None,2025-09-23
SMP017313,21,5,Pass,None,2025-09-23
SMP017314,15,13,Pass,None,2025-09-23
SMP017315,15,8,Pass,None,2025-09-23
SMP017316,19,3,Pass,None,2025-09-24
SMP017317,14,12,Pass,None,2025-09-24
SMP017318,17,2,Pass,None,2025-09-24
SMP017319,24,3,Pass,None,2025-09-24
SMP017320,11,12,Fail,Formalin,2025-09-24
SMP017321,10,13,Pass,None,2025-09-24
SMP017322,1,13,Fail,Formalin,2025-09-24
SMP017323,17,5,Fail,Urea,2025-09-24
SMP017324,1,15,Pass,None,2025-09-24
SMP017325,14,12,Fail,Urea,2025-09-24
SMP017326,22,14,Pass,None,2025-09-24
SMP017327,16,12,Pass,None,2025-09-24
SMP017328,7,10,Pass,None,2025-09-24
SMP017329,22,2,Pass,None,2025-09-24
SMP017330,7,12,Fail,Starch,2025-09-24
SMP017331,20,11,Pass,None,2025-09-24
SMP017332,17,5,Fail,Detergent,2025-09-24
SMP017333,5,12,Pass,None,2025-09-24
SMP017334,24,9,Pass,None,2025-09-24
SMP017335,5,9,Fail,Starch,2025-09-24
SMP017336,26,6,Pass,None,2025-09-24
SMP017337,1,2,Fail,Chalk Powder,2025-09-24
SMP017338,7,4,Fail,Detergent,2025-09-24
SMP017339,5,13,Fail,Formalin,2025-09-24
SMP017340,1,4,Fail,Detergent,2025-09-24
SMP017341,20,1,Pass,None,2025-09-24
SMP017342,19,16,Fail,Detergent,2025-09-24
SMP017343,22,4,Pass,None,2025-09-25
SMP017344,7,11,Pass,None,2025-09-25
SMP017345,13,15,Pass,None,2025-09-25
SMP017346,18,10,Pass,None,2025-09-25
SMP017347,12,13,Pass,None,2025-09-25
SMP017348,19,16,Pass,None,2025-09-25
SMP017349,17,14,Fail,Formalin,2025-09-25
SMP017350,4,9,Pass,None,2025-09-25
SMP017351,22,6,Fail,Synthetic Color,2025-09-25
SMP017352,19,8,Pass,None,2025-09-25
SMP017353,18,14,Pass,None,2025-09-25
SMP017354,5,14,Pass,None,2025-09-25
SMP017355,7,14,Fail,Chalk Powder,2025-09-25
SMP017356,10,10,Fail,Starch,2025-09-25
SMP017357,7,7,Pass,None,2025-09-25
SMP017358,6,5,Pass,None,2025-09-25
SMP017359,22,1,Pass,None,2025-09-25
SMP017360,18,13,Pass,None,2025-09-25
SMP017361,16,4,Pass,None,2025-09-25
SMP017362,6,5,Pass,None,2025-09-25
SMP017363,24,14,Fail,Urea,2025-09-25
SMP017364,5,1,Pass,None,2025-09-25
SMP017365,22,15,Pass,None,2025-09-25
SMP017366,25,1,Pass,None,2025-09-25
SMP017367,20,16,Pass,None,2025-09-25
SMP017368,26,7,Fail,Detergent,2025-09-25
SMP017369,18,2,Pass,None,2025-09-25
SMP017370,6,11,Pass,None,2025-09-26
SMP017371,5,15,Pass,None,2025-09-26
SMP017372,9,7,Fail,Urea,2025-09-26
SMP017373,1,11,Pass,None,2025-09-26
SMP017374,19,16,Fail,Chalk Powder,2025-09-26
SMP017375,7,4,Pass,None,2025-09-26
SMP017376,22,14,Pass,None,2025-09-26
SMP017377,9,5,Pass,None,2025-09-26
SMP017378,14,6,Pass,None,2025-09-26
SMP017379,25,5,Pass,None,2025-09-26
SMP017380,7,7,Fail,Urea,2025-09-26
SMP017381,19,1,Pass,None,2025-09-26
SMP017382,21,5,Fail,Starch,2025-09-26
SMP017383,6,7,Pass,None,2025-09-26
SMP017384,14,11,Pass,None,2025-09-26
SMP017385,9,11,Pass,None,2025-09-26
SMP017386,21,10,Pass,None,2025-09-26
SMP017387,17,5,Pass,None,2025-09-26
SMP017388,14,16,Fail,Synthetic Color,2025-09-26
SMP017389,22,6,Pass,None,2025-09-26
SMP017390,6,4,Fail,Synthetic Color,2025-09-26
SMP017391,21,9,Pass,None,2025-09-26
SMP017392,23,12,Pass,None,2025-09-26
SMP017393,23,1,Fail,Chalk Powder,2025-09-26
SMP017394,22,4,Pass,None,2025-09-26
SMP017395,11,14,Pass,None,2025-09-26
SMP017396,26,8,Pass,None,2025-09-26
SMP017397,10,6,Pass,None,2025-09-26
SMP017398,18,15,Pass,None,2025-09-27
SMP017399,5,2,Pass,None,2025-09-27
SMP017400,25,10,Pass,None,2025-09-27
SMP017401,19,5,Fail,Chalk Powder,2025-09-27
SMP017402,21,1,Fail,Synthetic Color,2025-09-27
SMP017403,2,4,Fail,Synthetic Color,2025-09-27
SMP017404,21,10,Fail,Formalin,2025-09-27
SMP017405,21,1,Pass,None,2025-09-27
SMP017406,19,10,Fail,Urea,2025-09-27
SMP017407,8,16,Pass,None,2025-09-27
SMP017408,14,13,Pass,None,2025-09-27
SMP017409,3,5,Pass,None,2025-09-27
SMP017410,13,2,Pass,None,2025-09-27
SMP017411,7,7,Pass,None,2025-09-27
SMP017412,9,6,Pass,None,2025-09-27
SMP017413,5,16,Pass,None,2025-09-27
SMP017414,6,16,Fail,Urea,2025-09-27
SMP017415,2,6,Pass,None,2025-09-27
SMP017416,24,3,Pass,None,2025-09-27
SMP017417,16,15,Pass,None,2025-09-27
SMP017418,10,13,Pass,None,2025-09-27
SMP017419,16,8,Pass,None,2025-09-27
SMP017420,17,6,Fail,Chalk Powder,2025-09-27
SMP017421,24,7,Pass,None,2025-09-27
SMP017422,5,15,Pass,None,2025-09-27
SMP017423,8,3,Pass,None,2025-09-27
SMP017424,25,13,Pass,None,2025-09-27
SMP017425,9,1,Fail,Chalk Powder,2025-09-28
SMP017426,1,15,Pass,None,2025-09-28
SMP017427,5,8,Pass,None,2025-09-28
SMP017428,1,4,Pass,None,2025-09-28
SMP017429,26,1,Pass,None,2025-09-28
SMP017430,7,9,Fail,Chalk Powder,2025-09-28
SMP017431,24,4,Pass,None,2025-09-28
SMP017432,26,11,Pass,None,2025-09-28
SMP017433,17,4,Pass,None,2025-09-28
SMP017434,1,2,Pass,None,2025-09-28
SMP017435,3,8,Pass,None,2025-09-28
SMP017436,14,9,Pass,None,2025-09-28
SMP017437,11,7,Pass,None,2025-09-28
SMP017438,17,7,Pass,None,2025-09-28
SMP017439,12,10,Pass,None,2025-09-28
SMP017440,24,9,Pass,None,2025-09-28
SMP017441,16,2,Pass,None,2025-09-28
SMP017442,19,3,Pass,None,2025-09-28
SMP017443,24,2,Pass,None,2025-09-28
SMP017444,5,11,Fail,Formalin,2025-09-28
SMP017445,6,9,Pass,None,2025-09-28
SMP017446,3,6,Fail,Starch,2025-09-28
SMP017447,4,13,Pass,None,2025-09-28
SMP017448,15,5,Pass,None,2025-09-28
SMP017449,9,9,Pass,None,2025-09-28
SMP017450,12,1,Pass,None,2025-09-28
SMP017451,26,12,Pass,None,2025-09-28
SMP017452,5,11,Pass,None,2025-09-28
SMP017453,16,13,Pass,None,2025-09-29
SMP017454,3,15,Pass,None,2025-09-29
SMP017455,9,12,Pass,None,2025-09-29
SMP017456,15,14,Fail,Detergent,2025-09-29
SMP017457,25,5,Pass,None,2025-09-29
SMP017458,10,5,Fail,Synthetic Color,2025-09-29
SMP017459,2,16,Pass,None,2025-09-29
SMP017460,10,15,Fail,Synthetic Color,2025-09-29
SMP017461,5,9,Pass,None,2025-09-29
SMP017462,6,6,Pass,None,2025-09-29
SMP017463,17,15,Fail,Formalin,2025-09-29
SMP017464,2,5,Pass,None,2025-09-29
SMP017465,13,3,Fail,Synthetic Color,2025-09-29
SMP017466,17,11,Fail,Formalin,2025-09-29
SMP017467,12,1,Pass,None,2025-09-29
SMP017468,1,6,Pass,None,2025-09-29
SMP017469,26,13,Fail,Detergent,2025-09-29
SMP017470,9,5,Fail,Urea,2025-09-29
SMP017471,22,15,Pass,None,2025-09-29
SMP017472,9,16,Pass,None,2025-09-29
SMP017473,14,14,Pass,None,2025-09-29
SMP017474,10,16,Fail,Synthetic Color,2025-09-29
SMP017475,9,9,Pass,None,2025-09-29
SMP017476,1,9,Pass,None,2025-09-29
SMP017477,9,14,Pass,None,2025-09-29
SMP017478,24,8,Fail,Starch,2025-09-29
SMP017479,19,6,Pass,None,2025-09-29
SMP017480,5,10,Pass,None,2025-09-30
SMP017481,17,11,Fail,Formalin,2025-09-30
SMP017482,24,12,Pass,None,2025-09-30
SMP017483,19,11,Pass,None,2025-09-30
SMP017484,5,12,Fail,Chalk Powder,2025-09-30
SMP017485,23,11,Pass,None,2025-09-30
SMP017486,8,8,Pass,None,2025-09-30
SMP017487,13,2,Pass,None,2025-09-30
SMP017488,15,13,Pass,None,2025-09-30
SMP017489,23,1,Fail,Detergent,2025-09-30
SMP017490,24,16,Pass,None,2025-09-30
SMP017491,24,14,Pass,None,2025-09-30
SMP017492,1,11,Pass,None,2025-09-30
SMP017493,24,16,Fail,Starch,2025-09-30
SMP017494,2,10,Pass,None,2025-09-30
SMP017495,7,1,Fail,Urea,2025-09-30
SMP017496,15,9,Pass,None,2025-09-30
SMP017497,14,4,Pass,None,2025-09-30
SMP017498,17,6,Pass,None,2025-09-30
SMP017499,14,7,Pass,None,2025-09-30
SMP017500,24,13,Fail,Starch,2025-09-30
SMP017501,7,8,Fail,Formalin,2025-09-30
SMP017502,7,7,Pass,None,2025-09-30
SMP017503,24,5,Fail,Synthetic Color,2025-09-30
SMP017504,2,9,Pass,None,2025-09-30
SMP017505,17,4,Pass,None,2025-09-30
SMP017506,19,4,Pass,None,2025-09-30
SMP017507,15,12,Pass,None,2025-10-01
SMP017508,19,5,Fail,Urea,2025-10-01
SMP017509,5,1,Fail,Formalin,2025-10-01
SMP017510,23,5,Pass,None,2025-10-01
SMP017511,4,11,Pass,None,2025-10-01
SMP017512,11,13,Pass,None,2025-10-01
SMP017513,2,16,Pass,None,2025-10-01
SMP017514,16,12,Fail,Detergent,2025-10-01
SMP017515,19,6,Pass,None,2025-10-01
SMP017516,25,5,Fail,Starch,2025-10-01
SMP017517,21,2,Fail,Starch,2025-10-01
SMP017518,16,10,Pass,None,2025-10-01
SMP017519,24,8,Pass,None,2025-10-01
SMP017520,14,11,Pass,None,2025-10-01
SMP017521,16,4,Pass,None,2025-10-01
SMP017522,17,5,Pass,None,2025-10-01
SMP017523,11,5,Fail,Urea,2025-10-01
SMP017524,23,13,Pass,None,2025-10-01
SMP017525,5,3,Pass,None,2025-10-01
SMP017526,16,10,Pass,None,2025-10-01
SMP017527,19,1,Pass,None,2025-10-01
SMP017528,24,9,Pass,None,2025-10-01
SMP017529,23,1,Pass,None,2025-10-01
SMP017530,15,3,Pass,None,2025-10-01
SMP017531,18,2,Fail,Urea,2025-10-01
SMP017532,10,5,Pass,None,2025-10-01
SMP017533,13,5,Pass,None,2025-10-01
SMP017534,24,14,Pass,None,2025-10-01
SMP017535,24,4,Fail,Detergent,2025-10-02
SMP017536,24,2,Pass,None,2025-10-02
SMP017537,4,10,Pass,None,2025-10-02
SMP017538,23,11,Fail,Detergent,2025-10-02
SMP017539,25,5,Pass,None,2025-10-02
SMP017540,9,10,Pass,None,2025-10-02
SMP017541,15,13,Pass,None,2025-10-02
SMP017542,22,5,Fail,Urea,2025-10-02
SMP017543,16,8,Pass,None,2025-10-02
SMP017544,26,3,Pass,None,2025-10-02
SMP017545,13,1,Fail,Formalin,2025-10-02
SMP017546,19,16,Pass,None,2025-10-02
SMP017547,22,5,Fail,Formalin,2025-10-02
SMP017548,14,4,Pass,None,2025-10-02
SMP017549,23,16,Pass,None,2025-10-02
SMP017550,16,12,Fail,Urea,2025-10-02
SMP017551,11,10,Fail,Starch,2025-10-02
SMP017552,3,12,Pass,None,2025-10-02
SMP017553,10,12,Pass,None,2025-10-02
SMP017554,20,13,Pass,None,2025-10-02
SMP017555,24,1,Pass,None,2025-10-02
SMP017556,7,6,Fail,Chalk Powder,2025-10-02
SMP017557,9,5,Pass,None,2025-10-02
SMP017558,5,1,Fail,Synthetic Color,2025-10-02
SMP017559,19,6,Fail,Detergent,2025-10-02
SMP017560,25,10,Pass,None,2025-10-02
SMP017561,18,3,Pass,None,2025-10-02
SMP017562,17,5,Fail,Formalin,2025-10-03
SMP017563,16,11,Fail,Synthetic Color,2025-10-03
SMP017564,3,9,Pass,None,2025-10-03
SMP017565,20,15,Pass,None,2025-10-03
SMP017566,17,13,Fail,Starch,2025-10-03
SMP017567,18,16,Fail,Detergent,2025-10-03
SMP017568,24,10,Pass,None,2025-10-03
SMP017569,22,11,Fail,Formalin,2025-10-03
SMP017570,22,14,Pass,None,2025-10-03
SMP017571,24,14,Pass,None,2025-10-03
SMP017572,26,12,Pass,None,2025-10-03
SMP017573,17,8,Pass,None,2025-10-03
SMP017574,3,4,Pass,None,2025-10-03
SMP017575,13,15,Pass,None,2025-10-03
SMP017576,22,13,Pass,None,2025-10-03
SMP017577,1,14,Pass,None,2025-10-03
SMP017578,2,2,Pass,None,2025-10-03
SMP017579,2,5,Pass,None,2025-10-03
SMP017580,20,6,Pass,None,2025-10-03
SMP017581,14,14,Pass,None,2025-10-03
SMP017582,9,15,Pass,None,2025-10-03
SMP017583,3,5,Pass,None,2025-10-03
SMP017584,20,11,Pass,None,2025-10-03
SMP017585,9,2,Pass,None,2025-10-03
SMP017586,7,6,Fail,Formalin,2025-10-03
SMP017587,18,8,Pass,None,2025-10-03
SMP017588,16,13,Pass,None,2025-10-03
SMP017589,9,15,Pass,None,2025-10-03
SMP017590,18,5,Pass,None,2025-10-04
SMP017591,7,9,Pass,None,2025-10-04
SMP017592,22,11,Fail,Starch,2025-10-04
SMP017593,6,5,Fail,Starch,2025-10-04
SMP017594,5,16,Pass,None,2025-10-04
SMP017595,22,15,Pass,None,2025-10-04
SMP017596,19,5,Pass,None,2025-10-04
SMP017597,5,8,Fail,Formalin,2025-10-04
SMP017598,4,4,Pass,None,2025-10-04
SMP017599,23,8,Pass,None,2025-10-04
SMP017600,21,11,Pass,None,2025-10-04
SMP017601,9,2,Pass,None,2025-10-04
SMP017602,18,15,Fail,Formalin,2025-10-04
SMP017603,4,10,Fail,Synthetic Color,2025-10-04
SMP017604,15,16,Fail,Starch,2025-10-04
SMP017605,1,1,Pass,None,2025-10-04
SMP017606,10,14,Pass,None,2025-10-04
SMP017607,2,13,Pass,None,2025-10-04
SMP017608,14,2,Fail,Chalk Powder,2025-10-04
SMP017609,12,5,Pass,None,2025-10-04
SMP017610,13,15,Pass,None,2025-10-04
SMP017611,2,8,Pass,None,2025-10-04
SMP017612,9,6,Fail,Starch,2025-10-04
SMP017613,21,15,Fail,Synthetic Color,2025-10-04
SMP017614,9,2,Pass,None,2025-10-04
SMP017615,19,7,Fail,Starch,2025-10-04
SMP017616,9,11,Pass,None,2025-10-04
SMP017617,12,10,Pass,None,2025-10-05
SMP017618,16,4,Pass,None,2025-10-05
SMP017619,25,9,Pass,None,2025-10-05
SMP017620,3,12,Pass,None,2025-10-05
SMP017621,1,10,Pass,None,2025-10-05
SMP017622,17,11,Pass,None,2025-10-05
SMP017623,25,4,Pass,None,2025-10-05
SMP017624,26,14,Pass,None,2025-10-05
SMP017625,14,7,Fail,Urea,2025-10-05
SMP017626,13,16,Fail,Detergent,2025-10-05
SMP017627,18,1,Fail,Urea,2025-10-05
SMP017628,16,6,Fail,Chalk Powder,2025-10-05
SMP017629,17,3,Pass,None,2025-10-05
SMP017630,23,9,Pass,None,2025-10-05
SMP017631,21,4,Pass,None,2025-10-05
SMP017632,14,12,Fail,Starch,2025-10-05
SMP017633,13,15,Pass,None,2025-10-05
SMP017634,18,4,Pass,None,2025-10-05
SMP017635,13,3,Pass,None,2025-10-05
SMP017636,13,15,Pass,None,2025-10-05
SMP017637,1,6,Pass,None,2025-10-05
SMP017638,5,6,Pass,None,2025-10-05
SMP017639,14,4,Fail,Synthetic Color,2025-10-05
SMP017640,22,6,Pass,None,2025-10-05
SMP017641,7,4,Pass,None,2025-10-05
SMP017642,15,11,Pass,None,2025-10-05
SMP017643,9,8,Pass,None,2025-10-05
SMP017644,3,13,Pass,None,2025-10-06
SMP017645,25,5,Pass,None,2025-10-06
SMP017646,23,8,Pass,None,2025-10-06
SMP017647,2,4,Pass,None,2025-10-06
SMP017648,19,16,Pass,None,2025-10-06
SMP017649,9,8,Pass,None,2025-10-06
SMP017650,26,3,Pass,None,2025-10-06
SMP017651,8,4,Pass,None,2025-10-06
SMP017652,6,2,Fail,Formalin,2025-10-06
SMP017653,16,1,Pass,None,2025-10-06
SMP017654,23,8,Pass,None,2025-10-06
SMP017655,5,5,Pass,None,2025-10-06
SMP017656,19,16,Pass,None,2025-10-06
SMP017657,2,3,Pass,None,2025-10-06
SMP017658,24,13,Pass,None,2025-10-06
SMP017659,3,5,Pass,None,2025-10-06
SMP017660,24,4,Pass,None,2025-10-06
SMP017661,14,16,Pass,None,2025-10-06
SMP017662,13,13,Pass,None,2025-10-06
SMP017663,25,11,Fail,Starch,2025-10-06
SMP017664,26,11,Fail,Formalin,2025-10-06
SMP017665,18,16,Fail,Detergent,2025-10-06
SMP017666,4,10,Pass,None,2025-10-06
SMP017667,15,2,Pass,None,2025-10-06
SMP017668,16,1,Pass,None,2025-10-06
SMP017669,15,11,Pass,None,2025-10-06
SMP017670,16,11,Fail,Urea,2025-10-06
SMP017671,1,12,Pass,None,2025-10-06
SMP017672,19,2,Fail,Detergent,2025-10-07
SMP017673,19,16,Pass,None,2025-10-07
SMP017674,4,9,Pass,None,2025-10-07
SMP017675,16,11,Fail,Formalin,2025-10-07
SMP017676,16,1,Pass,None,2025-10-07
SMP017677,19,16,Pass,None,2025-10-07
SMP017678,3,9,Pass,None,2025-10-07
SMP017679,17,9,Pass,None,2025-10-07
SMP017680,7,16,Fail,Detergent,2025-10-07
SMP017681,15,15,Pass,None,2025-10-07
SMP017682,21,4,Pass,None,2025-10-07
SMP017683,19,15,Pass,None,2025-10-07
SMP017684,4,12,Fail,Formalin,2025-10-07
SMP017685,17,1,Pass,None,2025-10-07
SMP017686,25,4,Fail,Urea,2025-10-07
SMP017687,5,6,Pass,None,2025-10-07
SMP017688,23,10,Pass,None,2025-10-07
SMP017689,19,12,Pass,None,2025-10-07
SMP017690,21,4,Pass,None,2025-10-07
SMP017691,8,14,Fail,Formalin,2025-10-07
SMP017692,8,14,Pass,None,2025-10-07
SMP017693,24,11,Fail,Urea,2025-10-07
SMP017694,9,15,Pass,None,2025-10-07
SMP017695,2,13,Pass,None,2025-10-07
SMP017696,17,4,Fail,Starch,2025-10-07
SMP017697,4,13,Fail,Formalin,2025-10-07
SMP017698,22,16,Pass,None,2025-10-07
SMP017699,18,2,Fail,Detergent,2025-10-08
SMP017700,23,16,Pass,None,2025-10-08
SMP017701,22,1,Fail,Synthetic Color,2025-10-08
SMP017702,3,8,Fail,Detergent,2025-10-08
SMP017703,10,13,Fail,Chalk Powder,2025-10-08
SMP017704,21,13,Pass,None,2025-10-08
SMP017705,12,12,Pass,None,2025-10-08
SMP017706,25,9,Pass,None,2025-10-08
SMP017707,20,11,Pass,None,2025-10-08
SMP017708,1,12,Pass,None,2025-10-08
SMP017709,23,8,Fail,Synthetic Color,2025-10-08
SMP017710,3,10,Fail,Detergent,2025-10-08
SMP017711,4,14,Pass,None,2025-10-08
SMP017712,20,5,Pass,None,2025-10-08
SMP017713,23,8,Fail,Formalin,2025-10-08
SMP017714,16,1,Pass,None,2025-10-08
SMP017715,8,11,Pass,None,2025-10-08
SMP017716,9,3,Pass,None,2025-10-08
SMP017717,9,8,Pass,None,2025-10-08
SMP017718,9,4,Pass,None,2025-10-08
SMP017719,7,1,Pass,None,2025-10-08
SMP017720,17,8,Fail,Starch,2025-10-08
SMP017721,24,6,Fail,Chalk Powder,2025-10-08
SMP017722,8,6,Fail,Formalin,2025-10-08
SMP017723,5,4,Pass,None,2025-10-08
SMP017724,23,16,Pass,None,2025-10-08
SMP017725,21,1,Fail,Urea,2025-10-08
SMP017726,24,15,Pass,None,2025-10-08
SMP017727,5,12,Pass,None,2025-10-09
SMP017728,5,3,Pass,None,2025-10-09
SMP017729,16,7,Pass,None,2025-10-09
SMP017730,17,16,Pass,None,2025-10-09
SMP017731,14,11,Fail,Starch,2025-10-09
SMP017732,17,2,Fail,Chalk Powder,2025-10-09
SMP017733,5,7,Pass,None,2025-10-09
SMP017734,14,7,Pass,None,2025-10-09
SMP017735,18,13,Pass,None,2025-10-09
SMP017736,12,15,Fail,Formalin,2025-10-09
SMP017737,19,2,Pass,None,2025-10-09
SMP017738,13,5,Pass,None,2025-10-09
SMP017739,9,5,Pass,None,2025-10-09
SMP017740,8,16,Pass,None,2025-10-09
SMP017741,11,9,Fail,Starch,2025-10-09
SMP017742,1,15,Fail,Urea,2025-10-09
SMP017743,19,6,Pass,None,2025-10-09
SMP017744,23,12,Pass,None,2025-10-09
SMP017745,9,5,Pass,None,2025-10-09
SMP017746,2,15,Pass,None,2025-10-09
SMP017747,26,7,Pass,None,2025-10-09
SMP017748,7,13,Pass,None,2025-10-09
SMP017749,4,4,Pass,None,2025-10-09
SMP017750,9,11,Fail,Chalk Powder,2025-10-09
SMP017751,20,6,Pass,None,2025-10-09
SMP017752,8,1,Pass,None,2025-10-09
SMP017753,17,6,Fail,Synthetic Color,2025-10-09
SMP017754,12,9,Pass,None,2025-10-10
SMP017755,4,3,Fail,Chalk Powder,2025-10-10
SMP017756,9,3,Pass,None,2025-10-10
SMP017757,19,7,Fail,Starch,2025-10-10
SMP017758,17,5,Pass,None,2025-10-10
SMP017759,4,7,Pass,None,2025-10-10
SMP017760,5,7,Pass,None,2025-10-10
SMP017761,18,2,Pass,None,2025-10-10
SMP017762,22,3,Pass,None,2025-10-10
SMP017763,9,14,Pass,None,2025-10-10
SMP017764,17,3,Fail,Starch,2025-10-10
SMP017765,5,11,Pass,None,2025-10-10
SMP017766,8,6,Pass,None,2025-10-10
SMP017767,1,16,Pass,None,2025-10-10
SMP017768,21,1,Pass,None,2025-10-10
SMP017769,11,14,Fail,Urea,2025-10-10
SMP017770,22,8,Pass,None,2025-10-10
SMP017771,19,1,Pass,None,2025-10-10
SMP017772,23,4,Pass,None,2025-10-10
SMP017773,8,6,Fail,Chalk Powder,2025-10-10
SMP017774,5,5,Pass,None,2025-10-10
SMP017775,25,6,Pass,None,2025-10-10
SMP017776,19,15,Pass,None,2025-10-10
SMP017777,23,6,Pass,None,2025-10-10
SMP017778,1,6,Pass,None,2025-10-10
SMP017779,9,13,Pass,None,2025-10-10
SMP017780,21,13,Pass,None,2025-10-10
SMP017781,2,2,Pass,None,2025-10-11
SMP017782,16,12,Pass,None,2025-10-11
SMP017783,12,8,Fail,Formalin,2025-10-11
SMP017784,1,2,Pass,None,2025-10-11
SMP017785,6,4,Pass,None,2025-10-11
SMP017786,8,1,Pass,None,2025-10-11
SMP017787,3,6,Pass,None,2025-10-11
SMP017788,17,4,Pass,None,2025-10-11
SMP017789,7,6,Fail,Synthetic Color,2025-10-11
SMP017790,7,10,Pass,None,2025-10-11
SMP017791,24,12,Pass,None,2025-10-11
SMP017792,13,10,Pass,None,2025-10-11
SMP017793,10,11,Pass,None,2025-10-11
SMP017794,19,15,Pass,None,2025-10-11
SMP017795,24,15,Pass,None,2025-10-11
SMP017796,1,14,Fail,Starch,2025-10-11
SMP017797,13,3,Fail,Starch,2025-10-11
SMP017798,17,4,Pass,None,2025-10-11
SMP017799,9,8,Pass,None,2025-10-11
SMP017800,21,5,Pass,None,2025-10-11
SMP017801,25,2,Pass,None,2025-10-11
SMP017802,25,5,Pass,None,2025-10-11
SMP017803,7,16,Pass,None,2025-10-11
SMP017804,6,5,Fail,Starch,2025-10-11
SMP017805,25,6,Pass,None,2025-10-11
SMP017806,13,1,Fail,Starch,2025-10-11
SMP017807,5,12,Fail,Chalk Powder,2025-10-11
SMP017808,19,6,Pass,None,2025-10-11
SMP017809,8,2,Pass,None,2025-10-12
SMP017810,7,16,Pass,None,2025-10-12
SMP017811,23,13,Pass,None,2025-10-12
SMP017812,5,12,Pass,None,2025-10-12
SMP017813,2,16,Pass,None,2025-10-12
SMP017814,7,6,Pass,None,2025-10-12
SMP017815,17,12,Pass,None,2025-10-12
SMP017816,4,4,Pass,None,2025-10-12
SMP017817,13,11,Pass,None,2025-10-12
SMP017818,17,1,Fail,Urea,2025-10-12
SMP017819,23,2,Fail,Starch,2025-10-12
SMP017820,6,6,Pass,None,2025-10-12
SMP017821,22,1,Pass,None,2025-10-12
SMP017822,6,7,Pass,None,2025-10-12
SMP017823,19,8,Pass,None,2025-10-12
SMP017824,12,10,Fail,Synthetic Color,2025-10-12
SMP017825,4,2,Pass,None,2025-10-12
SMP017826,19,3,Pass,None,2025-10-12
SMP017827,6,10,Pass,None,2025-10-12
SMP017828,5,11,Pass,None,2025-10-12
SMP017829,9,1,Fail,Urea,2025-10-12
SMP017830,18,9,Pass,None,2025-10-12
SMP017831,6,13,Fail,Chalk Powder,2025-10-12
SMP017832,5,1,Pass,None,2025-10-12
SMP017833,1,6,Pass,None,2025-10-12
SMP017834,13,5,Fail,Starch,2025-10-12
SMP017835,12,15,Pass,None,2025-10-12
SMP017836,6,3,Pass,None,2025-10-13
SMP017837,2,5,Fail,Chalk Powder,2025-10-13
SMP017838,12,15,Pass,None,2025-10-13
SMP017839,22,5,Pass,None,2025-10-13
SMP017840,19,9,Fail,Synthetic Color,2025-10-13
SMP017841,23,1,Pass,None,2025-10-13
SMP017842,1,16,Fail,Detergent,2025-10-13
SMP017843,25,14,Pass,None,2025-10-13
SMP017844,9,11,Pass,None,2025-10-13
SMP017845,26,1,Fail,Detergent,2025-10-13
SMP017846,7,1,Pass,None,2025-10-13
SMP017847,13,9,Pass,None,2025-10-13
SMP017848,9,5,Fail,Synthetic Color,2025-10-13
SMP017849,9,10,Pass,None,2025-10-13
SMP017850,23,10,Pass,None,2025-10-13
SMP017851,21,14,Fail,Starch,2025-10-13
SMP017852,26,4,Fail,Starch,2025-10-13
SMP017853,17,9,Pass,None,2025-10-13
SMP017854,13,13,Pass,None,2025-10-13
SMP017855,3,8,Pass,None,2025-10-13
SMP017856,26,14,Pass,None,2025-10-13
SMP017857,16,2,Pass,None,2025-10-13
SMP017858,19,12,Fail,Urea,2025-10-13
SMP017859,11,16,Fail,Starch,2025-10-13
SMP017860,16,5,Pass,None,2025-10-13
SMP017861,25,6,Pass,None,2025-10-13
SMP017862,5,2,Fail,Urea,2025-10-13
SMP017863,8,11,Pass,None,2025-10-13
SMP017864,5,9,Pass,None,2025-10-14
SMP017865,22,1,Fail,Starch,2025-10-14
SMP017866,2,12,Pass,None,2025-10-14
SMP017867,3,14,Fail,Chalk Powder,2025-10-14
SMP017868,8,15,Pass,None,2025-10-14
SMP017869,15,9,Pass,None,2025-10-14
SMP017870,11,7,Fail,Formalin,2025-10-14
SMP017871,2,15,Pass,None,2025-10-14
SMP017872,25,6,Pass,None,2025-10-14
SMP017873,25,11,Fail,Formalin,2025-10-14
SMP017874,7,10,Pass,None,2025-10-14
SMP017875,20,6,Pass,None,2025-10-14
SMP017876,17,2,Pass,None,2025-10-14
SMP017877,6,1,Pass,None,2025-10-14
SMP017878,7,6,Fail,Synthetic Color,2025-10-14
SMP017879,14,8,Fail,Chalk Powder,2025-10-14
SMP017880,12,14,Pass,None,2025-10-14
SMP017881,8,6,Pass,None,2025-10-14
SMP017882,22,4,Pass,None,2025-10-14
SMP017883,14,7,Pass,None,2025-10-14
SMP017884,18,4,Fail,Formalin,2025-10-14
SMP017885,5,2,Pass,None,2025-10-14
SMP017886,16,2,Pass,None,2025-10-14
SMP017887,8,5,Pass,None,2025-10-14
SMP017888,15,1,Pass,None,2025-10-14
SMP017889,22,4,Fail,Detergent,2025-10-14
SMP017890,21,13,Pass,None,2025-10-14
SMP017891,9,4,Fail,Detergent,2025-10-15
SMP017892,19,2,Pass,None,2025-10-15
SMP017893,25,16,Fail,Urea,2025-10-15
SMP017894,17,10,Pass,None,2025-10-15
SMP017895,5,1,Fail,Detergent,2025-10-15
SMP017896,19,1,Pass,None,2025-10-15
SMP017897,3,10,Pass,None,2025-10-15
SMP017898,23,9,Pass,None,2025-10-15
SMP017899,15,1,Fail,Starch,2025-10-15
SMP017900,10,4,Fail,Urea,2025-10-15
SMP017901,2,15,Pass,None,2025-10-15
SMP017902,10,9,Pass,None,2025-10-15
SMP017903,24,7,Pass,None,2025-10-15
SMP017904,1,4,Pass,None,2025-10-15
SMP017905,14,2,Fail,Chalk Powder,2025-10-15
SMP017906,24,6,Pass,None,2025-10-15
SMP017907,10,15,Pass,None,2025-10-15
SMP017908,12,1,Pass,None,2025-10-15
SMP017909,17,16,Pass,None,2025-10-15
SMP017910,13,4,Fail,Formalin,2025-10-15
SMP017911,5,6,Pass,None,2025-10-15
SMP017912,1,1,Pass,None,2025-10-15
SMP017913,17,10,Pass,None,2025-10-15
SMP017914,24,8,Pass,None,2025-10-15
SMP017915,3,11,Fail,Formalin,2025-10-15
SMP017916,6,9,Pass,None,2025-10-15
SMP017917,9,6,Pass,None,2025-10-15
SMP017918,22,12,Pass,None,2025-10-16
SMP017919,7,1,Pass,None,2025-10-16
SMP017920,23,9,Fail,Detergent,2025-10-16
SMP017921,2,2,Fail,Detergent,2025-10-16
SMP017922,25,6,Pass,None,2025-10-16
SMP017923,16,13,Pass,None,2025-10-16
SMP017924,18,3,Fail,Starch,2025-10-16
SMP017925,9,16,Pass,None,2025-10-16
SMP017926,22,15,Fail,Formalin,2025-10-16
SMP017927,5,6,Pass,None,2025-10-16
SMP017928,2,1,Pass,None,2025-10-16
SMP017929,10,13,Pass,None,2025-10-16
SMP017930,23,15,Pass,None,2025-10-16
SMP017931,21,3,Pass,None,2025-10-16
SMP017932,15,15,Pass,None,2025-10-16
SMP017933,16,15,Pass,None,2025-10-16
SMP017934,4,7,Pass,None,2025-10-16
SMP017935,23,13,Pass,None,2025-10-16
SMP017936,22,7,Pass,None,2025-10-16
SMP017937,18,9,Pass,None,2025-10-16
SMP017938,13,5,Pass,None,2025-10-16
SMP017939,25,3,Fail,Detergent,2025-10-16
SMP017940,23,12,Pass,None,2025-10-16
SMP017941,18,1,Pass,None,2025-10-16
SMP017942,9,9,Fail,Formalin,2025-10-16
SMP017943,17,15,Pass,None,2025-10-16
SMP017944,17,4,Pass,None,2025-10-16
SMP017945,10,5,Pass,None,2025-10-16
SMP017946,8,10,Pass,None,2025-10-17
SMP017947,11,4,Fail,Formalin,2025-10-17
SMP017948,17,14,Pass,None,2025-10-17
SMP017949,12,6,Pass,None,2025-10-17
SMP017950,7,10,Fail,Detergent,2025-10-17
SMP017951,21,4,Pass,None,2025-10-17
SMP017952,16,1,Fail,Formalin,2025-10-17
SMP017953,2,3,Pass,None,2025-10-17
SMP017954,9,1,Fail,Detergent,2025-10-17
SMP017955,23,7,Pass,None,2025-10-17
SMP017956,21,10,Fail,Synthetic Color,2025-10-17
SMP017957,9,1,Pass,None,2025-10-17
SMP017958,25,2,Pass,None,2025-10-17
SMP017959,2,8,Fail,Detergent,2025-10-17
SMP017960,25,13,Fail,Formalin,2025-10-17
SMP017961,7,10,Fail,Synthetic Color,2025-10-17
SMP017962,1,2,Pass,None,2025-10-17
SMP017963,12,15,Pass,None,2025-10-17
SMP017964,9,15,Pass,None,2025-10-17
SMP017965,16,5,Fail,Formalin,2025-10-17
SMP017966,22,10,Pass,None,2025-10-17
SMP017967,23,8,Pass,None,2025-10-17
SMP017968,11,16,Pass,None,2025-10-17
SMP017969,12,8,Pass,None,2025-10-17
SMP017970,5,16,Pass,None,2025-10-17
SMP017971,2,3,Pass,None,2025-10-17
SMP017972,18,5,Pass,None,2025-10-17
SMP017973,2,13,Fail,Formalin,2025-10-18
SMP017974,20,13,Pass,None,2025-10-18
SMP017975,16,12,Pass,None,2025-10-18
SMP017976,5,14,Fail,Synthetic Color,2025-10-18
SMP017977,16,12,Pass,None,2025-10-18
SMP017978,5,11,Pass,None,2025-10-18
SMP017979,12,7,Pass,None,2025-10-18
SMP017980,22,7,Pass,None,2025-10-18
SMP017981,13,6,Fail,Chalk Powder,2025-10-18
SMP017982,5,10,Pass,None,2025-10-18
SMP017983,19,6,Pass,None,2025-10-18
SMP017984,5,3,Pass,None,2025-10-18
SMP017985,20,2,Pass,None,2025-10-18
SMP017986,14,15,Pass,None,2025-10-18
SMP017987,13,1,Fail,Starch,2025-10-18
SMP017988,23,2,Pass,None,2025-10-18
SMP017989,19,7,Pass,None,2025-10-18
SMP017990,1,4,Pass,None,2025-10-18
SMP017991,8,6,Pass,None,2025-10-18
SMP017992,23,2,Pass,None,2025-10-18
SMP017993,1,2,Fail,Synthetic Color,2025-10-18
SMP017994,16,13,Fail,Chalk Powder,2025-10-18
SMP017995,20,13,Pass,None,2025-10-18
SMP017996,17,2,Pass,None,2025-10-18
SMP017997,21,11,Fail,Chalk Powder,2025-10-18
SMP017998,19,10,Pass,None,2025-10-18
SMP017999,19,12,Pass,None,2025-10-18
SMP018000,22,7,Pass,None,2025-10-18
SMP018001,18,4,Pass,None,2025-10-19
SMP018002,11,11,Pass,None,2025-10-19
SMP018003,13,6,Pass,None,2025-10-19
SMP018004,19,4,Pass,None,2025-10-19
SMP018005,23,6,Pass,None,2025-10-19
SMP018006,7,13,Pass,None,2025-10-19
SMP018007,9,7,Pass,None,2025-10-19
SMP018008,24,5,Pass,None,2025-10-19
SMP018009,17,14,Pass,None,2025-10-19
SMP018010,5,15,Pass,None,2025-10-19
SMP018011,18,6,Pass,None,2025-10-19
SMP018012,26,6,Pass,None,2025-10-19
SMP018013,22,10,Fail,Formalin,2025-10-19
SMP018014,21,1,Pass,None,2025-10-19
SMP018015,5,11,Pass,None,2025-10-19
SMP018016,23,13,Fail,Formalin,2025-10-19
SMP018017,15,6,Pass,None,2025-10-19
SMP018018,24,3,Fail,Starch,2025-10-19
SMP018019,9,1,Pass,None,2025-10-19
SMP018020,2,11,Fail,Synthetic Color,2025-10-19
SMP018021,14,4,Pass,None,2025-10-19
SMP018022,7,7,Fail,Detergent,2025-10-19
SMP018023,19,6,Pass,None,2025-10-19
SMP018024,25,3,Pass,None,2025-10-19
SMP018025,19,8,Pass,None,2025-10-19
SMP018026,24,7,Fail,Formalin,2025-10-19
SMP018027,13,10,Pass,None,2025-10-19
SMP018028,21,4,Fail,Synthetic Color,2025-10-20
SMP018029,23,4,Fail,Urea,2025-10-20
SMP018030,19,14,Pass,None,2025-10-20
SMP018031,15,12,Pass,None,2025-10-20
SMP018032,17,13,Pass,None,2025-10-20
SMP018033,19,2,Pass,None,2025-10-20
SMP018034,7,4,Pass,None,2025-10-20
SMP018035,22,9,Fail,Formalin,2025-10-20
SMP018036,25,14,Fail,Detergent,2025-10-20
SMP018037,13,15,Pass,None,2025-10-20
SMP018038,19,14,Pass,None,2025-10-20
SMP018039,20,1,Pass,None,2025-10-20
SMP018040,18,14,Pass,None,2025-10-20
SMP018041,16,15,Pass,None,2025-10-20
SMP018042,23,1,Pass,None,2025-10-20
SMP018043,13,6,Fail,Formalin,2025-10-20
SMP018044,2,9,Pass,None,2025-10-20
SMP018045,23,4,Pass,None,2025-10-20
SMP018046,19,8,Pass,None,2025-10-20
SMP018047,23,15,Pass,None,2025-10-20
SMP018048,4,15,Pass,None,2025-10-20
SMP018049,1,16,Fail,Chalk Powder,2025-10-20
SMP018050,24,8,Pass,None,2025-10-20
SMP018051,5,6,Fail,Synthetic Color,2025-10-20
SMP018052,22,11,Fail,Starch,2025-10-20
SMP018053,22,6,Pass,None,2025-10-20
SMP018054,19,1,Pass,None,2025-10-20
SMP018055,4,12,Pass,None,2025-10-21
SMP018056,18,4,Fail,Urea,2025-10-21
SMP018057,24,1,Pass,None,2025-10-21
SMP018058,12,1,Pass,None,2025-10-21
SMP018059,12,15,Pass,None,2025-10-21
SMP018060,13,4,Pass,None,2025-10-21
SMP018061,3,7,Pass,None,2025-10-21
SMP018062,24,16,Pass,None,2025-10-21
SMP018063,23,7,Pass,None,2025-10-21
SMP018064,26,2,Pass,None,2025-10-21
SMP018065,17,9,Pass,None,2025-10-21
SMP018066,21,2,Pass,None,2025-10-21
SMP018067,5,2,Fail,Detergent,2025-10-21
SMP018068,18,14,Pass,None,2025-10-21
SMP018069,18,5,Pass,None,2025-10-21
SMP018070,24,11,Pass,None,2025-10-21
SMP018071,23,8,Pass,None,2025-10-21
SMP018072,25,4,Pass,None,2025-10-21
SMP018073,23,8,Pass,None,2025-10-21
SMP018074,23,1,Pass,None,2025-10-21
SMP018075,2,5,Fail,Formalin,2025-10-21
SMP018076,23,8,Pass,None,2025-10-21
SMP018077,17,4,Pass,None,2025-10-21
SMP018078,10,11,Pass,None,2025-10-21
SMP018079,2,1,Pass,None,2025-10-21
SMP018080,19,8,Fail,Detergent,2025-10-21
SMP018081,9,12,Pass,None,2025-10-21
SMP018082,13,6,Pass,None,2025-10-21
SMP018083,19,15,Pass,None,2025-10-22
SMP018084,24,11,Fail,Starch,2025-10-22
SMP018085,23,16,Fail,Urea,2025-10-22
SMP018086,13,5,Pass,None,2025-10-22
SMP018087,10,16,Pass,None,2025-10-22
SMP018088,7,10,Fail,Detergent,2025-10-22
SMP018089,9,12,Fail,Synthetic Color,2025-10-22
SMP018090,3,15,Fail,Synthetic Color,2025-10-22
SMP018091,25,9,Pass,None,2025-10-22
SMP018092,17,14,Pass,None,2025-10-22
SMP018093,4,9,Fail,Detergent,2025-10-22
SMP018094,9,10,Pass,None,2025-10-22
SMP018095,16,7,Fail,Urea,2025-10-22
SMP018096,16,3,Fail,Formalin,2025-10-22
SMP018097,1,9,Pass,None,2025-10-22
SMP018098,25,16,Pass,None,2025-10-22
SMP018099,7,13,Pass,None,2025-10-22
SMP018100,1,12,Fail,Synthetic Color,2025-10-22
SMP018101,2,11,Pass,None,2025-10-22
SMP018102,17,5,Pass,None,2025-10-22
SMP018103,4,3,Pass,None,2025-10-22
SMP018104,2,4,Pass,None,2025-10-22
SMP018105,10,1,Pass,None,2025-10-22
SMP018106,17,11,Fail,Formalin,2025-10-22
SMP018107,3,13,Pass,None,2025-10-22
SMP018108,8,4,Pass,None,2025-10-22
SMP018109,12,2,Pass,None,2025-10-22
SMP018110,5,5,Fail,Formalin,2025-10-23
SMP018111,15,5,Pass,None,2025-10-23
SMP018112,3,7,Pass,None,2025-10-23
SMP018113,2,4,Fail,Detergent,2025-10-23
SMP018114,15,5,Pass,None,2025-10-23
SMP018115,7,15,Pass,None,2025-10-23
SMP018116,3,5,Pass,None,2025-10-23
SMP018117,12,13,Fail,Synthetic Color,2025-10-23
SMP018118,24,10,Pass,None,2025-10-23
SMP018119,19,5,Fail,Detergent,2025-10-23
SMP018120,22,14,Fail,Starch,2025-10-23
SMP018121,23,10,Fail,Formalin,2025-10-23
SMP018122,25,1,Fail,Urea,2025-10-23
SMP018123,21,1,Pass,None,2025-10-23
SMP018124,17,12,Pass,None,2025-10-23
SMP018125,9,7,Pass,None,2025-10-23
SMP018126,5,6,Pass,None,2025-10-23
SMP018127,19,3,Pass,None,2025-10-23
SMP018128,26,3,Pass,None,2025-10-23
SMP018129,13,13,Fail,Chalk Powder,2025-10-23
SMP018130,19,14,Pass,None,2025-10-23
SMP018131,14,9,Pass,None,2025-10-23
SMP018132,12,5,Fail,Formalin,2025-10-23
SMP018133,11,15,Fail,Urea,2025-10-23
SMP018134,15,10,Fail,Detergent,2025-10-23
SMP018135,9,13,Pass,None,2025-10-23
SMP018136,21,1,Fail,Synthetic Color,2025-10-23
SMP018137,23,7,Pass,None,2025-10-23
SMP018138,23,15,Fail,Formalin,2025-10-24
SMP018139,6,5,Pass,None,2025-10-24
SMP018140,24,12,Pass,None,2025-10-24
SMP018141,9,11,Pass,None,2025-10-24
SMP018142,8,3,Fail,Starch,2025-10-24
SMP018143,20,13,Pass,None,2025-10-24
SMP018144,8,2,Fail,Formalin,2025-10-24
SMP018145,2,12,Pass,None,2025-10-24
SMP018146,9,16,Fail,Urea,2025-10-24
SMP018147,19,16,Pass,None,2025-10-24
SMP018148,9,13,Fail,Urea,2025-10-24
SMP018149,17,9,Pass,None,2025-10-24
SMP018150,18,11,Pass,None,2025-10-24
SMP018151,20,12,Fail,Urea,2025-10-24
SMP018152,24,1,Fail,Synthetic Color,2025-10-24
SMP018153,12,2,Fail,Starch,2025-10-24
SMP018154,5,10,Pass,None,2025-10-24
SMP018155,9,1,Fail,Starch,2025-10-24
SMP018156,12,15,Pass,None,2025-10-24
SMP018157,19,8,Pass,None,2025-10-24
SMP018158,1,4,Pass,None,2025-10-24
SMP018159,8,6,Pass,None,2025-10-24
SMP018160,22,14,Pass,None,2025-10-24
SMP018161,19,15,Fail,Urea,2025-10-24
SMP018162,20,2,Pass,None,2025-10-24
SMP018163,22,13,Fail,Starch,2025-10-24
SMP018164,22,9,Pass,None,2025-10-24
SMP018165,19,10,Pass,None,2025-10-25
SMP018166,12,13,Pass,None,2025-10-25
SMP018167,26,4,Pass,None,2025-10-25
SMP018168,16,9,Pass,None,2025-10-25
SMP018169,5,5,Pass,None,2025-10-25
SMP018170,8,2,Pass,None,2025-10-25
SMP018171,19,2,Pass,None,2025-10-25
SMP018172,24,2,Fail,Starch,2025-10-25
SMP018173,5,10,Pass,None,2025-10-25
SMP018174,3,2,Pass,None,2025-10-25
SMP018175,23,9,Pass,None,2025-10-25
SMP018176,24,10,Pass,None,2025-10-25
SMP018177,7,15,Fail,Detergent,2025-10-25
SMP018178,9,10,Pass,None,2025-10-25
SMP018179,18,16,Pass,None,2025-10-25
SMP018180,9,1,Fail,Chalk Powder,2025-10-25
SMP018181,23,12,Pass,None,2025-10-25
SMP018182,3,1,Pass,None,2025-10-25
SMP018183,2,12,Pass,None,2025-10-25
SMP018184,5,6,Fail,Starch,2025-10-25
SMP018185,8,10,Pass,None,2025-10-25
SMP018186,3,5,Fail,Chalk Powder,2025-10-25
SMP018187,2,3,Pass,None,2025-10-25
SMP018188,21,12,Pass,None,2025-10-25
SMP018189,5,15,Pass,None,2025-10-25
SMP018190,24,3,Fail,Urea,2025-10-25
SMP018191,9,15,Pass,None,2025-10-25
SMP018192,19,2,Pass,None,2025-10-26
SMP018193,6,12,Pass,None,2025-10-26
SMP018194,7,16,Fail,Synthetic Color,2025-10-26
SMP018195,17,3,Pass,None,2025-10-26
SMP018196,16,6,Pass,None,2025-10-26
SMP018197,21,5,Fail,Chalk Powder,2025-10-26
SMP018198,21,6,Fail,Detergent,2025-10-26
SMP018199,19,12,Pass,None,2025-10-26
SMP018200,13,11,Pass,None,2025-10-26
SMP018201,24,16,Pass,None,2025-10-26
SMP018202,17,3,Pass,None,2025-10-26
SMP018203,26,9,Pass,None,2025-10-26
SMP018204,22,7,Pass,None,2025-10-26
SMP018205,2,15,Fail,Starch,2025-10-26
SMP018206,9,1,Pass,None,2025-10-26
SMP018207,16,16,Pass,None,2025-10-26
SMP018208,19,8,Pass,None,2025-10-26
SMP018209,16,10,Pass,None,2025-10-26
SMP018210,22,5,Fail,Detergent,2025-10-26
SMP018211,8,14,Pass,None,2025-10-26
SMP018212,5,9,Pass,None,2025-10-26
SMP018213,2,11,Fail,Formalin,2025-10-26
SMP018214,17,11,Fail,Detergent,2025-10-26
SMP018215,19,6,Pass,None,2025-10-26
SMP018216,9,2,Pass,None,2025-10-26
SMP018217,17,13,Pass,None,2025-10-26
SMP018218,2,5,Pass,None,2025-10-26
SMP018219,3,14,Pass,None,2025-10-26
SMP018220,19,10,Pass,None,2025-10-27
SMP018221,9,5,Fail,Chalk Powder,2025-10-27
SMP018222,19,10,Fail,Detergent,2025-10-27
SMP018223,23,11,Pass,None,2025-10-27
SMP018224,23,12,Pass,None,2025-10-27
SMP018225,5,14,Pass,None,2025-10-27
SMP018226,14,3,Pass,None,2025-10-27
SMP018227,20,16,Fail,Detergent,2025-10-27
SMP018228,21,6,Pass,None,2025-10-27
SMP018229,22,14,Pass,None,2025-10-27
SMP018230,6,4,Fail,Starch,2025-10-27
SMP018231,5,1,Pass,None,2025-10-27
SMP018232,17,9,Pass,None,2025-10-27
SMP018233,21,5,Fail,Detergent,2025-10-27
SMP018234,9,16,Pass,None,2025-10-27
SMP018235,3,2,Pass,None,2025-10-27
SMP018236,19,1,Pass,None,2025-10-27
SMP018237,8,1,Pass,None,2025-10-27
SMP018238,5,4,Pass,None,2025-10-27
SMP018239,5,9,Pass,None,2025-10-27
SMP018240,8,8,Pass,None,2025-10-27
SMP018241,17,5,Pass,None,2025-10-27
SMP018242,9,2,Pass,None,2025-10-27
SMP018243,1,4,Fail,Chalk Powder,2025-10-27
SMP018244,3,3,Fail,Synthetic Color,2025-10-27
SMP018245,8,12,Pass,None,2025-10-27
SMP018246,18,13,Pass,None,2025-10-27
SMP018247,3,13,Pass,None,2025-10-28
SMP018248,16,16,Pass,None,2025-10-28
SMP018249,4,15,Fail,Starch,2025-10-28
SMP018250,6,8,Pass,None,2025-10-28
SMP018251,5,6,Pass,None,2025-10-28
SMP018252,2,15,Pass,None,2025-10-28
SMP018253,19,10,Pass,None,2025-10-28
SMP018254,13,5,Pass,None,2025-10-28
SMP018255,23,9,Pass,None,2025-10-28
SMP018256,3,16,Pass,None,2025-10-28
SMP018257,5,14,Pass,None,2025-10-28
SMP018258,8,4,Pass,None,2025-10-28
SMP018259,21,16,Fail,Urea,2025-10-28
SMP018260,8,16,Pass,None,2025-10-28
SMP018261,11,4,Fail,Formalin,2025-10-28
SMP018262,8,15,Pass,None,2025-10-28
SMP018263,3,15,Pass,None,2025-10-28
SMP018264,25,1,Fail,Urea,2025-10-28
SMP018265,16,11,Pass,None,2025-10-28
SMP018266,22,5,Pass,None,2025-10-28
SMP018267,18,11,Pass,None,2025-10-28
SMP018268,15,15,Pass,None,2025-10-28
SMP018269,3,8,Pass,None,2025-10-28
SMP018270,18,6,Fail,Starch,2025-10-28
SMP018271,5,15,Fail,Urea,2025-10-28
SMP018272,12,16,Pass,None,2025-10-28
SMP018273,17,1,Pass,None,2025-10-28
SMP018274,22,15,Fail,Formalin,2025-10-28
SMP018275,19,2,Pass,None,2025-10-29
SMP018276,19,5,Fail,Chalk Powder,2025-10-29
SMP018277,5,13,Fail,Chalk Powder,2025-10-29
SMP018278,9,13,Pass,None,2025-10-29
SMP018279,2,12,Pass,None,2025-10-29
SMP018280,19,1,Fail,Detergent,2025-10-29
SMP018281,25,2,Pass,None,2025-10-29
SMP018282,7,16,Pass,None,2025-10-29
SMP018283,3,2,Pass,None,2025-10-29
SMP018284,14,2,Pass,None,2025-10-29
SMP018285,23,14,Pass,None,2025-10-29
SMP018286,16,11,Pass,None,2025-10-29
SMP018287,2,5,Pass,None,2025-10-29
SMP018288,25,3,Fail,Urea,2025-10-29
SMP018289,23,15,Fail,Chalk Powder,2025-10-29
SMP018290,4,16,Pass,None,2025-10-29
SMP018291,24,1,Fail,Starch,2025-10-29
SMP018292,13,9,Pass,None,2025-10-29
SMP018293,9,4,Fail,Synthetic Color,2025-10-29
SMP018294,13,14,Pass,None,2025-10-29
SMP018295,23,5,Pass,None,2025-10-29
SMP018296,18,12,Pass,None,2025-10-29
SMP018297,2,9,Pass,None,2025-10-29
SMP018298,25,9,Fail,Formalin,2025-10-29
SMP018299,5,14,Pass,None,2025-10-29
SMP018300,21,7,Pass,None,2025-10-29
SMP018301,18,14,Fail,Urea,2025-10-29
SMP018302,5,6,Pass,None,2025-10-30
SMP018303,5,3,Fail,Synthetic Color,2025-10-30
SMP018304,23,7,Pass,None,2025-10-30
SMP018305,12,8,Pass,None,2025-10-30
SMP018306,18,7,Pass,None,2025-10-30
SMP018307,14,13,Pass,None,2025-10-30
SMP018308,20,9,Fail,Formalin,2025-10-30
SMP018309,14,15,Fail,Urea,2025-10-30
SMP018310,8,8,Pass,None,2025-10-30
SMP018311,9,4,Pass,None,2025-10-30
SMP018312,23,2,Pass,None,2025-10-30
SMP018313,13,15,Pass,None,2025-10-30
SMP018314,6,1,Fail,Starch,2025-10-30
SMP018315,24,2,Pass,None,2025-10-30
SMP018316,22,1,Fail,Synthetic Color,2025-10-30
SMP018317,2,6,Pass,None,2025-10-30
SMP018318,26,9,Pass,None,2025-10-30
SMP018319,19,1,Pass,None,2025-10-30
SMP018320,5,8,Pass,None,2025-10-30
SMP018321,6,6,Pass,None,2025-10-30
SMP018322,19,13,Pass,None,2025-10-30
SMP018323,22,14,Pass,None,2025-10-30
SMP018324,6,11,Pass,None,2025-10-30
SMP018325,7,7,Pass,None,2025-10-30
SMP018326,8,4,Pass,None,2025-10-30
SMP018327,17,14,Pass,None,2025-10-30
SMP018328,5,5,Fail,Chalk Powder,2025-10-30
SMP018329,3,5,Fail,Synthetic Color,2025-10-31
SMP018330,19,15,Fail,Urea,2025-10-31
SMP018331,22,16,Pass,None,2025-10-31
SMP018332,14,15,Pass,None,2025-10-31
SMP018333,9,16,Pass,None,2025-10-31
SMP018334,12,15,Pass,None,2025-10-31
SMP018335,10,12,Pass,None,2025-10-31
SMP018336,25,5,Fail,Urea,2025-10-31
SMP018337,21,16,Pass,None,2025-10-31
SMP018338,5,15,Pass,None,2025-10-31
SMP018339,10,4,Pass,None,2025-10-31
SMP018340,16,8,Pass,None,2025-10-31
SMP018341,17,1,Pass,None,2025-10-31
SMP018342,13,16,Pass,None,2025-10-31
SMP018343,22,9,Fail,Starch,2025-10-31
SMP018344,21,4,Fail,Starch,2025-10-31
SMP018345,15,5,Pass,None,2025-10-31
SMP018346,23,16,Pass,None,2025-10-31
SMP018347,21,10,Pass,None,2025-10-31
SMP018348,22,6,Pass,None,2025-10-31
SMP018349,25,8,Fail,Detergent,2025-10-31
SMP018350,7,2,Pass,None,2025-10-31
SMP018351,7,1,Pass,None,2025-10-31
SMP018352,24,10,Fail,Urea,2025-10-31
SMP018353,21,8,Pass,None,2025-10-31
SMP018354,24,5,Pass,None,2025-10-31
SMP018355,2,9,Pass,None,2025-10-31
SMP018356,17,1,Pass,None,2025-10-31
SMP018357,5,16,Fail,Starch,2025-11-01
SMP018358,14,5,Pass,None,2025-11-01
SMP018359,5,1,Pass,None,2025-11-01
SMP018360,4,3,Fail,Urea,2025-11-01
SMP018361,1,2,Pass,None,2025-11-01
SMP018362,17,3,Pass,None,2025-11-01
SMP018363,9,6,Pass,None,2025-11-01
SMP018364,3,12,Pass,None,2025-11-01
SMP018365,9,4,Fail,Starch,2025-11-01
SMP018366,5,6,Fail,Formalin,2025-11-01
SMP018367,25,15,Pass,None,2025-11-01
SMP018368,9,5,Pass,None,2025-11-01
SMP018369,9,13,Pass,None,2025-11-01
SMP018370,23,3,Pass,None,2025-11-01
SMP018371,18,3,Fail,Starch,2025-11-01
SMP018372,19,7,Fail,Starch,2025-11-01
SMP018373,18,4,Fail,Formalin,2025-11-01
SMP018374,25,15,Fail,Formalin,2025-11-01
SMP018375,5,1,Pass,None,2025-11-01
SMP018376,26,10,Fail,Chalk Powder,2025-11-01
SMP018377,23,10,Pass,None,2025-11-01
SMP018378,17,1,Pass,None,2025-11-01
SMP018379,18,12,Pass,None,2025-11-01
SMP018380,18,7,Pass,None,2025-11-01
SMP018381,2,12,Pass,None,2025-11-01
SMP018382,6,14,Pass,None,2025-11-01
SMP018383,25,5,Pass,None,2025-11-01
SMP018384,16,8,Pass,None,2025-11-02
SMP018385,10,4,Pass,None,2025-11-02
SMP018386,21,4,Pass,None,2025-11-02
SMP018387,15,1,Fail,Detergent,2025-11-02
SMP018388,1,16,Pass,None,2025-11-02
SMP018389,20,7,Pass,None,2025-11-02
SMP018390,20,1,Fail,Starch,2025-11-02
SMP018391,5,1,Pass,None,2025-11-02
SMP018392,25,5,Pass,None,2025-11-02
SMP018393,6,1,Pass,None,2025-11-02
SMP018394,13,6,Fail,Formalin,2025-11-02
SMP018395,4,1,Fail,Detergent,2025-11-02
SMP018396,17,1,Fail,Detergent,2025-11-02
SMP018397,9,11,Fail,Urea,2025-11-02
SMP018398,9,15,Pass,None,2025-11-02
SMP018399,23,6,Fail,Formalin,2025-11-02
SMP018400,1,14,Pass,None,2025-11-02
SMP018401,22,1,Pass,None,2025-11-02
SMP018402,16,13,Fail,Synthetic Color,2025-11-02
SMP018403,26,1,Fail,Formalin,2025-11-02
SMP018404,17,14,Pass,None,2025-11-02
SMP018405,2,15,Pass,None,2025-11-02
SMP018406,2,13,Fail,Formalin,2025-11-02
SMP018407,23,14,Pass,None,2025-11-02
SMP018408,23,9,Pass,None,2025-11-02
SMP018409,9,4,Fail,Detergent,2025-11-02
SMP018410,17,11,Pass,None,2025-11-02
SMP018411,14,7,Pass,None,2025-11-02
SMP018412,25,1,Pass,None,2025-11-03
SMP018413,25,7,Pass,None,2025-11-03
SMP018414,26,11,Fail,Chalk Powder,2025-11-03
SMP018415,23,1,Fail,Formalin,2025-11-03
SMP018416,24,10,Pass,None,2025-11-03
SMP018417,6,11,Pass,None,2025-11-03
SMP018418,23,3,Fail,Formalin,2025-11-03
SMP018419,19,6,Pass,None,2025-11-03
SMP018420,25,16,Fail,Chalk Powder,2025-11-03
SMP018421,16,15,Fail,Detergent,2025-11-03
SMP018422,3,6,Pass,None,2025-11-03
SMP018423,17,5,Pass,None,2025-11-03
SMP018424,19,2,Fail,Detergent,2025-11-03
SMP018425,6,1,Pass,None,2025-11-03
SMP018426,10,5,Fail,Urea,2025-11-03
SMP018427,17,16,Fail,Urea,2025-11-03
SMP018428,9,16,Pass,None,2025-11-03
SMP018429,9,13,Pass,None,2025-11-03
SMP018430,4,5,Fail,Formalin,2025-11-03
SMP018431,25,3,Pass,None,2025-11-03
SMP018432,21,10,Pass,None,2025-11-03
SMP018433,1,11,Fail,Formalin,2025-11-03
SMP018434,21,6,Pass,None,2025-11-03
SMP018435,21,11,Fail,Chalk Powder,2025-11-03
SMP018436,1,12,Fail,Starch,2025-11-03
SMP018437,9,13,Fail,Synthetic Color,2025-11-03
SMP018438,17,8,Pass,None,2025-11-03
SMP018439,13,13,Fail,Starch,2025-11-04
SMP018440,21,1,Pass,None,2025-11-04
SMP018441,12,11,Fail,Starch,2025-11-04
SMP018442,5,4,Pass,None,2025-11-04
SMP018443,25,4,Pass,None,2025-11-04
SMP018444,7,2,Fail,Formalin,2025-11-04
SMP018445,19,3,Pass,None,2025-11-04
SMP018446,5,16,Fail,Detergent,2025-11-04
SMP018447,9,6,Fail,Detergent,2025-11-04
SMP018448,12,15,Pass,None,2025-11-04
SMP018449,5,3,Pass,None,2025-11-04
SMP018450,13,4,Pass,None,2025-11-04
SMP018451,5,9,Fail,Synthetic Color,2025-11-04
SMP018452,16,5,Pass,None,2025-11-04
SMP018453,18,11,Fail,Detergent,2025-11-04
SMP018454,2,6,Pass,None,2025-11-04
SMP018455,23,13,Pass,None,2025-11-04
SMP018456,5,6,Fail,Formalin,2025-11-04
SMP018457,6,9,Pass,None,2025-11-04
SMP018458,18,5,Fail,Chalk Powder,2025-11-04
SMP018459,13,12,Pass,None,2025-11-04
SMP018460,14,11,Pass,None,2025-11-04
SMP018461,4,6,Pass,None,2025-11-04
SMP018462,22,4,Pass,None,2025-11-04
SMP018463,17,10,Fail,Detergent,2025-11-04
SMP018464,4,16,Pass,None,2025-11-04
SMP018465,9,2,Fail,Chalk Powder,2025-11-04
SMP018466,22,13,Fail,Urea,2025-11-05
SMP018467,16,9,Fail,Synthetic Color,2025-11-05
SMP018468,3,8,Pass,None,2025-11-05
SMP018469,9,16,Pass,None,2025-11-05
SMP018470,7,10,Fail,Detergent,2025-11-05
SMP018471,15,14,Pass,None,2025-11-05
SMP018472,23,8,Fail,Detergent,2025-11-05
SMP018473,12,4,Fail,Urea,2025-11-05
SMP018474,12,11,Pass,None,2025-11-05
SMP018475,24,15,Pass,None,2025-11-05
SMP018476,17,14,Pass,None,2025-11-05
SMP018477,16,3,Pass,None,2025-11-05
SMP018478,7,5,Pass,None,2025-11-05
SMP018479,17,8,Pass,None,2025-11-05
SMP018480,17,9,Fail,Starch,2025-11-05
SMP018481,10,3,Fail,Formalin,2025-11-05
SMP018482,26,4,Pass,None,2025-11-05
SMP018483,23,13,Pass,None,2025-11-05
SMP018484,21,12,Pass,None,2025-11-05
SMP018485,16,14,Fail,Detergent,2025-11-05
SMP018486,13,15,Fail,Chalk Powder,2025-11-05
SMP018487,5,5,Pass,None,2025-11-05
SMP018488,8,14,Pass,None,2025-11-05
SMP018489,21,11,Fail,Urea,2025-11-05
SMP018490,13,16,Pass,None,2025-11-05
SMP018491,23,4,Pass,None,2025-11-05
SMP018492,5,4,Pass,None,2025-11-05
SMP018493,15,12,Pass,None,2025-11-05
SMP018494,18,15,Pass,None,2025-11-06
SMP018495,15,14,Pass,None,2025-11-06
SMP018496,24,12,Pass,None,2025-11-06
SMP018497,26,6,Pass,None,2025-11-06
SMP018498,4,12,Pass,None,2025-11-06
SMP018499,4,13,Fail,Urea,2025-11-06
SMP018500,4,12,Pass,None,2025-11-06
SMP018501,19,11,Pass,None,2025-11-06
SMP018502,9,1,Pass,None,2025-11-06
SMP018503,20,11,Fail,Starch,2025-11-06
SMP018504,11,7,Pass,None,2025-11-06
SMP018505,17,16,Fail,Chalk Powder,2025-11-06
SMP018506,21,10,Fail,Chalk Powder,2025-11-06
SMP018507,16,10,Pass,None,2025-11-06
SMP018508,16,16,Fail,Detergent,2025-11-06
SMP018509,3,2,Fail,Starch,2025-11-06
SMP018510,11,4,Pass,None,2025-11-06
SMP018511,16,11,Pass,None,2025-11-06
SMP018512,13,5,Pass,None,2025-11-06
SMP018513,24,5,Pass,None,2025-11-06
SMP018514,24,15,Pass,None,2025-11-06
SMP018515,22,9,Pass,None,2025-11-06
SMP018516,9,2,Pass,None,2025-11-06
SMP018517,19,5,Pass,None,2025-11-06
SMP018518,10,2,Pass,None,2025-11-06
SMP018519,6,9,Pass,None,2025-11-06
SMP018520,9,3,Pass,None,2025-11-06
SMP018521,2,14,Pass,None,2025-11-07
SMP018522,9,9,Pass,None,2025-11-07
SMP018523,13,1,Fail,Synthetic Color,2025-11-07
SMP018524,25,5,Pass,None,2025-11-07
SMP018525,8,10,Pass,None,2025-11-07
SMP018526,24,5,Pass,None,2025-11-07
SMP018527,6,8,Fail,Urea,2025-11-07
SMP018528,5,15,Pass,None,2025-11-07
SMP018529,15,5,Pass,None,2025-11-07
SMP018530,19,5,Fail,Formalin,2025-11-07
SMP018531,2,14,Pass,None,2025-11-07
SMP018532,6,5,Pass,None,2025-11-07
SMP018533,13,2,Pass,None,2025-11-07
SMP018534,9,3,Pass,None,2025-11-07
SMP018535,19,16,Pass,None,2025-11-07
SMP018536,15,16,Pass,None,2025-11-07
SMP018537,5,4,Pass,None,2025-11-07
SMP018538,24,9,Fail,Urea,2025-11-07
SMP018539,8,2,Pass,None,2025-11-07
SMP018540,20,11,Fail,Starch,2025-11-07
SMP018541,22,3,Pass,None,2025-11-07
SMP018542,25,1,Fail,Formalin,2025-11-07
SMP018543,14,14,Pass,None,2025-11-07
SMP018544,17,5,Pass,None,2025-11-07
SMP018545,9,2,Pass,None,2025-11-07
SMP018546,19,14,Fail,Formalin,2025-11-07
SMP018547,13,13,Pass,None,2025-11-07
SMP018548,12,11,Fail,Urea,2025-11-07
SMP018549,23,15,Pass,None,2025-11-08
SMP018550,2,8,Pass,None,2025-11-08
SMP018551,23,2,Pass,None,2025-11-08
SMP018552,23,1,Pass,None,2025-11-08
SMP018553,15,5,Fail,Formalin,2025-11-08
SMP018554,14,2,Pass,None,2025-11-08
SMP018555,9,9,Pass,None,2025-11-08
SMP018556,26,1,Fail,Detergent,2025-11-08
SMP018557,3,7,Pass,None,2025-11-08
SMP018558,17,3,Pass,None,2025-11-08
SMP018559,19,6,Pass,None,2025-11-08
SMP018560,24,11,Pass,None,2025-11-08
SMP018561,22,5,Pass,None,2025-11-08
SMP018562,18,5,Fail,Urea,2025-11-08
SMP018563,4,16,Pass,None,2025-11-08
SMP018564,9,12,Fail,Starch,2025-11-08
SMP018565,4,8,Fail,Synthetic Color,2025-11-08
SMP018566,23,9,Pass,None,2025-11-08
SMP018567,21,10,Pass,None,2025-11-08
SMP018568,21,1,Pass,None,2025-11-08
SMP018569,18,2,Fail,Starch,2025-11-08
SMP018570,15,11,Pass,None,2025-11-08
SMP018571,5,6,Pass,None,2025-11-08
SMP018572,9,1,Pass,None,2025-11-08
SMP018573,4,5,Fail,Detergent,2025-11-08
SMP018574,19,2,Fail,Synthetic Color,2025-11-08
SMP018575,5,15,Pass,None,2025-11-08
SMP018576,19,4,Fail,Synthetic Color,2025-11-09
SMP018577,19,3,Pass,None,2025-11-09
SMP018578,13,10,Pass,None,2025-11-09
SMP018579,4,8,Pass,None,2025-11-09
SMP018580,8,9,Pass,None,2025-11-09
SMP018581,9,6,Pass,None,2025-11-09
SMP018582,19,7,Fail,Chalk Powder,2025-11-09
SMP018583,4,13,Pass,None,2025-11-09
SMP018584,23,4,Pass,None,2025-11-09
SMP018585,21,6,Fail,Starch,2025-11-09
SMP018586,5,16,Fail,Urea,2025-11-09
SMP018587,19,3,Pass,None,2025-11-09
SMP018588,19,5,Fail,Urea,2025-11-09
SMP018589,21,3,Pass,None,2025-11-09
SMP018590,5,1,Pass,None,2025-11-09
SMP018591,5,4,Pass,None,2025-11-09
SMP018592,6,1,Pass,None,2025-11-09
SMP018593,9,3,Fail,Synthetic Color,2025-11-09
SMP018594,22,6,Pass,None,2025-11-09
SMP018595,20,1,Pass,None,2025-11-09
SMP018596,24,12,Pass,None,2025-11-09
SMP018597,2,13,Pass,None,2025-11-09
SMP018598,1,6,Pass,None,2025-11-09
SMP018599,19,16,Pass,None,2025-11-09
SMP018600,7,11,Pass,None,2025-11-09
SMP018601,9,12,Fail,Starch,2025-11-09
SMP018602,16,3,Fail,Starch,2025-11-09
SMP018603,3,14,Pass,None,2025-11-10
SMP018604,18,16,Pass,None,2025-11-10
SMP018605,9,4,Pass,None,2025-11-10
SMP018606,17,11,Pass,None,2025-11-10
SMP018607,23,12,Pass,None,2025-11-10
SMP018608,5,5,Pass,None,2025-11-10
SMP018609,24,7,Pass,None,2025-11-10
SMP018610,16,2,Pass,None,2025-11-10
SMP018611,24,3,Pass,None,2025-11-10
SMP018612,5,1,Pass,None,2025-11-10
SMP018613,17,9,Pass,None,2025-11-10
SMP018614,11,10,Fail,Urea,2025-11-10
SMP018615,21,15,Pass,None,2025-11-10
SMP018616,17,9,Pass,None,2025-11-10
SMP018617,14,4,Pass,None,2025-11-10
SMP018618,24,1,Pass,None,2025-11-10
SMP018619,9,15,Pass,None,2025-11-10
SMP018620,6,7,Pass,None,2025-11-10
SMP018621,17,12,Pass,None,2025-11-10
SMP018622,17,1,Fail,Chalk Powder,2025-11-10
SMP018623,12,8,Pass,None,2025-11-10
SMP018624,14,5,Pass,None,2025-11-10
SMP018625,25,1,Fail,Detergent,2025-11-10
SMP018626,20,13,Pass,None,2025-11-10
SMP018627,3,8,Fail,Urea,2025-11-10
SMP018628,6,5,Pass,None,2025-11-10
SMP018629,25,13,Fail,Urea,2025-11-10
SMP018630,20,7,Pass,None,2025-11-10
SMP018631,24,1,Pass,None,2025-11-11
SMP018632,8,16,Fail,Detergent,2025-11-11
SMP018633,21,4,Pass,None,2025-11-11
SMP018634,19,14,Pass,None,2025-11-11
SMP018635,8,14,Pass,None,2025-11-11
SMP018636,16,3,Pass,None,2025-11-11
SMP018637,17,7,Pass,None,2025-11-11
SMP018638,14,1,Pass,None,2025-11-11
SMP018639,23,5,Fail,Urea,2025-11-11
SMP018640,23,12,Pass,None,2025-11-11
SMP018641,23,4,Pass,None,2025-11-11
SMP018642,22,2,Fail,Synthetic Color,2025-11-11
SMP018643,14,8,Pass,None,2025-11-11
SMP018644,10,9,Pass,None,2025-11-11
SMP018645,23,11,Pass,None,2025-11-11
SMP018646,14,13,Pass,None,2025-11-11
SMP018647,7,11,Fail,Synthetic Color,2025-11-11
SMP018648,15,14,Fail,Synthetic Color,2025-11-11
SMP018649,5,4,Pass,None,2025-11-11
SMP018650,19,9,Pass,None,2025-11-11
SMP018651,9,5,Pass,None,2025-11-11
SMP018652,7,16,Pass,None,2025-11-11
SMP018653,25,7,Pass,None,2025-11-11
SMP018654,21,16,Fail,Chalk Powder,2025-11-11
SMP018655,22,13,Pass,None,2025-11-11
SMP018656,17,12,Fail,Synthetic Color,2025-11-11
SMP018657,23,8,Pass,None,2025-11-11
SMP018658,21,7,Pass,None,2025-11-12
SMP018659,17,9,Pass,None,2025-11-12
SMP018660,25,5,Fail,Chalk Powder,2025-11-12
SMP018661,5,15,Pass,None,2025-11-12
SMP018662,25,13,Pass,None,2025-11-12
SMP018663,11,13,Pass,None,2025-11-12
SMP018664,15,6,Pass,None,2025-11-12
SMP018665,4,1,Fail,Synthetic Color,2025-11-12
SMP018666,16,11,Pass,None,2025-11-12
SMP018667,17,6,Pass,None,2025-11-12
SMP018668,26,15,Pass,None,2025-11-12
SMP018669,25,13,Pass,None,2025-11-12
SMP018670,25,3,Fail,Starch,2025-11-12
SMP018671,9,10,Pass,None,2025-11-12
SMP018672,26,11,Pass,None,2025-11-12
SMP018673,13,9,Pass,None,2025-11-12
SMP018674,23,8,Pass,None,2025-11-12
SMP018675,6,4,Fail,Starch,2025-11-12
SMP018676,15,4,Pass,None,2025-11-12
SMP018677,25,13,Pass,None,2025-11-12
SMP018678,25,1,Fail,Detergent,2025-11-12
SMP018679,19,13,Fail,Chalk Powder,2025-11-12
SMP018680,22,9,Pass,None,2025-11-12
SMP018681,5,16,Pass,None,2025-11-12
SMP018682,19,16,Pass,None,2025-11-12
SMP018683,17,11,Fail,Formalin,2025-11-12
SMP018684,3,6,Fail,Synthetic Color,2025-11-12
SMP018685,4,7,Pass,None,2025-11-13
SMP018686,3,4,Pass,None,2025-11-13
SMP018687,19,2,Pass,None,2025-11-13
SMP018688,5,9,Pass,None,2025-11-13
SMP018689,13,13,Pass,None,2025-11-13
SMP018690,9,4,Fail,Formalin,2025-11-13
SMP018691,16,6,Pass,None,2025-11-13
SMP018692,19,9,Pass,None,2025-11-13
SMP018693,19,15,Pass,None,2025-11-13
SMP018694,15,2,Fail,Formalin,2025-11-13
SMP018695,13,4,Fail,Synthetic Color,2025-11-13
SMP018696,10,15,Fail,Urea,2025-11-13
SMP018697,23,1,Pass,None,2025-11-13
SMP018698,9,11,Pass,None,2025-11-13
SMP018699,7,11,Fail,Detergent,2025-11-13
SMP018700,21,6,Pass,None,2025-11-13
SMP018701,9,7,Fail,Chalk Powder,2025-11-13
SMP018702,23,14,Pass,None,2025-11-13
SMP018703,9,3,Fail,Formalin,2025-11-13
SMP018704,19,4,Pass,None,2025-11-13
SMP018705,2,8,Pass,None,2025-11-13
SMP018706,10,6,Fail,Urea,2025-11-13
SMP018707,9,9,Pass,None,2025-11-13
SMP018708,22,15,Pass,None,2025-11-13
SMP018709,25,15,Pass,None,2025-11-13
SMP018710,13,4,Pass,None,2025-11-13
SMP018711,23,5,Pass,None,2025-11-13
SMP018712,19,3,Pass,None,2025-11-13
SMP018713,25,15,Pass,None,2025-11-14
SMP018714,22,6,Pass,None,2025-11-14
SMP018715,2,7,Pass,None,2025-11-14
SMP018716,19,13,Pass,None,2025-11-14
SMP018717,16,8,Pass,None,2025-11-14
SMP018718,1,2,Fail,Urea,2025-11-14
SMP018719,7,7,Pass,None,2025-11-14
SMP018720,24,11,Fail,Synthetic Color,2025-11-14
SMP018721,24,12,Fail,Detergent,2025-11-14
SMP018722,22,11,Pass,None,2025-11-14
SMP018723,26,2,Fail,Synthetic Color,2025-11-14
SMP018724,22,5,Pass,None,2025-11-14
SMP018725,1,12,Pass,None,2025-11-14
SMP018726,8,15,Fail,Detergent,2025-11-14
SMP018727,1,1,Fail,Synthetic Color,2025-11-14
SMP018728,3,1,Pass,None,2025-11-14
SMP018729,6,11,Pass,None,2025-11-14
SMP018730,14,9,Pass,None,2025-11-14
SMP018731,23,3,Pass,None,2025-11-14
SMP018732,23,9,Fail,Detergent,2025-11-14
SMP018733,17,16,Pass,None,2025-11-14
SMP018734,24,11,Pass,None,2025-11-14
SMP018735,14,7,Pass,None,2025-11-14
SMP018736,24,14,Pass,None,2025-11-14
SMP018737,13,4,Fail,Starch,2025-11-14
SMP018738,7,6,Fail,Urea,2025-11-14
SMP018739,24,9,Pass,None,2025-11-14
SMP018740,10,8,Pass,None,2025-11-15
SMP018741,14,15,Fail,Chalk Powder,2025-11-15
SMP018742,9,5,Pass,None,2025-11-15
SMP018743,18,1,Pass,None,2025-11-15
SMP018744,26,15,Pass,None,2025-11-15
SMP018745,1,4,Pass,None,2025-11-15
SMP018746,24,6,Pass,None,2025-11-15
SMP018747,1,9,Fail,Urea,2025-11-15
SMP018748,9,16,Fail,Urea,2025-11-15
SMP018749,5,9,Pass,None,2025-11-15
SMP018750,21,7,Pass,None,2025-11-15
SMP018751,2,10,Fail,Detergent,2025-11-15
SMP018752,16,16,Pass,None,2025-11-15
SMP018753,8,14,Fail,Urea,2025-11-15
SMP018754,4,3,Pass,None,2025-11-15
SMP018755,21,13,Pass,None,2025-11-15
SMP018756,6,14,Pass,None,2025-11-15
SMP018757,6,11,Pass,None,2025-11-15
SMP018758,7,11,Pass,None,2025-11-15
SMP018759,17,7,Pass,None,2025-11-15
SMP018760,18,11,Fail,Starch,2025-11-15
SMP018761,1,12,Pass,None,2025-11-15
SMP018762,7,2,Fail,Starch,2025-11-15
SMP018763,12,4,Pass,None,2025-11-15
SMP018764,9,3,Pass,None,2025-11-15
SMP018765,23,14,Pass,None,2025-11-15
SMP018766,22,11,Pass,None,2025-11-15
SMP018767,17,7,Fail,Formalin,2025-11-15
SMP018768,9,14,Pass,None,2025-11-16
SMP018769,19,12,Pass,None,2025-11-16
SMP018770,23,15,Pass,None,2025-11-16
SMP018771,17,2,Fail,Urea,2025-11-16
SMP018772,22,8,Pass,None,2025-11-16
SMP018773,21,12,Pass,None,2025-11-16
SMP018774,16,4,Pass,None,2025-11-16
SMP018775,8,5,Pass,None,2025-11-16
SMP018776,21,6,Pass,None,2025-11-16
SMP018777,5,13,Pass,None,2025-11-16
SMP018778,22,8,Pass,None,2025-11-16
SMP018779,22,8,Pass,None,2025-11-16
SMP018780,22,6,Pass,None,2025-11-16
SMP018781,13,4,Pass,None,2025-11-16
SMP018782,5,15,Fail,Synthetic Color,2025-11-16
SMP018783,3,5,Fail,Synthetic Color,2025-11-16
SMP018784,21,9,Pass,None,2025-11-16
SMP018785,24,3,Fail,Synthetic Color,2025-11-16
SMP018786,18,6,Pass,None,2025-11-16
SMP018787,5,15,Pass,None,2025-11-16
SMP018788,25,16,Pass,None,2025-11-16
SMP018789,26,6,Pass,None,2025-11-16
SMP018790,12,3,Fail,Chalk Powder,2025-11-16
SMP018791,17,5,Fail,Starch,2025-11-16
SMP018792,21,5,Fail,Formalin,2025-11-16
SMP018793,20,11,Pass,None,2025-11-16
SMP018794,25,8,Pass,None,2025-11-16
SMP018795,4,13,Fail,Chalk Powder,2025-11-17
SMP018796,17,12,Fail,Formalin,2025-11-17
SMP018797,19,4,Pass,None,2025-11-17
SMP018798,24,13,Pass,None,2025-11-17
SMP018799,23,14,Pass,None,2025-11-17
SMP018800,25,10,Pass,None,2025-11-17
SMP018801,15,15,Pass,None,2025-11-17
SMP018802,23,13,Fail,Starch,2025-11-17
SMP018803,12,10,Pass,None,2025-11-17
SMP018804,12,15,Pass,None,2025-11-17
SMP018805,7,10,Pass,None,2025-11-17
SMP018806,22,8,Fail,Formalin,2025-11-17
SMP018807,26,5,Pass,None,2025-11-17
SMP018808,7,15,Pass,None,2025-11-17
SMP018809,2,2,Pass,None,2025-11-17
SMP018810,22,7,Pass,None,2025-11-17
SMP018811,17,9,Pass,None,2025-11-17
SMP018812,25,9,Pass,None,2025-11-17
SMP018813,7,11,Pass,None,2025-11-17
SMP018814,2,8,Pass,None,2025-11-17
SMP018815,14,4,Pass,None,2025-11-17
SMP018816,3,14,Pass,None,2025-11-17
SMP018817,7,11,Pass,None,2025-11-17
SMP018818,4,14,Fail,Synthetic Color,2025-11-17
SMP018819,6,4,Fail,Synthetic Color,2025-11-17
SMP018820,3,11,Pass,None,2025-11-17
SMP018821,25,12,Pass,None,2025-11-17
SMP018822,7,6,Fail,Starch,2025-11-18
SMP018823,13,13,Pass,None,2025-11-18
SMP018824,24,1,Pass,None,2025-11-18
SMP018825,19,10,Pass,None,2025-11-18
SMP018826,17,10,Pass,None,2025-11-18
SMP018827,19,9,Fail,Synthetic Color,2025-11-18
SMP018828,23,11,Fail,Detergent,2025-11-18
SMP018829,23,3,Fail,Synthetic Color,2025-11-18
SMP018830,18,11,Pass,None,2025-11-18
SMP018831,24,5,Pass,None,2025-11-18
SMP018832,16,7,Pass,None,2025-11-18
SMP018833,7,5,Pass,None,2025-11-18
SMP018834,23,7,Pass,None,2025-11-18
SMP018835,16,10,Fail,Urea,2025-11-18
SMP018836,24,14,Pass,None,2025-11-18
SMP018837,2,8,Pass,None,2025-11-18
SMP018838,10,5,Pass,None,2025-11-18
SMP018839,25,8,Pass,None,2025-11-18
SMP018840,7,11,Pass,None,2025-11-18
SMP018841,25,5,Pass,None,2025-11-18
SMP018842,25,6,Pass,None,2025-11-18
SMP018843,23,9,Pass,None,2025-11-18
SMP018844,16,5,Pass,None,2025-11-18
SMP018845,18,4,Fail,Starch,2025-11-18
SMP018846,23,2,Fail,Starch,2025-11-18
SMP018847,21,5,Pass,None,2025-11-18
SMP018848,17,1,Fail,Formalin,2025-11-18
SMP018849,26,10,Pass,None,2025-11-18
SMP018850,19,3,Pass,None,2025-11-19
SMP018851,25,6,Pass,None,2025-11-19
SMP018852,2,4,Pass,None,2025-11-19
SMP018853,4,11,Fail,Formalin,2025-11-19
SMP018854,13,14,Fail,Formalin,2025-11-19
SMP018855,10,11,Fail,Urea,2025-11-19
SMP018856,22,9,Fail,Synthetic Color,2025-11-19
SMP018857,5,11,Fail,Starch,2025-11-19
SMP018858,25,1,Pass,None,2025-11-19
SMP018859,8,2,Fail,Synthetic Color,2025-11-19
SMP018860,12,2,Fail,Formalin,2025-11-19
SMP018861,7,2,Pass,None,2025-11-19
SMP018862,17,4,Fail,Starch,2025-11-19
SMP018863,2,9,Pass,None,2025-11-19
SMP018864,5,2,Pass,None,2025-11-19
SMP018865,21,16,Pass,None,2025-11-19
SMP018866,5,14,Fail,Formalin,2025-11-19
SMP018867,6,16,Fail,Chalk Powder,2025-11-19
SMP018868,22,1,Pass,None,2025-11-19
SMP018869,3,14,Pass,None,2025-11-19
SMP018870,12,13,Pass,None,2025-11-19
SMP018871,1,15,Pass,None,2025-11-19
SMP018872,9,9,Pass,None,2025-11-19
SMP018873,19,13,Pass,None,2025-11-19
SMP018874,3,1,Fail,Urea,2025-11-19
SMP018875,24,2,Pass,None,2025-11-19
SMP018876,24,2,Pass,None,2025-11-19
SMP018877,3,15,Pass,None,2025-11-20
SMP018878,26,1,Fail,Starch,2025-11-20
SMP018879,8,2,Pass,None,2025-11-20
SMP018880,3,15,Pass,None,2025-11-20
SMP018881,1,2,Pass,None,2025-11-20
SMP018882,11,15,Pass,None,2025-11-20
SMP018883,17,13,Fail,Formalin,2025-11-20
SMP018884,9,1,Pass,None,2025-11-20
SMP018885,23,1,Pass,None,2025-11-20
SMP018886,19,9,Pass,None,2025-11-20
SMP018887,9,16,Pass,None,2025-11-20
SMP018888,20,15,Pass,None,2025-11-20
SMP018889,25,5,Fail,Formalin,2025-11-20
SMP018890,3,6,Fail,Chalk Powder,2025-11-20
SMP018891,8,6,Pass,None,2025-11-20
SMP018892,13,12,Pass,None,2025-11-20
SMP018893,14,5,Fail,Formalin,2025-11-20
SMP018894,16,3,Pass,None,2025-11-20
SMP018895,8,12,Pass,None,2025-11-20
SMP018896,18,7,Fail,Urea,2025-11-20
SMP018897,18,2,Pass,None,2025-11-20
SMP018898,17,13,Pass,None,2025-11-20
SMP018899,4,10,Pass,None,2025-11-20
SMP018900,14,8,Pass,None,2025-11-20
SMP018901,9,11,Pass,None,2025-11-20
SMP018902,14,8,Fail,Synthetic Color,2025-11-20
SMP018903,24,11,Pass,None,2025-11-20
SMP018904,14,15,Fail,Synthetic Color,2025-11-20
SMP018905,1,10,Pass,None,2025-11-21
SMP018906,12,11,Pass,None,2025-11-21
SMP018907,22,10,Pass,None,2025-11-21
SMP018908,22,9,Pass,None,2025-11-21
SMP018909,15,3,Pass,None,2025-11-21
SMP018910,7,5,Pass,None,2025-11-21
SMP018911,13,11,Fail,Synthetic Color,2025-11-21
SMP018912,16,6,Fail,Urea,2025-11-21
SMP018913,26,6,Pass,None,2025-11-21
SMP018914,18,13,Pass,None,2025-11-21
SMP018915,19,1,Pass,None,2025-11-21
SMP018916,14,11,Fail,Chalk Powder,2025-11-21
SMP018917,9,8,Pass,None,2025-11-21
SMP018918,22,6,Fail,Synthetic Color,2025-11-21
SMP018919,14,5,Pass,None,2025-11-21
SMP018920,26,3,Fail,Synthetic Color,2025-11-21
SMP018921,13,5,Pass,None,2025-11-21
SMP018922,2,6,Fail,Urea,2025-11-21
SMP018923,19,7,Pass,None,2025-11-21
SMP018924,2,11,Pass,None,2025-11-21
SMP018925,7,7,Fail,Starch,2025-11-21
SMP018926,9,13,Fail,Formalin,2025-11-21
SMP018927,21,11,Pass,None,2025-11-21
SMP018928,14,3,Pass,None,2025-11-21
SMP018929,1,4,Pass,None,2025-11-21
SMP018930,17,2,Fail,Formalin,2025-11-21
SMP018931,11,16,Pass,None,2025-11-21
SMP018932,24,15,Pass,None,2025-11-22
SMP018933,14,2,Fail,Urea,2025-11-22
SMP018934,19,9,Fail,Synthetic Color,2025-11-22
SMP018935,6,16,Pass,None,2025-11-22
SMP018936,21,12,Pass,None,2025-11-22
SMP018937,19,8,Pass,None,2025-11-22
SMP018938,24,4,Pass,None,2025-11-22
SMP018939,1,4,Fail,Chalk Powder,2025-11-22
SMP018940,13,12,Pass,None,2025-11-22
SMP018941,19,13,Pass,None,2025-11-22
SMP018942,3,9,Pass,None,2025-11-22
SMP018943,11,2,Pass,None,2025-11-22
SMP018944,25,16,Pass,None,2025-11-22
SMP018945,12,14,Pass,None,2025-11-22
SMP018946,26,2,Fail,Detergent,2025-11-22
SMP018947,2,1,Fail,Synthetic Color,2025-11-22
SMP018948,19,9,Fail,Detergent,2025-11-22
SMP018949,17,5,Pass,None,2025-11-22
SMP018950,14,5,Pass,None,2025-11-22
SMP018951,25,2,Fail,Formalin,2025-11-22
SMP018952,4,16,Pass,None,2025-11-22
SMP018953,24,14,Pass,None,2025-11-22
SMP018954,19,2,Pass,None,2025-11-22
SMP018955,7,15,Pass,None,2025-11-22
SMP018956,24,11,Fail,Chalk Powder,2025-11-22
SMP018957,12,5,Pass,None,2025-11-22
SMP018958,22,15,Fail,Urea,2025-11-22
SMP018959,10,10,Pass,None,2025-11-23
SMP018960,23,14,Pass,None,2025-11-23
SMP018961,18,7,Pass,None,2025-11-23
SMP018962,5,8,Fail,Chalk Powder,2025-11-23
SMP018963,18,5,Pass,None,2025-11-23
SMP018964,5,6,Pass,None,2025-11-23
SMP018965,11,9,Pass,None,2025-11-23
SMP018966,5,16,Pass,None,2025-11-23
SMP018967,1,10,Fail,Synthetic Color,2025-11-23
SMP018968,6,3,Pass,None,2025-11-23
SMP018969,16,1,Pass,None,2025-11-23
SMP018970,14,14,Pass,None,2025-11-23
SMP018971,14,6,Fail,Urea,2025-11-23
SMP018972,7,5,Pass,None,2025-11-23
SMP018973,19,13,Pass,None,2025-11-23
SMP018974,19,16,Pass,None,2025-11-23
SMP018975,9,12,Fail,Synthetic Color,2025-11-23
SMP018976,23,3,Pass,None,2025-11-23
SMP018977,18,6,Pass,None,2025-11-23
SMP018978,19,13,Pass,None,2025-11-23
SMP018979,7,15,Pass,None,2025-11-23
SMP018980,1,16,Fail,Synthetic Color,2025-11-23
SMP018981,23,8,Pass,None,2025-11-23
SMP018982,22,14,Pass,None,2025-11-23
SMP018983,4,1,Pass,None,2025-11-23
SMP018984,9,5,Pass,None,2025-11-23
SMP018985,18,6,Pass,None,2025-11-23
SMP018986,18,16,Fail,Chalk Powder,2025-11-23
SMP018987,23,1,Fail,Synthetic Color,2025-11-24
SMP018988,4,5,Pass,None,2025-11-24
SMP018989,12,15,Pass,None,2025-11-24
SMP018990,3,5,Fail,Detergent,2025-11-24
SMP018991,10,4,Fail,Urea,2025-11-24
SMP018992,1,12,Pass,None,2025-11-24
SMP018993,24,12,Pass,None,2025-11-24
SMP018994,15,7,Pass,None,2025-11-24
SMP018995,23,16,Pass,None,2025-11-24
SMP018996,2,4,Pass,None,2025-11-24
SMP018997,6,15,Pass,None,2025-11-24
SMP018998,7,12,Pass,None,2025-11-24
SMP018999,10,6,Pass,None,2025-11-24
SMP019000,22,13,Pass,None,2025-11-24
SMP019001,10,2,Fail,Formalin,2025-11-24
SMP019002,5,2,Fail,Starch,2025-11-24
SMP019003,2,15,Fail,Detergent,2025-11-24
SMP019004,3,2,Fail,Formalin,2025-11-24
SMP019005,21,1,Pass,None,2025-11-24
SMP019006,13,6,Pass,None,2025-11-24
SMP019007,20,2,Fail,Urea,2025-11-24
SMP019008,19,15,Pass,None,2025-11-24
SMP019009,4,15,Pass,None,2025-11-24
SMP019010,5,8,Pass,None,2025-11-24
SMP019011,21,6,Pass,None,2025-11-24
SMP019012,19,9,Pass,None,2025-11-24
SMP019013,10,4,Fail,Starch,2025-11-24
SMP019014,2,5,Pass,None,2025-11-25
SMP019015,1,2,Pass,None,2025-11-25
SMP019016,8,7,Fail,Starch,2025-11-25
SMP019017,1,10,Fail,Urea,2025-11-25
SMP019018,6,15,Fail,Detergent,2025-11-25
SMP019019,12,12,Fail,Chalk Powder,2025-11-25
SMP019020,4,12,Pass,None,2025-11-25
SMP019021,3,5,Pass,None,2025-11-25
SMP019022,24,15,Fail,Chalk Powder,2025-11-25
SMP019023,17,16,Pass,None,2025-11-25
SMP019024,24,15,Fail,Synthetic Color,2025-11-25
SMP019025,9,1,Pass,None,2025-11-25
SMP019026,19,10,Pass,None,2025-11-25
SMP019027,5,11,Fail,Synthetic Color,2025-11-25
SMP019028,17,5,Fail,Synthetic Color,2025-11-25
SMP019029,4,16,Pass,None,2025-11-25
SMP019030,1,5,Fail,Formalin,2025-11-25
SMP019031,24,4,Pass,None,2025-11-25
SMP019032,16,8,Fail,Urea,2025-11-25
SMP019033,24,5,Pass,None,2025-11-25
SMP019034,9,15,Pass,None,2025-11-25
SMP019035,9,7,Fail,Detergent,2025-11-25
SMP019036,11,6,Pass,None,2025-11-25
SMP019037,19,10,Pass,None,2025-11-25
SMP019038,16,2,Pass,None,2025-11-25
SMP019039,24,12,Fail,Chalk Powder,2025-11-25
SMP019040,1,13,Pass,None,2025-11-25
SMP019041,19,7,Pass,None,2025-11-25
SMP019042,9,16,Pass,None,2025-11-26
SMP019043,5,9,Pass,None,2025-11-26
SMP019044,15,11,Pass,None,2025-11-26
SMP019045,15,15,Pass,None,2025-11-26
SMP019046,4,11,Pass,None,2025-11-26
SMP019047,5,6,Pass,None,2025-11-26
SMP019048,11,1,Fail,Urea,2025-11-26
SMP019049,11,12,Pass,None,2025-11-26
SMP019050,8,16,Fail,Chalk Powder,2025-11-26
SMP019051,5,7,Pass,None,2025-11-26
SMP019052,1,5,Fail,Starch,2025-11-26
SMP019053,25,8,Pass,None,2025-11-26
SMP019054,25,12,Pass,None,2025-11-26
SMP019055,14,1,Pass,None,2025-11-26
SMP019056,26,15,Pass,None,2025-11-26
SMP019057,19,15,Pass,None,2025-11-26
SMP019058,2,9,Pass,None,2025-11-26
SMP019059,4,2,Pass,None,2025-11-26
SMP019060,24,11,Pass,None,2025-11-26
SMP019061,17,2,Pass,None,2025-11-26
SMP019062,23,8,Pass,None,2025-11-26
SMP019063,24,2,Pass,None,2025-11-26
SMP019064,13,10,Pass,None,2025-11-26
SMP019065,2,5,Pass,None,2025-11-26
SMP019066,5,14,Pass,None,2025-11-26
SMP019067,2,13,Pass,None,2025-11-26
SMP019068,5,16,Fail,Formalin,2025-11-26
SMP019069,11,4,Fail,Detergent,2025-11-27
SMP019070,4,1,Pass,None,2025-11-27
SMP019071,5,7,Pass,None,2025-11-27
SMP019072,13,2,Pass,None,2025-11-27
SMP019073,9,3,Pass,None,2025-11-27
SMP019074,13,10,Pass,None,2025-11-27
SMP019075,12,10,Fail,Starch,2025-11-27
SMP019076,18,1,Pass,None,2025-11-27
SMP019077,25,7,Fail,Synthetic Color,2025-11-27
SMP019078,3,9,Pass,None,2025-11-27
SMP019079,3,4,Pass,None,2025-11-27
SMP019080,23,15,Pass,None,2025-11-27
SMP019081,15,3,Pass,None,2025-11-27
SMP019082,21,4,Fail,Chalk Powder,2025-11-27
SMP019083,6,3,Fail,Synthetic Color,2025-11-27
SMP019084,23,2,Pass,None,2025-11-27
SMP019085,24,15,Pass,None,2025-11-27
SMP019086,18,4,Pass,None,2025-11-27
SMP019087,3,12,Pass,None,2025-11-27
SMP019088,24,6,Pass,None,2025-11-27
SMP019089,22,11,Pass,None,2025-11-27
SMP019090,21,15,Pass,None,2025-11-27
SMP019091,2,14,Pass,None,2025-11-27
SMP019092,22,1,Fail,Synthetic Color,2025-11-27
SMP019093,4,14,Pass,None,2025-11-27
SMP019094,6,7,Pass,None,2025-11-27
SMP019095,17,5,Pass,None,2025-11-27
SMP019096,7,11,Fail,Urea,2025-11-28
SMP019097,18,16,Pass,None,2025-11-28
SMP019098,17,2,Fail,Starch,2025-11-28
SMP019099,3,13,Pass,None,2025-11-28
SMP019100,18,4,Fail,Detergent,2025-11-28
SMP019101,24,6,Fail,Starch,2025-11-28
SMP019102,5,15,Pass,None,2025-11-28
SMP019103,17,9,Pass,None,2025-11-28
SMP019104,9,1,Pass,None,2025-11-28
SMP019105,13,8,Fail,Detergent,2025-11-28
SMP019106,8,13,Pass,None,2025-11-28
SMP019107,9,9,Pass,None,2025-11-28
SMP019108,1,3,Fail,Formalin,2025-11-28
SMP019109,26,7,Pass,None,2025-11-28
SMP019110,17,15,Pass,None,2025-11-28
SMP019111,14,11,Pass,None,2025-11-28
SMP019112,10,12,Pass,None,2025-11-28
SMP019113,16,13,Pass,None,2025-11-28
SMP019114,10,2,Pass,None,2025-11-28
SMP019115,9,10,Pass,None,2025-11-28
SMP019116,13,6,Fail,Formalin,2025-11-28
SMP019117,7,2,Pass,None,2025-11-28
SMP019118,5,4,Pass,None,2025-11-28
SMP019119,16,13,Pass,None,2025-11-28
SMP019120,23,3,Pass,None,2025-11-28
SMP019121,5,5,Pass,None,2025-11-28
SMP019122,1,5,Pass,None,2025-11-28
SMP019123,7,1,Pass,None,2025-11-28
SMP019124,25,7,Pass,None,2025-11-29
SMP019125,23,13,Pass,None,2025-11-29
SMP019126,17,1,Fail,Detergent,2025-11-29
SMP019127,24,2,Pass,None,2025-11-29
SMP019128,13,12,Fail,Starch,2025-11-29
SMP019129,26,10,Pass,None,2025-11-29
SMP019130,8,12,Fail,Detergent,2025-11-29
SMP019131,7,4,Fail,Detergent,2025-11-29
SMP019132,18,13,Pass,None,2025-11-29
SMP019133,10,8,Pass,None,2025-11-29
SMP019134,17,10,Pass,None,2025-11-29
SMP019135,8,2,Pass,None,2025-11-29
SMP019136,17,4,Pass,None,2025-11-29
SMP019137,7,13,Pass,None,2025-11-29
SMP019138,2,4,Pass,None,2025-11-29
SMP019139,24,2,Fail,Synthetic Color,2025-11-29
SMP019140,23,10,Pass,None,2025-11-29
SMP019141,25,9,Pass,None,2025-11-29
SMP019142,19,10,Pass,None,2025-11-29
SMP019143,19,10,Fail,Detergent,2025-11-29
SMP019144,16,8,Pass,None,2025-11-29
SMP019145,4,8,Pass,None,2025-11-29
SMP019146,5,15,Fail,Synthetic Color,2025-11-29
SMP019147,8,9,Pass,None,2025-11-29
SMP019148,24,10,Fail,Chalk Powder,2025-11-29
SMP019149,5,4,Pass,None,2025-11-29
SMP019150,24,15,Pass,None,2025-11-29
SMP019151,15,1,Fail,Synthetic Color,2025-11-30
SMP019152,19,9,Pass,None,2025-11-30
SMP019153,3,6,Pass,None,2025-11-30
SMP019154,7,10,Pass,None,2025-11-30
SMP019155,25,6,Pass,None,2025-11-30
SMP019156,7,12,Pass,None,2025-11-30
SMP019157,8,1,Pass,None,2025-11-30
SMP019158,5,6,Pass,None,2025-11-30
SMP019159,4,14,Fail,Detergent,2025-11-30
SMP019160,6,4,Fail,Chalk Powder,2025-11-30
SMP019161,18,1,Pass,None,2025-11-30
SMP019162,13,8,Fail,Urea,2025-11-30
SMP019163,16,16,Pass,None,2025-11-30
SMP019164,4,1,Pass,None,2025-11-30
SMP019165,22,1,Fail,Starch,2025-11-30
SMP019166,22,10,Pass,None,2025-11-30
SMP019167,1,4,Pass,None,2025-11-30
SMP019168,10,6,Fail,Detergent,2025-11-30
SMP019169,2,14,Fail,Formalin,2025-11-30
SMP019170,22,3,Pass,None,2025-11-30
SMP019171,20,12,Pass,None,2025-11-30
SMP019172,24,8,Pass,None,2025-11-30
SMP019173,6,15,Pass,None,2025-11-30
SMP019174,13,16,Pass,None,2025-11-30
SMP019175,5,8,Pass,None,2025-11-30
SMP019176,9,10,Pass,None,2025-11-30
SMP019177,15,12,Fail,Detergent,2025-11-30
SMP019178,2,5,Pass,None,2025-11-30
SMP019179,19,4,Pass,None,2025-12-01
SMP019180,16,16,Pass,None,2025-12-01
SMP019181,23,6,Pass,None,2025-12-01
SMP019182,7,1,Pass,None,2025-12-01
SMP019183,24,14,Pass,None,2025-12-01
SMP019184,26,10,Pass,None,2025-12-01
SMP019185,24,3,Pass,None,2025-12-01
SMP019186,21,1,Pass,None,2025-12-01
SMP019187,22,5,Pass,None,2025-12-01
SMP019188,17,15,Fail,Detergent,2025-12-01
SMP019189,5,16,Pass,None,2025-12-01
SMP019190,19,5,Fail,Formalin,2025-12-01
SMP019191,19,14,Pass,None,2025-12-01
SMP019192,26,7,Pass,None,2025-12-01
SMP019193,16,11,Pass,None,2025-12-01
SMP019194,7,5,Pass,None,2025-12-01
SMP019195,19,8,Fail,Synthetic Color,2025-12-01
SMP019196,25,5,Pass,None,2025-12-01
SMP019197,5,1,Pass,None,2025-12-01
SMP019198,9,2,Pass,None,2025-12-01
SMP019199,16,5,Fail,Synthetic Color,2025-12-01
SMP019200,5,16,Fail,Urea,2025-12-01
SMP019201,1,16,Fail,Detergent,2025-12-01
SMP019202,9,14,Pass,None,2025-12-01
SMP019203,23,4,Pass,None,2025-12-01
SMP019204,2,7,Pass,None,2025-12-01
SMP019205,12,7,Pass,None,2025-12-01
SMP019206,21,6,Pass,None,2025-12-02
SMP019207,25,1,Fail,Detergent,2025-12-02
SMP019208,26,9,Pass,None,2025-12-02
SMP019209,12,1,Pass,None,2025-12-02
SMP019210,25,13,Pass,None,2025-12-02
SMP019211,1,11,Pass,None,2025-12-02
SMP019212,21,5,Pass,None,2025-12-02
SMP019213,18,11,Pass,None,2025-12-02
SMP019214,7,4,Pass,None,2025-12-02
SMP019215,15,4,Pass,None,2025-12-02
SMP019216,4,5,Fail,Starch,2025-12-02
SMP019217,23,13,Pass,None,2025-12-02
SMP019218,9,4,Pass,None,2025-12-02
SMP019219,17,9,Pass,None,2025-12-02
SMP019220,5,3,Pass,None,2025-12-02
SMP019221,5,5,Fail,Chalk Powder,2025-12-02
SMP019222,26,4,Pass,None,2025-12-02
SMP019223,21,11,Pass,None,2025-12-02
SMP019224,25,9,Pass,None,2025-12-02
SMP019225,8,12,Pass,None,2025-12-02
SMP019226,5,4,Fail,Synthetic Color,2025-12-02
SMP019227,14,1,Pass,None,2025-12-02
SMP019228,14,11,Pass,None,2025-12-02
SMP019229,5,2,Pass,None,2025-12-02
SMP019230,20,4,Pass,None,2025-12-02
SMP019231,9,5,Fail,Detergent,2025-12-02
SMP019232,5,12,Pass,None,2025-12-02
SMP019233,9,10,Pass,None,2025-12-03
SMP019234,16,3,Pass,None,2025-12-03
SMP019235,20,10,Pass,None,2025-12-03
SMP019236,14,12,Pass,None,2025-12-03
SMP019237,15,6,Fail,Starch,2025-12-03
SMP019238,4,4,Pass,None,2025-12-03
SMP019239,24,11,Fail,Urea,2025-12-03
SMP019240,24,10,Pass,None,2025-12-03
SMP019241,19,2,Pass,None,2025-12-03
SMP019242,1,11,Pass,None,2025-12-03
SMP019243,16,8,Fail,Starch,2025-12-03
SMP019244,17,12,Pass,None,2025-12-03
SMP019245,26,3,Pass,None,2025-12-03
SMP019246,26,4,Fail,Synthetic Color,2025-12-03
SMP019247,23,9,Pass,None,2025-12-03
SMP019248,2,8,Pass,None,2025-12-03
SMP019249,25,6,Fail,Synthetic Color,2025-12-03
SMP019250,17,12,Pass,None,2025-12-03
SMP019251,22,9,Pass,None,2025-12-03
SMP019252,11,12,Fail,Urea,2025-12-03
SMP019253,9,3,Pass,None,2025-12-03
SMP019254,13,12,Pass,None,2025-12-03
SMP019255,5,7,Pass,None,2025-12-03
SMP019256,9,1,Pass,None,2025-12-03
SMP019257,23,4,Fail,Chalk Powder,2025-12-03
SMP019258,2,1,Pass,None,2025-12-03
SMP019259,5,7,Fail,Detergent,2025-12-03
SMP019260,4,5,Fail,Starch,2025-12-03
SMP019261,11,16,Pass,None,2025-12-04
SMP019262,26,15,Pass,None,2025-12-04
SMP019263,5,14,Pass,None,2025-12-04
SMP019264,5,8,Pass,None,2025-12-04
SMP019265,24,13,Pass,None,2025-12-04
SMP019266,23,4,Fail,Detergent,2025-12-04
SMP019267,1,9,Pass,None,2025-12-04
SMP019268,21,6,Pass,None,2025-12-04
SMP019269,18,3,Pass,None,2025-12-04
SMP019270,21,1,Fail,Detergent,2025-12-04
SMP019271,14,9,Pass,None,2025-12-04
SMP019272,26,2,Fail,Detergent,2025-12-04
SMP019273,2,12,Pass,None,2025-12-04
SMP019274,6,15,Pass,None,2025-12-04
SMP019275,10,3,Fail,Formalin,2025-12-04
SMP019276,13,7,Fail,Urea,2025-12-04
SMP019277,24,12,Fail,Detergent,2025-12-04
SMP019278,16,5,Pass,None,2025-12-04
SMP019279,2,15,Pass,None,2025-12-04
SMP019280,11,15,Pass,None,2025-12-04
SMP019281,12,2,Pass,None,2025-12-04
SMP019282,25,1,Pass,None,2025-12-04
SMP019283,17,16,Pass,None,2025-12-04
SMP019284,18,16,Pass,None,2025-12-04
SMP019285,19,6,Fail,Urea,2025-12-04
SMP019286,21,1,Fail,Chalk Powder,2025-12-04
SMP019287,18,10,Pass,None,2025-12-04
SMP019288,6,5,Fail,Detergent,2025-12-05
SMP019289,23,16,Fail,Starch,2025-12-05
SMP019290,20,13,Pass,None,2025-12-05
SMP019291,21,11,Fail,Starch,2025-12-05
SMP019292,26,5,Pass,None,2025-12-05
SMP019293,22,12,Fail,Urea,2025-12-05
SMP019294,23,5,Pass,None,2025-12-05
SMP019295,25,1,Pass,None,2025-12-05
SMP019296,5,8,Pass,None,2025-12-05
SMP019297,14,8,Fail,Detergent,2025-12-05
SMP019298,17,13,Pass,None,2025-12-05
SMP019299,9,15,Pass,None,2025-12-05
SMP019300,23,5,Fail,Urea,2025-12-05
SMP019301,21,7,Pass,None,2025-12-05
SMP019302,19,7,Pass,None,2025-12-05
SMP019303,26,5,Fail,Urea,2025-12-05
SMP019304,7,12,Pass,None,2025-12-05
SMP019305,20,8,Fail,Formalin,2025-12-05
SMP019306,16,15,Fail,Detergent,2025-12-05
SMP019307,8,11,Fail,Formalin,2025-12-05
SMP019308,5,4,Pass,None,2025-12-05
SMP019309,24,3,Pass,None,2025-12-05
SMP019310,17,6,Fail,Detergent,2025-12-05
SMP019311,23,5,Pass,None,2025-12-05
SMP019312,16,6,Fail,Synthetic Color,2025-12-05
SMP019313,6,3,Pass,None,2025-12-05
SMP019314,9,16,Pass,None,2025-12-05
SMP019315,10,3,Pass,None,2025-12-05
SMP019316,25,11,Fail,Synthetic Color,2025-12-06
SMP019317,1,1,Pass,None,2025-12-06
SMP019318,26,6,Pass,None,2025-12-06
SMP019319,25,5,Pass,None,2025-12-06
SMP019320,26,6,Pass,None,2025-12-06
SMP019321,14,8,Pass,None,2025-12-06
SMP019322,25,10,Pass,None,2025-12-06
SMP019323,10,10,Fail,Formalin,2025-12-06
SMP019324,1,11,Fail,Synthetic Color,2025-12-06
SMP019325,6,14,Fail,Formalin,2025-12-06
SMP019326,25,15,Pass,None,2025-12-06
SMP019327,1,12,Pass,None,2025-12-06
SMP019328,16,2,Pass,None,2025-12-06
SMP019329,2,16,Fail,Synthetic Color,2025-12-06
SMP019330,8,16,Pass,None,2025-12-06
SMP019331,3,12,Pass,None,2025-12-06
SMP019332,23,8,Fail,Formalin,2025-12-06
SMP019333,17,4,Pass,None,2025-12-06
SMP019334,24,12,Pass,None,2025-12-06
SMP019335,19,15,Pass,None,2025-12-06
SMP019336,25,11,Pass,None,2025-12-06
SMP019337,15,10,Pass,None,2025-12-06
SMP019338,18,3,Pass,None,2025-12-06
SMP019339,17,5,Fail,Synthetic Color,2025-12-06
SMP019340,14,12,Pass,None,2025-12-06
SMP019341,23,1,Pass,None,2025-12-06
SMP019342,18,11,Pass,None,2025-12-06
SMP019343,22,13,Fail,Urea,2025-12-07
SMP019344,22,5,Pass,None,2025-12-07
SMP019345,5,2,Pass,None,2025-12-07
SMP019346,18,14,Pass,None,2025-12-07
SMP019347,5,2,Pass,None,2025-12-07
SMP019348,17,6,Pass,None,2025-12-07
SMP019349,19,12,Pass,None,2025-12-07
SMP019350,26,14,Pass,None,2025-12-07
SMP019351,1,14,Pass,None,2025-12-07
SMP019352,3,9,Pass,None,2025-12-07
SMP019353,2,7,Fail,Urea,2025-12-07
SMP019354,10,14,Pass,None,2025-12-07
SMP019355,22,9,Pass,None,2025-12-07
SMP019356,23,9,Pass,None,2025-12-07
SMP019357,20,6,Pass,None,2025-12-07
SMP019358,24,6,Pass,None,2025-12-07
SMP019359,9,8,Pass,None,2025-12-07
SMP019360,3,6,Pass,None,2025-12-07
SMP019361,2,5,Pass,None,2025-12-07
SMP019362,23,16,Pass,None,2025-12-07
SMP019363,20,5,Fail,Urea,2025-12-07
SMP019364,19,4,Pass,None,2025-12-07
SMP019365,9,5,Fail,Detergent,2025-12-07
SMP019366,10,10,Pass,None,2025-12-07
SMP019367,25,15,Pass,None,2025-12-07
SMP019368,2,13,Pass,None,2025-12-07
SMP019369,21,14,Fail,Starch,2025-12-07
SMP019370,8,14,Pass,None,2025-12-08
SMP019371,2,15,Fail,Formalin,2025-12-08
SMP019372,21,4,Pass,None,2025-12-08
SMP019373,9,7,Pass,None,2025-12-08
SMP019374,19,6,Pass,None,2025-12-08
SMP019375,19,6,Pass,None,2025-12-08
SMP019376,16,11,Fail,Starch,2025-12-08
SMP019377,21,6,Pass,None,2025-12-08
SMP019378,17,10,Fail,Urea,2025-12-08
SMP019379,8,6,Pass,None,2025-12-08
SMP019380,20,5,Pass,None,2025-12-08
SMP019381,17,5,Fail,Formalin,2025-12-08
SMP019382,1,13,Fail,Formalin,2025-12-08
SMP019383,24,10,Pass,None,2025-12-08
SMP019384,16,16,Pass,None,2025-12-08
SMP019385,23,14,Pass,None,2025-12-08
SMP019386,23,8,Pass,None,2025-12-08
SMP019387,13,4,Pass,None,2025-12-08
SMP019388,15,11,Fail,Detergent,2025-12-08
SMP019389,12,12,Fail,Starch,2025-12-08
SMP019390,13,7,Pass,None,2025-12-08
SMP019391,24,4,Fail,Chalk Powder,2025-12-08
SMP019392,22,9,Pass,None,2025-12-08
SMP019393,4,4,Pass,None,2025-12-08
SMP019394,17,16,Pass,None,2025-12-08
SMP019395,26,10,Pass,None,2025-12-08
SMP019396,17,5,Pass,None,2025-12-08
SMP019397,22,4,Fail,Starch,2025-12-08
SMP019398,21,12,Pass,None,2025-12-09
SMP019399,9,12,Pass,None,2025-12-09
SMP019400,9,10,Pass,None,2025-12-09
SMP019401,19,10,Fail,Synthetic Color,2025-12-09
SMP019402,14,10,Pass,None,2025-12-09
SMP019403,16,5,Pass,None,2025-12-09
SMP019404,19,16,Pass,None,2025-12-09
SMP019405,21,8,Pass,None,2025-12-09
SMP019406,7,1,Pass,None,2025-12-09
SMP019407,5,5,Fail,Formalin,2025-12-09
SMP019408,8,2,Pass,None,2025-12-09
SMP019409,15,6,Pass,None,2025-12-09
SMP019410,9,10,Pass,None,2025-12-09
SMP019411,16,1,Fail,Urea,2025-12-09
SMP019412,2,15,Fail,Synthetic Color,2025-12-09
SMP019413,15,10,Fail,Chalk Powder,2025-12-09
SMP019414,9,5,Pass,None,2025-12-09
SMP019415,16,5,Fail,Synthetic Color,2025-12-09
SMP019416,12,7,Fail,Formalin,2025-12-09
SMP019417,8,4,Pass,None,2025-12-09
SMP019418,24,1,Pass,None,2025-12-09
SMP019419,5,1,Pass,None,2025-12-09
SMP019420,19,5,Pass,None,2025-12-09
SMP019421,24,2,Fail,Synthetic Color,2025-12-09
SMP019422,16,1,Pass,None,2025-12-09
SMP019423,23,14,Pass,None,2025-12-09
SMP019424,4,4,Pass,None,2025-12-09
SMP019425,14,8,Fail,Formalin,2025-12-10
SMP019426,13,3,Fail,Formalin,2025-12-10
SMP019427,1,1,Fail,Synthetic Color,2025-12-10
SMP019428,13,12,Pass,None,2025-12-10
SMP019429,9,2,Pass,None,2025-12-10
SMP019430,19,1,Pass,None,2025-12-10
SMP019431,25,10,Pass,None,2025-12-10
SMP019432,3,1,Pass,None,2025-12-10
SMP019433,9,6,Fail,Urea,2025-12-10
SMP019434,13,5,Fail,Chalk Powder,2025-12-10
SMP019435,13,5,Pass,None,2025-12-10
SMP019436,21,1,Pass,None,2025-12-10
SMP019437,13,16,Pass,None,2025-12-10
SMP019438,1,8,Pass,None,2025-12-10
SMP019439,19,9,Pass,None,2025-12-10
SMP019440,23,11,Pass,None,2025-12-10
SMP019441,15,13,Pass,None,2025-12-10
SMP019442,17,10,Fail,Synthetic Color,2025-12-10
SMP019443,5,13,Pass,None,2025-12-10
SMP019444,6,7,Pass,None,2025-12-10
SMP019445,6,6,Pass,None,2025-12-10
SMP019446,12,14,Fail,Starch,2025-12-10
SMP019447,24,15,Pass,None,2025-12-10
SMP019448,15,2,Pass,None,2025-12-10
SMP019449,5,9,Fail,Formalin,2025-12-10
SMP019450,7,11,Pass,None,2025-12-10
SMP019451,10,2,Fail,Urea,2025-12-10
SMP019452,17,15,Pass,None,2025-12-10
SMP019453,12,8,Pass,None,2025-12-11
SMP019454,10,11,Pass,None,2025-12-11
SMP019455,16,3,Pass,None,2025-12-11
SMP019456,7,4,Pass,None,2025-12-11
SMP019457,2,2,Pass,None,2025-12-11
SMP019458,1,4,Pass,None,2025-12-11
SMP019459,7,8,Pass,None,2025-12-11
SMP019460,3,14,Fail,Chalk Powder,2025-12-11
SMP019461,9,9,Fail,Detergent,2025-12-11
SMP019462,21,4,Pass,None,2025-12-11
SMP019463,19,1,Pass,None,2025-12-11
SMP019464,17,10,Pass,None,2025-12-11
SMP019465,23,6,Pass,None,2025-12-11
SMP019466,8,16,Fail,Detergent,2025-12-11
SMP019467,23,13,Fail,Synthetic Color,2025-12-11
SMP019468,10,13,Pass,None,2025-12-11
SMP019469,11,1,Pass,None,2025-12-11
SMP019470,11,13,Pass,None,2025-12-11
SMP019471,3,3,Fail,Detergent,2025-12-11
SMP019472,25,10,Pass,None,2025-12-11
SMP019473,4,7,Fail,Starch,2025-12-11
SMP019474,9,9,Fail,Synthetic Color,2025-12-11
SMP019475,9,2,Fail,Synthetic Color,2025-12-11
SMP019476,2,7,Pass,None,2025-12-11
SMP019477,5,1,Pass,None,2025-12-11
SMP019478,2,1,Fail,Chalk Powder,2025-12-11
SMP019479,8,11,Fail,Urea,2025-12-11
SMP019480,23,16,Pass,None,2025-12-12
SMP019481,9,13,Pass,None,2025-12-12
SMP019482,4,7,Fail,Formalin,2025-12-12
SMP019483,18,1,Pass,None,2025-12-12
SMP019484,26,1,Pass,None,2025-12-12
SMP019485,6,3,Pass,None,2025-12-12
SMP019486,7,16,Pass,None,2025-12-12
SMP019487,25,6,Fail,Synthetic Color,2025-12-12
SMP019488,5,14,Pass,None,2025-12-12
SMP019489,15,12,Fail,Synthetic Color,2025-12-12
SMP019490,7,10,Pass,None,2025-12-12
SMP019491,24,16,Fail,Synthetic Color,2025-12-12
SMP019492,26,4,Fail,Urea,2025-12-12
SMP019493,22,7,Pass,None,2025-12-12
SMP019494,8,15,Pass,None,2025-12-12
SMP019495,11,9,Pass,None,2025-12-12
SMP019496,7,4,Fail,Synthetic Color,2025-12-12
SMP019497,24,4,Fail,Chalk Powder,2025-12-12
SMP019498,24,12,Fail,Formalin,2025-12-12
SMP019499,12,1,Fail,Formalin,2025-12-12
SMP019500,18,15,Pass,None,2025-12-12
SMP019501,5,1,Pass,None,2025-12-12
SMP019502,12,11,Pass,None,2025-12-12
SMP019503,17,10,Pass,None,2025-12-12
SMP019504,10,9,Pass,None,2025-12-12
SMP019505,9,7,Pass,None,2025-12-12
SMP019506,1,14,Pass,None,2025-12-12
SMP019507,22,11,Pass,None,2025-12-13
SMP019508,24,13,Pass,None,2025-12-13
SMP019509,25,2,Pass,None,2025-12-13
SMP019510,19,1,Pass,None,2025-12-13
SMP019511,16,1,Fail,Synthetic Color,2025-12-13
SMP019512,7,3,Fail,Urea,2025-12-13
SMP019513,26,11,Pass,None,2025-12-13
SMP019514,17,8,Pass,None,2025-12-13
SMP019515,19,12,Pass,None,2025-12-13
SMP019516,19,3,Pass,None,2025-12-13
SMP019517,23,6,Pass,None,2025-12-13
SMP019518,1,15,Fail,Detergent,2025-12-13
SMP019519,6,16,Pass,None,2025-12-13
SMP019520,18,15,Pass,None,2025-12-13
SMP019521,24,14,Pass,None,2025-12-13
SMP019522,19,11,Pass,None,2025-12-13
SMP019523,12,15,Pass,None,2025-12-13
SMP019524,9,12,Fail,Synthetic Color,2025-12-13
SMP019525,20,16,Fail,Chalk Powder,2025-12-13
SMP019526,21,1,Pass,None,2025-12-13
SMP019527,17,15,Fail,Synthetic Color,2025-12-13
SMP019528,8,9,Pass,None,2025-12-13
SMP019529,24,2,Pass,None,2025-12-13
SMP019530,16,4,Pass,None,2025-12-13
SMP019531,22,14,Pass,None,2025-12-13
SMP019532,6,8,Pass,None,2025-12-13
SMP019533,9,16,Pass,None,2025-12-13
SMP019534,23,2,Fail,Starch,2025-12-13
SMP019535,2,6,Fail,Chalk Powder,2025-12-14
SMP019536,15,5,Pass,None,2025-12-14
SMP019537,14,8,Fail,Urea,2025-12-14
SMP019538,21,11,Fail,Formalin,2025-12-14
SMP019539,8,11,Pass,None,2025-12-14
SMP019540,6,1,Pass,None,2025-12-14
SMP019541,24,2,Pass,None,2025-12-14
SMP019542,16,1,Fail,Urea,2025-12-14
SMP019543,3,15,Fail,Urea,2025-12-14
SMP019544,5,5,Pass,None,2025-12-14
SMP019545,26,6,Pass,None,2025-12-14
SMP019546,5,7,Fail,Synthetic Color,2025-12-14
SMP019547,17,14,Fail,Starch,2025-12-14
SMP019548,12,1,Pass,None,2025-12-14
SMP019549,24,2,Pass,None,2025-12-14
SMP019550,21,11,Fail,Synthetic Color,2025-12-14
SMP019551,17,16,Pass,None,2025-12-14
SMP019552,1,11,Fail,Urea,2025-12-14
SMP019553,23,4,Pass,None,2025-12-14
SMP019554,13,8,Pass,None,2025-12-14
SMP019555,24,16,Pass,None,2025-12-14
SMP019556,14,9,Pass,None,2025-12-14
SMP019557,19,6,Fail,Synthetic Color,2025-12-14
SMP019558,2,6,Pass,None,2025-12-14
SMP019559,21,16,Fail,Chalk Powder,2025-12-14
SMP019560,9,12,Pass,None,2025-12-14
SMP019561,9,11,Pass,None,2025-12-14
SMP019562,4,4,Fail,Urea,2025-12-15
SMP019563,5,9,Pass,None,2025-12-15
SMP019564,5,5,Pass,None,2025-12-15
SMP019565,9,4,Fail,Formalin,2025-12-15
SMP019566,24,15,Pass,None,2025-12-15
SMP019567,9,6,Pass,None,2025-12-15
SMP019568,19,5,Pass,None,2025-12-15
SMP019569,3,15,Fail,Synthetic Color,2025-12-15
SMP019570,17,3,Pass,None,2025-12-15
SMP019571,14,12,Fail,Synthetic Color,2025-12-15
SMP019572,25,11,Fail,Formalin,2025-12-15
SMP019573,23,15,Pass,None,2025-12-15
SMP019574,13,14,Fail,Synthetic Color,2025-12-15
SMP019575,21,12,Pass,None,2025-12-15
SMP019576,5,5,Fail,Urea,2025-12-15
SMP019577,16,8,Pass,None,2025-12-15
SMP019578,2,16,Pass,None,2025-12-15
SMP019579,9,1,Pass,None,2025-12-15
SMP019580,6,13,Pass,None,2025-12-15
SMP019581,19,4,Pass,None,2025-12-15
SMP019582,14,3,Pass,None,2025-12-15
SMP019583,21,4,Pass,None,2025-12-15
SMP019584,15,1,Fail,Detergent,2025-12-15
SMP019585,3,16,Pass,None,2025-12-15
SMP019586,20,15,Pass,None,2025-12-15
SMP019587,23,8,Pass,None,2025-12-15
SMP019588,24,12,Pass,None,2025-12-15
SMP019589,16,9,Pass,None,2025-12-15
SMP019590,21,13,Pass,None,2025-12-16
SMP019591,21,14,Pass,None,2025-12-16
SMP019592,5,4,Pass,None,2025-12-16
SMP019593,5,7,Pass,None,2025-12-16
SMP019594,2,11,Pass,None,2025-12-16
SMP019595,9,16,Pass,None,2025-12-16
SMP019596,13,11,Fail,Synthetic Color,2025-12-16
SMP019597,26,15,Pass,None,2025-12-16
SMP019598,12,14,Pass,None,2025-12-16
SMP019599,20,10,Pass,None,2025-12-16
SMP019600,19,15,Pass,None,2025-12-16
SMP019601,5,6,Pass,None,2025-12-16
SMP019602,2,6,Fail,Formalin,2025-12-16
SMP019603,16,13,Fail,Formalin,2025-12-16
SMP019604,19,2,Pass,None,2025-12-16
SMP019605,26,5,Fail,Detergent,2025-12-16
SMP019606,9,10,Pass,None,2025-12-16
SMP019607,24,6,Pass,None,2025-12-16
SMP019608,10,16,Pass,None,2025-12-16
SMP019609,19,16,Pass,None,2025-12-16
SMP019610,17,8,Pass,None,2025-12-16
SMP019611,2,9,Fail,Urea,2025-12-16
SMP019612,2,12,Pass,None,2025-12-16
SMP019613,1,7,Pass,None,2025-12-16
SMP019614,9,3,Pass,None,2025-12-16
SMP019615,21,12,Pass,None,2025-12-16
SMP019616,5,12,Pass,None,2025-12-16
SMP019617,17,4,Pass,None,2025-12-17
SMP019618,8,14,Fail,Starch,2025-12-17
SMP019619,22,10,Pass,None,2025-12-17
SMP019620,22,4,Pass,None,2025-12-17
SMP019621,21,11,Fail,Urea,2025-12-17
SMP019622,15,4,Pass,None,2025-12-17
SMP019623,8,4,Fail,Chalk Powder,2025-12-17
SMP019624,22,14,Fail,Synthetic Color,2025-12-17
SMP019625,5,15,Pass,None,2025-12-17
SMP019626,8,4,Pass,None,2025-12-17
SMP019627,5,15,Fail,Formalin,2025-12-17
SMP019628,19,4,Pass,None,2025-12-17
SMP019629,19,2,Pass,None,2025-12-17
SMP019630,18,1,Pass,None,2025-12-17
SMP019631,12,4,Pass,None,2025-12-17
SMP019632,3,6,Pass,None,2025-12-17
SMP019633,24,15,Pass,None,2025-12-17
SMP019634,15,4,Pass,None,2025-12-17
SMP019635,11,6,Fail,Formalin,2025-12-17
SMP019636,17,12,Pass,None,2025-12-17
SMP019637,5,5,Pass,None,2025-12-17
SMP019638,4,11,Pass,None,2025-12-17
SMP019639,11,6,Fail,Urea,2025-12-17
SMP019640,6,3,Pass,None,2025-12-17
SMP019641,7,12,Fail,Urea,2025-12-17
SMP019642,24,1,Fail,Synthetic Color,2025-12-17
SMP019643,16,5,Pass,None,2025-12-17
SMP019644,14,5,Pass,None,2025-12-18
SMP019645,19,7,Fail,Urea,2025-12-18
SMP019646,25,11,Fail,Detergent,2025-12-18
SMP019647,3,7,Fail,Detergent,2025-12-18
SMP019648,23,10,Pass,None,2025-12-18
SMP019649,17,10,Pass,None,2025-12-18
SMP019650,5,6,Pass,None,2025-12-18
SMP019651,8,16,Pass,None,2025-12-18
SMP019652,14,16,Pass,None,2025-12-18
SMP019653,19,10,Pass,None,2025-12-18
SMP019654,7,1,Fail,Starch,2025-12-18
SMP019655,16,8,Pass,None,2025-12-18
SMP019656,19,3,Pass,None,2025-12-18
SMP019657,13,8,Pass,None,2025-12-18
SMP019658,23,3,Pass,None,2025-12-18
SMP019659,23,12,Fail,Formalin,2025-12-18
SMP019660,13,2,Pass,None,2025-12-18
SMP019661,25,16,Fail,Synthetic Color,2025-12-18
SMP019662,2,3,Pass,None,2025-12-18
SMP019663,1,11,Pass,None,2025-12-18
SMP019664,10,15,Pass,None,2025-12-18
SMP019665,17,4,Pass,None,2025-12-18
SMP019666,17,16,Pass,None,2025-12-18
SMP019667,14,6,Pass,None,2025-12-18
SMP019668,4,16,Fail,Synthetic Color,2025-12-18
SMP019669,5,16,Pass,None,2025-12-18
SMP019670,23,3,Fail,Urea,2025-12-18
SMP019671,23,14,Pass,None,2025-12-18
SMP019672,19,3,Pass,None,2025-12-19
SMP019673,18,4,Fail,Formalin,2025-12-19
SMP019674,17,2,Fail,Starch,2025-12-19
SMP019675,5,3,Fail,Starch,2025-12-19
SMP019676,12,11,Fail,Starch,2025-12-19
SMP019677,19,7,Pass,None,2025-12-19
SMP019678,16,13,Pass,None,2025-12-19
SMP019679,1,5,Pass,None,2025-12-19
SMP019680,25,16,Pass,None,2025-12-19
SMP019681,23,1,Pass,None,2025-12-19
SMP019682,7,1,Pass,None,2025-12-19
SMP019683,17,12,Fail,Chalk Powder,2025-12-19
SMP019684,24,15,Fail,Formalin,2025-12-19
SMP019685,3,13,Fail,Chalk Powder,2025-12-19
SMP019686,14,8,Pass,None,2025-12-19
SMP019687,13,4,Pass,None,2025-12-19
SMP019688,11,1,Pass,None,2025-12-19
SMP019689,23,8,Pass,None,2025-12-19
SMP019690,10,7,Fail,Starch,2025-12-19
SMP019691,2,5,Fail,Chalk Powder,2025-12-19
SMP019692,2,9,Pass,None,2025-12-19
SMP019693,2,12,Fail,Chalk Powder,2025-12-19
SMP019694,11,12,Fail,Detergent,2025-12-19
SMP019695,19,4,Fail,Urea,2025-12-19
SMP019696,5,10,Fail,Starch,2025-12-19
SMP019697,18,3,Fail,Detergent,2025-12-19
SMP019698,19,2,Pass,None,2025-12-19
SMP019699,7,13,Pass,None,2025-12-20
SMP019700,17,11,Pass,None,2025-12-20
SMP019701,19,13,Pass,None,2025-12-20
SMP019702,13,3,Pass,None,2025-12-20
SMP019703,9,15,Fail,Detergent,2025-12-20
SMP019704,17,2,Fail,Synthetic Color,2025-12-20
SMP019705,25,15,Pass,None,2025-12-20
SMP019706,12,5,Fail,Chalk Powder,2025-12-20
SMP019707,10,2,Pass,None,2025-12-20
SMP019708,13,5,Pass,None,2025-12-20
SMP019709,2,3,Pass,None,2025-12-20
SMP019710,16,8,Pass,None,2025-12-20
SMP019711,9,16,Pass,None,2025-12-20
SMP019712,4,5,Pass,None,2025-12-20
SMP019713,13,10,Pass,None,2025-12-20
SMP019714,1,15,Pass,None,2025-12-20
SMP019715,11,11,Fail,Urea,2025-12-20
SMP019716,3,6,Fail,Synthetic Color,2025-12-20
SMP019717,1,16,Pass,None,2025-12-20
SMP019718,23,3,Fail,Formalin,2025-12-20
SMP019719,24,8,Pass,None,2025-12-20
SMP019720,5,13,Pass,None,2025-12-20
SMP019721,16,1,Fail,Detergent,2025-12-20
SMP019722,7,12,Pass,None,2025-12-20
SMP019723,14,4,Pass,None,2025-12-20
SMP019724,12,3,Pass,None,2025-12-20
SMP019725,7,4,Fail,Chalk Powder,2025-12-20
SMP019726,19,16,Pass,None,2025-12-20
SMP019727,4,15,Pass,None,2025-12-21
SMP019728,2,4,Pass,None,2025-12-21
SMP019729,21,2,Pass,None,2025-12-21
SMP019730,18,6,Pass,None,2025-12-21
SMP019731,14,10,Fail,Synthetic Color,2025-12-21
SMP019732,13,15,Fail,Urea,2025-12-21
SMP019733,14,16,Pass,None,2025-12-21
SMP019734,12,12,Fail,Detergent,2025-12-21
SMP019735,10,10,Pass,None,2025-12-21
SMP019736,14,2,Pass,None,2025-12-21
SMP019737,15,1,Pass,None,2025-12-21
SMP019738,19,10,Pass,None,2025-12-21
SMP019739,19,9,Fail,Starch,2025-12-21
SMP019740,10,14,Fail,Urea,2025-12-21
SMP019741,12,5,Pass,None,2025-12-21
SMP019742,9,1,Fail,Starch,2025-12-21
SMP019743,16,6,Pass,None,2025-12-21
SMP019744,13,16,Pass,None,2025-12-21
SMP019745,24,13,Pass,None,2025-12-21
SMP019746,19,1,Pass,None,2025-12-21
SMP019747,24,15,Pass,None,2025-12-21
SMP019748,19,7,Pass,None,2025-12-21
SMP019749,25,6,Pass,None,2025-12-21
SMP019750,18,5,Pass,None,2025-12-21
SMP019751,25,10,Pass,None,2025-12-21
SMP019752,5,9,Fail,Formalin,2025-12-21
SMP019753,2,11,Fail,Starch,2025-12-21
SMP019754,17,9,Pass,None,2025-12-22
SMP019755,26,3,Pass,None,2025-12-22
SMP019756,12,4,Pass,None,2025-12-22
SMP019757,6,14,Pass,None,2025-12-22
SMP019758,15,11,Fail,Starch,2025-12-22
SMP019759,18,7,Fail,Formalin,2025-12-22
SMP019760,8,3,Pass,None,2025-12-22
SMP019761,19,1,Pass,None,2025-12-22
SMP019762,25,5,Pass,None,2025-12-22
SMP019763,24,1,Pass,None,2025-12-22
SMP019764,8,8,Pass,None,2025-12-22
SMP019765,9,14,Pass,None,2025-12-22
SMP019766,9,5,Pass,None,2025-12-22
SMP019767,10,14,Pass,None,2025-12-22
SMP019768,3,12,Pass,None,2025-12-22
SMP019769,21,2,Fail,Formalin,2025-12-22
SMP019770,9,11,Fail,Starch,2025-12-22
SMP019771,23,3,Pass,None,2025-12-22
SMP019772,24,11,Fail,Detergent,2025-12-22
SMP019773,1,3,Fail,Detergent,2025-12-22
SMP019774,26,6,Pass,None,2025-12-22
SMP019775,19,9,Pass,None,2025-12-22
SMP019776,15,1,Fail,Chalk Powder,2025-12-22
SMP019777,10,3,Fail,Synthetic Color,2025-12-22
SMP019778,15,5,Fail,Synthetic Color,2025-12-22
SMP019779,9,7,Fail,Formalin,2025-12-22
SMP019780,17,14,Pass,None,2025-12-22
SMP019781,3,3,Fail,Urea,2025-12-23
SMP019782,17,5,Pass,None,2025-12-23
SMP019783,7,7,Fail,Starch,2025-12-23
SMP019784,1,5,Fail,Formalin,2025-12-23
SMP019785,16,10,Pass,None,2025-12-23
SMP019786,17,4,Fail,Formalin,2025-12-23
SMP019787,12,13,Fail,Formalin,2025-12-23
SMP019788,2,8,Pass,None,2025-12-23
SMP019789,24,2,Pass,None,2025-12-23
SMP019790,17,10,Fail,Detergent,2025-12-23
SMP019791,4,9,Pass,None,2025-12-23
SMP019792,15,5,Fail,Urea,2025-12-23
SMP019793,14,1,Pass,None,2025-12-23
SMP019794,2,3,Pass,None,2025-12-23
SMP019795,17,6,Pass,None,2025-12-23
SMP019796,22,3,Pass,None,2025-12-23
SMP019797,21,9,Pass,None,2025-12-23
SMP019798,5,12,Fail,Detergent,2025-12-23
SMP019799,23,14,Pass,None,2025-12-23
SMP019800,9,11,Fail,Synthetic Color,2025-12-23
SMP019801,25,11,Pass,None,2025-12-23
SMP019802,2,10,Pass,None,2025-12-23
SMP019803,14,16,Fail,Formalin,2025-12-23
SMP019804,17,4,Fail,Detergent,2025-12-23
SMP019805,7,4,Fail,Formalin,2025-12-23
SMP019806,21,2,Pass,None,2025-12-23
SMP019807,17,8,Fail,Urea,2025-12-23
SMP019808,1,2,Pass,None,2025-12-23
SMP019809,17,4,Pass,None,2025-12-24
SMP019810,14,8,Pass,None,2025-12-24
SMP019811,5,16,Pass,None,2025-12-24
SMP019812,26,16,Fail,Starch,2025-12-24
SMP019813,24,12,Pass,None,2025-12-24
SMP019814,8,6,Pass,None,2025-12-24
SMP019815,16,15,Fail,Detergent,2025-12-24
SMP019816,8,15,Pass,None,2025-12-24
SMP019817,21,15,Pass,None,2025-12-24
SMP019818,24,11,Pass,None,2025-12-24
SMP019819,9,4,Pass,None,2025-12-24
SMP019820,22,2,Pass,None,2025-12-24
SMP019821,14,15,Fail,Urea,2025-12-24
SMP019822,10,1,Fail,Starch,2025-12-24
SMP019823,25,5,Pass,None,2025-12-24
SMP019824,15,8,Fail,Formalin,2025-12-24
SMP019825,13,1,Pass,None,2025-12-24
SMP019826,19,15,Pass,None,2025-12-24
SMP019827,7,5,Pass,None,2025-12-24
SMP019828,9,1,Fail,Chalk Powder,2025-12-24
SMP019829,24,16,Pass,None,2025-12-24
SMP019830,19,5,Fail,Urea,2025-12-24
SMP019831,23,15,Pass,None,2025-12-24
SMP019832,7,7,Fail,Synthetic Color,2025-12-24
SMP019833,16,11,Fail,Chalk Powder,2025-12-24
SMP019834,25,4,Pass,None,2025-12-24
SMP019835,9,8,Pass,None,2025-12-24
SMP019836,5,4,Pass,None,2025-12-25
SMP019837,15,16,Fail,Starch,2025-12-25
SMP019838,10,1,Pass,None,2025-12-25
SMP019839,5,4,Fail,Starch,2025-12-25
SMP019840,24,15,Fail,Formalin,2025-12-25
SMP019841,26,8,Pass,None,2025-12-25
SMP019842,16,10,Pass,None,2025-12-25
SMP019843,21,11,Pass,None,2025-12-25
SMP019844,23,1,Pass,None,2025-12-25
SMP019845,19,1,Pass,None,2025-12-25
SMP019846,2,16,Fail,Synthetic Color,2025-12-25
SMP019847,5,4,Pass,None,2025-12-25
SMP019848,2,6,Pass,None,2025-12-25
SMP019849,1,11,Pass,None,2025-12-25
SMP019850,8,4,Fail,Detergent,2025-12-25
SMP019851,10,12,Pass,None,2025-12-25
SMP019852,7,7,Fail,Urea,2025-12-25
SMP019853,2,14,Pass,None,2025-12-25
SMP019854,16,4,Fail,Chalk Powder,2025-12-25
SMP019855,7,4,Fail,Formalin,2025-12-25
SMP019856,22,14,Pass,None,2025-12-25
SMP019857,1,5,Pass,None,2025-12-25
SMP019858,23,6,Pass,None,2025-12-25
SMP019859,25,13,Pass,None,2025-12-25
SMP019860,19,11,Fail,Synthetic Color,2025-12-25
SMP019861,20,7,Fail,Starch,2025-12-25
SMP019862,24,4,Pass,None,2025-12-25
SMP019863,5,13,Pass,None,2025-12-25
SMP019864,26,3,Fail,Starch,2025-12-26
SMP019865,21,15,Fail,Chalk Powder,2025-12-26
SMP019866,20,3,Pass,None,2025-12-26
SMP019867,9,13,Pass,None,2025-12-26
SMP019868,16,6,Pass,None,2025-12-26
SMP019869,18,3,Pass,None,2025-12-26
SMP019870,17,6,Pass,None,2025-12-26
SMP019871,19,4,Fail,Starch,2025-12-26
SMP019872,3,2,Fail,Synthetic Color,2025-12-26
SMP019873,9,4,Pass,None,2025-12-26
SMP019874,12,15,Pass,None,2025-12-26
SMP019875,7,2,Pass,None,2025-12-26
SMP019876,5,16,Fail,Synthetic Color,2025-12-26
SMP019877,4,1,Pass,None,2025-12-26
SMP019878,9,11,Fail,Detergent,2025-12-26
SMP019879,14,14,Pass,None,2025-12-26
SMP019880,2,16,Pass,None,2025-12-26
SMP019881,25,3,Pass,None,2025-12-26
SMP019882,21,11,Fail,Urea,2025-12-26
SMP019883,20,2,Pass,None,2025-12-26
SMP019884,5,5,Pass,None,2025-12-26
SMP019885,17,12,Fail,Starch,2025-12-26
SMP019886,16,5,Pass,None,2025-12-26
SMP019887,26,5,Pass,None,2025-12-26
SMP019888,21,2,Pass,None,2025-12-26
SMP019889,17,1,Pass,None,2025-12-26
SMP019890,23,2,Pass,None,2025-12-26
SMP019891,5,15,Fail,Detergent,2025-12-27
SMP019892,1,1,Pass,None,2025-12-27
SMP019893,19,11,Pass,None,2025-12-27
SMP019894,3,13,Fail,Synthetic Color,2025-12-27
SMP019895,4,9,Pass,None,2025-12-27
SMP019896,21,12,Pass,None,2025-12-27
SMP019897,7,11,Pass,None,2025-12-27
SMP019898,17,7,Fail,Detergent,2025-12-27
SMP019899,24,6,Pass,None,2025-12-27
SMP019900,8,16,Pass,None,2025-12-27
SMP019901,6,16,Pass,None,2025-12-27
SMP019902,3,11,Pass,None,2025-12-27
SMP019903,4,3,Fail,Starch,2025-12-27
SMP019904,2,7,Pass,None,2025-12-27
SMP019905,3,8,Pass,None,2025-12-27
SMP019906,12,12,Fail,Urea,2025-12-27
SMP019907,9,11,Pass,None,2025-12-27
SMP019908,19,8,Pass,None,2025-12-27
SMP019909,23,11,Fail,Detergent,2025-12-27
SMP019910,22,1,Pass,None,2025-12-27
SMP019911,16,13,Pass,None,2025-12-27
SMP019912,3,4,Fail,Synthetic Color,2025-12-27
SMP019913,19,11,Pass,None,2025-12-27
SMP019914,9,2,Fail,Formalin,2025-12-27
SMP019915,3,2,Fail,Chalk Powder,2025-12-27
SMP019916,23,1,Pass,None,2025-12-27
SMP019917,9,15,Pass,None,2025-12-27
SMP019918,6,10,Fail,Formalin,2025-12-28
SMP019919,23,6,Pass,None,2025-12-28
SMP019920,24,13,Fail,Detergent,2025-12-28
SMP019921,9,10,Pass,None,2025-12-28
SMP019922,9,10,Pass,None,2025-12-28
SMP019923,17,8,Pass,None,2025-12-28
SMP019924,20,1,Fail,Synthetic Color,2025-12-28
SMP019925,2,4,Pass,None,2025-12-28
SMP019926,17,2,Pass,None,2025-12-28
SMP019927,25,11,Fail,Detergent,2025-12-28
SMP019928,7,4,Fail,Detergent,2025-12-28
SMP019929,24,7,Pass,None,2025-12-28
SMP019930,25,5,Fail,Formalin,2025-12-28
SMP019931,7,3,Pass,None,2025-12-28
SMP019932,21,16,Pass,None,2025-12-28
SMP019933,6,16,Pass,None,2025-12-28
SMP019934,20,2,Pass,None,2025-12-28
SMP019935,22,14,Fail,Chalk Powder,2025-12-28
SMP019936,7,8,Pass,None,2025-12-28
SMP019937,19,13,Pass,None,2025-12-28
SMP019938,22,3,Pass,None,2025-12-28
SMP019939,9,2,Fail,Detergent,2025-12-28
SMP019940,5,15,Pass,None,2025-12-28
SMP019941,3,15,Fail,Chalk Powder,2025-12-28
SMP019942,17,7,Pass,None,2025-12-28
SMP019943,25,15,Fail,Formalin,2025-12-28
SMP019944,22,11,Pass,None,2025-12-28
SMP019945,12,3,Pass,None,2025-12-28
SMP019946,16,5,Pass,None,2025-12-29
SMP019947,7,2,Pass,None,2025-12-29
SMP019948,5,13,Fail,Chalk Powder,2025-12-29
SMP019949,14,16,Pass,None,2025-12-29
SMP019950,13,9,Pass,None,2025-12-29
SMP019951,15,11,Pass,None,2025-12-29
SMP019952,25,12,Fail,Synthetic Color,2025-12-29
SMP019953,17,4,Pass,None,2025-12-29
SMP019954,17,5,Fail,Synthetic Color,2025-12-29
SMP019955,4,6,Pass,None,2025-12-29
SMP019956,26,10,Pass,None,2025-12-29
SMP019957,21,14,Fail,Synthetic Color,2025-12-29
SMP019958,23,4,Fail,Chalk Powder,2025-12-29
SMP019959,12,7,Pass,None,2025-12-29
SMP019960,14,12,Pass,None,2025-12-29
SMP019961,15,2,Pass,None,2025-12-29
SMP019962,5,8,Pass,None,2025-12-29
SMP019963,19,3,Pass,None,2025-12-29
SMP019964,24,9,Pass,None,2025-12-29
SMP019965,5,13,Pass,None,2025-12-29
SMP019966,3,4,Fail,Formalin,2025-12-29
SMP019967,20,14,Pass,None,2025-12-29
SMP019968,7,5,Pass,None,2025-12-29
SMP019969,17,3,Pass,None,2025-12-29
SMP019970,19,7,Pass,None,2025-12-29
SMP019971,9,15,Pass,None,2025-12-29
SMP019972,22,1,Fail,Starch,2025-12-29
SMP019973,16,5,Fail,Chalk Powder,2025-12-30
SMP019974,23,11,Pass,None,2025-12-30
SMP019975,21,5,Pass,None,2025-12-30
SMP019976,23,1,Pass,None,2025-12-30
SMP019977,1,5,Fail,Starch,2025-12-30
SMP019978,7,14,Pass,None,2025-12-30
SMP019979,3,16,Pass,None,2025-12-30
SMP019980,12,1,Fail,Starch,2025-12-30
SMP019981,24,9,Pass,None,2025-12-30
SMP019982,13,2,Pass,None,2025-12-30
SMP019983,23,11,Pass,None,2025-12-30
SMP019984,9,1,Pass,None,2025-12-30
SMP019985,9,1,Pass,None,2025-12-30
SMP019986,24,13,Fail,Starch,2025-12-30
SMP019987,12,1,Pass,None,2025-12-30
SMP019988,22,5,Fail,Synthetic Color,2025-12-30
SMP019989,6,16,Fail,Starch,2025-12-30
SMP019990,25,16,Pass,None,2025-12-30
SMP019991,17,3,Fail,Detergent,2025-12-30
SMP019992,21,9,Pass,None,2025-12-30
SMP019993,3,9,Pass,None,2025-12-30
SMP019994,14,7,Pass,None,2025-12-30
SMP019995,24,15,Pass,None,2025-12-30
SMP019996,23,12,Fail,Formalin,2025-12-30
SMP019997,2,13,Pass,None,2025-12-30
SMP019998,8,4,Pass,None,2025-12-30
SMP019999,13,6,Fail,Starch,2025-12-30
SMP020000,5,8,Fail,Synthetic Color,2025-12-31
